REEF_ID,YEAR,DHW_MAX,SSTA_MAX
16028S,1993,0.0,0.88
16049S,1993,0.0,1.36
16054S,1993,0.0,1.45
15093S,1993,0.0,0.9400000000000001
15095S,1993,0.0,0.98
15098S,1993,0.0,0.99
16013A,1993,0.0,1.0
16013B,1993,0.0,0.96
16013C,1993,0.0,0.96
16015S,1993,0.0,0.99
16017S,1993,0.0,1.01
16020A,1993,0.0,0.98
16023S,1993,0.0,0.87
16024S,1993,0.0,0.9500000000000001
16026S2,1993,0.0,1.05
16032S,1993,0.0,1.02
16040S,1993,0.0,1.05
16043A,1993,0.0,1.1400000000000001
16044B,1993,0.0,1.1400000000000001
16046S,1993,0.0,1.2
16057S,1993,0.0,0.98
16060S,1993,0.0,1.03
16064S,1993,0.0,1.27
16068S,1993,0.0,1.18
15088S,1993,0.0,0.78
15090S,1993,0.0,0.79
15092S,1993,0.0,0.8300000000000001
15094S1,1993,0.0,0.91
15096S,1993,0.0,0.91
15099A,1993,0.0,0.9400000000000001
15099C,1993,0.0,0.9
16019S,1993,0.0,0.9
16025S2,1993,0.0,1.0
16030S,1993,0.0,1.02
16058S,1993,0.0,0.96
16063S,1993,0.0,1.17
16065S,1993,0.0,1.16
23045A,1993,0.0,0.77
23048S,1993,0.0,0.6900000000000001
23051S,1993,0.0,0.6900000000000001
23055S,1993,0.0,0.84
23068S,1993,0.0,0.65
23069S,1993,0.0,0.7000000000000001
23077S,1993,0.0,0.77
23079S,1993,0.0,0.61
23080S,1993,0.0,0.58
23081S,1993,0.0,0.6900000000000001
23082S,1993,0.0,0.72
11167S,1993,0.0,0.91
12010S,1993,0.0,0.68
12102S,1993,0.0,0.53
11016S,1993,0.0,1.19
11029S,1993,0.0,1.1400000000000001
11049S,1993,0.0,1.03
11162S,1993,0.0,0.9
11184C1,1993,0.0,0.68
11184C2,1993,0.0,0.68
11211S,1993,0.0,0.96
11222S2,1993,0.0,0.92
11222S3,1993,0.0,0.92
11237A,1993,0.0,0.74
11237B,1993,0.0,0.87
11237C,1993,0.0,0.75
12016B,1993,0.0,0.62
12027B,1993,0.0,0.49
11243S,1993,0.0,0.87
12056S,1993,0.0,0.55
12061S,1993,0.0,0.52
12071S,1993,0.0,0.56
12098S,1993,0.0,0.55
12107S,1993,0.0,0.5700000000000001
14094S,1993,0.0,1.21
14097S,1993,0.0,1.21
14120B,1993,0.0,1.0
14123S,1993,0.0,1.11
14126S,1993,0.0,1.08
15002S,1993,0.0,0.89
15005S,1993,0.0,0.8
15012S,1993,0.0,0.76
15013S,1993,0.0,0.76
14054S,1993,0.0,1.21
14056S,1993,0.0,1.08
14061S,1993,0.0,1.25
14064S,1993,0.0,1.29
14109S,1993,0.0,0.93
14114S,1993,0.0,0.97
14115S,1993,0.0,0.99
14116S,1993,0.0,1.04
14118S,1993,0.0,1.07
14133S,1993,0.0,1.06
14134S,1993,0.0,1.1500000000000001
14135S,1993,0.0,1.06
14143S,1993,0.0,1.09
14147A,1993,0.0,1.17
15009S,1993,0.0,0.97
15018S,1993,0.0,0.98
15019S,1993,0.0,1.08
15022S,1993,0.0,1.1500000000000001
15024S,1993,0.0,1.08
15027S,1993,0.0,1.12
15028S2,1993,0.0,1.0
15030S,1993,0.0,0.93
15047S,1993,0.0,0.8300000000000001
15054S,1993,0.0,0.78
15077S,1993,0.0,0.77
15081S,1993,0.0,0.79
15084S,1993,0.0,0.81
15089S,1993,0.0,0.89
14075S,1993,0.0,0.7000000000000001
14085S,1993,0.0,0.76
14137S,1993,0.0,0.98
14138S,1993,0.0,1.02
14139S,1993,0.0,1.02
14152S,1993,0.0,1.03
14154S,1993,0.0,1.1
15023S,1993,0.0,1.17
15025S,1993,0.0,1.17
15032S,1993,0.0,1.02
15034S,1993,0.0,1.01
15037S,1993,0.0,1.01
15050S,1993,0.0,1.06
15080S,1993,0.0,0.9500000000000001
15085S,1993,0.0,0.9500000000000001
19103S,1993,0.51,1.75
18118S,1993,0.0,1.5
19019S,1993,0.0,1.62
19028S,1993,0.0,1.45
19044S,1993,0.17,1.54
19045S,1993,0.18,1.6500000000000001
19046S,1993,0.17,1.56
19047S,1993,0.49,1.71
19063A,1993,0.16,1.44
19063B,1993,0.17,1.49
19076S,1993,0.17,1.49
19082S,1993,0.0,0.9500000000000001
19098S,1993,0.0,0.88
18112S,1993,0.0,1.3900000000000001
18120S,1993,0.0,1.33
19061S,1993,0.15,1.35
17012A,1993,0.0,1.29
17043A,1993,0.0,1.29
17043C,1993,0.0,1.29
16067S,1993,0.0,1.1500000000000001
16071S,1993,0.0,1.11
17004S,1993,0.0,1.25
17010S,1993,0.15,1.42
17011S,1993,0.14,1.4000000000000001
17016S,1993,0.0,1.33
17024S,1993,0.0,1.21
17034S,1993,0.0,1.18
17044S,1993,0.0,1.34
17051S,1993,0.0,1.31
17063A,1993,0.0,1.17
17064S,1993,0.0,1.17
17008S,1993,0.0,1.19
17014S,1993,0.0,1.26
17032S,1993,0.0,1.1300000000000001
17057S,1993,0.0,1.0
17059A,1993,0.0,1.03
17068S,1993,0.0,1.46
13006S,1993,0.0,0.96
13081S,1993,0.0,0.9400000000000001
13107S,1993,0.0,0.92
14017S,1993,0.0,0.99
13041S,1993,0.0,0.78
13060S,1993,0.0,0.62
13063S,1993,0.0,0.5700000000000001
13072S,1993,0.0,0.68
13076S,1993,0.0,0.67
13087S,1993,0.0,0.85
13093A,1993,0.0,0.6
13108S,1993,0.0,0.78
13124S,1993,0.0,0.6900000000000001
14003S,1993,0.0,0.9
14016S,1993,0.0,0.85
13040S,1993,0.0,0.62
13056S,1993,0.0,0.56
13118A,1993,0.0,0.55
13121S,1993,0.0,0.65
13127S,1993,0.0,0.78
13130S,1993,0.0,0.9400000000000001
13133S,1993,0.0,0.9400000000000001
14045S,1993,0.0,0.76
21031S,1993,0.0,1.23
21039S,1993,0.0,1.24
21308S,1993,0.0,1.33
21334S,1993,0.0,1.1500000000000001
21340S,1993,0.0,1.37
21386S,1993,0.0,1.02
19219S,1993,0.0,0.58
20112S,1993,0.0,0.77
20144S,1993,0.0,0.53
20145S,1993,0.0,0.55
20287S,1993,0.0,0.66
20297S,1993,0.0,0.59
20299D,1993,0.0,0.85
20309S,1993,0.0,0.89
20348S,1993,0.0,0.77
20351A,1993,0.0,0.78
20351B,1993,0.0,0.74
20353S,1993,0.0,0.71
20354S,1993,0.0,0.71
21025S,1993,0.0,1.1400000000000001
21060S,1993,0.0,0.77
21062S,1993,0.0,0.75
21064S,1993,0.0,0.78
21074S,1993,0.0,0.8200000000000001
21104S,1993,0.0,0.8
21137S,1993,0.0,0.71
21139S,1993,0.0,0.73
21140S,1993,0.0,0.86
21187S,1993,0.0,0.8
21591S,1993,0.0,0.81
20113S,1993,0.0,0.6
21179S,1993,0.0,0.77
21186S,1993,0.0,0.81
21217S,1993,0.0,0.35000000000000003
21219S,1993,0.0,0.32
21235S,1993,0.0,0.43
21241S,1993,0.0,0.45
21245S,1993,0.0,0.45
21278S,1993,0.0,0.33
21286S,1993,0.0,0.42
21450S,1993,0.0,0.88
21467S,1993,0.0,0.62
21497S,1993,0.0,0.65
21501S,1993,0.0,0.56
21511S,1993,0.0,0.55
21529S,1993,0.0,0.67
21550S,1993,0.0,0.5
21556S,1993,0.0,0.5
21557S1,1993,0.0,0.5
21572S,1993,0.0,0.4
21577S,1993,0.0,0.47000000000000003
21584S,1993,0.0,0.5700000000000001
21588S,1993,0.0,0.5700000000000001
22084S,1993,0.0,0.5
22088S,1993,0.0,0.56
22102S,1993,0.0,0.61
22104S,1993,0.0,0.63
22112S,1993,0.0,0.6900000000000001
22118S,1993,0.0,0.73
22144S,1993,0.0,0.8
21296S,1993,0.0,0.44
21302S,1993,0.0,0.45
21305S,1993,0.0,0.44
21558S,1993,0.0,0.45
21562S,1993,0.0,0.5
21583S,1993,0.0,0.51
18053S,1993,0.0,1.78
18065S,1993,0.17,2.1
18025S,1993,0.0,1.33
18026S,1993,0.0,1.55
18029S,1993,0.0,1.54
18030S,1993,0.0,1.33
18031S,1993,0.0,1.35
18032S,1993,0.0,1.4000000000000001
18042S,1993,0.0,1.32
18043S,1993,0.0,1.35
18073S,1993,0.0,1.5
18074S,1993,0.0,1.49
18075S,1993,0.0,1.37
18076S,1993,0.0,1.67
18077S,1993,0.14,1.62
18078S,1993,0.0,1.53
18079S,1993,0.14,1.77
18088S,1993,0.15,1.6600000000000001
18091S,1993,0.0,1.61
18095S,1993,0.0,1.6600000000000001
18096S,1993,0.0,1.62
18099S,1993,0.0,1.59
18106S,1993,0.0,1.6600000000000001
18023S,1993,0.0,1.27
18034S,1993,0.0,1.09
18037S,1993,0.0,1.26
18039S,1993,0.0,1.21
18041S,1993,0.0,1.24
18046S,1993,0.0,1.21
18081S,1993,0.0,1.47
18083S,1993,0.0,1.56
18086S,1993,0.0,1.56
20014S,1993,0.16,1.45
20019S,1993,0.16,1.45
20067A,1993,0.0,1.06
19120S,1993,0.0,0.71
19131S,1993,0.0,0.71
19135S,1993,0.0,0.86
19137S,1993,0.0,0.96
19138S,1993,0.0,0.7000000000000001
19147S,1993,0.0,0.6
19177S,1993,0.0,0.43
19195S,1993,0.0,0.52
20104S,1993,0.0,0.76
19159S,1993,0.0,0.41000000000000003
19207S,1993,0.0,0.43
19209S,1993,0.0,0.49
16028S,1994,2.4,2.15
16049S,1994,2.2600000000000002,1.82
16054S,1994,2.2800000000000002,1.95
15093S,1994,2.15,2.05
15095S,1994,2.7600000000000002,2.22
15098S,1994,2.75,2.21
16013A,1994,3.08,2.37
16013B,1994,3.39,2.49
16013C,1994,3.39,2.49
16015S,1994,2.77,2.09
16017S,1994,2.91,2.22
16020A,1994,2.7600000000000002,2.1
16023S,1994,2.7,2.0300000000000002
16024S,1994,2.97,2.13
16026S2,1994,2.43,1.97
16032S,1994,2.89,2.0100000000000002
16040S,1994,2.42,1.78
16043A,1994,2.5,1.76
16044B,1994,2.72,1.96
16046S,1994,2.5100000000000002,1.8
16057S,1994,2.93,2.05
16060S,1994,2.74,2.0100000000000002
16064S,1994,2.86,2.0
16068S,1994,2.68,2.08
15088S,1994,3.37,2.31
15090S,1994,3.5300000000000002,2.45
15092S,1994,3.58,2.5100000000000002
15094S1,1994,3.41,2.43
15096S,1994,3.44,2.58
15099A,1994,3.42,2.5500000000000003
15099C,1994,3.41,2.59
16019S,1994,3.15,2.32
16025S2,1994,3.08,2.17
16030S,1994,3.21,2.18
16058S,1994,3.0500000000000003,2.19
16063S,1994,3.0700000000000003,2.25
16065S,1994,3.06,2.22
23045A,1994,0.0,1.12
23048S,1994,0.0,1.24
23051S,1994,0.0,1.29
23055S,1994,0.0,1.22
23068S,1994,0.5,1.6
23069S,1994,0.34,1.57
23077S,1994,0.0,0.98
23079S,1994,0.0,1.02
23080S,1994,0.0,1.09
23081S,1994,0.0,1.04
23082S,1994,0.0,1.12
11167S,1994,3.69,1.87
12010S,1994,3.23,1.59
12102S,1994,1.6,1.35
11016S,1994,2.77,1.8800000000000001
11029S,1994,2.93,1.82
11049S,1994,3.0300000000000002,1.72
11162S,1994,3.0100000000000002,1.75
11184C1,1994,2.79,1.59
11184C2,1994,2.79,1.59
11211S,1994,3.7800000000000002,1.57
11222S2,1994,3.35,1.48
11222S3,1994,3.35,1.48
11237A,1994,2.74,1.47
11237B,1994,2.2600000000000002,1.4000000000000001
11237C,1994,2.13,1.41
12016B,1994,2.11,1.52
12027B,1994,1.56,1.43
11243S,1994,2.08,1.47
12056S,1994,1.87,1.36
12061S,1994,0.89,1.23
12071S,1994,1.24,1.17
12098S,1994,1.42,1.19
12107S,1994,1.6600000000000001,1.34
14094S,1994,4.04,2.38
14097S,1994,4.04,2.38
14120B,1994,4.32,2.16
14123S,1994,4.14,2.32
14126S,1994,4.32,2.29
15002S,1994,2.2800000000000002,2.1
15005S,1994,2.33,1.99
15012S,1994,1.92,2.02
15013S,1994,1.93,2.0300000000000002
14054S,1994,3.66,2.12
14056S,1994,3.79,2.16
14061S,1994,3.67,2.08
14064S,1994,3.69,2.24
14109S,1994,3.34,2.1
14114S,1994,3.3200000000000003,2.27
14115S,1994,4.25,2.27
14116S,1994,3.63,2.2800000000000002
14118S,1994,3.96,2.31
14133S,1994,3.41,2.21
14134S,1994,3.46,2.25
14135S,1994,3.34,2.22
14143S,1994,3.86,2.2600000000000002
14147A,1994,3.69,2.24
15009S,1994,2.39,2.0100000000000002
15018S,1994,2.3000000000000003,2.08
15019S,1994,2.65,2.09
15022S,1994,3.0,2.08
15024S,1994,2.63,2.07
15027S,1994,2.86,2.08
15028S2,1994,2.7800000000000002,2.0100000000000002
15030S,1994,2.82,1.98
15047S,1994,3.29,2.12
15054S,1994,1.37,1.95
15077S,1994,3.25,2.16
15081S,1994,2.64,2.09
15084S,1994,3.38,2.19
15089S,1994,2.52,2.08
14075S,1994,3.08,1.87
14085S,1994,2.58,2.16
14137S,1994,3.36,2.23
14138S,1994,3.43,2.22
14139S,1994,3.43,2.22
14152S,1994,3.5300000000000002,2.15
14154S,1994,3.24,2.13
15023S,1994,3.23,2.1
15025S,1994,3.23,2.1
15032S,1994,3.66,2.19
15034S,1994,3.62,2.16
15037S,1994,3.62,2.16
15050S,1994,3.33,2.14
15080S,1994,3.54,2.24
15085S,1994,3.54,2.24
19103S,1994,1.46,2.07
18118S,1994,1.47,2.11
19019S,1994,1.31,1.97
19028S,1994,1.12,2.07
19044S,1994,1.27,2.1
19045S,1994,1.12,1.9000000000000001
19046S,1994,1.28,2.08
19047S,1994,1.18,2.1
19063A,1994,1.19,2.09
19063B,1994,1.16,2.08
19076S,1994,0.45,1.81
19082S,1994,0.8300000000000001,1.92
19098S,1994,0.4,1.81
18112S,1994,1.58,2.16
18120S,1994,1.41,2.2600000000000002
19061S,1994,0.99,2.05
17012A,1994,3.43,2.18
17043A,1994,2.38,1.8
17043C,1994,2.38,1.8
16067S,1994,3.0100000000000002,2.18
16071S,1994,2.66,2.07
17004S,1994,2.5500000000000003,2.1
17010S,1994,3.59,2.07
17011S,1994,3.35,2.0100000000000002
17016S,1994,2.69,1.98
17024S,1994,2.5500000000000003,1.98
17034S,1994,2.33,1.94
17044S,1994,2.17,1.75
17051S,1994,0.63,1.8800000000000001
17063A,1994,0.64,1.9000000000000001
17064S,1994,0.64,2.04
17008S,1994,2.46,1.86
17014S,1994,2.3000000000000003,1.8900000000000001
17032S,1994,1.35,1.95
17057S,1994,1.1300000000000001,1.92
17059A,1994,0.66,1.85
17068S,1994,0.73,2.13
13006S,1994,3.93,1.8
13081S,1994,4.3500000000000005,2.24
13107S,1994,6.13,2.23
14017S,1994,3.22,1.9000000000000001
13041S,1994,2.85,1.7
13060S,1994,2.89,1.74
13063S,1994,2.54,1.67
13072S,1994,3.25,1.9100000000000001
13076S,1994,3.3000000000000003,1.93
13087S,1994,4.29,2.17
13093A,1994,3.02,1.85
13108S,1994,3.62,1.95
13124S,1994,3.0100000000000002,1.83
14003S,1994,3.5700000000000003,1.97
14016S,1994,3.2800000000000002,1.87
13040S,1994,2.5100000000000002,1.56
13056S,1994,2.75,1.61
13118A,1994,2.7,1.84
13121S,1994,2.71,1.99
13127S,1994,2.31,1.9100000000000001
13130S,1994,2.6,1.82
13133S,1994,2.61,1.78
14045S,1994,3.09,1.97
21031S,1994,0.84,1.6500000000000001
21039S,1994,0.65,1.68
21308S,1994,0.65,1.22
21334S,1994,0.56,1.42
21340S,1994,0.71,1.34
21386S,1994,0.0,1.18
19219S,1994,0.3,1.43
20112S,1994,0.16,1.43
20144S,1994,0.15,1.53
20145S,1994,0.16,1.6500000000000001
20287S,1994,0.0,1.8800000000000001
20297S,1994,0.33,1.72
20299D,1994,0.16,1.56
20309S,1994,0.0,1.35
20348S,1994,0.0,1.3900000000000001
20351A,1994,0.17,1.68
20351B,1994,0.16,1.67
20353S,1994,0.0,1.49
20354S,1994,0.0,1.49
21025S,1994,0.47000000000000003,1.4000000000000001
21060S,1994,0.16,1.6400000000000001
21062S,1994,0.15,1.58
21064S,1994,0.15,1.6400000000000001
21074S,1994,0.16,1.69
21104S,1994,0.0,1.47
21137S,1994,0.15,1.57
21139S,1994,0.15,1.58
21140S,1994,0.17,1.69
21187S,1994,0.0,1.26
21591S,1994,0.16,1.67
20113S,1994,0.17,1.61
21179S,1994,0.0,1.03
21186S,1994,0.0,1.04
21217S,1994,0.16,1.51
21219S,1994,0.34,1.77
21235S,1994,0.0,1.22
21241S,1994,0.0,1.48
21245S,1994,0.15,1.41
21278S,1994,0.17,1.5
21286S,1994,0.16,1.4000000000000001
21450S,1994,0.0,1.36
21467S,1994,0.15,1.45
21497S,1994,0.32,1.55
21501S,1994,0.33,1.55
21511S,1994,0.35000000000000003,1.58
21529S,1994,0.16,1.4000000000000001
21550S,1994,0.18,1.53
21556S,1994,0.32,1.53
21557S1,1994,0.32,1.53
21572S,1994,0.36,1.56
21577S,1994,0.34,1.52
21584S,1994,0.32,1.44
21588S,1994,0.32,1.44
22084S,1994,0.32,1.53
22088S,1994,0.16,1.44
22102S,1994,0.32,1.45
22104S,1994,0.32,1.48
22112S,1994,0.31,1.47
22118S,1994,0.31,1.46
22144S,1994,0.17,1.45
21296S,1994,0.33,1.44
21302S,1994,0.35000000000000003,1.5
21305S,1994,0.35000000000000003,1.52
21558S,1994,0.33,1.5
21562S,1994,0.37,1.57
21583S,1994,0.32,1.44
18053S,1994,4.33,2.31
18065S,1994,4.23,2.5
18025S,1994,2.54,2.23
18026S,1994,2.14,1.83
18029S,1994,1.95,1.73
18030S,1994,2.66,2.14
18031S,1994,2.4,2.16
18032S,1994,2.23,1.93
18042S,1994,2.66,2.24
18043S,1994,2.4,2.16
18073S,1994,1.42,2.09
18074S,1994,1.37,1.94
18075S,1994,1.09,2.1
18076S,1994,1.24,2.05
18077S,1994,1.22,1.98
18078S,1994,1.02,2.05
18079S,1994,1.06,2.05
18088S,1994,1.06,1.96
18091S,1994,1.71,2.0
18095S,1994,1.0,1.87
18096S,1994,1.48,1.8900000000000001
18099S,1994,1.8,2.0300000000000002
18106S,1994,1.98,1.8800000000000001
18023S,1994,1.72,2.38
18034S,1994,2.17,2.22
18037S,1994,2.29,2.31
18039S,1994,1.9100000000000001,2.05
18041S,1994,2.34,2.12
18046S,1994,1.75,2.06
18081S,1994,1.41,1.99
18083S,1994,1.11,1.97
18086S,1994,2.15,2.07
20014S,1994,1.3900000000000001,2.09
20019S,1994,1.3900000000000001,2.09
20067A,1994,1.25,1.95
19120S,1994,0.38,1.8800000000000001
19131S,1994,0.68,1.94
19135S,1994,0.71,2.16
19137S,1994,0.76,2.18
19138S,1994,0.8300000000000001,1.84
19147S,1994,0.87,1.96
19177S,1994,1.02,1.8
19195S,1994,0.6900000000000001,1.72
20104S,1994,0.47000000000000003,1.52
19159S,1994,1.31,1.79
19207S,1994,0.33,1.51
19209S,1994,0.18,1.54
16028S,1995,0.9400000000000001,1.76
16049S,1995,2.12,2.15
16054S,1995,2.2600000000000002,2.14
15093S,1995,1.23,1.9100000000000001
15095S,1995,1.27,1.96
15098S,1995,1.28,1.98
16013A,1995,1.3,1.99
16013B,1995,1.3,2.02
16013C,1995,1.3,2.02
16015S,1995,1.44,1.99
16017S,1995,1.29,1.99
16020A,1995,1.26,1.96
16023S,1995,1.22,1.9100000000000001
16024S,1995,1.61,2.05
16026S2,1995,1.79,2.08
16032S,1995,2.31,2.12
16040S,1995,1.97,2.11
16043A,1995,2.12,2.12
16044B,1995,2.27,2.12
16046S,1995,2.12,2.13
16057S,1995,2.29,2.11
16060S,1995,2.2800000000000002,2.12
16064S,1995,2.09,2.16
16068S,1995,1.95,2.18
15088S,1995,1.25,1.96
15090S,1995,1.27,1.99
15092S,1995,1.28,2.0
15094S1,1995,1.28,1.98
15096S,1995,1.29,2.0
15099A,1995,1.3,2.0100000000000002
15099C,1995,1.3,2.02
16019S,1995,1.31,2.0300000000000002
16025S2,1995,1.78,2.06
16030S,1995,2.32,2.1
16058S,1995,2.27,2.1
16063S,1995,1.4000000000000001,2.1
16065S,1995,1.26,2.1
23045A,1995,0.0,1.04
23048S,1995,0.0,1.02
23051S,1995,0.0,1.02
23055S,1995,0.0,1.02
23068S,1995,0.0,1.18
23069S,1995,0.0,1.19
23077S,1995,0.0,1.01
23079S,1995,0.0,1.03
23080S,1995,0.0,1.07
23081S,1995,0.0,1.08
23082S,1995,0.0,1.12
11167S,1995,0.0,1.27
12010S,1995,0.0,1.8800000000000001
12102S,1995,0.0,1.3
11016S,1995,0.0,1.24
11029S,1995,0.0,1.34
11049S,1995,0.0,1.46
11162S,1995,0.0,1.44
11184C1,1995,0.0,1.44
11184C2,1995,0.0,1.44
11211S,1995,0.0,1.24
11222S2,1995,0.0,1.29
11222S3,1995,0.0,1.29
11237A,1995,0.0,1.28
11237B,1995,0.0,1.18
11237C,1995,0.0,1.19
12016B,1995,0.0,1.7
12027B,1995,0.0,1.48
11243S,1995,0.0,1.18
12056S,1995,0.0,1.11
12061S,1995,0.0,1.25
12071S,1995,0.0,1.18
12098S,1995,0.0,1.19
12107S,1995,0.0,1.11
14094S,1995,1.81,1.84
14097S,1995,1.81,1.84
14120B,1995,1.97,1.87
14123S,1995,1.03,1.85
14126S,1995,1.34,1.86
15002S,1995,1.0,1.83
15005S,1995,1.44,1.82
15012S,1995,0.88,1.61
15013S,1995,0.89,1.62
14054S,1995,0.88,1.68
14056S,1995,0.72,1.71
14061S,1995,1.2,1.76
14064S,1995,1.3,1.68
14109S,1995,0.89,1.84
14114S,1995,0.96,1.9100000000000001
14115S,1995,1.3,1.87
14116S,1995,0.96,1.86
14118S,1995,1.01,1.86
14133S,1995,0.9400000000000001,1.78
14134S,1995,0.96,1.78
14135S,1995,0.96,1.77
14143S,1995,0.9500000000000001,1.84
14147A,1995,0.93,1.76
15009S,1995,1.12,1.79
15018S,1995,1.12,1.82
15019S,1995,1.1,1.82
15022S,1995,1.25,1.83
15024S,1995,1.12,1.82
15027S,1995,1.27,1.83
15028S2,1995,1.11,1.8
15030S,1995,1.1,1.76
15047S,1995,1.05,1.87
15054S,1995,0.85,1.55
15077S,1995,1.06,1.87
15081S,1995,0.99,1.76
15084S,1995,1.24,1.95
15089S,1995,1.18,1.84
14075S,1995,0.6,1.85
14085S,1995,0.8,1.96
14137S,1995,1.12,1.95
14138S,1995,1.12,1.93
14139S,1995,1.12,1.93
14152S,1995,0.62,1.77
14154S,1995,0.63,1.82
15023S,1995,1.27,1.86
15025S,1995,1.27,1.86
15032S,1995,1.49,1.97
15034S,1995,1.6400000000000001,1.97
15037S,1995,1.6400000000000001,1.97
15050S,1995,1.86,2.08
15080S,1995,1.12,2.0300000000000002
15085S,1995,1.12,2.0300000000000002
19103S,1995,0.79,2.27
18118S,1995,1.76,2.09
19019S,1995,1.9100000000000001,2.06
19028S,1995,1.6500000000000001,2.0
19044S,1995,1.34,1.75
19045S,1995,1.8800000000000001,2.04
19046S,1995,1.48,1.9000000000000001
19047S,1995,1.59,1.83
19063A,1995,1.17,1.94
19063B,1995,1.32,1.9100000000000001
19076S,1995,1.56,2.04
19082S,1995,1.52,2.13
19098S,1995,1.5,1.94
18112S,1995,1.6400000000000001,1.96
18120S,1995,2.0100000000000002,2.2600000000000002
19061S,1995,1.93,2.27
17012A,1995,3.0300000000000002,2.17
17043A,1995,2.7600000000000002,2.16
17043C,1995,2.7600000000000002,2.16
16067S,1995,1.26,2.11
16071S,1995,2.13,2.19
17004S,1995,3.11,2.25
17010S,1995,3.0700000000000003,2.2600000000000002
17011S,1995,3.0300000000000002,2.24
17016S,1995,3.13,2.25
17024S,1995,3.63,2.34
17034S,1995,3.63,2.37
17044S,1995,2.97,2.42
17051S,1995,3.2,2.47
17063A,1995,3.5100000000000002,2.48
17064S,1995,3.54,2.47
17008S,1995,2.15,2.13
17014S,1995,2.91,2.19
17032S,1995,3.91,2.38
17057S,1995,4.16,2.46
17059A,1995,3.5500000000000003,2.46
17068S,1995,2.63,2.19
13006S,1995,0.15,1.1400000000000001
13081S,1995,0.32,1.45
13107S,1995,0.31,1.45
14017S,1995,0.97,1.45
13041S,1995,0.0,1.12
13060S,1995,0.16,1.3
13063S,1995,0.3,1.29
13072S,1995,0.3,1.33
13076S,1995,0.31,1.3900000000000001
13087S,1995,0.48,1.52
13093A,1995,0.5,1.48
13108S,1995,0.48,1.49
13124S,1995,1.11,1.51
14003S,1995,0.16,1.42
14016S,1995,0.81,1.48
13040S,1995,0.3,1.21
13056S,1995,0.32,1.24
13118A,1995,0.98,1.3900000000000001
13121S,1995,1.2,1.47
13127S,1995,0.87,1.42
13130S,1995,0.87,1.35
13133S,1995,0.88,1.35
14045S,1995,0.56,1.69
21031S,1995,0.47000000000000003,1.92
21039S,1995,0.15,1.7
21308S,1995,0.52,1.69
21334S,1995,0.0,1.6300000000000001
21340S,1995,0.38,1.71
21386S,1995,0.14,2.0300000000000002
19219S,1995,0.72,1.69
20112S,1995,0.72,1.86
20144S,1995,1.03,1.96
20145S,1995,1.3800000000000001,1.93
20287S,1995,0.99,2.05
20297S,1995,1.37,1.84
20299D,1995,0.92,1.74
20309S,1995,1.31,1.78
20348S,1995,1.07,1.68
20351A,1995,0.65,1.45
20351B,1995,0.48,1.3800000000000001
20353S,1995,0.6900000000000001,1.49
20354S,1995,0.6900000000000001,1.49
21025S,1995,1.08,1.95
21060S,1995,0.67,1.3900000000000001
21062S,1995,0.65,1.49
21064S,1995,0.47000000000000003,1.3900000000000001
21074S,1995,0.0,1.54
21104S,1995,0.3,1.49
21137S,1995,0.5,1.58
21139S,1995,0.49,1.6
21140S,1995,0.68,1.78
21187S,1995,0.48,1.33
21591S,1995,0.3,1.52
20113S,1995,0.77,1.6400000000000001
21179S,1995,0.31,1.22
21186S,1995,0.61,1.24
21217S,1995,0.81,1.3
21219S,1995,0.63,1.3900000000000001
21235S,1995,0.47000000000000003,1.46
21241S,1995,0.61,1.46
21245S,1995,0.61,1.43
21278S,1995,0.87,1.43
21286S,1995,0.8,1.33
21450S,1995,0.44,1.48
21467S,1995,0.63,1.61
21497S,1995,0.61,1.43
21501S,1995,0.29,1.3900000000000001
21511S,1995,0.15,1.3
21529S,1995,0.63,1.33
21550S,1995,0.15,1.34
21556S,1995,0.0,1.25
21557S1,1995,0.0,1.25
21572S,1995,0.0,1.1500000000000001
21577S,1995,0.0,1.16
21584S,1995,0.0,1.2
21588S,1995,0.0,1.2
22084S,1995,0.0,1.25
22088S,1995,0.62,1.42
22102S,1995,0.15,1.2
22104S,1995,0.0,1.17
22112S,1995,0.0,1.23
22118S,1995,0.15,1.27
22144S,1995,0.17,1.59
21296S,1995,0.62,1.3800000000000001
21302S,1995,0.61,1.49
21305S,1995,0.46,1.53
21558S,1995,0.3,1.51
21562S,1995,0.0,1.29
21583S,1995,0.15,1.21
18053S,1995,4.0600000000000005,2.2
18065S,1995,4.1,2.08
18025S,1995,2.68,2.15
18026S,1995,3.2600000000000002,2.4
18029S,1995,3.24,2.61
18030S,1995,2.93,2.37
18031S,1995,2.99,2.45
18032S,1995,2.97,2.73
18042S,1995,2.88,2.27
18043S,1995,2.99,2.45
18073S,1995,3.2,2.5100000000000002
18074S,1995,2.47,2.15
18075S,1995,2.97,2.82
18076S,1995,2.81,2.45
18077S,1995,2.72,2.36
18078S,1995,3.25,2.83
18079S,1995,2.82,2.5300000000000002
18088S,1995,2.7,2.44
18091S,1995,1.54,2.06
18095S,1995,2.17,2.22
18096S,1995,2.16,2.29
18099S,1995,1.1300000000000001,1.67
18106S,1995,1.99,2.3000000000000003
18023S,1995,2.44,2.04
18034S,1995,1.2,1.78
18037S,1995,2.43,1.9000000000000001
18039S,1995,1.7,1.62
18041S,1995,1.85,1.72
18046S,1995,1.4000000000000001,1.61
18081S,1995,2.21,2.02
18083S,1995,2.21,2.14
18086S,1995,1.79,1.9100000000000001
20014S,1995,0.5,2.35
20019S,1995,0.5,2.35
20067A,1995,0.0,2.33
19120S,1995,0.75,1.96
19131S,1995,1.24,2.0300000000000002
19135S,1995,1.52,2.0300000000000002
19137S,1995,1.21,2.0
19138S,1995,1.29,2.06
19147S,1995,0.49,1.9000000000000001
19177S,1995,0.31,2.0
19195S,1995,0.3,1.93
20104S,1995,0.8,2.07
19159S,1995,0.3,1.78
19207S,1995,0.14,1.74
19209S,1995,0.32,1.72
16028S,1996,1.48,1.72
16049S,1996,1.6300000000000001,1.74
16054S,1996,1.6,1.6500000000000001
15093S,1996,1.45,2.14
15095S,1996,1.48,2.15
15098S,1996,1.44,2.09
16013A,1996,1.47,2.02
16013B,1996,1.5,2.0
16013C,1996,1.5,2.0
16015S,1996,1.37,1.99
16017S,1996,1.3800000000000001,1.9100000000000001
16020A,1996,1.31,1.82
16023S,1996,1.4000000000000001,1.7
16024S,1996,1.21,1.71
16026S2,1996,1.21,1.7
16032S,1996,1.51,1.71
16040S,1996,1.52,1.67
16043A,1996,1.61,1.77
16044B,1996,1.6,1.74
16046S,1996,1.6500000000000001,1.81
16057S,1996,1.55,1.71
16060S,1996,1.57,1.72
16064S,1996,1.59,1.74
16068S,1996,1.58,1.57
15088S,1996,1.6,2.07
15090S,1996,1.81,2.07
15092S,1996,1.82,2.12
15094S1,1996,1.61,2.18
15096S,1996,1.61,2.14
15099A,1996,1.57,2.07
15099C,1996,1.53,1.94
16019S,1996,1.33,1.79
16025S2,1996,1.21,1.73
16030S,1996,1.3900000000000001,1.8
16058S,1996,1.58,1.79
16063S,1996,1.37,1.73
16065S,1996,1.34,1.69
23045A,1996,1.28,2.12
23048S,1996,1.28,2.11
23051S,1996,1.26,2.0300000000000002
23055S,1996,1.32,2.22
23068S,1996,1.57,2.41
23069S,1996,1.58,2.34
23077S,1996,1.6500000000000001,2.64
23079S,1996,1.44,2.64
23080S,1996,1.45,2.72
23081S,1996,1.56,2.65
23082S,1996,1.86,2.66
11167S,1996,0.93,1.8900000000000001
12010S,1996,0.8300000000000001,2.4
12102S,1996,0.92,2.36
11016S,1996,1.06,2.09
11029S,1996,0.8300000000000001,1.97
11049S,1996,0.62,2.0300000000000002
11162S,1996,0.76,2.14
11184C1,1996,0.84,2.4
11184C2,1996,0.84,2.4
11211S,1996,1.37,2.0100000000000002
11222S2,1996,1.43,2.1
11222S3,1996,1.43,2.1
11237A,1996,1.19,2.17
11237B,1996,1.44,2.0300000000000002
11237C,1996,1.2,2.09
12016B,1996,0.84,2.5500000000000003
12027B,1996,0.87,2.54
11243S,1996,1.7,2.09
12056S,1996,1.2,2.2600000000000002
12061S,1996,0.97,2.33
12071S,1996,1.0,2.35
12098S,1996,1.17,2.37
12107S,1996,1.35,2.49
14094S,1996,2.56,2.22
14097S,1996,2.56,2.22
14120B,1996,1.96,2.14
14123S,1996,1.7,1.9000000000000001
14126S,1996,1.71,1.95
15002S,1996,1.77,1.73
15005S,1996,1.73,1.76
15012S,1996,1.57,2.16
15013S,1996,1.74,2.18
14054S,1996,3.23,2.23
14056S,1996,3.22,2.21
14061S,1996,3.23,2.27
14064S,1996,3.0500000000000003,2.23
14109S,1996,2.68,2.2600000000000002
14114S,1996,1.97,2.05
14115S,1996,1.99,2.02
14116S,1996,1.76,2.0
14118S,1996,1.75,1.96
14133S,1996,1.6500000000000001,1.84
14134S,1996,1.6600000000000001,1.85
14135S,1996,1.6500000000000001,1.81
14143S,1996,1.69,1.97
14147A,1996,1.6500000000000001,1.9000000000000001
15009S,1996,1.69,1.68
15018S,1996,1.75,1.73
15019S,1996,1.6,1.75
15022S,1996,1.56,1.75
15024S,1996,1.57,1.73
15027S,1996,1.51,1.73
15028S2,1996,1.5,1.69
15030S,1996,1.6600000000000001,1.74
15047S,1996,1.37,1.94
15054S,1996,1.76,2.06
15077S,1996,1.47,1.99
15081S,1996,1.69,2.13
15084S,1996,1.5,1.97
15089S,1996,1.6600000000000001,2.18
14075S,1996,3.49,2.48
14085S,1996,2.45,2.25
14137S,1996,1.96,2.05
14138S,1996,1.75,2.0100000000000002
14139S,1996,1.75,2.0100000000000002
14152S,1996,1.6500000000000001,1.8800000000000001
14154S,1996,1.67,1.86
15023S,1996,1.57,1.78
15025S,1996,1.57,1.78
15032S,1996,1.36,1.79
15034S,1996,1.35,1.81
15037S,1996,1.35,1.81
15050S,1996,1.47,1.93
15080S,1996,1.57,2.0100000000000002
15085S,1996,1.57,2.0100000000000002
19103S,1996,0.91,1.6500000000000001
18118S,1996,0.16,1.31
19019S,1996,0.61,1.34
19028S,1996,0.16,1.25
19044S,1996,0.0,1.33
19045S,1996,0.16,1.36
19046S,1996,0.14,1.33
19047S,1996,0.0,1.34
19063A,1996,0.16,1.3800000000000001
19063B,1996,0.16,1.37
19076S,1996,0.19,1.37
19082S,1996,0.18,1.31
19098S,1996,0.17,1.29
18112S,1996,0.46,1.31
18120S,1996,0.8200000000000001,1.45
19061S,1996,0.32,1.32
17012A,1996,1.31,1.59
17043A,1996,1.1400000000000001,1.3900000000000001
17043C,1996,1.1400000000000001,1.3900000000000001
16067S,1996,1.29,1.6300000000000001
16071S,1996,1.23,1.52
17004S,1996,1.27,1.57
17010S,1996,1.0,1.5
17011S,1996,0.65,1.41
17016S,1996,0.64,1.34
17024S,1996,0.64,1.3
17034S,1996,0.64,1.32
17044S,1996,0.65,1.41
17051S,1996,0.9500000000000001,1.44
17063A,1996,0.5,1.43
17064S,1996,0.64,1.45
17008S,1996,1.03,1.43
17014S,1996,0.81,1.35
17032S,1996,0.64,1.26
17057S,1996,0.65,1.34
17059A,1996,0.79,1.42
17068S,1996,0.64,1.44
13006S,1996,0.91,2.7
13081S,1996,0.48,2.93
13107S,1996,0.65,3.23
14017S,1996,2.39,3.12
13041S,1996,0.86,2.37
13060S,1996,1.04,2.37
13063S,1996,1.23,2.45
13072S,1996,0.8300000000000001,2.37
13076S,1996,1.0,2.48
13087S,1996,0.81,3.15
13093A,1996,1.6500000000000001,3.02
13108S,1996,1.32,3.21
13124S,1996,2.0,3.1
14003S,1996,1.32,3.21
14016S,1996,2.1,3.16
13040S,1996,1.56,2.71
13056S,1996,1.92,2.73
13118A,1996,2.2600000000000002,2.66
13121S,1996,2.44,2.74
13127S,1996,2.72,2.8000000000000003
13130S,1996,2.72,2.71
13133S,1996,2.68,2.64
14045S,1996,3.37,2.3000000000000003
21031S,1996,0.36,1.55
21039S,1996,0.36,1.48
21308S,1996,0.39,1.6
21334S,1996,0.38,1.43
21340S,1996,0.38,1.55
21386S,1996,0.0,1.31
19219S,1996,0.0,1.32
20112S,1996,0.15,1.26
20144S,1996,0.15,1.28
20145S,1996,0.15,1.35
20287S,1996,0.18,1.31
20297S,1996,0.29,1.44
20299D,1996,0.0,1.54
20309S,1996,0.5,1.47
20348S,1996,0.34,1.49
20351A,1996,0.6900000000000001,1.5
20351B,1996,0.7000000000000001,1.48
20353S,1996,0.18,1.3900000000000001
20354S,1996,0.18,1.3900000000000001
21025S,1996,0.15,1.33
21060S,1996,0.53,1.34
21062S,1996,0.32,1.33
21064S,1996,0.47000000000000003,1.28
21074S,1996,0.15,1.17
21104S,1996,0.17,1.25
21137S,1996,0.15,1.26
21139S,1996,0.43,1.2
21140S,1996,0.0,1.1
21187S,1996,0.16,1.24
21591S,1996,0.7000000000000001,1.53
20113S,1996,0.15,1.31
21179S,1996,0.16,1.23
21186S,1996,0.16,1.22
21217S,1996,0.51,1.47
21219S,1996,0.33,1.3
21235S,1996,0.32,1.3800000000000001
21241S,1996,0.34,1.41
21245S,1996,0.65,1.52
21278S,1996,0.66,1.5
21286S,1996,0.51,1.49
21450S,1996,0.17,1.27
21467S,1996,0.31,1.41
21497S,1996,0.65,1.3800000000000001
21501S,1996,0.64,1.43
21511S,1996,0.35000000000000003,1.3900000000000001
21529S,1996,0.51,1.32
21550S,1996,0.51,1.4000000000000001
21556S,1996,0.35000000000000003,1.3900000000000001
21557S1,1996,0.35000000000000003,1.3900000000000001
21572S,1996,0.34,1.35
21577S,1996,0.34,1.37
21584S,1996,0.34,1.34
21588S,1996,0.34,1.34
22084S,1996,0.35000000000000003,1.3900000000000001
22088S,1996,0.49,1.35
22102S,1996,0.34,1.34
22104S,1996,0.35000000000000003,1.37
22112S,1996,0.35000000000000003,1.3900000000000001
22118S,1996,0.35000000000000003,1.4000000000000001
22144S,1996,0.38,1.55
21296S,1996,0.53,1.58
21302S,1996,0.55,1.62
21305S,1996,0.55,1.61
21558S,1996,0.53,1.53
21562S,1996,0.33,1.31
21583S,1996,0.32,1.32
18053S,1996,0.66,1.93
18065S,1996,0.5,2.18
18025S,1996,0.36,1.36
18026S,1996,0.36,1.32
18029S,1996,0.36,1.43
18030S,1996,0.32,1.32
18031S,1996,0.17,1.3
18032S,1996,0.33,1.34
18042S,1996,0.17,1.32
18043S,1996,0.17,1.3
18073S,1996,0.0,1.32
18074S,1996,0.3,1.32
18075S,1996,0.15,1.4000000000000001
18076S,1996,0.15,1.31
18077S,1996,0.15,1.32
18078S,1996,0.15,1.47
18079S,1996,0.15,1.44
18088S,1996,0.29,1.3800000000000001
18091S,1996,0.15,1.35
18095S,1996,0.6,1.43
18096S,1996,0.16,1.3800000000000001
18099S,1996,0.16,1.44
18106S,1996,0.66,1.47
18023S,1996,0.38,1.43
18034S,1996,0.72,1.58
18037S,1996,0.67,1.49
18039S,1996,0.79,1.3900000000000001
18041S,1996,0.66,1.43
18046S,1996,0.9400000000000001,1.3800000000000001
18081S,1996,0.16,1.3
18083S,1996,0.15,1.3
18086S,1996,0.16,1.29
20014S,1996,1.11,1.8
20019S,1996,1.11,1.8
20067A,1996,1.02,1.6300000000000001
19120S,1996,0.3,1.36
19131S,1996,0.33,1.43
19135S,1996,0.51,1.54
19137S,1996,0.91,1.67
19138S,1996,0.33,1.41
19147S,1996,0.15,1.3800000000000001
19177S,1996,0.15,1.3800000000000001
19195S,1996,0.16,1.3900000000000001
20104S,1996,0.47000000000000003,1.26
19159S,1996,0.17,1.47
19207S,1996,0.16,1.42
19209S,1996,0.15,1.3900000000000001
16028S,1997,0.0,0.48
16049S,1997,0.0,0.5700000000000001
16054S,1997,0.0,0.53
15093S,1997,0.0,0.67
15095S,1997,0.0,0.67
15098S,1997,0.0,0.68
16013A,1997,0.0,0.8
16013B,1997,0.0,0.85
16013C,1997,0.0,0.85
16015S,1997,0.0,0.64
16017S,1997,0.0,0.72
16020A,1997,0.0,0.64
16023S,1997,0.0,0.56
16024S,1997,0.0,0.73
16026S2,1997,0.0,0.6
16032S,1997,0.0,0.62
16040S,1997,0.0,0.7000000000000001
16043A,1997,0.0,0.68
16044B,1997,0.0,0.64
16046S,1997,0.0,0.66
16057S,1997,0.0,0.6
16060S,1997,0.0,0.64
16064S,1997,0.0,0.6
16068S,1997,0.0,0.66
15088S,1997,0.0,0.55
15090S,1997,0.0,0.55
15092S,1997,0.0,0.6
15094S1,1997,0.0,0.66
15096S,1997,0.0,0.73
15099A,1997,0.0,0.8
15099C,1997,0.0,0.89
16019S,1997,0.0,0.8300000000000001
16025S2,1997,0.0,0.8
16030S,1997,0.0,0.66
16058S,1997,0.0,0.59
16063S,1997,0.0,0.5700000000000001
16065S,1997,0.0,0.64
23045A,1997,0.14,1.02
23048S,1997,0.0,0.9400000000000001
23051S,1997,0.0,0.99
23055S,1997,0.15,1.1
23068S,1997,0.0,0.78
23069S,1997,0.0,0.8
23077S,1997,0.17,1.2
23079S,1997,0.19,1.33
23080S,1997,0.19,1.33
23081S,1997,0.2,1.42
23082S,1997,0.21,1.48
11167S,1997,0.0,0.76
12010S,1997,0.0,0.63
12102S,1997,0.0,0.64
11016S,1997,0.0,0.55
11029S,1997,0.0,0.52
11049S,1997,0.0,0.66
11162S,1997,0.0,0.74
11184C1,1997,0.0,0.74
11184C2,1997,0.0,0.74
11211S,1997,0.0,0.6900000000000001
11222S2,1997,0.0,0.72
11222S3,1997,0.0,0.72
11237A,1997,0.0,0.8
11237B,1997,0.0,0.76
11237C,1997,0.0,0.8
12016B,1997,0.0,0.67
12027B,1997,0.0,0.6900000000000001
11243S,1997,0.0,0.78
12056S,1997,0.0,0.89
12061S,1997,0.0,0.81
12071S,1997,0.0,0.87
12098S,1997,0.0,0.8
12107S,1997,0.0,0.77
14094S,1997,0.0,0.86
14097S,1997,0.0,0.86
14120B,1997,0.0,0.8300000000000001
14123S,1997,0.0,0.84
14126S,1997,0.0,0.84
15002S,1997,0.0,0.77
15005S,1997,0.0,0.67
15012S,1997,0.0,0.66
15013S,1997,0.0,0.6900000000000001
14054S,1997,0.0,0.9
14056S,1997,0.0,1.08
14061S,1997,0.0,0.71
14064S,1997,0.0,0.85
14109S,1997,0.0,0.96
14114S,1997,0.0,0.74
14115S,1997,0.0,0.84
14116S,1997,0.0,0.77
14118S,1997,0.0,0.8200000000000001
14133S,1997,0.0,0.93
14134S,1997,0.0,0.91
14135S,1997,0.0,0.89
14143S,1997,0.0,0.78
14147A,1997,0.0,0.9
15009S,1997,0.0,0.62
15018S,1997,0.0,0.72
15019S,1997,0.0,0.75
15022S,1997,0.0,0.7000000000000001
15024S,1997,0.0,0.67
15027S,1997,0.0,0.65
15028S2,1997,0.0,0.61
15030S,1997,0.0,0.59
15047S,1997,0.0,0.71
15054S,1997,0.0,0.76
15077S,1997,0.0,0.81
15081S,1997,0.0,0.84
15084S,1997,0.0,0.63
15089S,1997,0.0,0.74
14075S,1997,0.0,1.05
14085S,1997,0.0,0.87
14137S,1997,0.0,0.6
14138S,1997,0.0,0.58
14139S,1997,0.0,0.58
14152S,1997,0.0,0.96
14154S,1997,0.0,0.91
15023S,1997,0.0,0.72
15025S,1997,0.0,0.72
15032S,1997,0.0,0.67
15034S,1997,0.0,0.66
15037S,1997,0.0,0.66
15050S,1997,0.0,0.63
15080S,1997,0.0,0.5
15085S,1997,0.0,0.5
19103S,1997,0.0,0.35000000000000003
18118S,1997,0.0,0.49
19019S,1997,0.0,0.42
19028S,1997,0.0,0.43
19044S,1997,0.0,0.45
19045S,1997,0.0,0.36
19046S,1997,0.0,0.45
19047S,1997,0.0,0.39
19063A,1997,0.0,0.7000000000000001
19063B,1997,0.0,0.58
19076S,1997,0.0,0.56
19082S,1997,0.0,0.7000000000000001
19098S,1997,0.0,0.65
18112S,1997,0.0,0.66
18120S,1997,0.0,0.48
19061S,1997,0.0,0.73
17012A,1997,0.0,0.68
17043A,1997,0.0,0.61
17043C,1997,0.0,0.61
16067S,1997,0.0,0.74
16071S,1997,0.0,0.74
17004S,1997,0.0,0.71
17010S,1997,0.0,0.68
17011S,1997,0.0,0.73
17016S,1997,0.0,0.81
17024S,1997,0.0,0.9500000000000001
17034S,1997,0.0,0.96
17044S,1997,0.0,0.66
17051S,1997,0.0,0.85
17063A,1997,0.0,0.7000000000000001
17064S,1997,0.0,0.9
17008S,1997,0.0,0.73
17014S,1997,0.0,0.81
17032S,1997,0.0,0.89
17057S,1997,0.0,0.7000000000000001
17059A,1997,0.0,0.66
17068S,1997,0.0,1.01
13006S,1997,0.0,0.71
13081S,1997,0.0,0.88
13107S,1997,0.0,0.62
14017S,1997,0.0,0.58
13041S,1997,0.0,0.73
13060S,1997,0.0,0.68
13063S,1997,0.0,0.65
13072S,1997,0.0,0.72
13076S,1997,0.0,0.7000000000000001
13087S,1997,0.0,0.68
13093A,1997,0.0,0.9500000000000001
13108S,1997,0.0,0.77
13124S,1997,0.0,1.06
14003S,1997,0.0,0.58
14016S,1997,0.0,0.81
13040S,1997,0.0,0.7000000000000001
13056S,1997,0.0,0.75
13118A,1997,0.0,1.04
13121S,1997,0.3,1.11
13127S,1997,0.5,1.25
13130S,1997,0.44,1.08
13133S,1997,0.0,0.99
14045S,1997,0.0,0.92
21031S,1997,0.0,0.91
21039S,1997,0.0,0.99
21308S,1997,0.0,1.04
21334S,1997,0.0,1.0
21340S,1997,0.0,1.1400000000000001
21386S,1997,0.0,0.66
19219S,1997,0.0,0.61
20112S,1997,0.0,0.72
20144S,1997,0.0,0.6
20145S,1997,0.0,0.75
20287S,1997,0.0,0.68
20297S,1997,0.0,0.98
20299D,1997,0.0,0.78
20309S,1997,0.0,0.5700000000000001
20348S,1997,0.0,0.66
20351A,1997,0.0,0.58
20351B,1997,0.0,0.62
20353S,1997,0.0,0.59
20354S,1997,0.0,0.59
21025S,1997,0.0,0.68
21060S,1997,0.0,0.6
21062S,1997,0.0,0.6
21064S,1997,0.0,0.58
21074S,1997,0.0,0.56
21104S,1997,0.0,0.51
21137S,1997,0.0,0.58
21139S,1997,0.0,0.54
21140S,1997,0.0,0.59
21187S,1997,0.0,0.5700000000000001
21591S,1997,0.0,0.78
20113S,1997,0.0,0.62
21179S,1997,0.0,0.58
21186S,1997,0.0,0.5700000000000001
21217S,1997,0.3,1.19
21219S,1997,0.0,0.68
21235S,1997,0.0,0.68
21241S,1997,0.15,1.1500000000000001
21245S,1997,0.36,1.51
21278S,1997,0.0,0.93
21286S,1997,0.16,1.22
21450S,1997,0.0,0.51
21467S,1997,0.0,0.59
21497S,1997,0.0,0.7000000000000001
21501S,1997,0.0,0.77
21511S,1997,0.0,0.72
21529S,1997,0.0,0.5700000000000001
21550S,1997,0.0,0.48
21556S,1997,0.0,0.47000000000000003
21557S1,1997,0.0,0.47000000000000003
21572S,1997,0.0,0.67
21577S,1997,0.0,0.5700000000000001
21584S,1997,0.0,0.54
21588S,1997,0.0,0.54
22084S,1997,0.0,0.47000000000000003
22088S,1997,0.0,0.61
22102S,1997,0.0,0.48
22104S,1997,0.0,0.46
22112S,1997,0.0,0.44
22118S,1997,0.0,0.49
22144S,1997,0.0,0.59
21296S,1997,0.37,1.57
21302S,1997,0.71,1.73
21305S,1997,0.56,1.74
21558S,1997,0.34,1.47
21562S,1997,0.16,1.24
21583S,1997,0.0,0.68
18053S,1997,0.0,0.39
18065S,1997,0.0,0.39
18025S,1997,0.16,1.1500000000000001
18026S,1997,0.0,0.87
18029S,1997,0.0,0.87
18030S,1997,0.16,1.1400000000000001
18031S,1997,0.0,1.01
18032S,1997,0.16,1.1500000000000001
18042S,1997,0.0,0.91
18043S,1997,0.0,1.01
18073S,1997,0.0,0.49
18074S,1997,0.0,0.43
18075S,1997,0.0,0.66
18076S,1997,0.0,0.31
18077S,1997,0.0,0.37
18078S,1997,0.0,0.36
18079S,1997,0.0,0.24
18088S,1997,0.0,0.4
18091S,1997,0.0,0.48
18095S,1997,0.0,0.37
18096S,1997,0.0,0.44
18099S,1997,0.0,0.49
18106S,1997,0.0,0.42
18023S,1997,0.17,1.18
18034S,1997,0.0,0.62
18037S,1997,0.0,0.62
18039S,1997,0.0,0.51
18041S,1997,0.0,0.49
18046S,1997,0.0,0.52
18081S,1997,0.0,0.49
18083S,1997,0.0,0.47000000000000003
18086S,1997,0.0,0.53
20014S,1997,0.0,0.46
20019S,1997,0.0,0.46
20067A,1997,0.0,0.44
19120S,1997,0.0,0.51
19131S,1997,0.0,0.79
19135S,1997,0.0,0.8300000000000001
19137S,1997,0.0,0.73
19138S,1997,0.0,0.8200000000000001
19147S,1997,0.0,0.64
19177S,1997,0.0,0.64
19195S,1997,0.0,0.65
20104S,1997,0.0,0.8
19159S,1997,0.0,0.61
19207S,1997,0.0,0.62
19209S,1997,0.0,0.62
16028S,1998,0.31,1.3800000000000001
16049S,1998,0.9500000000000001,1.59
16054S,1998,1.01,1.55
15093S,1998,0.0,1.51
15095S,1998,0.0,1.48
15098S,1998,0.0,1.47
16013A,1998,0.0,1.46
16013B,1998,0.0,1.46
16013C,1998,0.0,1.46
16015S,1998,0.0,1.45
16017S,1998,0.0,1.46
16020A,1998,0.0,1.47
16023S,1998,0.14,1.48
16024S,1998,0.0,1.51
16026S2,1998,0.16,1.49
16032S,1998,0.0,1.44
16040S,1998,0.16,1.49
16043A,1998,0.3,1.53
16044B,1998,0.15,1.51
16046S,1998,0.46,1.56
16057S,1998,0.0,1.43
16060S,1998,0.14,1.47
16064S,1998,0.6,1.53
16068S,1998,0.15,1.46
15088S,1998,0.0,1.53
15090S,1998,0.0,1.49
15092S,1998,0.0,1.49
15094S1,1998,0.0,1.47
15096S,1998,0.0,1.48
15099A,1998,0.0,1.46
15099C,1998,0.0,1.46
16019S,1998,0.0,1.48
16025S2,1998,0.0,1.5
16030S,1998,0.0,1.4000000000000001
16058S,1998,0.0,1.36
16063S,1998,0.0,1.37
16065S,1998,0.0,1.3800000000000001
23045A,1998,3.39,1.75
23048S,1998,3.58,1.81
23051S,1998,3.96,1.8
23055S,1998,4.6000000000000005,1.85
23068S,1998,5.7,2.09
23069S,1998,5.36,2.05
23077S,1998,4.89,1.92
23079S,1998,4.74,1.8800000000000001
23080S,1998,5.23,1.92
23081S,1998,4.73,1.84
23082S,1998,4.41,1.85
11167S,1998,1.44,1.8900000000000001
12010S,1998,0.67,1.58
12102S,1998,1.79,1.72
11016S,1998,1.54,2.0300000000000002
11029S,1998,1.77,2.1
11049S,1998,1.93,2.02
11162S,1998,1.4000000000000001,1.75
11184C1,1998,0.73,1.6500000000000001
11184C2,1998,0.73,1.6500000000000001
11211S,1998,1.99,1.74
11222S2,1998,1.53,1.6400000000000001
11222S3,1998,1.53,1.6400000000000001
11237A,1998,0.89,1.58
11237B,1998,0.87,1.5
11237C,1998,0.84,1.5
12016B,1998,0.68,1.56
12027B,1998,0.73,1.61
11243S,1998,2.5,1.7
12056S,1998,1.21,1.47
12061S,1998,0.89,1.49
12071S,1998,1.55,1.5
12098S,1998,1.6600000000000001,1.53
12107S,1998,1.68,1.52
14094S,1998,1.6300000000000001,1.93
14097S,1998,1.6300000000000001,1.93
14120B,1998,1.52,2.05
14123S,1998,1.41,1.86
14126S,1998,1.42,1.94
15002S,1998,1.08,1.82
15005S,1998,0.9500000000000001,1.79
15012S,1998,0.46,1.69
15013S,1998,0.15,1.7
14054S,1998,2.2,1.81
14056S,1998,1.8,1.84
14061S,1998,2.13,1.73
14064S,1998,2.0100000000000002,1.81
14109S,1998,0.97,1.8900000000000001
14114S,1998,1.11,1.6500000000000001
14115S,1998,1.32,1.95
14116S,1998,1.1400000000000001,1.6500000000000001
14118S,1998,1.36,1.83
14133S,1998,1.28,1.72
14134S,1998,1.45,1.78
14135S,1998,1.3,1.78
14143S,1998,1.16,1.6300000000000001
14147A,1998,1.24,1.69
15009S,1998,0.44,1.69
15018S,1998,0.79,1.72
15019S,1998,0.49,1.67
15022S,1998,0.15,1.61
15024S,1998,0.45,1.6600000000000001
15027S,1998,0.15,1.61
15028S2,1998,0.14,1.62
15030S,1998,0.58,1.67
15047S,1998,0.0,1.54
15054S,1998,0.0,1.7
15077S,1998,0.0,1.6
15081S,1998,0.0,1.6600000000000001
15084S,1998,0.0,1.55
15089S,1998,0.0,1.57
14075S,1998,1.47,1.6500000000000001
14085S,1998,0.9500000000000001,1.6400000000000001
14137S,1998,0.62,1.6400000000000001
14138S,1998,0.76,1.62
14139S,1998,0.76,1.62
14152S,1998,1.0,1.6
14154S,1998,0.8,1.58
15023S,1998,0.15,1.58
15025S,1998,0.15,1.58
15032S,1998,0.0,1.49
15034S,1998,0.0,1.48
15037S,1998,0.0,1.48
15050S,1998,0.0,1.46
15080S,1998,0.0,1.5
15085S,1998,0.0,1.5
19103S,1998,3.44,1.67
18118S,1998,0.9500000000000001,1.53
19019S,1998,1.1300000000000001,1.56
19028S,1998,0.93,1.68
19044S,1998,0.97,1.75
19045S,1998,2.2,1.57
19046S,1998,0.98,1.71
19047S,1998,1.41,1.6300000000000001
19063A,1998,0.0,1.74
19063B,1998,0.0,1.77
19076S,1998,0.15,1.9000000000000001
19082S,1998,0.0,1.6300000000000001
19098S,1998,0.0,1.6500000000000001
18112S,1998,0.76,1.41
18120S,1998,0.73,1.55
19061S,1998,0.45,1.71
17012A,1998,2.23,1.55
17043A,1998,2.37,1.45
17043C,1998,2.37,1.45
16067S,1998,0.0,1.41
16071S,1998,0.29,1.44
17004S,1998,1.93,1.42
17010S,1998,1.76,1.41
17011S,1998,1.59,1.42
17016S,1998,1.9100000000000001,1.46
17024S,1998,2.58,1.52
17034S,1998,2.56,1.53
17044S,1998,2.33,1.53
17051S,1998,2.4,1.56
17063A,1998,1.98,1.49
17064S,1998,1.95,1.48
17008S,1998,0.8200000000000001,1.56
17014S,1998,1.1400000000000001,1.56
17032S,1998,1.67,1.57
17057S,1998,1.47,1.61
17059A,1998,1.46,1.55
17068S,1998,1.23,1.55
13006S,1998,2.36,1.61
13081S,1998,1.58,1.77
13107S,1998,1.29,1.59
14017S,1998,1.45,1.6300000000000001
13041S,1998,1.81,1.51
13060S,1998,1.62,1.55
13063S,1998,1.62,1.55
13072S,1998,1.6400000000000001,1.6600000000000001
13076S,1998,1.6300000000000001,1.67
13087S,1998,1.58,1.67
13093A,1998,2.0100000000000002,1.67
13108S,1998,1.55,1.61
13124S,1998,2.05,1.6500000000000001
14003S,1998,1.07,1.62
14016S,1998,1.77,1.61
13040S,1998,1.74,1.48
13056S,1998,2.0100000000000002,1.58
13118A,1998,2.4,1.71
13121S,1998,2.54,1.67
13127S,1998,2.48,1.6400000000000001
13130S,1998,2.47,1.6300000000000001
13133S,1998,2.5,1.6400000000000001
14045S,1998,2.07,1.69
21031S,1998,3.84,2.31
21039S,1998,4.28,2.27
21308S,1998,5.1000000000000005,2.44
21334S,1998,3.56,2.02
21340S,1998,5.17,2.5300000000000002
21386S,1998,1.86,1.81
19219S,1998,0.64,1.45
20112S,1998,1.1300000000000001,1.48
20144S,1998,1.1300000000000001,1.6400000000000001
20145S,1998,1.0,1.68
20287S,1998,2.19,1.6
20297S,1998,1.6,1.62
20299D,1998,1.6,1.58
20309S,1998,0.93,1.93
20348S,1998,2.5,1.56
20351A,1998,2.0300000000000002,1.54
20351B,1998,2.02,1.52
20353S,1998,2.94,1.6400000000000001
20354S,1998,2.94,1.6400000000000001
21025S,1998,0.78,2.0
21060S,1998,1.97,1.52
21062S,1998,2.93,1.6400000000000001
21064S,1998,2.52,1.61
21074S,1998,2.7800000000000002,1.6600000000000001
21104S,1998,2.66,1.67
21137S,1998,3.25,1.71
21139S,1998,2.47,1.7
21140S,1998,3.5700000000000003,1.9000000000000001
21187S,1998,2.15,1.6500000000000001
21591S,1998,1.83,1.54
20113S,1998,0.5,1.49
21179S,1998,0.47000000000000003,1.54
21186S,1998,0.9400000000000001,1.48
21217S,1998,1.74,1.68
21219S,1998,2.25,1.54
21235S,1998,1.07,1.47
21241S,1998,1.7,1.48
21245S,1998,1.45,1.49
21278S,1998,1.41,1.86
21286S,1998,1.33,1.72
21450S,1998,1.53,1.57
21467S,1998,0.9,1.42
21497S,1998,1.05,1.46
21501S,1998,1.19,1.44
21511S,1998,1.2,1.42
21529S,1998,0.91,1.5
21550S,1998,2.54,1.52
21556S,1998,2.37,1.52
21557S1,1998,2.37,1.52
21572S,1998,1.62,1.48
21577S,1998,2.09,1.52
21584S,1998,2.81,1.55
21588S,1998,2.81,1.55
22084S,1998,2.37,1.52
22088S,1998,2.05,1.52
22102S,1998,2.63,1.58
22104S,1998,2.77,1.51
22112S,1998,2.68,1.55
22118S,1998,2.8000000000000003,1.61
22144S,1998,3.3000000000000003,1.6300000000000001
21296S,1998,1.73,1.69
21302S,1998,1.23,1.54
21305S,1998,1.06,1.47
21558S,1998,1.31,1.42
21562S,1998,1.58,1.4000000000000001
21583S,1998,2.83,1.6
18053S,1998,5.44,2.2800000000000002
18065S,1998,5.4,2.39
18025S,1998,3.16,1.49
18026S,1998,4.0200000000000005,1.79
18029S,1998,4.69,1.93
18030S,1998,3.67,1.76
18031S,1998,3.58,1.82
18032S,1998,4.21,1.92
18042S,1998,3.2600000000000002,1.6600000000000001
18043S,1998,3.58,1.82
18073S,1998,2.49,1.82
18074S,1998,1.99,1.3
18075S,1998,3.0,2.07
18076S,1998,3.16,1.6500000000000001
18077S,1998,2.7600000000000002,1.35
18078S,1998,3.62,2.18
18079S,1998,3.49,2.0
18088S,1998,2.36,1.3
18091S,1998,0.15,1.18
18095S,1998,2.45,1.3900000000000001
18096S,1998,1.19,1.26
18099S,1998,0.14,1.45
18106S,1998,1.68,1.33
18023S,1998,1.33,1.34
18034S,1998,0.65,1.25
18037S,1998,2.92,1.3900000000000001
18039S,1998,1.06,1.25
18041S,1998,2.46,1.26
18046S,1998,0.92,1.27
18081S,1998,0.47000000000000003,1.25
18083S,1998,0.61,1.24
18086S,1998,0.15,1.21
20014S,1998,0.61,1.71
20019S,1998,0.61,1.71
20067A,1998,0.29,1.6400000000000001
19120S,1998,0.14,1.52
19131S,1998,0.96,1.6600000000000001
19135S,1998,0.64,1.71
19137S,1998,0.49,1.67
19138S,1998,1.47,1.6600000000000001
19147S,1998,0.92,1.3800000000000001
19177S,1998,0.9400000000000001,1.44
19195S,1998,1.3,1.5
20104S,1998,1.55,1.6400000000000001
19159S,1998,1.32,1.3800000000000001
19207S,1998,1.09,1.42
19209S,1998,1.09,1.46
16028S,1999,0.0,1.16
16049S,1999,1.26,2.0300000000000002
16054S,1999,1.31,2.12
15093S,1999,0.0,1.11
15095S,1999,0.0,1.2
15098S,1999,0.0,1.21
16013A,1999,0.29,1.31
16013B,1999,0.45,1.36
16013C,1999,0.45,1.36
16015S,1999,0.0,1.17
16017S,1999,0.14,1.27
16020A,1999,0.0,1.24
16023S,1999,0.29,1.27
16024S,1999,0.53,1.5
16026S2,1999,0.54,1.53
16032S,1999,0.78,1.6600000000000001
16040S,1999,0.74,1.6500000000000001
16043A,1999,0.9500000000000001,1.77
16044B,1999,1.01,1.81
16046S,1999,0.99,1.82
16057S,1999,0.9500000000000001,1.7
16060S,1999,0.98,1.75
16064S,1999,1.24,1.95
16068S,1999,1.32,2.07
15088S,1999,0.0,1.25
15090S,1999,0.14,1.28
15092S,1999,0.14,1.27
15094S1,1999,0.0,1.27
15096S,1999,0.15,1.31
15099A,1999,0.44,1.34
15099C,1999,0.47000000000000003,1.4000000000000001
16019S,1999,0.49,1.42
16025S2,1999,0.55,1.55
16030S,1999,0.79,1.69
16058S,1999,0.98,1.71
16063S,1999,0.98,1.72
16065S,1999,1.01,1.76
23045A,1999,0.0,0.99
23048S,1999,0.0,0.93
23051S,1999,0.15,1.05
23055S,1999,0.0,1.02
23068S,1999,0.0,1.04
23069S,1999,0.0,1.1300000000000001
23077S,1999,0.0,1.05
23079S,1999,0.0,0.98
23080S,1999,0.0,1.02
23081S,1999,0.0,0.9500000000000001
23082S,1999,0.0,0.92
11167S,1999,0.9500000000000001,1.3
12010S,1999,0.52,1.3
12102S,1999,0.0,0.93
11016S,1999,0.48,1.02
11029S,1999,0.17,0.97
11049S,1999,0.47000000000000003,1.08
11162S,1999,0.51,0.98
11184C1,1999,1.28,1.25
11184C2,1999,1.28,1.25
11211S,1999,1.33,1.19
11222S2,1999,1.56,1.2
11222S3,1999,1.56,1.2
11237A,1999,1.85,1.3
11237B,1999,1.71,1.26
11237C,1999,1.86,1.33
12016B,1999,0.6900000000000001,1.3800000000000001
12027B,1999,0.49,1.25
11243S,1999,1.12,1.1
12056S,1999,0.9400000000000001,1.25
12061S,1999,0.47000000000000003,1.2
12071S,1999,0.16,1.1
12098S,1999,0.14,1.01
12107S,1999,0.0,1.0
14094S,1999,0.67,1.35
14097S,1999,0.67,1.35
14120B,1999,0.49,1.24
14123S,1999,0.46,1.2
14126S,1999,0.47000000000000003,1.2
15002S,1999,0.0,1.16
15005S,1999,0.0,1.1400000000000001
15012S,1999,0.0,1.02
15013S,1999,0.0,1.01
14054S,1999,1.17,1.44
14056S,1999,1.16,1.42
14061S,1999,1.1300000000000001,1.4000000000000001
14064S,1999,0.8300000000000001,1.3800000000000001
14109S,1999,0.98,1.3900000000000001
14114S,1999,0.46,1.24
14115S,1999,0.48,1.24
14116S,1999,0.46,1.24
14118S,1999,0.47000000000000003,1.21
14133S,1999,0.3,1.21
14134S,1999,0.3,1.2
14135S,1999,0.29,1.19
14143S,1999,0.45,1.22
14147A,1999,0.45,1.21
15009S,1999,0.0,1.22
15018S,1999,0.29,1.23
15019S,1999,0.3,1.27
15022S,1999,0.47000000000000003,1.35
15024S,1999,0.3,1.29
15027S,1999,0.46,1.35
15028S2,1999,0.29,1.28
15030S,1999,0.0,1.2
15047S,1999,0.0,1.22
15054S,1999,0.0,1.01
15077S,1999,0.0,1.16
15081S,1999,0.0,1.08
15084S,1999,0.0,1.22
15089S,1999,0.0,1.11
14075S,1999,1.34,1.57
14085S,1999,1.07,1.52
14137S,1999,0.14,1.23
14138S,1999,0.0,1.17
14139S,1999,0.0,1.17
14152S,1999,0.46,1.27
14154S,1999,0.48,1.31
15023S,1999,0.49,1.3900000000000001
15025S,1999,0.49,1.3900000000000001
15032S,1999,0.67,1.49
15034S,1999,0.5,1.45
15037S,1999,0.5,1.45
15050S,1999,0.48,1.3900000000000001
15080S,1999,0.44,1.3
15085S,1999,0.44,1.3
19103S,1999,0.0,1.71
18118S,1999,0.0,1.6400000000000001
19019S,1999,0.3,1.67
19028S,1999,0.0,1.67
19044S,1999,0.0,1.85
19045S,1999,0.32,1.6300000000000001
19046S,1999,0.0,1.87
19047S,1999,0.0,1.67
19063A,1999,0.0,1.85
19063B,1999,0.0,1.95
19076S,1999,0.0,1.93
19082S,1999,0.0,1.69
19098S,1999,0.0,1.86
18112S,1999,0.14,1.52
18120S,1999,0.0,1.52
19061S,1999,0.14,1.62
17012A,1999,1.27,2.07
17043A,1999,1.06,1.8900000000000001
17043C,1999,1.06,1.8900000000000001
16067S,1999,1.19,1.84
16071S,1999,1.31,2.07
17004S,1999,1.35,2.18
17010S,1999,1.34,2.14
17011S,1999,1.3,2.04
17016S,1999,1.28,2.0
17024S,1999,1.49,2.08
17034S,1999,1.47,2.07
17044S,1999,1.31,2.08
17051S,1999,2.0300000000000002,2.0300000000000002
17063A,1999,1.9000000000000001,2.04
17064S,1999,2.0100000000000002,1.97
17008S,1999,1.01,1.81
17014S,1999,1.2,1.9000000000000001
17032S,1999,1.47,2.0300000000000002
17057S,1999,1.47,2.06
17059A,1999,1.9100000000000001,2.04
17068S,1999,1.35,1.71
13006S,1999,0.96,0.85
13081S,1999,0.0,0.8300000000000001
13107S,1999,0.15,0.9400000000000001
14017S,1999,0.45,1.3
13041S,1999,0.52,1.0
13060S,1999,0.0,0.93
13063S,1999,0.14,0.9500000000000001
13072S,1999,0.0,0.86
13076S,1999,0.0,0.85
13087S,1999,0.0,0.96
13093A,1999,0.0,0.97
13108S,1999,0.0,1.05
13124S,1999,0.14,1.1300000000000001
14003S,1999,0.0,1.1400000000000001
14016S,1999,0.47000000000000003,1.37
13040S,1999,0.53,1.05
13056S,1999,0.35000000000000003,1.04
13118A,1999,0.31,1.02
13121S,1999,0.0,1.07
13127S,1999,0.44,1.24
13130S,1999,1.58,1.52
13133S,1999,1.99,1.6600000000000001
14045S,1999,1.6,1.6500000000000001
21031S,1999,0.9500000000000001,1.35
21039S,1999,0.46,1.2
21308S,1999,0.47000000000000003,1.1400000000000001
21334S,1999,0.14,1.07
21340S,1999,0.63,1.18
21386S,1999,0.0,1.17
19219S,1999,0.0,1.44
20112S,1999,0.14,1.43
20144S,1999,0.16,1.32
20145S,1999,0.14,1.24
20287S,1999,0.15,1.22
20297S,1999,0.0,1.07
20299D,1999,0.0,1.01
20309S,1999,0.0,1.26
20348S,1999,0.0,1.2
20351A,1999,0.0,0.99
20351B,1999,0.0,0.97
20353S,1999,0.0,1.29
20354S,1999,0.0,1.29
21025S,1999,0.6,1.43
21060S,1999,0.0,1.04
21062S,1999,0.0,1.31
21064S,1999,0.0,1.26
21074S,1999,0.0,1.27
21104S,1999,0.0,1.29
21137S,1999,0.0,1.3900000000000001
21139S,1999,0.0,1.3900000000000001
21140S,1999,0.0,1.32
21187S,1999,0.0,1.3
21591S,1999,0.0,0.98
20113S,1999,0.0,1.45
21179S,1999,0.0,1.35
21186S,1999,0.0,1.22
21217S,1999,0.0,1.32
21219S,1999,0.0,1.36
21235S,1999,0.0,1.42
21241S,1999,0.0,1.27
21245S,1999,0.0,1.25
21278S,1999,0.0,1.36
21286S,1999,0.0,1.33
21450S,1999,0.0,1.1400000000000001
21467S,1999,0.0,1.04
21497S,1999,0.0,1.02
21501S,1999,0.0,1.0
21511S,1999,0.0,0.98
21529S,1999,0.0,1.03
21550S,1999,0.0,0.97
21556S,1999,0.14,1.04
21557S1,1999,0.14,1.04
21572S,1999,0.0,0.98
21577S,1999,0.14,1.03
21584S,1999,0.3,1.1300000000000001
21588S,1999,0.3,1.1300000000000001
22084S,1999,0.14,1.04
22088S,1999,0.0,0.99
22102S,1999,0.32,1.18
22104S,1999,0.15,1.11
22112S,1999,0.15,1.09
22118S,1999,0.15,1.08
22144S,1999,0.0,1.05
21296S,1999,0.0,1.27
21302S,1999,0.0,1.19
21305S,1999,0.0,1.17
21558S,1999,0.0,1.1
21562S,1999,0.0,0.98
21583S,1999,0.3,1.1300000000000001
18053S,1999,1.01,1.47
18065S,1999,0.49,1.33
18025S,1999,0.7000000000000001,1.45
18026S,1999,1.11,1.75
18029S,1999,1.1,1.72
18030S,1999,0.5,1.3
18031S,1999,0.48,1.26
18032S,1999,0.6900000000000001,1.43
18042S,1999,0.48,1.25
18043S,1999,0.48,1.26
18073S,1999,0.3,1.22
18074S,1999,0.65,1.32
18075S,1999,0.47000000000000003,1.32
18076S,1999,0.48,1.31
18077S,1999,0.51,1.35
18078S,1999,0.48,1.4000000000000001
18079S,1999,0.48,1.3900000000000001
18088S,1999,0.51,1.37
18091S,1999,0.31,1.26
18095S,1999,0.51,1.4000000000000001
18096S,1999,0.49,1.35
18099S,1999,0.0,1.61
18106S,1999,0.51,1.41
18023S,1999,0.75,1.56
18034S,1999,0.93,1.2
18037S,1999,0.32,1.2
18039S,1999,0.9400000000000001,1.2
18041S,1999,0.61,1.18
18046S,1999,0.96,1.22
18081S,1999,0.8,1.34
18083S,1999,0.65,1.34
18086S,1999,0.46,1.27
20014S,1999,0.15,1.26
20019S,1999,0.15,1.26
20067A,1999,0.0,1.23
19120S,1999,0.14,1.8
19131S,1999,0.16,1.8900000000000001
19135S,1999,0.16,1.93
19137S,1999,0.16,1.82
19138S,1999,0.31,1.82
19147S,1999,0.15,1.56
19177S,1999,0.15,1.49
19195S,1999,0.0,1.3
20104S,1999,0.3,1.41
19159S,1999,0.29,1.12
19207S,1999,0.0,1.02
19209S,1999,0.14,1.1500000000000001
16028S,2000,0.0,0.81
16049S,2000,0.0,0.79
16054S,2000,0.0,0.92
15093S,2000,0.0,0.84
15095S,2000,0.0,0.87
15098S,2000,0.0,0.87
16013A,2000,0.0,0.91
16013B,2000,0.0,0.93
16013C,2000,0.0,0.93
16015S,2000,0.0,0.85
16017S,2000,0.0,0.9
16020A,2000,0.0,0.87
16023S,2000,0.0,0.86
16024S,2000,0.0,0.9
16026S2,2000,0.0,0.86
16032S,2000,0.0,0.76
16040S,2000,0.0,0.78
16043A,2000,0.0,0.73
16044B,2000,0.0,0.74
16046S,2000,0.0,0.73
16057S,2000,0.0,0.73
16060S,2000,0.0,0.74
16064S,2000,0.0,0.8
16068S,2000,0.0,0.84
15088S,2000,0.0,0.96
15090S,2000,0.0,0.98
15092S,2000,0.0,0.97
15094S1,2000,0.0,0.93
15096S,2000,0.0,0.93
15099A,2000,0.0,0.91
15099C,2000,0.0,0.9400000000000001
16019S,2000,0.0,0.93
16025S2,2000,0.0,0.92
16030S,2000,0.0,0.76
16058S,2000,0.0,0.71
16063S,2000,0.0,0.84
16065S,2000,0.0,0.86
23045A,2000,0.0,0.58
23048S,2000,0.0,0.61
23051S,2000,0.0,0.6
23055S,2000,0.0,0.6
23068S,2000,0.0,0.8
23069S,2000,0.0,0.81
23077S,2000,0.0,0.58
23079S,2000,0.0,0.58
23080S,2000,0.0,0.63
23081S,2000,0.0,0.58
23082S,2000,0.0,0.58
11167S,2000,0.18,1.69
12010S,2000,0.18,1.6300000000000001
12102S,2000,0.63,1.83
11016S,2000,0.8,1.6400000000000001
11029S,2000,0.8200000000000001,1.73
11049S,2000,0.87,1.9000000000000001
11162S,2000,0.52,1.85
11184C1,2000,0.52,1.82
11184C2,2000,0.52,1.82
11211S,2000,0.96,2.05
11222S2,2000,0.61,1.93
11222S3,2000,0.61,1.93
11237A,2000,0.71,1.86
11237B,2000,0.5700000000000001,1.76
11237C,2000,0.54,1.74
12016B,2000,0.18,1.59
12027B,2000,0.52,1.68
11243S,2000,0.58,1.69
12056S,2000,0.64,1.73
12061S,2000,0.63,1.79
12071S,2000,0.72,1.94
12098S,2000,0.77,2.06
12107S,2000,0.79,2.15
14094S,2000,0.62,1.34
14097S,2000,0.62,1.34
14120B,2000,0.15,1.17
14123S,2000,0.0,1.06
14126S,2000,0.0,1.04
15002S,2000,0.0,1.06
15005S,2000,0.0,1.02
15012S,2000,0.0,0.92
15013S,2000,0.0,0.88
14054S,2000,0.45,1.24
14056S,2000,0.46,1.25
14061S,2000,0.15,1.16
14064S,2000,0.31,1.26
14109S,2000,0.16,1.21
14114S,2000,0.3,1.19
14115S,2000,0.16,1.23
14116S,2000,0.15,1.1500000000000001
14118S,2000,0.14,1.11
14133S,2000,0.0,1.09
14134S,2000,0.0,1.12
14135S,2000,0.0,1.12
14143S,2000,0.0,1.07
14147A,2000,0.0,1.05
15009S,2000,0.0,1.02
15018S,2000,0.0,1.03
15019S,2000,0.0,0.99
15022S,2000,0.0,0.9400000000000001
15024S,2000,0.0,0.98
15027S,2000,0.0,0.93
15028S2,2000,0.0,0.98
15030S,2000,0.0,1.02
15047S,2000,0.0,0.72
15054S,2000,0.0,0.8
15077S,2000,0.0,0.8
15081S,2000,0.0,0.8200000000000001
15084S,2000,0.0,0.86
15089S,2000,0.0,0.86
14075S,2000,0.32,1.25
14085S,2000,0.15,1.17
14137S,2000,0.45,1.17
14138S,2000,0.44,1.1500000000000001
14139S,2000,0.44,1.1500000000000001
14152S,2000,0.0,0.96
14154S,2000,0.0,1.05
15023S,2000,0.0,0.93
15025S,2000,0.0,0.93
15032S,2000,0.0,0.79
15034S,2000,0.0,0.77
15037S,2000,0.0,0.77
15050S,2000,0.0,0.74
15080S,2000,0.0,0.9
15085S,2000,0.0,0.9
19103S,2000,0.0,0.8300000000000001
18118S,2000,0.0,0.47000000000000003
19019S,2000,0.0,0.54
19028S,2000,0.0,0.53
19044S,2000,0.0,0.5700000000000001
19045S,2000,0.0,0.5700000000000001
19046S,2000,0.0,0.61
19047S,2000,0.0,0.61
19063A,2000,0.0,0.62
19063B,2000,0.0,0.66
19076S,2000,0.0,0.55
19082S,2000,0.0,0.73
19098S,2000,0.0,0.56
18112S,2000,0.0,0.33
18120S,2000,0.0,0.46
19061S,2000,0.0,0.59
17012A,2000,0.0,0.91
17043A,2000,0.0,0.42
17043C,2000,0.0,0.42
16067S,2000,0.0,0.87
16071S,2000,0.0,0.8200000000000001
17004S,2000,0.0,0.92
17010S,2000,0.0,0.84
17011S,2000,0.0,0.74
17016S,2000,0.0,0.6900000000000001
17024S,2000,0.0,0.6
17034S,2000,0.0,0.6
17044S,2000,0.0,0.54
17051S,2000,0.0,0.62
17063A,2000,0.0,0.63
17064S,2000,0.0,0.65
17008S,2000,0.0,0.72
17014S,2000,0.0,0.78
17032S,2000,0.0,0.51
17057S,2000,0.0,0.5
17059A,2000,0.0,0.58
17068S,2000,0.0,0.45
13006S,2000,0.54,1.61
13081S,2000,0.33,1.51
13107S,2000,0.32,1.49
14017S,2000,0.3,1.3
13041S,2000,0.32,1.42
13060S,2000,0.47000000000000003,1.42
13063S,2000,0.47000000000000003,1.41
13072S,2000,0.32,1.44
13076S,2000,0.32,1.44
13087S,2000,0.33,1.49
13093A,2000,0.48,1.3800000000000001
13108S,2000,0.47000000000000003,1.3800000000000001
13124S,2000,0.49,1.34
14003S,2000,0.31,1.3900000000000001
14016S,2000,0.32,1.32
13040S,2000,0.51,1.43
13056S,2000,0.64,1.3800000000000001
13118A,2000,0.61,1.33
13121S,2000,0.53,1.5
13127S,2000,0.54,1.43
13130S,2000,0.67,1.3800000000000001
13133S,2000,0.66,1.36
14045S,2000,0.48,1.28
21031S,2000,0.0,0.71
21039S,2000,0.0,0.68
21308S,2000,0.0,0.6900000000000001
21334S,2000,0.0,0.77
21340S,2000,0.0,0.66
21386S,2000,0.0,0.5
19219S,2000,0.0,0.52
20112S,2000,0.0,0.65
20144S,2000,0.0,0.49
20145S,2000,0.0,0.51
20287S,2000,0.0,0.38
20297S,2000,0.0,0.54
20299D,2000,0.0,0.45
20309S,2000,0.0,0.49
20348S,2000,0.0,0.56
20351A,2000,0.0,0.48
20351B,2000,0.0,0.47000000000000003
20353S,2000,0.0,0.5700000000000001
20354S,2000,0.0,0.5700000000000001
21025S,2000,0.0,0.55
21060S,2000,0.0,0.53
21062S,2000,0.0,0.58
21064S,2000,0.0,0.58
21074S,2000,0.0,0.62
21104S,2000,0.0,0.7000000000000001
21137S,2000,0.0,0.7000000000000001
21139S,2000,0.0,0.64
21140S,2000,0.0,0.47000000000000003
21187S,2000,0.0,0.72
21591S,2000,0.0,0.46
20113S,2000,0.0,0.59
21179S,2000,0.0,0.84
21186S,2000,0.0,0.7000000000000001
21217S,2000,0.0,0.65
21219S,2000,0.0,0.77
21235S,2000,0.0,0.88
21241S,2000,0.0,0.56
21245S,2000,0.0,0.5700000000000001
21278S,2000,0.0,0.61
21286S,2000,0.0,0.55
21450S,2000,0.0,0.67
21467S,2000,0.0,0.6900000000000001
21497S,2000,0.0,0.5
21501S,2000,0.0,0.47000000000000003
21511S,2000,0.0,0.46
21529S,2000,0.0,0.63
21550S,2000,0.0,0.52
21556S,2000,0.0,0.48
21557S1,2000,0.0,0.48
21572S,2000,0.0,0.47000000000000003
21577S,2000,0.0,0.46
21584S,2000,0.0,0.59
21588S,2000,0.0,0.59
22084S,2000,0.0,0.48
22088S,2000,0.0,0.64
22102S,2000,0.0,0.64
22104S,2000,0.0,0.49
22112S,2000,0.0,0.48
22118S,2000,0.0,0.53
22144S,2000,0.0,0.49
21296S,2000,0.0,0.49
21302S,2000,0.0,0.46
21305S,2000,0.0,0.44
21558S,2000,0.0,0.47000000000000003
21562S,2000,0.0,0.48
21583S,2000,0.0,0.64
18053S,2000,0.0,0.49
18065S,2000,0.0,0.61
18025S,2000,0.0,0.51
18026S,2000,0.0,0.52
18029S,2000,0.0,0.5700000000000001
18030S,2000,0.0,0.58
18031S,2000,0.0,0.54
18032S,2000,0.0,0.62
18042S,2000,0.0,0.49
18043S,2000,0.0,0.54
18073S,2000,0.0,0.39
18074S,2000,0.0,0.26
18075S,2000,0.0,0.49
18076S,2000,0.0,0.34
18077S,2000,0.0,0.31
18078S,2000,0.0,0.49
18079S,2000,0.0,0.46
18088S,2000,0.0,0.38
18091S,2000,0.0,0.39
18095S,2000,0.0,0.5700000000000001
18096S,2000,0.0,0.47000000000000003
18099S,2000,0.0,0.42
18106S,2000,0.0,0.58
18023S,2000,0.0,0.41000000000000003
18034S,2000,0.0,0.3
18037S,2000,0.0,0.27
18039S,2000,0.0,0.28
18041S,2000,0.0,0.31
18046S,2000,0.0,0.35000000000000003
18081S,2000,0.0,0.38
18083S,2000,0.0,0.37
18086S,2000,0.0,0.49
20014S,2000,0.0,0.8200000000000001
20019S,2000,0.0,0.8200000000000001
20067A,2000,0.0,0.76
19120S,2000,0.0,0.79
19131S,2000,0.0,0.35000000000000003
19135S,2000,0.0,0.43
19137S,2000,0.0,0.5
19138S,2000,0.0,0.33
19147S,2000,0.0,0.49
19177S,2000,0.0,0.43
19195S,2000,0.0,0.5
20104S,2000,0.0,0.67
19159S,2000,0.0,0.78
19207S,2000,0.0,0.66
19209S,2000,0.0,0.54
16028S,2001,1.25,2.14
16049S,2001,1.24,2.13
16054S,2001,0.17,1.9100000000000001
15093S,2001,0.65,1.83
15095S,2001,0.93,2.04
15098S,2001,0.9400000000000001,2.05
16013A,2001,1.19,2.17
16013B,2001,1.23,2.19
16013C,2001,1.23,2.19
16015S,2001,0.91,2.0
16017S,2001,1.02,2.14
16020A,2001,1.43,2.13
16023S,2001,1.48,2.17
16024S,2001,1.24,2.2600000000000002
16026S2,2001,1.67,2.2600000000000002
16032S,2001,1.6500000000000001,2.19
16040S,2001,1.45,2.19
16043A,2001,1.53,2.13
16044B,2001,1.54,2.11
16046S,2001,1.49,2.15
16057S,2001,1.75,2.14
16060S,2001,1.57,2.12
16064S,2001,1.5,2.15
16068S,2001,1.35,2.11
15088S,2001,0.99,2.07
15090S,2001,1.16,2.07
15092S,2001,1.17,2.09
15094S1,2001,1.16,2.11
15096S,2001,1.2,2.14
15099A,2001,1.22,2.17
15099C,2001,1.26,2.21
16019S,2001,1.24,2.24
16025S2,2001,1.27,2.29
16030S,2001,1.69,2.21
16058S,2001,1.76,2.1
16063S,2001,1.78,2.06
16065S,2001,1.79,2.09
23045A,2001,0.0,1.56
23048S,2001,0.0,1.61
23051S,2001,0.0,1.6500000000000001
23055S,2001,0.0,1.68
23068S,2001,0.0,1.68
23069S,2001,0.0,1.71
23077S,2001,0.0,1.62
23079S,2001,0.0,1.51
23080S,2001,0.0,1.5
23081S,2001,0.0,1.47
23082S,2001,0.0,1.46
11167S,2001,0.5,1.6300000000000001
12010S,2001,0.37,1.6300000000000001
12102S,2001,0.73,1.67
11016S,2001,0.8,1.75
11029S,2001,0.79,1.72
11049S,2001,0.59,1.72
11162S,2001,0.55,1.83
11184C1,2001,0.56,1.6
11184C2,2001,0.56,1.6
11211S,2001,1.03,1.84
11222S2,2001,0.8300000000000001,1.78
11222S3,2001,0.8300000000000001,1.78
11237A,2001,0.78,1.72
11237B,2001,0.84,1.81
11237C,2001,0.79,1.74
12016B,2001,0.38,1.52
12027B,2001,0.54,1.53
11243S,2001,1.42,2.02
12056S,2001,0.77,1.59
12061S,2001,0.59,1.56
12071S,2001,0.77,1.6300000000000001
12098S,2001,0.79,1.6600000000000001
12107S,2001,0.79,1.69
14094S,2001,0.29,1.8800000000000001
14097S,2001,0.29,1.8800000000000001
14120B,2001,0.0,1.6
14123S,2001,0.0,1.7
14126S,2001,0.0,1.69
15002S,2001,0.45,1.98
15005S,2001,0.45,2.02
15012S,2001,0.16,1.75
15013S,2001,0.16,1.77
14054S,2001,0.49,2.0
14056S,2001,0.49,1.94
14061S,2001,0.46,1.99
14064S,2001,0.31,1.96
14109S,2001,0.31,1.83
14114S,2001,0.0,1.6600000000000001
14115S,2001,0.0,1.6600000000000001
14116S,2001,0.0,1.6400000000000001
14118S,2001,0.0,1.69
14133S,2001,0.29,1.81
14134S,2001,0.0,1.78
14135S,2001,0.14,1.83
14143S,2001,0.0,1.62
14147A,2001,0.0,1.71
15009S,2001,0.15,1.8800000000000001
15018S,2001,0.44,1.94
15019S,2001,0.3,1.87
15022S,2001,0.31,1.77
15024S,2001,0.3,1.84
15027S,2001,0.31,1.73
15028S2,2001,0.3,1.76
15030S,2001,0.15,1.83
15047S,2001,0.84,1.86
15054S,2001,0.0,1.78
15077S,2001,0.85,1.9000000000000001
15081S,2001,0.48,1.78
15084S,2001,0.9400000000000001,2.0
15089S,2001,0.65,1.85
14075S,2001,0.49,1.84
14085S,2001,0.46,1.82
14137S,2001,0.0,1.6600000000000001
14138S,2001,0.0,1.6300000000000001
14139S,2001,0.0,1.6300000000000001
14152S,2001,0.16,1.78
14154S,2001,0.45,1.78
15023S,2001,0.32,1.72
15025S,2001,0.32,1.72
15032S,2001,0.65,1.71
15034S,2001,0.66,1.75
15037S,2001,0.66,1.75
15050S,2001,0.88,1.87
15080S,2001,0.96,1.99
15085S,2001,0.96,1.99
19103S,2001,0.0,1.56
18118S,2001,0.5,1.82
19019S,2001,0.51,1.9000000000000001
19028S,2001,0.34,1.8
19044S,2001,0.0,1.83
19045S,2001,0.34,1.81
19046S,2001,0.0,1.8900000000000001
19047S,2001,0.0,1.74
19063A,2001,0.47000000000000003,2.06
19063B,2001,0.44,2.04
19076S,2001,0.14,1.75
19082S,2001,0.8,1.8800000000000001
19098S,2001,0.48,1.9100000000000001
18112S,2001,0.51,1.79
18120S,2001,0.65,1.92
19061S,2001,0.49,1.9100000000000001
17012A,2001,0.15,1.7
17043A,2001,0.16,1.8900000000000001
17043C,2001,0.16,1.8900000000000001
16067S,2001,1.77,2.09
16071S,2001,1.21,2.09
17004S,2001,0.29,1.9000000000000001
17010S,2001,0.31,1.84
17011S,2001,0.5,1.84
17016S,2001,0.53,1.94
17024S,2001,0.8200000000000001,2.04
17034S,2001,0.8,2.07
17044S,2001,0.46,2.0300000000000002
17051S,2001,0.62,1.98
17063A,2001,0.9500000000000001,2.07
17064S,2001,0.8300000000000001,2.18
17008S,2001,0.6,2.08
17014S,2001,0.5700000000000001,2.04
17032S,2001,1.07,2.09
17057S,2001,1.08,2.0300000000000002
17059A,2001,1.0,2.16
17068S,2001,2.32,2.39
13006S,2001,0.8,1.99
13081S,2001,0.0,1.6400000000000001
13107S,2001,0.0,1.6500000000000001
14017S,2001,0.0,1.75
13041S,2001,0.3,1.8
13060S,2001,0.46,1.8
13063S,2001,0.46,1.77
13072S,2001,0.29,1.77
13076S,2001,0.29,1.76
13087S,2001,0.0,1.67
13093A,2001,0.0,1.6
13108S,2001,0.0,1.6500000000000001
13124S,2001,0.0,1.61
14003S,2001,0.0,1.71
14016S,2001,0.0,1.68
13040S,2001,0.43,1.57
13056S,2001,0.3,1.6
13118A,2001,0.0,1.44
13121S,2001,0.0,1.45
13127S,2001,0.0,1.51
13130S,2001,0.0,1.49
13133S,2001,0.0,1.47
14045S,2001,0.31,1.77
21031S,2001,0.0,1.94
21039S,2001,0.0,1.93
21308S,2001,0.0,1.86
21334S,2001,0.0,1.85
21340S,2001,0.0,1.92
21386S,2001,0.0,1.54
19219S,2001,1.11,2.08
20112S,2001,0.8300000000000001,2.36
20144S,2001,0.3,1.78
20145S,2001,0.45,1.8
20287S,2001,0.14,1.73
20297S,2001,0.44,1.73
20299D,2001,0.0,1.47
20309S,2001,0.0,1.47
20348S,2001,0.0,1.47
20351A,2001,0.15,1.6500000000000001
20351B,2001,0.14,1.76
20353S,2001,0.0,1.72
20354S,2001,0.0,1.72
21025S,2001,0.0,1.58
21060S,2001,0.0,1.73
21062S,2001,0.0,1.76
21064S,2001,0.0,1.7
21074S,2001,0.0,1.59
21104S,2001,0.0,1.54
21137S,2001,0.0,1.9100000000000001
21139S,2001,0.0,1.8900000000000001
21140S,2001,0.0,1.87
21187S,2001,0.0,1.81
21591S,2001,0.0,1.85
20113S,2001,1.1,2.08
21179S,2001,0.0,1.71
21186S,2001,0.0,1.6
21217S,2001,0.32,1.68
21219S,2001,0.44,1.5
21235S,2001,0.0,1.68
21241S,2001,0.15,1.6400000000000001
21245S,2001,0.15,1.62
21278S,2001,0.34,1.73
21286S,2001,0.32,1.77
21450S,2001,0.0,1.8900000000000001
21467S,2001,0.0,1.6400000000000001
21497S,2001,0.3,2.0100000000000002
21501S,2001,0.15,2.0300000000000002
21511S,2001,0.16,2.09
21529S,2001,0.0,1.9000000000000001
21550S,2001,0.0,1.8800000000000001
21556S,2001,0.0,1.85
21557S1,2001,0.0,1.85
21572S,2001,0.14,1.98
21577S,2001,0.0,1.8900000000000001
21584S,2001,0.0,1.7
21588S,2001,0.0,1.7
22084S,2001,0.0,1.85
22088S,2001,0.14,1.83
22102S,2001,0.0,1.61
22104S,2001,0.0,1.68
22112S,2001,0.0,1.6300000000000001
22118S,2001,0.0,1.59
22144S,2001,0.0,1.59
21296S,2001,0.16,1.58
21302S,2001,0.0,1.5
21305S,2001,0.0,1.56
21558S,2001,0.0,1.79
21562S,2001,0.14,1.96
21583S,2001,0.0,1.74
18053S,2001,0.67,2.37
18065S,2001,0.49,2.4
18025S,2001,2.35,2.47
18026S,2001,1.73,2.41
18029S,2001,1.59,2.47
18030S,2001,1.97,2.48
18031S,2001,1.76,2.44
18032S,2001,1.78,2.49
18042S,2001,2.09,2.42
18043S,2001,1.76,2.44
18073S,2001,1.21,2.15
18074S,2001,2.07,1.96
18075S,2001,1.1500000000000001,2.24
18076S,2001,1.3900000000000001,2.02
18077S,2001,1.8900000000000001,1.98
18078S,2001,0.65,2.15
18079S,2001,0.81,1.98
18088S,2001,1.19,1.85
18091S,2001,0.54,1.81
18095S,2001,0.55,1.87
18096S,2001,0.54,1.84
18099S,2001,0.53,1.86
18106S,2001,0.5,1.96
18023S,2001,2.61,2.46
18034S,2001,2.57,2.02
18037S,2001,2.14,2.27
18039S,2001,2.32,1.9100000000000001
18041S,2001,2.33,2.0100000000000002
18046S,2001,2.32,1.9000000000000001
18081S,2001,1.73,1.86
18083S,2001,1.41,1.85
18086S,2001,1.17,1.82
20014S,2001,0.0,1.82
20019S,2001,0.0,1.82
20067A,2001,0.0,1.69
19120S,2001,0.87,2.05
19131S,2001,0.59,2.2
19135S,2001,0.53,2.09
19137S,2001,0.0,1.72
19138S,2001,0.62,2.2600000000000002
19147S,2001,0.93,2.07
19177S,2001,0.78,2.09
19195S,2001,0.9400000000000001,2.15
20104S,2001,0.84,2.42
19159S,2001,1.12,2.11
19207S,2001,1.1500000000000001,2.15
19209S,2001,1.1500000000000001,2.13
16028S,2002,1.16,1.8
16049S,2002,2.0100000000000002,1.8
16054S,2002,1.29,1.73
15093S,2002,1.18,1.68
15095S,2002,2.3000000000000003,1.75
15098S,2002,2.33,1.8
16013A,2002,2.52,1.86
16013B,2002,2.83,1.85
16013C,2002,2.83,1.85
16015S,2002,1.32,1.82
16017S,2002,2.35,1.9000000000000001
16020A,2002,1.73,1.92
16023S,2002,2.2,1.95
16024S,2002,2.83,1.95
16026S2,2002,2.73,1.95
16032S,2002,3.36,1.87
16040S,2002,3.0300000000000002,1.96
16043A,2002,2.91,1.9100000000000001
16044B,2002,3.2600000000000002,1.9100000000000001
16046S,2002,2.5500000000000003,1.86
16057S,2002,3.33,1.86
16060S,2002,3.31,1.9000000000000001
16064S,2002,2.44,1.8900000000000001
16068S,2002,1.9100000000000001,1.8900000000000001
15088S,2002,3.79,1.6
15090S,2002,3.95,1.6
15092S,2002,3.64,1.62
15094S1,2002,3.0100000000000002,1.68
15096S,2002,3.33,1.71
15099A,2002,3.0700000000000003,1.78
15099C,2002,3.24,1.81
16019S,2002,2.77,1.92
16025S2,2002,2.82,1.9000000000000001
16030S,2002,3.44,1.78
16058S,2002,3.56,1.83
16063S,2002,1.95,1.85
16065S,2002,1.95,1.86
23045A,2002,3.49,2.61
23048S,2002,3.22,2.46
23051S,2002,3.47,2.42
23055S,2002,5.38,2.33
23068S,2002,6.05,2.68
23069S,2002,6.23,2.69
23077S,2002,5.46,2.27
23079S,2002,6.13,2.23
23080S,2002,5.68,2.24
23081S,2002,6.03,2.29
23082S,2002,6.2700000000000005,2.34
11167S,2002,0.47000000000000003,1.29
12010S,2002,0.61,1.25
12102S,2002,0.44,1.1300000000000001
11016S,2002,0.6900000000000001,1.44
11029S,2002,0.6900000000000001,1.44
11049S,2002,0.67,1.3900000000000001
11162S,2002,0.64,1.35
11184C1,2002,0.0,1.12
11184C2,2002,0.0,1.12
11211S,2002,0.46,1.1400000000000001
11222S2,2002,0.0,0.96
11222S3,2002,0.0,0.96
11237A,2002,0.0,1.0
11237B,2002,0.0,0.91
11237C,2002,0.0,0.98
12016B,2002,0.45,1.19
12027B,2002,0.29,1.1500000000000001
11243S,2002,0.15,1.11
12056S,2002,0.0,1.03
12061S,2002,0.0,0.98
12071S,2002,0.15,1.05
12098S,2002,0.15,1.08
12107S,2002,0.45,1.1400000000000001
14094S,2002,3.54,1.67
14097S,2002,3.54,1.67
14120B,2002,3.45,1.68
14123S,2002,2.91,1.7
14126S,2002,2.96,1.7
15002S,2002,3.11,1.48
15005S,2002,3.04,1.46
15012S,2002,1.53,1.49
15013S,2002,1.34,1.48
14054S,2002,3.64,1.53
14056S,2002,4.68,1.54
14061S,2002,2.23,1.49
14064S,2002,3.09,1.52
14109S,2002,3.02,1.62
14114S,2002,1.29,1.62
14115S,2002,3.04,1.6400000000000001
14116S,2002,1.62,1.6600000000000001
14118S,2002,2.7,1.69
14133S,2002,3.09,1.58
14134S,2002,3.2,1.61
14135S,2002,3.06,1.58
14143S,2002,2.07,1.6400000000000001
14147A,2002,2.81,1.61
15009S,2002,3.33,1.53
15018S,2002,3.19,1.51
15019S,2002,3.19,1.54
15022S,2002,3.19,1.57
15024S,2002,3.21,1.54
15027S,2002,3.35,1.58
15028S2,2002,3.5100000000000002,1.59
15030S,2002,3.31,1.55
15047S,2002,3.33,1.62
15054S,2002,0.3,1.48
15077S,2002,3.06,1.58
15081S,2002,1.99,1.55
15084S,2002,3.49,1.6
15089S,2002,1.74,1.61
14075S,2002,3.46,1.55
14085S,2002,0.96,1.46
14137S,2002,1.06,1.53
14138S,2002,1.22,1.53
14139S,2002,1.22,1.53
14152S,2002,3.0700000000000003,1.56
14154S,2002,3.22,1.56
15023S,2002,3.31,1.58
15025S,2002,3.31,1.58
15032S,2002,2.81,1.6600000000000001
15034S,2002,2.94,1.6600000000000001
15037S,2002,2.94,1.6600000000000001
15050S,2002,3.8200000000000003,1.6600000000000001
15080S,2002,4.3500000000000005,1.6
15085S,2002,4.3500000000000005,1.6
19103S,2002,1.98,1.84
18118S,2002,2.29,1.6600000000000001
19019S,2002,2.7,1.75
19028S,2002,1.1300000000000001,1.6
19044S,2002,0.45,1.41
19045S,2002,2.22,1.71
19046S,2002,0.63,1.53
19047S,2002,1.54,1.53
19063A,2002,0.63,1.61
19063B,2002,1.07,1.7
19076S,2002,2.44,1.71
19082S,2002,2.7,1.54
19098S,2002,2.12,1.81
18112S,2002,2.74,1.67
18120S,2002,1.8,1.67
19061S,2002,2.43,1.53
17012A,2002,1.25,1.76
17043A,2002,0.48,1.47
17043C,2002,0.48,1.47
16067S,2002,1.92,1.87
16071S,2002,1.87,1.8900000000000001
17004S,2002,1.21,1.87
17010S,2002,1.57,1.98
17011S,2002,2.0100000000000002,1.99
17016S,2002,1.99,1.94
17024S,2002,1.27,1.81
17034S,2002,1.07,1.75
17044S,2002,0.6900000000000001,1.6300000000000001
17051S,2002,0.8300000000000001,1.6300000000000001
17063A,2002,1.04,1.72
17064S,2002,0.88,1.69
17008S,2002,2.63,1.8800000000000001
17014S,2002,1.99,1.8800000000000001
17032S,2002,1.74,1.83
17057S,2002,1.56,1.82
17059A,2002,1.09,1.78
17068S,2002,2.79,1.74
13006S,2002,1.69,1.2
13081S,2002,1.07,1.04
13107S,2002,0.31,1.21
14017S,2002,2.49,1.5
13041S,2002,1.9100000000000001,1.1300000000000001
13060S,2002,1.55,1.1
13063S,2002,0.91,1.11
13072S,2002,1.6,1.1300000000000001
13076S,2002,1.3900000000000001,1.08
13087S,2002,0.6,1.1400000000000001
13093A,2002,0.3,1.28
13108S,2002,0.93,1.35
13124S,2002,0.78,1.3900000000000001
14003S,2002,1.68,1.3900000000000001
14016S,2002,1.6500000000000001,1.47
13040S,2002,0.78,1.17
13056S,2002,0.79,1.2
13118A,2002,0.73,1.37
13121S,2002,1.04,1.3800000000000001
13127S,2002,1.22,1.43
13130S,2002,1.73,1.42
13133S,2002,1.87,1.41
14045S,2002,4.49,1.51
21031S,2002,6.25,3.27
21039S,2002,7.3500000000000005,2.7600000000000002
21308S,2002,4.73,2.47
21334S,2002,7.2,2.45
21340S,2002,4.7700000000000005,2.6
21386S,2002,7.7,3.04
19219S,2002,1.22,1.61
20112S,2002,3.09,1.75
20144S,2002,7.22,2.7
20145S,2002,6.19,2.79
20287S,2002,6.76,2.54
20297S,2002,5.47,2.66
20299D,2002,6.7,2.74
20309S,2002,4.19,2.71
20348S,2002,4.36,3.0500000000000003
20351A,2002,6.74,2.96
20351B,2002,6.44,2.99
20353S,2002,5.08,3.1
20354S,2002,5.08,3.1
21025S,2002,4.32,3.06
21060S,2002,5.8100000000000005,3.0
21062S,2002,5.09,3.09
21064S,2002,5.33,3.0300000000000002
21074S,2002,5.15,3.0
21104S,2002,4.23,3.11
21137S,2002,5.0,3.22
21139S,2002,4.18,3.09
21140S,2002,6.19,3.12
21187S,2002,3.7,3.19
21591S,2002,6.94,2.91
20113S,2002,0.67,1.58
21179S,2002,3.0,3.14
21186S,2002,2.71,3.2
21217S,2002,5.0,2.98
21219S,2002,3.98,2.84
21235S,2002,2.7800000000000002,3.02
21241S,2002,2.67,2.59
21245S,2002,2.79,2.46
21278S,2002,5.34,2.99
21286S,2002,5.03,2.98
21450S,2002,3.33,2.7800000000000002
21467S,2002,3.36,2.17
21497S,2002,2.0100000000000002,2.62
21501S,2002,2.5500000000000003,2.54
21511S,2002,2.87,2.5300000000000002
21529S,2002,3.12,2.17
21550S,2002,4.3100000000000005,2.31
21556S,2002,4.2,2.13
21557S1,2002,4.2,2.13
21572S,2002,4.63,2.24
21577S,2002,4.83,2.11
21584S,2002,4.8100000000000005,2.0
21588S,2002,4.8100000000000005,2.0
22084S,2002,4.2,2.13
22088S,2002,3.36,2.42
22102S,2002,4.47,2.0300000000000002
22104S,2002,4.43,2.05
22112S,2002,4.26,2.08
22118S,2002,4.32,2.11
22144S,2002,4.3,2.11
21296S,2002,4.37,2.63
21302S,2002,3.3200000000000003,2.47
21305S,2002,3.14,2.46
21558S,2002,2.69,2.46
21562S,2002,3.86,2.43
21583S,2002,4.74,2.0
18053S,2002,2.09,1.5
18065S,2002,2.2800000000000002,1.59
18025S,2002,2.07,1.8
18026S,2002,2.36,1.83
18029S,2002,3.13,1.84
18030S,2002,2.21,1.84
18031S,2002,2.11,1.83
18032S,2002,2.6,2.0
18042S,2002,2.0100000000000002,1.74
18043S,2002,2.11,1.83
18073S,2002,1.86,1.78
18074S,2002,3.02,1.59
18075S,2002,1.8800000000000001,1.87
18076S,2002,3.22,1.73
18077S,2002,3.08,1.6600000000000001
18078S,2002,1.29,1.78
18079S,2002,2.0300000000000002,1.72
18088S,2002,2.92,1.67
18091S,2002,1.76,1.51
18095S,2002,3.04,1.6
18096S,2002,2.74,1.54
18099S,2002,1.71,1.6600000000000001
18106S,2002,3.2,1.6400000000000001
18023S,2002,2.81,1.78
18034S,2002,3.8200000000000003,1.6600000000000001
18037S,2002,2.09,1.6500000000000001
18039S,2002,2.58,1.58
18041S,2002,3.13,1.68
18046S,2002,2.24,1.55
18081S,2002,2.67,1.51
18083S,2002,2.88,1.59
18086S,2002,1.61,1.42
20014S,2002,2.25,1.8
20019S,2002,2.25,1.8
20067A,2002,1.24,1.6
19120S,2002,1.72,1.6400000000000001
19131S,2002,2.66,1.74
19135S,2002,3.23,1.87
19137S,2002,4.8500000000000005,2.06
19138S,2002,2.86,1.72
19147S,2002,0.9400000000000001,1.34
19177S,2002,1.3900000000000001,1.3900000000000001
19195S,2002,2.31,1.44
20104S,2002,3.69,1.83
19159S,2002,1.86,1.45
19207S,2002,1.87,1.52
19209S,2002,1.56,1.56
16028S,2003,0.0,1.42
16049S,2003,0.0,1.23
16054S,2003,0.0,1.19
15093S,2003,0.0,1.08
15095S,2003,0.0,1.02
15098S,2003,0.0,1.0
16013A,2003,0.0,0.96
16013B,2003,0.14,1.02
16013C,2003,0.14,1.02
16015S,2003,0.0,1.03
16017S,2003,0.0,1.0
16020A,2003,0.0,1.04
16023S,2003,0.0,1.08
16024S,2003,0.15,1.09
16026S2,2003,0.0,1.24
16032S,2003,0.0,1.32
16040S,2003,0.0,1.45
16043A,2003,0.0,1.37
16044B,2003,0.0,1.32
16046S,2003,0.0,1.32
16057S,2003,0.0,1.29
16060S,2003,0.0,1.3
16064S,2003,0.0,1.25
16068S,2003,0.0,1.21
15088S,2003,0.0,1.03
15090S,2003,0.14,1.05
15092S,2003,0.0,1.05
15094S1,2003,0.0,1.05
15096S,2003,0.14,1.06
15099A,2003,0.0,1.03
15099C,2003,0.45,1.07
16019S,2003,0.15,1.04
16025S2,2003,0.3,1.12
16030S,2003,0.15,1.24
16058S,2003,0.44,1.27
16063S,2003,0.6,1.31
16065S,2003,0.44,1.24
23045A,2003,0.0,1.18
23048S,2003,0.0,1.16
23051S,2003,0.0,1.17
23055S,2003,0.0,1.1300000000000001
23068S,2003,0.0,1.11
23069S,2003,0.0,1.17
23077S,2003,0.0,1.1500000000000001
23079S,2003,0.0,1.1300000000000001
23080S,2003,0.0,1.1
23081S,2003,0.0,1.09
23082S,2003,0.0,1.08
11167S,2003,2.73,1.83
12010S,2003,2.19,2.0
12102S,2003,0.78,1.3
11016S,2003,3.21,1.99
11029S,2003,3.17,1.96
11049S,2003,3.06,1.96
11162S,2003,2.98,1.9000000000000001
11184C1,2003,2.58,1.83
11184C2,2003,2.58,1.83
11211S,2003,3.0300000000000002,1.85
11222S2,2003,2.84,1.8
11222S3,2003,2.84,1.8
11237A,2003,2.77,1.79
11237B,2003,2.5500000000000003,1.71
11237C,2003,2.54,1.72
12016B,2003,1.92,1.83
12027B,2003,1.18,1.46
11243S,2003,2.2600000000000002,1.61
12056S,2003,2.5100000000000002,1.59
12061S,2003,1.61,1.31
12071S,2003,1.59,1.26
12098S,2003,1.56,1.24
12107S,2003,1.92,1.3
14094S,2003,1.8900000000000001,1.4000000000000001
14097S,2003,1.8900000000000001,1.4000000000000001
14120B,2003,1.74,1.3800000000000001
14123S,2003,1.43,1.24
14126S,2003,1.48,1.28
15002S,2003,1.06,1.18
15005S,2003,0.45,1.1300000000000001
15012S,2003,0.14,1.1
15013S,2003,0.0,1.1400000000000001
14054S,2003,1.93,1.51
14056S,2003,1.8800000000000001,1.43
14061S,2003,1.82,1.54
14064S,2003,1.92,1.48
14109S,2003,1.28,1.33
14114S,2003,1.1,1.23
14115S,2003,1.3,1.19
14116S,2003,0.93,1.22
14118S,2003,1.4000000000000001,1.19
14133S,2003,1.11,1.22
14134S,2003,1.1300000000000001,1.25
14135S,2003,1.1,1.24
14143S,2003,1.26,1.26
14147A,2003,1.28,1.25
15009S,2003,0.3,1.08
15018S,2003,0.45,1.07
15019S,2003,0.45,1.1
15022S,2003,0.45,1.1
15024S,2003,0.3,1.09
15027S,2003,0.3,1.11
15028S2,2003,0.3,1.12
15030S,2003,0.3,1.09
15047S,2003,0.15,1.07
15054S,2003,0.0,1.19
15077S,2003,0.0,1.1
15081S,2003,0.0,1.16
15084S,2003,0.0,1.08
15089S,2003,0.0,1.11
14075S,2003,1.95,1.34
14085S,2003,1.75,1.3
14137S,2003,1.77,1.3
14138S,2003,1.93,1.31
14139S,2003,1.93,1.31
14152S,2003,1.31,1.31
14154S,2003,1.32,1.33
15023S,2003,0.47000000000000003,1.16
15025S,2003,0.47000000000000003,1.16
15032S,2003,0.92,1.24
15034S,2003,0.63,1.24
15037S,2003,0.63,1.24
15050S,2003,0.49,1.28
15080S,2003,0.17,1.18
15085S,2003,0.17,1.18
19103S,2003,0.0,1.32
18118S,2003,0.0,1.11
19019S,2003,0.0,1.16
19028S,2003,0.0,1.05
19044S,2003,0.0,1.0
19045S,2003,0.0,1.16
19046S,2003,0.0,0.99
19047S,2003,0.0,0.99
19063A,2003,0.0,1.1
19063B,2003,0.0,1.07
19076S,2003,0.0,1.0
19082S,2003,0.0,1.06
19098S,2003,0.0,1.02
18112S,2003,0.0,1.19
18120S,2003,0.0,1.17
19061S,2003,0.0,1.12
17012A,2003,0.32,1.3800000000000001
17043A,2003,0.31,1.55
17043C,2003,0.31,1.55
16067S,2003,0.14,1.24
16071S,2003,0.0,1.1400000000000001
17004S,2003,0.0,1.18
17010S,2003,0.14,1.1500000000000001
17011S,2003,0.14,1.17
17016S,2003,0.15,1.2
17024S,2003,0.47000000000000003,1.29
17034S,2003,0.47000000000000003,1.3
17044S,2003,0.3,1.32
17051S,2003,0.0,1.23
17063A,2003,0.0,1.1400000000000001
17064S,2003,0.0,1.11
17008S,2003,0.15,1.23
17014S,2003,0.15,1.22
17032S,2003,0.58,1.24
17057S,2003,0.16,1.25
17059A,2003,0.15,1.19
17068S,2003,0.16,1.25
13006S,2003,1.76,1.72
13081S,2003,0.6900000000000001,1.56
13107S,2003,0.17,1.35
14017S,2003,0.15,1.23
13041S,2003,1.27,1.77
13060S,2003,1.07,1.6300000000000001
13063S,2003,1.23,1.57
13072S,2003,1.07,1.67
13076S,2003,1.21,1.6400000000000001
13087S,2003,0.51,1.46
13093A,2003,1.28,1.54
13108S,2003,0.17,1.32
13124S,2003,0.47000000000000003,1.31
14003S,2003,0.15,1.18
14016S,2003,0.15,1.1400000000000001
13040S,2003,1.6,1.5
13056S,2003,1.98,1.55
13118A,2003,2.35,1.57
13121S,2003,2.14,1.42
13127S,2003,1.57,1.26
13130S,2003,1.8,1.34
13133S,2003,2.15,1.42
14045S,2003,2.0100000000000002,1.6
21031S,2003,0.0,1.49
21039S,2003,0.0,1.54
21308S,2003,0.0,1.58
21334S,2003,0.0,1.51
21340S,2003,0.0,1.55
21386S,2003,0.0,1.29
19219S,2003,0.0,1.03
20112S,2003,0.0,0.88
20144S,2003,0.0,0.97
20145S,2003,0.0,0.9400000000000001
20287S,2003,0.0,1.11
20297S,2003,0.0,0.88
20299D,2003,0.0,0.9400000000000001
20309S,2003,0.0,1.16
20348S,2003,0.0,0.9400000000000001
20351A,2003,0.0,0.96
20351B,2003,0.0,0.97
20353S,2003,0.0,0.93
20354S,2003,0.0,0.93
21025S,2003,0.0,1.1300000000000001
21060S,2003,0.0,0.93
21062S,2003,0.0,0.97
21064S,2003,0.0,0.97
21074S,2003,0.0,1.06
21104S,2003,0.0,0.97
21137S,2003,0.0,1.05
21139S,2003,0.0,1.11
21140S,2003,0.0,1.19
21187S,2003,0.0,1.06
21591S,2003,0.0,1.09
20113S,2003,0.0,0.99
21179S,2003,0.0,1.05
21186S,2003,0.0,1.07
21217S,2003,0.0,1.04
21219S,2003,0.0,1.0
21235S,2003,0.0,1.07
21241S,2003,0.0,1.07
21245S,2003,0.0,1.09
21278S,2003,0.0,1.03
21286S,2003,0.0,1.02
21450S,2003,0.0,1.09
21467S,2003,0.0,0.92
21497S,2003,0.0,1.1
21501S,2003,0.0,1.08
21511S,2003,0.0,1.05
21529S,2003,0.0,1.05
21550S,2003,0.0,1.01
21556S,2003,0.0,0.97
21557S1,2003,0.0,0.97
21572S,2003,0.0,0.92
21577S,2003,0.0,0.96
21584S,2003,0.0,0.98
21588S,2003,0.0,0.98
22084S,2003,0.0,0.97
22088S,2003,0.0,0.9500000000000001
22102S,2003,0.0,1.01
22104S,2003,0.0,0.96
22112S,2003,0.0,0.97
22118S,2003,0.0,1.0
22144S,2003,0.0,1.1400000000000001
21296S,2003,0.0,1.07
21302S,2003,0.0,1.12
21305S,2003,0.0,1.1
21558S,2003,0.0,1.07
21562S,2003,0.0,1.02
21583S,2003,0.0,1.02
18053S,2003,0.14,1.97
18065S,2003,0.14,2.11
18025S,2003,0.17,1.32
18026S,2003,0.0,1.24
18029S,2003,0.0,1.3
18030S,2003,0.15,1.21
18031S,2003,0.14,1.26
18032S,2003,0.0,1.28
18042S,2003,0.16,1.28
18043S,2003,0.14,1.26
18073S,2003,0.0,1.25
18074S,2003,0.15,1.1500000000000001
18075S,2003,0.0,1.35
18076S,2003,0.0,1.1500000000000001
18077S,2003,0.0,1.12
18078S,2003,0.0,1.3
18079S,2003,0.0,1.19
18088S,2003,0.0,1.1400000000000001
18091S,2003,0.0,1.1500000000000001
18095S,2003,0.0,1.25
18096S,2003,0.0,1.19
18099S,2003,0.0,1.12
18106S,2003,0.0,1.26
18023S,2003,0.34,1.44
18034S,2003,0.29,1.19
18037S,2003,0.17,1.35
18039S,2003,0.16,1.21
18041S,2003,0.16,1.27
18046S,2003,0.16,1.21
18081S,2003,0.15,1.17
18083S,2003,0.0,1.11
18086S,2003,0.14,1.1300000000000001
20014S,2003,0.0,1.19
20019S,2003,0.0,1.19
20067A,2003,0.0,1.2
19120S,2003,0.0,0.97
19131S,2003,0.0,1.01
19135S,2003,0.0,0.96
19137S,2003,0.0,0.96
19138S,2003,0.0,1.03
19147S,2003,0.0,1.01
19177S,2003,0.0,0.93
19195S,2003,0.0,0.9400000000000001
20104S,2003,0.0,0.97
19159S,2003,0.15,1.17
19207S,2003,0.0,1.12
19209S,2003,0.0,1.1
16028S,2004,0.7000000000000001,1.71
16049S,2004,1.03,1.6
16054S,2004,0.99,1.51
15093S,2004,0.84,1.6500000000000001
15095S,2004,1.1400000000000001,1.62
15098S,2004,1.1400000000000001,1.6300000000000001
16013A,2004,1.6400000000000001,1.6300000000000001
16013B,2004,1.85,1.6
16013C,2004,1.85,1.6
16015S,2004,0.84,1.6600000000000001
16017S,2004,1.32,1.6500000000000001
16020A,2004,1.02,1.69
16023S,2004,1.18,1.76
16024S,2004,1.6600000000000001,1.61
16026S2,2004,1.19,1.6300000000000001
16032S,2004,1.6600000000000001,1.54
16040S,2004,1.01,1.6300000000000001
16043A,2004,0.87,1.56
16044B,2004,1.3800000000000001,1.7
16046S,2004,0.86,1.58
16057S,2004,1.69,1.59
16060S,2004,1.3900000000000001,1.62
16064S,2004,1.42,1.7
16068S,2004,1.82,1.54
15088S,2004,1.77,1.77
15090S,2004,2.11,1.84
15092S,2004,2.08,1.81
15094S1,2004,1.81,1.6300000000000001
15096S,2004,2.02,1.7
15099A,2004,1.86,1.6400000000000001
15099C,2004,2.22,1.7
16019S,2004,1.69,1.61
16025S2,2004,1.69,1.54
16030S,2004,2.19,1.49
16058S,2004,2.2600000000000002,1.6
16063S,2004,2.2800000000000002,1.56
16065S,2004,2.2600000000000002,1.57
23045A,2004,3.71,2.23
23048S,2004,2.46,2.07
23051S,2004,2.36,2.0100000000000002
23055S,2004,3.2,1.95
23068S,2004,3.61,2.29
23069S,2004,3.95,2.2800000000000002
23077S,2004,3.84,2.0
23079S,2004,3.8200000000000003,1.93
23080S,2004,3.77,1.92
23081S,2004,3.81,1.9100000000000001
23082S,2004,3.36,1.9000000000000001
11167S,2004,1.43,1.78
12010S,2004,0.59,1.71
12102S,2004,0.63,1.34
11016S,2004,0.29,1.33
11029S,2004,0.59,1.33
11049S,2004,0.71,1.56
11162S,2004,1.73,1.84
11184C1,2004,1.3,2.0
11184C2,2004,1.3,2.0
11211S,2004,1.42,1.44
11222S2,2004,2.23,1.78
11222S3,2004,2.23,1.78
11237A,2004,1.7,1.92
11237B,2004,2.12,1.6600000000000001
11237C,2004,1.81,1.8
12016B,2004,0.43,1.75
12027B,2004,0.4,1.55
11243S,2004,2.17,1.51
12056S,2004,3.17,1.55
12061S,2004,1.58,1.4000000000000001
12071S,2004,2.15,1.5
12098S,2004,2.5,1.52
12107S,2004,2.77,1.62
14094S,2004,1.6400000000000001,2.35
14097S,2004,1.6400000000000001,2.35
14120B,2004,3.4,2.61
14123S,2004,2.62,2.54
14126S,2004,3.08,2.52
15002S,2004,1.45,1.77
15005S,2004,1.08,1.71
15012S,2004,0.88,1.59
15013S,2004,0.87,1.59
14054S,2004,1.24,1.94
14056S,2004,1.46,2.13
14061S,2004,1.62,1.87
14064S,2004,1.23,2.07
14109S,2004,1.52,2.09
14114S,2004,2.5,2.81
14115S,2004,2.7600000000000002,2.7
14116S,2004,2.5,2.8000000000000003
14118S,2004,2.35,2.71
14133S,2004,1.92,1.94
14134S,2004,2.16,2.17
14135S,2004,2.0300000000000002,1.95
14143S,2004,2.38,2.74
14147A,2004,2.25,2.34
15009S,2004,1.41,1.73
15018S,2004,1.42,1.71
15019S,2004,1.6,1.71
15022S,2004,1.6400000000000001,1.75
15024S,2004,1.45,1.73
15027S,2004,1.6500000000000001,1.76
15028S2,2004,1.48,1.8
15030S,2004,1.42,1.77
15047S,2004,1.82,1.79
15054S,2004,0.79,1.49
15077S,2004,1.41,1.6400000000000001
15081S,2004,0.89,1.61
15084S,2004,1.62,1.74
15089S,2004,0.87,1.6500000000000001
14075S,2004,2.07,1.92
14085S,2004,2.43,2.2
14137S,2004,2.59,2.57
14138S,2004,2.54,2.77
14139S,2004,2.54,2.77
14152S,2004,2.15,1.93
14154S,2004,2.1,1.8800000000000001
15023S,2004,1.68,1.75
15025S,2004,1.68,1.75
15032S,2004,2.25,1.77
15034S,2004,2.4,1.83
15037S,2004,2.4,1.83
15050S,2004,3.19,1.9100000000000001
15080S,2004,2.95,1.93
15085S,2004,2.95,1.93
19103S,2004,3.09,1.9100000000000001
18118S,2004,2.39,1.86
19019S,2004,2.19,1.6
19028S,2004,1.72,1.59
19044S,2004,1.44,1.5
19045S,2004,1.45,1.45
19046S,2004,1.29,1.49
19047S,2004,1.53,1.4000000000000001
19063A,2004,1.93,1.6500000000000001
19063B,2004,1.67,1.55
19076S,2004,1.58,1.62
19082S,2004,2.85,1.71
19098S,2004,1.6,1.52
18112S,2004,2.7800000000000002,2.12
18120S,2004,3.38,1.8900000000000001
19061S,2004,2.91,1.77
17012A,2004,0.9400000000000001,1.4000000000000001
17043A,2004,0.92,1.41
17043C,2004,0.92,1.41
16067S,2004,2.07,1.53
16071S,2004,1.6500000000000001,1.47
17004S,2004,1.09,1.5
17010S,2004,1.56,1.52
17011S,2004,1.77,1.48
17016S,2004,1.78,1.55
17024S,2004,1.76,1.47
17034S,2004,1.78,1.49
17044S,2004,1.95,1.55
17051S,2004,1.76,1.47
17063A,2004,1.81,1.52
17064S,2004,1.96,1.5
17008S,2004,2.19,1.74
17014S,2004,1.97,1.67
17032S,2004,1.84,1.6400000000000001
17057S,2004,1.8800000000000001,1.6
17059A,2004,2.02,1.56
17068S,2004,2.56,1.55
13006S,2004,0.34,1.25
13081S,2004,0.3,1.34
13107S,2004,0.14,1.3800000000000001
14017S,2004,0.8,1.61
13041S,2004,0.34,1.24
13060S,2004,0.31,1.18
13063S,2004,0.29,1.1400000000000001
13072S,2004,0.33,1.29
13076S,2004,0.15,1.3
13087S,2004,0.14,1.31
13093A,2004,0.29,1.24
13108S,2004,0.15,1.37
13124S,2004,0.16,1.34
14003S,2004,0.16,1.5
14016S,2004,0.49,1.51
13040S,2004,0.6,1.22
13056S,2004,0.75,1.25
13118A,2004,1.86,1.36
13121S,2004,1.98,1.35
13127S,2004,1.8800000000000001,1.58
13130S,2004,1.45,1.62
13133S,2004,1.31,1.6300000000000001
14045S,2004,2.06,1.83
21031S,2004,2.52,1.8800000000000001
21039S,2004,2.73,2.05
21308S,2004,3.86,1.9000000000000001
21334S,2004,3.68,2.17
21340S,2004,3.7800000000000002,1.94
21386S,2004,5.2700000000000005,2.13
19219S,2004,1.0,1.47
20112S,2004,2.13,1.73
20144S,2004,4.4,2.0300000000000002
20145S,2004,4.04,1.87
20287S,2004,4.16,2.02
20297S,2004,3.17,1.79
20299D,2004,3.08,1.67
20309S,2004,2.59,1.71
20348S,2004,2.49,1.58
20351A,2004,4.32,2.0100000000000002
20351B,2004,4.3500000000000005,2.07
20353S,2004,3.0,1.6600000000000001
20354S,2004,3.0,1.6600000000000001
21025S,2004,2.06,1.51
21060S,2004,4.14,2.06
21062S,2004,3.46,1.71
21064S,2004,3.67,1.9100000000000001
21074S,2004,3.42,1.72
21104S,2004,2.29,1.54
21137S,2004,3.17,1.57
21139S,2004,3.2800000000000002,1.68
21140S,2004,3.72,1.6500000000000001
21187S,2004,1.83,1.45
21591S,2004,4.26,2.12
20113S,2004,0.8200000000000001,1.43
21179S,2004,1.34,1.55
21186S,2004,1.31,1.48
21217S,2004,4.55,1.87
21219S,2004,3.8000000000000003,1.9100000000000001
21235S,2004,3.2,2.05
21241S,2004,3.2600000000000002,1.74
21245S,2004,3.0,1.6300000000000001
21278S,2004,4.7700000000000005,1.86
21286S,2004,4.0600000000000005,1.79
21450S,2004,3.14,1.59
21467S,2004,3.12,1.62
21497S,2004,2.11,1.56
21501S,2004,2.13,1.57
21511S,2004,2.14,1.55
21529S,2004,2.92,1.56
21550S,2004,3.02,1.61
21556S,2004,3.2,1.67
21557S1,2004,3.2,1.67
21572S,2004,3.45,1.67
21577S,2004,3.34,1.69
21584S,2004,4.21,1.77
21588S,2004,4.21,1.77
22084S,2004,3.2,1.67
22088S,2004,2.96,1.57
22102S,2004,4.2700000000000005,1.79
22104S,2004,3.71,1.74
22112S,2004,3.58,1.73
22118S,2004,3.79,1.74
22144S,2004,3.3000000000000003,1.78
21296S,2004,2.83,1.57
21302S,2004,2.7600000000000002,1.53
21305S,2004,2.63,1.54
21558S,2004,2.5300000000000002,1.57
21562S,2004,3.56,1.62
21583S,2004,4.76,1.78
18053S,2004,0.8300000000000001,1.6400000000000001
18065S,2004,0.77,1.56
18025S,2004,2.02,1.41
18026S,2004,1.45,1.51
18029S,2004,1.57,1.57
18030S,2004,1.8800000000000001,1.37
18031S,2004,1.8900000000000001,1.42
18032S,2004,1.6400000000000001,1.43
18042S,2004,2.11,1.47
18043S,2004,1.8900000000000001,1.42
18073S,2004,1.73,1.48
18074S,2004,2.92,1.61
18075S,2004,1.31,1.32
18076S,2004,2.08,1.51
18077S,2004,2.65,1.56
18078S,2004,0.9500000000000001,1.3900000000000001
18079S,2004,1.48,1.5
18088S,2004,2.42,1.52
18091S,2004,2.34,1.67
18095S,2004,1.9000000000000001,1.49
18096S,2004,2.27,1.58
18099S,2004,1.98,1.85
18106S,2004,2.05,1.6400000000000001
18023S,2004,2.83,1.58
18034S,2004,4.03,1.9000000000000001
18037S,2004,2.75,1.74
18039S,2004,3.52,1.78
18041S,2004,3.16,1.79
18046S,2004,3.5500000000000003,1.79
18081S,2004,2.94,1.6400000000000001
18083S,2004,2.73,1.61
18086S,2004,2.59,1.76
20014S,2004,3.31,2.0100000000000002
20019S,2004,3.31,2.0100000000000002
20067A,2004,3.16,1.94
19120S,2004,1.83,1.6600000000000001
19131S,2004,2.08,1.68
19135S,2004,2.08,1.77
19137S,2004,2.96,1.85
19138S,2004,2.41,1.71
19147S,2004,1.79,1.62
19177S,2004,1.02,1.46
19195S,2004,1.62,1.45
20104S,2004,2.54,1.71
19159S,2004,3.6,1.75
19207S,2004,3.09,1.72
19209S,2004,2.94,1.6500000000000001
16028S,2005,0.64,1.3
16049S,2005,0.5,1.51
16054S,2005,0.52,1.52
15093S,2005,0.16,1.27
15095S,2005,0.15,1.1500000000000001
15098S,2005,0.15,1.19
16013A,2005,0.15,1.19
16013B,2005,0.15,1.18
16013C,2005,0.15,1.18
16015S,2005,0.16,1.21
16017S,2005,0.16,1.22
16020A,2005,0.31,1.25
16023S,2005,0.47000000000000003,1.26
16024S,2005,0.47000000000000003,1.26
16026S2,2005,0.51,1.3800000000000001
16032S,2005,0.96,1.53
16040S,2005,0.79,1.4000000000000001
16043A,2005,0.65,1.45
16044B,2005,0.66,1.48
16046S,2005,0.64,1.45
16057S,2005,0.81,1.48
16060S,2005,0.66,1.48
16064S,2005,0.66,1.59
16068S,2005,0.66,1.46
15088S,2005,0.14,1.1300000000000001
15090S,2005,0.0,1.09
15092S,2005,0.0,1.08
15094S1,2005,0.0,1.1
15096S,2005,0.14,1.12
15099A,2005,0.15,1.1500000000000001
15099C,2005,0.15,1.1500000000000001
16019S,2005,0.15,1.17
16025S2,2005,0.46,1.24
16030S,2005,0.98,1.52
16058S,2005,0.9500000000000001,1.35
16063S,2005,0.65,1.24
16065S,2005,0.92,1.22
23045A,2005,0.0,0.89
23048S,2005,0.0,0.97
23051S,2005,0.0,1.02
23055S,2005,0.0,1.1
23068S,2005,0.0,1.07
23069S,2005,0.0,1.04
23077S,2005,0.0,1.02
23079S,2005,0.0,1.0
23080S,2005,0.0,1.01
23081S,2005,0.0,0.97
23082S,2005,0.0,0.92
11167S,2005,0.64,1.6500000000000001
12010S,2005,0.0,1.26
12102S,2005,0.0,1.1
11016S,2005,0.29,1.44
11029S,2005,0.44,1.45
11049S,2005,0.77,1.6
11162S,2005,0.68,1.74
11184C1,2005,0.0,1.36
11184C2,2005,0.0,1.36
11211S,2005,0.0,1.3
11222S2,2005,0.0,1.1
11222S3,2005,0.0,1.1
11237A,2005,0.0,0.99
11237B,2005,0.0,0.81
11237C,2005,0.0,0.86
12016B,2005,0.0,1.02
12027B,2005,0.0,0.93
11243S,2005,0.0,0.85
12056S,2005,0.0,1.1500000000000001
12061S,2005,0.0,0.91
12071S,2005,0.0,1.0
12098S,2005,0.0,1.01
12107S,2005,0.15,1.16
14094S,2005,0.15,1.24
14097S,2005,0.15,1.24
14120B,2005,0.33,1.21
14123S,2005,0.17,1.2
14126S,2005,0.17,1.22
15002S,2005,0.16,1.19
15005S,2005,0.15,1.1300000000000001
15012S,2005,0.31,1.25
15013S,2005,0.31,1.25
14054S,2005,0.15,1.27
14056S,2005,0.0,1.25
14061S,2005,0.34,1.32
14064S,2005,0.15,1.23
14109S,2005,0.0,1.17
14114S,2005,0.0,1.09
14115S,2005,0.16,1.17
14116S,2005,0.0,1.09
14118S,2005,0.16,1.1300000000000001
14133S,2005,0.16,1.2
14134S,2005,0.17,1.2
14135S,2005,0.17,1.21
14143S,2005,0.0,1.03
14147A,2005,0.16,1.1300000000000001
15009S,2005,0.3,1.16
15018S,2005,0.16,1.16
15019S,2005,0.15,1.1500000000000001
15022S,2005,0.15,1.1300000000000001
15024S,2005,0.15,1.16
15027S,2005,0.15,1.1400000000000001
15028S2,2005,0.31,1.19
15030S,2005,0.31,1.19
15047S,2005,0.3,1.18
15054S,2005,0.15,1.22
15077S,2005,0.16,1.25
15081S,2005,0.32,1.33
15084S,2005,0.15,1.16
15089S,2005,0.17,1.35
14075S,2005,0.0,1.19
14085S,2005,0.0,1.16
14137S,2005,0.0,1.03
14138S,2005,0.0,1.0
14139S,2005,0.0,1.0
14152S,2005,0.15,1.12
14154S,2005,0.14,1.05
15023S,2005,0.15,1.09
15025S,2005,0.15,1.09
15032S,2005,0.0,1.05
15034S,2005,0.0,1.08
15037S,2005,0.0,1.08
15050S,2005,0.0,1.08
15080S,2005,0.0,1.09
15085S,2005,0.0,1.09
19103S,2005,1.73,1.82
18118S,2005,0.32,1.18
19019S,2005,0.84,1.42
19028S,2005,0.65,1.24
19044S,2005,0.61,1.22
19045S,2005,1.06,1.43
19046S,2005,0.66,1.31
19047S,2005,0.89,1.45
19063A,2005,0.45,1.18
19063B,2005,0.3,1.18
19076S,2005,0.0,1.1500000000000001
19082S,2005,0.0,1.12
19098S,2005,0.0,1.1
18112S,2005,0.47000000000000003,1.16
18120S,2005,1.21,1.54
19061S,2005,0.79,1.32
17012A,2005,0.84,1.62
17043A,2005,0.75,1.55
17043C,2005,0.75,1.55
16067S,2005,0.77,1.2
16071S,2005,0.64,1.3800000000000001
17004S,2005,0.53,1.58
17010S,2005,0.67,1.54
17011S,2005,0.66,1.45
17016S,2005,0.67,1.42
17024S,2005,1.21,1.6400000000000001
17034S,2005,1.22,1.6500000000000001
17044S,2005,0.97,1.73
17051S,2005,0.9500000000000001,1.6600000000000001
17063A,2005,0.91,1.57
17064S,2005,0.86,1.46
17008S,2005,0.63,1.34
17014S,2005,0.65,1.37
17032S,2005,0.97,1.3900000000000001
17057S,2005,0.8300000000000001,1.4000000000000001
17059A,2005,0.87,1.46
17068S,2005,0.51,1.45
13006S,2005,0.0,1.46
13081S,2005,0.15,1.25
13107S,2005,0.3,1.21
14017S,2005,0.0,1.12
13041S,2005,0.15,1.49
13060S,2005,0.47000000000000003,1.3900000000000001
13063S,2005,0.45,1.27
13072S,2005,0.47000000000000003,1.43
13076S,2005,0.32,1.32
13087S,2005,0.31,1.23
13093A,2005,0.15,1.11
13108S,2005,0.46,1.23
13124S,2005,0.0,1.1300000000000001
14003S,2005,0.31,1.27
14016S,2005,0.15,1.2
13040S,2005,0.0,1.02
13056S,2005,0.0,0.97
13118A,2005,0.0,0.96
13121S,2005,0.0,1.0
13127S,2005,0.0,1.02
13130S,2005,0.0,1.2
13133S,2005,0.0,1.26
14045S,2005,0.0,1.23
21031S,2005,0.14,1.24
21039S,2005,0.0,1.32
21308S,2005,0.54,1.46
21334S,2005,0.0,1.33
21340S,2005,0.5,1.46
21386S,2005,0.31,1.18
19219S,2005,0.0,0.99
20112S,2005,0.15,1.07
20144S,2005,0.16,1.16
20145S,2005,0.0,1.03
20287S,2005,0.79,1.48
20297S,2005,0.0,1.01
20299D,2005,0.0,0.9
20309S,2005,0.0,1.06
20348S,2005,0.0,0.98
20351A,2005,0.29,1.06
20351B,2005,0.29,1.07
20353S,2005,0.0,0.96
20354S,2005,0.0,0.96
21025S,2005,0.0,1.08
21060S,2005,0.0,1.03
21062S,2005,0.0,1.04
21064S,2005,0.0,0.98
21074S,2005,0.0,0.99
21104S,2005,0.0,0.96
21137S,2005,0.15,1.09
21139S,2005,0.14,1.05
21140S,2005,0.14,1.04
21187S,2005,0.0,0.98
21591S,2005,0.15,1.11
20113S,2005,0.0,1.0
21179S,2005,0.0,0.98
21186S,2005,0.0,0.96
21217S,2005,0.16,1.18
21219S,2005,0.15,1.12
21235S,2005,0.14,1.08
21241S,2005,0.0,1.04
21245S,2005,0.0,0.97
21278S,2005,0.31,1.1300000000000001
21286S,2005,0.0,1.03
21450S,2005,0.0,1.01
21467S,2005,0.0,1.17
21497S,2005,0.0,1.08
21501S,2005,0.0,1.07
21511S,2005,0.0,1.05
21529S,2005,0.0,1.1
21550S,2005,0.0,1.0
21556S,2005,0.0,0.9
21557S1,2005,0.0,0.9
21572S,2005,0.0,0.96
21577S,2005,0.0,0.93
21584S,2005,0.0,0.92
21588S,2005,0.0,0.92
22084S,2005,0.0,0.9
22088S,2005,0.0,1.17
22102S,2005,0.0,0.89
22104S,2005,0.0,0.86
22112S,2005,0.0,0.86
22118S,2005,0.0,0.85
22144S,2005,0.0,0.87
21296S,2005,0.0,1.02
21302S,2005,0.0,0.9400000000000001
21305S,2005,0.0,0.96
21558S,2005,0.0,1.04
21562S,2005,0.0,1.05
21583S,2005,0.0,1.03
18053S,2005,1.1300000000000001,1.48
18065S,2005,0.68,1.43
18025S,2005,0.55,1.59
18026S,2005,1.96,1.9000000000000001
18029S,2005,2.14,1.81
18030S,2005,1.34,1.59
18031S,2005,1.16,1.41
18032S,2005,1.57,1.6600000000000001
18042S,2005,0.98,1.34
18043S,2005,1.16,1.41
18073S,2005,1.1,1.34
18074S,2005,0.68,1.41
18075S,2005,1.05,1.51
18076S,2005,0.81,1.25
18077S,2005,0.97,1.3800000000000001
18078S,2005,1.25,1.6
18079S,2005,0.89,1.52
18088S,2005,0.86,1.45
18091S,2005,0.48,1.25
18095S,2005,0.8,1.6400000000000001
18096S,2005,0.72,1.45
18099S,2005,0.15,1.2
18106S,2005,1.1300000000000001,1.77
18023S,2005,0.5,1.42
18034S,2005,1.45,1.34
18037S,2005,0.99,1.49
18039S,2005,1.01,1.54
18041S,2005,1.16,1.54
18046S,2005,1.1500000000000001,1.56
18081S,2005,0.8300000000000001,1.42
18083S,2005,0.8200000000000001,1.3900000000000001
18086S,2005,0.65,1.29
20014S,2005,0.85,1.46
20019S,2005,0.85,1.46
20067A,2005,0.0,1.1500000000000001
19120S,2005,0.0,1.12
19131S,2005,0.0,1.06
19135S,2005,0.3,1.1300000000000001
19137S,2005,0.81,1.3900000000000001
19138S,2005,0.15,1.11
19147S,2005,0.0,1.02
19177S,2005,0.0,0.97
19195S,2005,0.0,0.99
20104S,2005,0.5,1.3800000000000001
19159S,2005,0.0,1.03
19207S,2005,0.15,1.1500000000000001
19209S,2005,0.15,1.16
16028S,2006,0.6,1.1500000000000001
16049S,2006,0.98,1.25
16054S,2006,1.52,1.44
15093S,2006,0.0,1.05
15095S,2006,0.0,1.1400000000000001
15098S,2006,0.0,1.09
16013A,2006,0.0,1.1300000000000001
16013B,2006,0.0,1.1500000000000001
16013C,2006,0.0,1.1500000000000001
16015S,2006,0.0,1.0
16017S,2006,0.0,1.06
16020A,2006,0.0,1.04
16023S,2006,0.14,1.05
16024S,2006,0.0,1.08
16026S2,2006,0.14,1.06
16032S,2006,0.0,1.07
16040S,2006,0.58,1.08
16043A,2006,0.75,1.1
16044B,2006,0.45,1.1
16046S,2006,0.78,1.16
16057S,2006,0.14,1.07
16060S,2006,0.44,1.09
16064S,2006,0.79,1.21
16068S,2006,0.77,1.18
15088S,2006,0.0,1.26
15090S,2006,0.0,1.28
15092S,2006,0.0,1.28
15094S1,2006,0.0,1.25
15096S,2006,0.0,1.24
15099A,2006,0.0,1.19
15099C,2006,0.14,1.1400000000000001
16019S,2006,0.0,1.1
16025S2,2006,0.0,1.09
16030S,2006,0.0,1.05
16058S,2006,0.29,1.06
16063S,2006,0.31,1.1400000000000001
16065S,2006,0.45,1.1300000000000001
23045A,2006,4.69,1.99
23048S,2006,3.74,1.85
23051S,2006,2.69,1.72
23055S,2006,2.04,1.62
23068S,2006,7.3500000000000005,1.95
23069S,2006,7.88,2.0300000000000002
23077S,2006,1.73,1.6
23079S,2006,1.71,1.53
23080S,2006,1.84,1.5
23081S,2006,1.83,1.43
23082S,2006,1.7,1.46
11167S,2006,0.0,1.22
12010S,2006,0.15,1.46
12102S,2006,0.0,1.27
11016S,2006,0.0,1.27
11029S,2006,0.15,1.36
11049S,2006,0.14,1.26
11162S,2006,0.0,1.29
11184C1,2006,0.0,1.23
11184C2,2006,0.0,1.23
11211S,2006,0.0,1.41
11222S2,2006,0.0,1.36
11222S3,2006,0.0,1.36
11237A,2006,0.0,1.25
11237B,2006,0.0,1.3
11237C,2006,0.0,1.25
12016B,2006,0.0,1.37
12027B,2006,0.0,1.23
11243S,2006,0.47000000000000003,1.21
12056S,2006,1.28,1.4000000000000001
12061S,2006,0.0,1.1300000000000001
12071S,2006,0.48,1.27
12098S,2006,0.9500000000000001,1.32
12107S,2006,1.67,1.46
14094S,2006,0.29,1.26
14097S,2006,0.29,1.26
14120B,2006,0.78,1.41
14123S,2006,0.29,1.37
14126S,2006,0.44,1.3900000000000001
15002S,2006,0.29,1.26
15005S,2006,0.29,1.22
15012S,2006,0.14,1.06
15013S,2006,0.14,1.07
14054S,2006,0.0,1.09
14056S,2006,0.15,1.05
14061S,2006,0.29,1.16
14064S,2006,0.14,1.1300000000000001
14109S,2006,0.74,1.18
14114S,2006,0.0,1.25
14115S,2006,0.45,1.36
14116S,2006,0.0,1.26
14118S,2006,0.29,1.37
14133S,2006,0.0,1.19
14134S,2006,0.0,1.27
14135S,2006,0.0,1.26
14143S,2006,0.0,1.23
14147A,2006,0.0,1.22
15009S,2006,0.0,1.2
15018S,2006,0.0,1.22
15019S,2006,0.0,1.18
15022S,2006,0.0,1.1500000000000001
15024S,2006,0.0,1.19
15027S,2006,0.0,1.1400000000000001
15028S2,2006,0.0,1.1500000000000001
15030S,2006,0.0,1.17
15047S,2006,0.0,1.1300000000000001
15054S,2006,0.29,1.1
15077S,2006,0.0,1.1400000000000001
15081S,2006,0.0,1.08
15084S,2006,0.0,1.2
15089S,2006,0.0,1.12
14075S,2006,0.9500000000000001,1.23
14085S,2006,0.77,1.2
14137S,2006,0.14,1.28
14138S,2006,0.14,1.33
14139S,2006,0.14,1.33
14152S,2006,0.0,1.27
14154S,2006,0.0,1.18
15023S,2006,0.0,1.09
15025S,2006,0.0,1.09
15032S,2006,0.15,1.11
15034S,2006,0.15,1.1400000000000001
15037S,2006,0.15,1.1400000000000001
15050S,2006,0.15,1.17
15080S,2006,0.14,1.23
15085S,2006,0.14,1.23
19103S,2006,0.0,1.16
18118S,2006,0.29,1.05
19019S,2006,0.0,0.92
19028S,2006,0.14,1.04
19044S,2006,0.0,1.04
19045S,2006,0.0,1.16
19046S,2006,0.0,1.05
19047S,2006,0.0,1.09
19063A,2006,0.0,1.28
19063B,2006,0.0,1.24
19076S,2006,0.0,1.3900000000000001
19082S,2006,0.16,1.41
19098S,2006,0.0,1.3
18112S,2006,0.63,1.17
18120S,2006,0.65,1.21
19061S,2006,0.15,1.32
17012A,2006,2.49,1.75
17043A,2006,2.39,1.5
17043C,2006,2.39,1.5
16067S,2006,0.45,1.11
16071S,2006,0.76,1.16
17004S,2006,1.02,1.43
17010S,2006,0.98,1.3900000000000001
17011S,2006,0.62,1.18
17016S,2006,0.45,1.16
17024S,2006,0.44,1.27
17034S,2006,0.44,1.3
17044S,2006,0.16,1.3800000000000001
17051S,2006,0.15,1.31
17063A,2006,0.29,1.31
17064S,2006,0.14,1.27
17008S,2006,0.61,1.21
17014S,2006,0.45,1.1500000000000001
17032S,2006,0.3,1.21
17057S,2006,0.31,1.26
17059A,2006,0.44,1.29
17068S,2006,0.49,1.27
13006S,2006,0.0,1.0
13081S,2006,0.0,1.08
13107S,2006,0.0,1.26
14017S,2006,0.0,1.31
13041S,2006,0.0,1.06
13060S,2006,0.0,1.01
13063S,2006,0.0,1.06
13072S,2006,0.0,0.96
13076S,2006,0.0,1.04
13087S,2006,0.0,1.1500000000000001
13093A,2006,0.0,1.16
13108S,2006,0.0,1.21
13124S,2006,0.0,1.12
14003S,2006,0.0,1.26
14016S,2006,0.0,1.24
13040S,2006,0.79,1.23
13056S,2006,0.62,1.2
13118A,2006,0.59,1.22
13121S,2006,0.92,1.1400000000000001
13127S,2006,0.29,1.16
13130S,2006,0.14,1.17
13133S,2006,0.44,1.19
14045S,2006,0.32,1.1500000000000001
21031S,2006,3.67,1.99
21039S,2006,5.68,2.02
21308S,2006,8.41,1.8800000000000001
21334S,2006,7.09,1.99
21340S,2006,7.8,1.93
21386S,2006,1.93,1.6500000000000001
19219S,2006,0.46,1.28
20112S,2006,0.59,1.36
20144S,2006,1.25,1.41
20145S,2006,1.09,1.42
20287S,2006,1.44,1.44
20297S,2006,0.8,1.33
20299D,2006,0.93,1.36
20309S,2006,0.61,1.36
20348S,2006,0.65,1.44
20351A,2006,1.54,1.59
20351B,2006,1.56,1.59
20353S,2006,0.64,1.42
20354S,2006,0.64,1.42
21025S,2006,0.44,1.29
21060S,2006,1.4000000000000001,1.59
21062S,2006,0.66,1.47
21064S,2006,0.88,1.57
21074S,2006,0.87,1.55
21104S,2006,0.5,1.3800000000000001
21137S,2006,0.9400000000000001,1.34
21139S,2006,1.11,1.31
21140S,2006,1.1500000000000001,1.4000000000000001
21187S,2006,1.07,1.35
21591S,2006,1.33,1.46
20113S,2006,0.29,1.22
21179S,2006,0.96,1.3800000000000001
21186S,2006,1.1,1.4000000000000001
21217S,2006,0.77,1.3900000000000001
21219S,2006,0.98,1.43
21235S,2006,0.99,1.41
21241S,2006,0.62,1.34
21245S,2006,0.3,1.3800000000000001
21278S,2006,0.6,1.37
21286S,2006,0.45,1.42
21450S,2006,1.12,1.4000000000000001
21467S,2006,1.17,1.53
21497S,2006,1.19,1.57
21501S,2006,1.22,1.57
21511S,2006,1.25,1.61
21529S,2006,1.41,1.6
21550S,2006,1.6,1.53
21556S,2006,1.62,1.51
21557S1,2006,1.62,1.51
21572S,2006,1.32,1.55
21577S,2006,1.47,1.51
21584S,2006,1.6400000000000001,1.54
21588S,2006,1.6400000000000001,1.54
22084S,2006,1.62,1.51
22088S,2006,1.51,1.52
22102S,2006,1.6600000000000001,1.59
22104S,2006,1.6500000000000001,1.55
22112S,2006,1.6600000000000001,1.57
22118S,2006,1.67,1.6
22144S,2006,1.45,1.44
21296S,2006,0.29,1.43
21302S,2006,0.62,1.4000000000000001
21305S,2006,0.8,1.4000000000000001
21558S,2006,1.16,1.48
21562S,2006,1.31,1.61
21583S,2006,1.77,1.53
18053S,2006,1.1300000000000001,1.26
18065S,2006,0.97,1.3800000000000001
18025S,2006,0.81,1.23
18026S,2006,0.75,1.11
18029S,2006,0.62,1.1400000000000001
18030S,2006,0.8200000000000001,1.25
18031S,2006,0.79,1.19
18032S,2006,0.8,1.22
18042S,2006,0.9400000000000001,1.18
18043S,2006,0.79,1.19
18073S,2006,0.15,1.06
18074S,2006,0.0,1.0
18075S,2006,0.29,1.05
18076S,2006,0.0,1.01
18077S,2006,0.0,1.0
18078S,2006,0.0,1.0
18079S,2006,0.0,0.96
18088S,2006,0.0,0.98
18091S,2006,0.0,1.02
18095S,2006,0.15,1.08
18096S,2006,0.14,1.02
18099S,2006,0.0,1.0
18106S,2006,0.0,1.05
18023S,2006,0.8,1.24
18034S,2006,0.9500000000000001,1.19
18037S,2006,1.09,1.17
18039S,2006,0.62,1.1300000000000001
18041S,2006,0.62,1.11
18046S,2006,0.63,1.1500000000000001
18081S,2006,0.14,1.02
18083S,2006,0.0,0.97
18086S,2006,0.0,0.98
20014S,2006,0.0,1.18
20019S,2006,0.0,1.18
20067A,2006,0.0,1.3
19120S,2006,0.15,1.29
19131S,2006,0.31,1.36
19135S,2006,0.15,1.3
19137S,2006,0.0,1.24
19138S,2006,0.48,1.42
19147S,2006,0.91,1.29
19177S,2006,0.45,1.24
19195S,2006,0.45,1.2
20104S,2006,0.8200000000000001,1.55
19159S,2006,1.01,1.45
19207S,2006,1.0,1.46
19209S,2006,0.8300000000000001,1.42
16028S,2007,0.45,1.18
16049S,2007,0.43,1.23
16054S,2007,0.62,1.18
15093S,2007,0.0,1.1
15095S,2007,0.0,1.07
15098S,2007,0.0,1.07
16013A,2007,0.0,1.02
16013B,2007,0.0,1.01
16013C,2007,0.0,1.01
16015S,2007,0.0,1.09
16017S,2007,0.0,1.03
16020A,2007,0.0,1.05
16023S,2007,0.0,1.06
16024S,2007,0.0,0.9400000000000001
16026S2,2007,0.0,0.96
16032S,2007,0.0,1.05
16040S,2007,0.0,1.19
16043A,2007,0.0,1.1400000000000001
16044B,2007,0.0,1.07
16046S,2007,0.0,1.16
16057S,2007,0.0,1.04
16060S,2007,0.0,1.04
16064S,2007,0.0,1.1300000000000001
16068S,2007,0.0,1.16
15088S,2007,0.0,1.31
15090S,2007,0.0,1.29
15092S,2007,0.0,1.21
15094S1,2007,0.0,1.12
15096S,2007,0.0,1.04
15099A,2007,0.0,1.02
15099C,2007,0.0,0.99
16019S,2007,0.0,0.97
16025S2,2007,0.0,0.9
16030S,2007,0.0,1.0
16058S,2007,0.0,0.99
16063S,2007,0.0,1.1
16065S,2007,0.0,1.11
23045A,2007,0.0,1.09
23048S,2007,0.0,1.08
23051S,2007,0.0,1.09
23055S,2007,0.0,1.17
23068S,2007,0.0,1.07
23069S,2007,0.0,1.06
23077S,2007,0.0,1.1
23079S,2007,0.0,0.98
23080S,2007,0.0,0.97
23081S,2007,0.0,1.02
23082S,2007,0.0,1.04
11167S,2007,0.0,1.23
12010S,2007,0.3,1.17
12102S,2007,0.3,1.11
11016S,2007,0.0,1.53
11029S,2007,0.0,1.52
11049S,2007,0.0,1.46
11162S,2007,0.0,1.43
11184C1,2007,0.16,1.25
11184C2,2007,0.16,1.25
11211S,2007,0.0,1.23
11222S2,2007,0.15,1.17
11222S3,2007,0.15,1.17
11237A,2007,0.31,1.23
11237B,2007,0.16,1.19
11237C,2007,0.31,1.25
12016B,2007,0.49,1.32
12027B,2007,0.48,1.25
11243S,2007,0.0,1.17
12056S,2007,0.0,1.09
12061S,2007,0.0,1.12
12071S,2007,0.0,1.07
12098S,2007,0.0,1.03
12107S,2007,0.0,1.0
14094S,2007,0.8200000000000001,1.4000000000000001
14097S,2007,0.8200000000000001,1.4000000000000001
14120B,2007,1.24,1.32
14123S,2007,1.1300000000000001,1.31
14126S,2007,1.27,1.32
15002S,2007,0.15,1.17
15005S,2007,0.0,1.11
15012S,2007,0.0,1.02
15013S,2007,0.0,1.03
14054S,2007,0.92,1.34
14056S,2007,1.1,1.34
14061S,2007,0.49,1.35
14064S,2007,0.65,1.3800000000000001
14109S,2007,1.1,1.3
14114S,2007,1.16,1.33
14115S,2007,1.1300000000000001,1.24
14116S,2007,1.1400000000000001,1.3
14118S,2007,1.1400000000000001,1.29
14133S,2007,1.04,1.25
14134S,2007,1.5,1.26
14135S,2007,1.03,1.24
14143S,2007,1.1300000000000001,1.3
14147A,2007,1.09,1.28
15009S,2007,0.0,1.07
15018S,2007,0.15,1.1400000000000001
15019S,2007,0.15,1.1300000000000001
15022S,2007,0.0,1.11
15024S,2007,0.0,1.1
15027S,2007,0.0,1.06
15028S2,2007,0.0,1.06
15030S,2007,0.0,1.05
15047S,2007,0.0,1.27
15054S,2007,0.0,1.03
15077S,2007,0.0,1.26
15081S,2007,0.0,1.1500000000000001
15084S,2007,0.0,1.31
15089S,2007,0.0,1.12
14075S,2007,1.16,1.35
14085S,2007,1.19,1.43
14137S,2007,1.1500000000000001,1.3900000000000001
14138S,2007,1.1300000000000001,1.34
14139S,2007,1.1300000000000001,1.34
14152S,2007,0.46,1.2
14154S,2007,0.46,1.2
15023S,2007,0.14,1.11
15025S,2007,0.14,1.11
15032S,2007,0.3,1.1500000000000001
15034S,2007,0.3,1.1500000000000001
15037S,2007,0.3,1.1500000000000001
15050S,2007,0.3,1.25
15080S,2007,0.15,1.35
15085S,2007,0.15,1.35
19103S,2007,0.0,1.09
18118S,2007,0.0,1.04
19019S,2007,0.0,1.24
19028S,2007,0.0,0.96
19044S,2007,0.0,0.89
19045S,2007,0.0,1.2
19046S,2007,0.0,0.92
19047S,2007,0.0,0.97
19063A,2007,0.0,0.93
19063B,2007,0.0,0.93
19076S,2007,0.0,0.86
19082S,2007,0.0,1.07
19098S,2007,0.0,0.88
18112S,2007,0.0,0.92
18120S,2007,0.0,0.85
19061S,2007,0.0,1.06
17012A,2007,0.44,1.1400000000000001
17043A,2007,0.0,0.9400000000000001
17043C,2007,0.0,0.9400000000000001
16067S,2007,0.0,1.1300000000000001
16071S,2007,0.0,1.1400000000000001
17004S,2007,0.0,1.1
17010S,2007,0.0,1.11
17011S,2007,0.0,1.11
17016S,2007,0.0,1.03
17024S,2007,0.0,1.07
17034S,2007,0.0,1.11
17044S,2007,0.0,1.25
17051S,2007,0.0,1.18
17063A,2007,0.0,1.07
17064S,2007,0.0,1.04
17008S,2007,0.0,1.02
17014S,2007,0.0,1.02
17032S,2007,0.0,0.91
17057S,2007,0.0,0.88
17059A,2007,0.0,0.9400000000000001
17068S,2007,0.0,0.98
13006S,2007,0.31,1.1500000000000001
13081S,2007,0.0,1.02
13107S,2007,0.0,1.0
14017S,2007,0.31,1.23
13041S,2007,0.0,1.02
13060S,2007,0.0,0.99
13063S,2007,0.0,1.0
13072S,2007,0.0,1.02
13076S,2007,0.0,0.9400000000000001
13087S,2007,0.0,0.97
13093A,2007,0.0,1.02
13108S,2007,0.14,1.06
13124S,2007,0.16,1.1300000000000001
14003S,2007,0.0,1.04
14016S,2007,0.16,1.18
13040S,2007,0.0,0.98
13056S,2007,0.0,1.0
13118A,2007,0.0,0.97
13121S,2007,0.32,1.19
13127S,2007,0.92,1.31
13130S,2007,0.77,1.29
13133S,2007,0.91,1.29
14045S,2007,1.28,1.34
21031S,2007,0.0,1.33
21039S,2007,0.0,1.35
21308S,2007,0.0,1.48
21334S,2007,0.0,1.31
21340S,2007,0.0,1.5
21386S,2007,0.0,1.12
19219S,2007,0.0,1.1400000000000001
20112S,2007,0.0,0.88
20144S,2007,0.0,0.9500000000000001
20145S,2007,0.0,1.11
20287S,2007,0.0,1.09
20297S,2007,0.0,1.2
20299D,2007,0.0,1.12
20309S,2007,0.0,1.08
20348S,2007,0.0,1.32
20351A,2007,0.0,1.11
20351B,2007,0.0,1.11
20353S,2007,0.0,1.34
20354S,2007,0.0,1.34
21025S,2007,0.0,1.1300000000000001
21060S,2007,0.0,1.1400000000000001
21062S,2007,0.0,1.33
21064S,2007,0.0,1.27
21074S,2007,0.0,1.31
21104S,2007,0.0,1.31
21137S,2007,0.0,1.16
21139S,2007,0.0,1.1
21140S,2007,0.0,1.1400000000000001
21187S,2007,0.0,1.1500000000000001
21591S,2007,0.0,1.1500000000000001
20113S,2007,0.0,1.12
21179S,2007,0.0,1.21
21186S,2007,0.0,1.19
21217S,2007,0.0,1.25
21219S,2007,0.0,1.16
21235S,2007,0.0,1.22
21241S,2007,0.0,1.19
21245S,2007,0.0,1.25
21278S,2007,0.0,1.28
21286S,2007,0.0,1.28
21450S,2007,0.0,1.11
21467S,2007,0.0,1.22
21497S,2007,0.0,1.32
21501S,2007,0.0,1.32
21511S,2007,0.0,1.32
21529S,2007,0.0,1.33
21550S,2007,0.0,1.32
21556S,2007,0.0,1.28
21557S1,2007,0.0,1.28
21572S,2007,0.0,1.29
21577S,2007,0.0,1.27
21584S,2007,0.0,1.19
21588S,2007,0.0,1.19
22084S,2007,0.0,1.28
22088S,2007,0.0,1.26
22102S,2007,0.0,1.1400000000000001
22104S,2007,0.0,1.2
22112S,2007,0.0,1.1500000000000001
22118S,2007,0.0,1.08
22144S,2007,0.0,0.84
21296S,2007,0.0,1.36
21302S,2007,0.0,1.35
21305S,2007,0.0,1.35
21558S,2007,0.0,1.33
21562S,2007,0.0,1.31
21583S,2007,0.0,1.19
18053S,2007,0.0,1.35
18065S,2007,0.0,1.31
18025S,2007,0.0,1.32
18026S,2007,0.0,1.35
18029S,2007,0.0,1.47
18030S,2007,0.0,1.44
18031S,2007,0.0,1.48
18032S,2007,0.0,1.5
18042S,2007,0.0,1.46
18043S,2007,0.0,1.48
18073S,2007,0.0,1.5
18074S,2007,0.0,1.16
18075S,2007,0.0,1.56
18076S,2007,0.0,1.4000000000000001
18077S,2007,0.0,1.26
18078S,2007,0.0,1.59
18079S,2007,0.0,1.52
18088S,2007,0.0,1.16
18091S,2007,0.0,1.05
18095S,2007,0.0,1.25
18096S,2007,0.0,1.1500000000000001
18099S,2007,0.0,1.12
18106S,2007,0.0,1.35
18023S,2007,0.0,1.24
18034S,2007,0.0,1.32
18037S,2007,0.0,1.45
18039S,2007,0.0,1.1500000000000001
18041S,2007,0.0,1.29
18046S,2007,0.0,1.08
18081S,2007,0.0,1.02
18083S,2007,0.0,1.03
18086S,2007,0.0,0.96
20014S,2007,0.0,0.8
20019S,2007,0.0,0.8
20067A,2007,0.0,0.9
19120S,2007,0.0,0.93
19131S,2007,0.0,1.08
19135S,2007,0.0,1.01
19137S,2007,0.0,0.91
19138S,2007,0.0,1.1
19147S,2007,0.0,0.9
19177S,2007,0.0,0.89
19195S,2007,0.0,1.01
20104S,2007,0.0,1.02
19159S,2007,0.0,0.96
19207S,2007,0.0,1.08
19209S,2007,0.0,1.11
16028S,2008,0.3,1.2
16049S,2008,0.15,1.12
16054S,2008,0.0,1.17
15093S,2008,0.0,0.93
15095S,2008,0.0,0.92
15098S,2008,0.0,0.9500000000000001
16013A,2008,0.0,0.97
16013B,2008,0.0,0.98
16013C,2008,0.0,0.98
16015S,2008,0.0,1.01
16017S,2008,0.0,0.99
16020A,2008,0.0,1.05
16023S,2008,0.14,1.1
16024S,2008,0.0,1.06
16026S2,2008,0.15,1.12
16032S,2008,0.45,1.18
16040S,2008,0.15,1.1300000000000001
16043A,2008,0.15,1.12
16044B,2008,0.3,1.1500000000000001
16046S,2008,0.15,1.12
16057S,2008,0.45,1.18
16060S,2008,0.45,1.16
16064S,2008,0.29,1.17
16068S,2008,0.14,1.27
15088S,2008,0.0,0.9
15090S,2008,0.0,0.9
15092S,2008,0.0,0.92
15094S1,2008,0.0,0.92
15096S,2008,0.0,0.96
15099A,2008,0.0,0.98
15099C,2008,0.0,1.0
16019S,2008,0.0,0.99
16025S2,2008,0.0,1.05
16030S,2008,0.46,1.2
16058S,2008,0.47000000000000003,1.18
16063S,2008,0.44,1.19
16065S,2008,0.44,1.22
23045A,2008,0.0,0.81
23048S,2008,0.0,0.79
23051S,2008,0.0,0.79
23055S,2008,0.0,0.75
23068S,2008,0.0,0.64
23069S,2008,0.0,0.64
23077S,2008,0.0,0.75
23079S,2008,0.0,0.8300000000000001
23080S,2008,0.0,0.81
23081S,2008,0.0,0.9400000000000001
23082S,2008,0.0,1.02
11167S,2008,0.61,1.32
12010S,2008,0.0,1.01
12102S,2008,0.0,0.79
11016S,2008,0.78,1.32
11029S,2008,0.78,1.29
11049S,2008,0.96,1.41
11162S,2008,0.64,1.3800000000000001
11184C1,2008,0.0,1.09
11184C2,2008,0.0,1.09
11211S,2008,0.3,1.1300000000000001
11222S2,2008,0.0,1.06
11222S3,2008,0.0,1.06
11237A,2008,0.0,1.04
11237B,2008,0.15,1.17
11237C,2008,0.0,1.1300000000000001
12016B,2008,0.0,0.87
12027B,2008,0.0,0.79
11243S,2008,1.45,1.62
12056S,2008,0.49,1.36
12061S,2008,0.0,1.05
12071S,2008,0.29,1.03
12098S,2008,0.16,0.99
12107S,2008,0.46,1.12
14094S,2008,0.46,1.16
14097S,2008,0.46,1.16
14120B,2008,0.48,1.2
14123S,2008,0.64,1.25
14126S,2008,0.63,1.24
15002S,2008,0.29,1.08
15005S,2008,0.0,1.01
15012S,2008,0.0,1.0
15013S,2008,0.0,0.98
14054S,2008,0.46,1.1400000000000001
14056S,2008,0.46,1.11
14061S,2008,0.49,1.24
14064S,2008,0.31,1.1500000000000001
14109S,2008,0.15,1.09
14114S,2008,0.85,1.37
14115S,2008,0.47000000000000003,1.19
14116S,2008,0.8200000000000001,1.33
14118S,2008,0.65,1.25
14133S,2008,0.48,1.2
14134S,2008,0.48,1.22
14135S,2008,0.46,1.18
14143S,2008,0.8200000000000001,1.32
14147A,2008,0.64,1.26
15009S,2008,0.14,1.05
15018S,2008,0.44,1.06
15019S,2008,0.45,1.1
15022S,2008,0.61,1.1300000000000001
15024S,2008,0.45,1.09
15027S,2008,0.6,1.1300000000000001
15028S2,2008,0.29,1.09
15030S,2008,0.14,1.05
15047S,2008,0.29,1.06
15054S,2008,0.0,1.02
15077S,2008,0.0,0.96
15081S,2008,0.0,0.89
15084S,2008,0.0,0.97
15089S,2008,0.0,0.86
14075S,2008,0.78,1.16
14085S,2008,1.01,1.36
14137S,2008,0.91,1.5
14138S,2008,0.75,1.48
14139S,2008,0.75,1.48
14152S,2008,0.68,1.3
14154S,2008,0.6900000000000001,1.3
15023S,2008,0.64,1.18
15025S,2008,0.64,1.18
15032S,2008,0.65,1.22
15034S,2008,0.49,1.21
15037S,2008,0.49,1.21
15050S,2008,0.31,1.1400000000000001
15080S,2008,0.0,1.0
15085S,2008,0.0,1.0
19103S,2008,0.0,1.2
18118S,2008,0.0,0.93
19019S,2008,0.0,0.9400000000000001
19028S,2008,0.0,0.86
19044S,2008,0.0,0.87
19045S,2008,0.0,0.9
19046S,2008,0.0,0.89
19047S,2008,0.0,0.88
19063A,2008,0.0,1.1300000000000001
19063B,2008,0.0,1.05
19076S,2008,0.0,1.06
19082S,2008,0.31,1.29
19098S,2008,0.0,1.1300000000000001
18112S,2008,0.0,0.9400000000000001
18120S,2008,0.0,1.0
19061S,2008,0.15,1.21
17012A,2008,0.16,1.29
17043A,2008,1.54,1.56
17043C,2008,1.54,1.56
16067S,2008,0.29,1.26
16071S,2008,0.0,1.28
17004S,2008,0.0,1.21
17010S,2008,0.15,1.21
17011S,2008,0.15,1.22
17016S,2008,0.15,1.23
17024S,2008,0.78,1.41
17034S,2008,1.09,1.45
17044S,2008,1.6300000000000001,1.5
17051S,2008,1.37,1.41
17063A,2008,1.06,1.42
17064S,2008,0.46,1.3800000000000001
17008S,2008,0.0,1.12
17014S,2008,0.0,1.18
17032S,2008,0.3,1.37
17057S,2008,0.45,1.42
17059A,2008,0.61,1.42
17068S,2008,0.0,1.11
13006S,2008,0.0,0.96
13081S,2008,0.0,0.89
13107S,2008,0.0,0.87
14017S,2008,0.0,0.92
13041S,2008,0.0,0.8
13060S,2008,0.0,0.92
13063S,2008,0.0,0.96
13072S,2008,0.0,0.93
13076S,2008,0.0,0.9500000000000001
13087S,2008,0.0,0.84
13093A,2008,0.0,0.97
13108S,2008,0.0,0.87
13124S,2008,0.0,0.97
14003S,2008,0.0,0.96
14016S,2008,0.0,0.91
13040S,2008,0.3,1.09
13056S,2008,0.75,1.1500000000000001
13118A,2008,0.8300000000000001,1.23
13121S,2008,0.86,1.29
13127S,2008,0.8200000000000001,1.25
13130S,2008,0.84,1.28
13133S,2008,0.86,1.31
14045S,2008,0.67,1.24
21031S,2008,0.0,0.73
21039S,2008,0.0,0.6900000000000001
21308S,2008,0.0,0.58
21334S,2008,0.0,0.64
21340S,2008,0.0,0.58
21386S,2008,0.0,0.92
19219S,2008,0.3,1.3
20112S,2008,0.0,0.9400000000000001
20144S,2008,0.0,1.0
20145S,2008,0.0,0.98
20287S,2008,0.14,1.03
20297S,2008,0.0,0.9500000000000001
20299D,2008,0.0,0.96
20309S,2008,0.0,1.02
20348S,2008,0.3,1.33
20351A,2008,0.0,0.98
20351B,2008,0.0,1.01
20353S,2008,0.0,1.21
20354S,2008,0.0,1.21
21025S,2008,0.0,1.06
21060S,2008,0.0,1.03
21062S,2008,0.0,1.16
21064S,2008,0.0,1.09
21074S,2008,0.0,1.06
21104S,2008,0.0,1.22
21137S,2008,0.49,1.22
21139S,2008,0.5,1.26
21140S,2008,0.31,1.11
21187S,2008,0.52,1.31
21591S,2008,0.0,1.0
20113S,2008,0.29,1.29
21179S,2008,0.85,1.42
21186S,2008,0.7000000000000001,1.37
21217S,2008,0.65,1.21
21219S,2008,0.67,1.29
21235S,2008,0.84,1.42
21241S,2008,0.53,1.28
21245S,2008,0.52,1.28
21278S,2008,0.64,1.19
21286S,2008,0.5,1.2
21450S,2008,0.51,1.33
21467S,2008,1.2,1.53
21497S,2008,0.73,1.47
21501S,2008,0.56,1.3900000000000001
21511S,2008,0.55,1.3800000000000001
21529S,2008,1.26,1.6
21550S,2008,0.56,1.42
21556S,2008,0.34,1.21
21557S1,2008,0.34,1.21
21572S,2008,0.34,1.21
21577S,2008,0.33,1.18
21584S,2008,0.31,1.1300000000000001
21588S,2008,0.31,1.1300000000000001
22084S,2008,0.34,1.21
22088S,2008,1.09,1.56
22102S,2008,0.31,1.12
22104S,2008,0.31,1.1
22112S,2008,0.3,1.08
22118S,2008,0.3,1.06
22144S,2008,0.0,1.0
21296S,2008,0.51,1.23
21302S,2008,0.53,1.29
21305S,2008,0.53,1.31
21558S,2008,0.54,1.34
21562S,2008,0.51,1.29
21583S,2008,0.32,1.17
18053S,2008,0.0,1.12
18065S,2008,0.0,0.85
18025S,2008,0.0,1.21
18026S,2008,0.0,1.23
18029S,2008,0.0,1.24
18030S,2008,0.0,1.27
18031S,2008,0.0,1.26
18032S,2008,0.0,1.24
18042S,2008,0.0,1.25
18043S,2008,0.0,1.26
18073S,2008,0.0,1.18
18074S,2008,0.0,1.01
18075S,2008,0.0,1.17
18076S,2008,0.0,1.05
18077S,2008,0.0,1.01
18078S,2008,0.0,1.07
18079S,2008,0.0,1.04
18088S,2008,0.0,1.01
18091S,2008,0.0,0.96
18095S,2008,0.0,0.99
18096S,2008,0.0,0.96
18099S,2008,0.0,0.96
18106S,2008,0.0,0.87
18023S,2008,0.0,1.08
18034S,2008,0.29,1.06
18037S,2008,0.0,1.1400000000000001
18039S,2008,0.0,1.05
18041S,2008,0.0,1.07
18046S,2008,0.0,1.07
18081S,2008,0.0,1.03
18083S,2008,0.0,1.02
18086S,2008,0.0,1.03
20014S,2008,0.0,0.96
20019S,2008,0.0,0.96
20067A,2008,0.0,1.11
19120S,2008,0.3,1.21
19131S,2008,0.0,0.9
19135S,2008,0.0,0.89
19137S,2008,0.0,0.9
19138S,2008,0.0,0.85
19147S,2008,0.33,1.26
19177S,2008,0.3,1.19
19195S,2008,0.29,1.18
20104S,2008,0.0,0.76
19159S,2008,0.32,1.28
19207S,2008,0.32,1.33
19209S,2008,0.32,1.34
16028S,2009,1.18,1.3900000000000001
16049S,2009,2.17,1.6500000000000001
16054S,2009,1.61,1.57
15093S,2009,1.12,1.37
15095S,2009,1.1,1.35
15098S,2009,1.1,1.34
16013A,2009,1.1300000000000001,1.37
16013B,2009,1.1500000000000001,1.41
16013C,2009,1.1500000000000001,1.41
16015S,2009,1.1,1.33
16017S,2009,1.12,1.34
16020A,2009,1.1300000000000001,1.34
16023S,2009,1.16,1.36
16024S,2009,1.2,1.3900000000000001
16026S2,2009,1.23,1.42
16032S,2009,2.45,1.58
16040S,2009,1.9100000000000001,1.55
16043A,2009,2.29,1.61
16044B,2009,2.7,1.67
16046S,2009,2.44,1.6300000000000001
16057S,2009,2.83,1.62
16060S,2009,2.84,1.6400000000000001
16064S,2009,2.73,1.69
16068S,2009,2.66,1.67
15088S,2009,1.45,1.44
15090S,2009,1.45,1.45
15092S,2009,1.3,1.44
15094S1,2009,1.1400000000000001,1.3900000000000001
15096S,2009,1.1400000000000001,1.42
15099A,2009,1.1400000000000001,1.42
15099C,2009,1.61,1.46
16019S,2009,1.17,1.3900000000000001
16025S2,2009,1.6500000000000001,1.42
16030S,2009,2.65,1.58
16058S,2009,3.09,1.6500000000000001
16063S,2009,3.7600000000000002,1.68
16065S,2009,3.72,1.68
23045A,2009,0.0,1.45
23048S,2009,0.0,1.29
23051S,2009,0.0,1.17
23055S,2009,0.0,1.11
23068S,2009,0.0,1.27
23069S,2009,0.15,1.34
23077S,2009,0.0,1.12
23079S,2009,0.0,1.11
23080S,2009,0.0,1.08
23081S,2009,0.0,1.17
23082S,2009,0.0,1.17
11167S,2009,0.77,1.3800000000000001
12010S,2009,0.33,1.29
12102S,2009,0.15,1.27
11016S,2009,2.12,1.68
11029S,2009,2.25,1.6500000000000001
11049S,2009,2.43,1.68
11162S,2009,1.73,1.51
11184C1,2009,1.1,1.32
11184C2,2009,1.1,1.32
11211S,2009,3.21,1.55
11222S2,2009,2.5300000000000002,1.43
11222S3,2009,2.5300000000000002,1.43
11237A,2009,2.08,1.33
11237B,2009,2.5300000000000002,1.35
11237C,2009,2.1,1.29
12016B,2009,0.31,1.24
12027B,2009,0.15,1.24
11243S,2009,5.44,1.7
12056S,2009,4.15,1.61
12061S,2009,2.24,1.37
12071S,2009,3.31,1.47
12098S,2009,3.5100000000000002,1.49
12107S,2009,3.98,1.59
14094S,2009,1.48,1.48
14097S,2009,1.48,1.48
14120B,2009,2.81,1.68
14123S,2009,1.97,1.58
14126S,2009,2.46,1.6300000000000001
15002S,2009,0.9500000000000001,1.46
15005S,2009,0.92,1.45
15012S,2009,0.46,1.41
15013S,2009,0.62,1.4000000000000001
14054S,2009,1.17,1.59
14056S,2009,1.69,1.68
14061S,2009,1.25,1.42
14064S,2009,1.28,1.47
14109S,2009,1.32,1.6
14114S,2009,1.56,1.6600000000000001
14115S,2009,2.2800000000000002,1.54
14116S,2009,1.69,1.6400000000000001
14118S,2009,1.82,1.54
14133S,2009,1.3,1.58
14134S,2009,1.47,1.55
14135S,2009,1.1400000000000001,1.54
14143S,2009,1.71,1.6500000000000001
14147A,2009,1.51,1.61
15009S,2009,0.92,1.54
15018S,2009,0.9500000000000001,1.55
15019S,2009,0.97,1.59
15022S,2009,0.99,1.6400000000000001
15024S,2009,0.97,1.59
15027S,2009,0.97,1.62
15028S2,2009,1.09,1.58
15030S,2009,0.77,1.52
15047S,2009,1.27,1.55
15054S,2009,0.79,1.34
15077S,2009,0.97,1.44
15081S,2009,0.97,1.3900000000000001
15084S,2009,1.45,1.48
15089S,2009,1.1400000000000001,1.3900000000000001
14075S,2009,3.7800000000000002,1.9000000000000001
14085S,2009,2.7600000000000002,1.78
14137S,2009,2.58,1.76
14138S,2009,3.0500000000000003,1.76
14139S,2009,3.0500000000000003,1.76
14152S,2009,2.38,1.69
14154S,2009,2.5500000000000003,1.71
15023S,2009,1.1500000000000001,1.68
15025S,2009,1.1500000000000001,1.68
15032S,2009,1.6300000000000001,1.71
15034S,2009,1.62,1.7
15037S,2009,1.62,1.7
15050S,2009,1.79,1.6500000000000001
15080S,2009,1.78,1.54
15085S,2009,1.78,1.54
19103S,2009,0.36,1.48
18118S,2009,0.15,1.5
19019S,2009,0.0,1.32
19028S,2009,0.14,1.49
19044S,2009,0.0,1.3
19045S,2009,0.0,1.27
19046S,2009,0.0,1.25
19047S,2009,0.0,1.31
19063A,2009,0.15,1.54
19063B,2009,0.0,1.43
19076S,2009,0.0,1.3900000000000001
19082S,2009,0.49,1.75
19098S,2009,0.15,1.56
18112S,2009,0.89,1.56
18120S,2009,0.91,1.6300000000000001
19061S,2009,0.61,1.6
17012A,2009,1.01,1.44
17043A,2009,0.49,1.49
17043C,2009,0.49,1.49
16067S,2009,3.2,1.67
16071S,2009,2.32,1.6400000000000001
17004S,2009,1.22,1.5
17010S,2009,1.19,1.46
17011S,2009,1.18,1.43
17016S,2009,1.17,1.43
17024S,2009,0.8200000000000001,1.42
17034S,2009,0.8200000000000001,1.42
17044S,2009,0.66,1.51
17051S,2009,0.65,1.51
17063A,2009,0.81,1.45
17064S,2009,0.66,1.46
17008S,2009,2.16,1.58
17014S,2009,1.78,1.49
17032S,2009,1.44,1.45
17057S,2009,1.3,1.47
17059A,2009,0.97,1.44
17068S,2009,0.84,1.45
13006S,2009,1.3900000000000001,1.35
13081S,2009,1.09,1.61
13107S,2009,0.33,1.45
14017S,2009,0.63,1.55
13041S,2009,1.45,1.5
13060S,2009,1.59,1.51
13063S,2009,2.19,1.52
13072S,2009,1.7,1.54
13076S,2009,1.68,1.52
13087S,2009,0.74,1.56
13093A,2009,1.59,1.53
13108S,2009,0.3,1.3900000000000001
13124S,2009,1.61,1.42
14003S,2009,0.16,1.42
14016S,2009,1.1,1.48
13040S,2009,4.28,1.57
13056S,2009,3.87,1.59
13118A,2009,3.63,1.53
13121S,2009,4.13,1.54
13127S,2009,3.65,1.58
13130S,2009,3.44,1.55
13133S,2009,3.18,1.53
14045S,2009,3.0100000000000002,1.77
21031S,2009,0.0,1.41
21039S,2009,0.15,1.36
21308S,2009,1.26,1.52
21334S,2009,0.61,1.33
21340S,2009,0.78,1.53
21386S,2009,0.16,1.37
19219S,2009,2.63,2.15
20112S,2009,0.66,1.57
20144S,2009,0.75,1.51
20145S,2009,0.76,1.56
20287S,2009,1.16,1.42
20297S,2009,0.75,1.62
20299D,2009,0.7000000000000001,1.55
20309S,2009,0.45,1.47
20348S,2009,1.28,1.71
20351A,2009,0.79,1.51
20351B,2009,0.79,1.53
20353S,2009,0.76,1.6
20354S,2009,0.76,1.6
21025S,2009,0.0,1.36
21060S,2009,0.78,1.55
21062S,2009,0.46,1.57
21064S,2009,0.61,1.55
21074S,2009,0.62,1.6300000000000001
21104S,2009,1.26,1.76
21137S,2009,0.47000000000000003,1.5
21139S,2009,0.32,1.43
21140S,2009,0.33,1.52
21187S,2009,0.33,1.51
21591S,2009,0.77,1.52
20113S,2009,2.67,2.24
21179S,2009,1.59,1.76
21186S,2009,0.81,1.69
21217S,2009,3.24,2.16
21219S,2009,3.27,2.1
21235S,2009,3.14,2.08
21241S,2009,2.2600000000000002,2.02
21245S,2009,2.16,1.99
21278S,2009,2.92,2.17
21286S,2009,2.87,2.17
21450S,2009,0.3,1.3900000000000001
21467S,2009,0.17,1.51
21497S,2009,0.46,1.44
21501S,2009,0.45,1.48
21511S,2009,0.45,1.41
21529S,2009,0.32,1.46
21550S,2009,0.17,1.43
21556S,2009,0.29,1.41
21557S1,2009,0.29,1.41
21572S,2009,0.15,1.44
21577S,2009,0.29,1.43
21584S,2009,0.6,1.54
21588S,2009,0.6,1.54
22084S,2009,0.29,1.41
22088S,2009,0.33,1.51
22102S,2009,0.77,1.59
22104S,2009,0.31,1.47
22112S,2009,0.31,1.45
22118S,2009,0.46,1.49
22144S,2009,0.61,1.44
21296S,2009,2.22,2.12
21302S,2009,1.94,2.0300000000000002
21305S,2009,1.74,1.98
21558S,2009,1.28,1.77
21562S,2009,1.21,1.6500000000000001
21583S,2009,0.92,1.62
18053S,2009,0.0,1.55
18065S,2009,0.0,1.6
18025S,2009,1.02,1.44
18026S,2009,0.6900000000000001,1.46
18029S,2009,0.67,1.47
18030S,2009,0.84,1.3900000000000001
18031S,2009,0.8200000000000001,1.36
18032S,2009,0.99,1.3900000000000001
18042S,2009,0.8200000000000001,1.3800000000000001
18043S,2009,0.8200000000000001,1.36
18073S,2009,0.62,1.34
18074S,2009,1.1,1.27
18075S,2009,0.48,1.35
18076S,2009,0.61,1.29
18077S,2009,0.78,1.26
18078S,2009,0.16,1.36
18079S,2009,0.3,1.33
18088S,2009,0.47000000000000003,1.24
18091S,2009,0.15,1.34
18095S,2009,0.29,1.16
18096S,2009,0.15,1.22
18099S,2009,0.14,1.4000000000000001
18106S,2009,0.0,1.18
18023S,2009,1.12,1.4000000000000001
18034S,2009,2.99,1.29
18037S,2009,1.3900000000000001,1.27
18039S,2009,2.2600000000000002,1.28
18041S,2009,1.75,1.25
18046S,2009,2.45,1.32
18081S,2009,1.43,1.32
18083S,2009,1.23,1.31
18086S,2009,1.34,1.3800000000000001
20014S,2009,0.31,1.5
20019S,2009,0.31,1.5
20067A,2009,0.0,1.48
19120S,2009,0.66,1.76
19131S,2009,0.15,1.47
19135S,2009,0.0,1.36
19137S,2009,0.0,1.22
19138S,2009,0.15,1.47
19147S,2009,2.64,1.92
19177S,2009,2.09,1.8800000000000001
19195S,2009,1.49,1.8900000000000001
20104S,2009,0.44,1.44
19159S,2009,3.06,2.0100000000000002
19207S,2009,2.95,2.1
19209S,2009,2.99,2.14
16028S,2010,0.9500000000000001,2.0100000000000002
16049S,2010,1.4000000000000001,2.45
16054S,2010,1.08,2.17
15093S,2010,0.66,1.73
15095S,2010,0.71,1.8900000000000001
15098S,2010,0.71,1.9100000000000001
16013A,2010,1.03,1.93
16013B,2010,1.04,1.9100000000000001
16013C,2010,1.04,1.9100000000000001
16015S,2010,0.71,1.8900000000000001
16017S,2010,0.91,1.95
16020A,2010,0.93,2.0
16023S,2010,1.1400000000000001,2.1
16024S,2010,1.19,2.12
16026S2,2010,1.28,2.31
16032S,2010,1.53,2.57
16040S,2010,1.52,2.58
16043A,2010,1.48,2.56
16044B,2010,1.51,2.57
16046S,2010,1.45,2.52
16057S,2010,1.52,2.57
16060S,2010,1.51,2.56
16064S,2010,1.46,2.49
16068S,2010,1.24,2.34
15088S,2010,1.22,1.9100000000000001
15090S,2010,1.3800000000000001,1.97
15092S,2010,1.51,1.98
15094S1,2010,0.89,1.95
15096S,2010,1.18,1.97
15099A,2010,1.03,1.94
15099C,2010,1.19,1.92
16019S,2010,0.9500000000000001,1.97
16025S2,2010,1.33,2.1
16030S,2010,1.6500000000000001,2.54
16058S,2010,1.61,2.45
16063S,2010,1.3800000000000001,2.2600000000000002
16065S,2010,1.3900000000000001,2.2600000000000002
23045A,2010,0.16,1.36
23048S,2010,0.32,1.3900000000000001
23051S,2010,0.33,1.42
23055S,2010,0.52,1.57
23068S,2010,0.15,1.37
23069S,2010,0.15,1.36
23077S,2010,0.78,1.83
23079S,2010,0.81,1.9100000000000001
23080S,2010,0.78,1.87
23081S,2010,0.65,1.9000000000000001
23082S,2010,0.64,1.86
11167S,2010,2.7600000000000002,1.94
12010S,2010,2.92,2.2
12102S,2010,0.87,1.78
11016S,2010,3.42,1.99
11029S,2010,3.19,1.98
11049S,2010,2.98,2.07
11162S,2010,3.33,2.22
11184C1,2010,4.0600000000000005,2.34
11184C2,2010,4.0600000000000005,2.34
11211S,2010,3.74,2.11
11222S2,2010,4.24,2.27
11222S3,2010,4.24,2.27
11237A,2010,4.38,2.33
11237B,2010,3.71,2.21
11237C,2010,4.01,2.27
12016B,2010,2.79,2.18
12027B,2010,2.2600000000000002,1.99
11243S,2010,3.58,1.8900000000000001
12056S,2010,2.74,1.69
12061S,2010,2.34,1.67
12071S,2010,1.78,1.44
12098S,2010,1.57,1.41
12107S,2010,1.44,1.42
14094S,2010,0.93,1.56
14097S,2010,0.93,1.56
14120B,2010,1.5,1.94
14123S,2010,1.83,1.97
14126S,2010,1.68,1.97
15002S,2010,1.6600000000000001,1.75
15005S,2010,1.3,1.68
15012S,2010,0.15,1.5
15013S,2010,0.15,1.48
14054S,2010,0.46,1.53
14056S,2010,0.79,1.51
14061S,2010,0.31,1.58
14064S,2010,0.45,1.51
14109S,2010,1.62,1.72
14114S,2010,2.45,1.97
14115S,2010,1.69,2.02
14116S,2010,1.99,1.97
14118S,2010,1.85,2.0100000000000002
14133S,2010,1.81,1.87
14134S,2010,1.79,1.9000000000000001
14135S,2010,1.76,1.8900000000000001
14143S,2010,2.29,1.95
14147A,2010,1.83,1.9100000000000001
15009S,2010,1.51,1.77
15018S,2010,1.75,1.81
15019S,2010,1.8,1.83
15022S,2010,1.82,1.83
15024S,2010,1.78,1.82
15027S,2010,1.78,1.8
15028S2,2010,1.53,1.77
15030S,2010,1.32,1.72
15047S,2010,1.21,1.77
15054S,2010,0.14,1.43
15077S,2010,1.01,1.77
15081S,2010,0.66,1.73
15084S,2010,1.22,1.86
15089S,2010,0.67,1.7
14075S,2010,2.31,1.71
14085S,2010,3.2800000000000002,1.95
14137S,2010,2.9,1.94
14138S,2010,2.74,1.92
14139S,2010,2.74,1.92
14152S,2010,2.32,1.92
14154S,2010,2.67,1.9100000000000001
15023S,2010,2.0100000000000002,1.87
15025S,2010,2.0100000000000002,1.87
15032S,2010,1.99,1.8900000000000001
15034S,2010,1.96,1.8800000000000001
15037S,2010,1.96,1.8800000000000001
15050S,2010,1.9000000000000001,1.92
15080S,2010,1.42,1.92
15085S,2010,1.42,1.92
19103S,2010,0.86,1.87
18118S,2010,0.78,1.6600000000000001
19019S,2010,0.52,1.69
19028S,2010,0.44,1.49
19044S,2010,0.3,1.51
19045S,2010,0.47000000000000003,1.6300000000000001
19046S,2010,0.31,1.53
19047S,2010,0.5,1.72
19063A,2010,0.15,1.3
19063B,2010,0.0,1.32
19076S,2010,0.0,1.36
19082S,2010,0.15,1.37
19098S,2010,0.0,1.37
18112S,2010,1.2,1.82
18120S,2010,0.8300000000000001,1.71
19061S,2010,0.59,1.43
17012A,2010,0.78,2.02
17043A,2010,0.93,1.97
17043C,2010,0.93,1.97
16067S,2010,1.24,2.2600000000000002
16071S,2010,1.22,2.29
17004S,2010,1.1300000000000001,2.21
17010S,2010,0.98,2.15
17011S,2010,1.0,2.16
17016S,2010,1.02,2.18
17024S,2010,1.1500000000000001,2.14
17034S,2010,1.1500000000000001,2.11
17044S,2010,1.37,2.13
17051S,2010,1.43,2.25
17063A,2010,1.41,2.25
17064S,2010,1.4000000000000001,2.2800000000000002
17008S,2010,1.02,2.15
17014S,2010,1.01,2.18
17032S,2010,1.1500000000000001,2.13
17057S,2010,1.19,2.17
17059A,2010,1.37,2.23
17068S,2010,1.17,2.16
13006S,2010,0.65,1.6400000000000001
13081S,2010,0.71,1.8
13107S,2010,0.87,2.08
14017S,2010,1.35,2.21
13041S,2010,0.65,1.7
13060S,2010,1.1400000000000001,1.73
13063S,2010,1.01,1.68
13072S,2010,0.99,1.76
13076S,2010,1.01,1.77
13087S,2010,0.88,1.93
13093A,2010,1.29,2.0
13108S,2010,1.32,2.23
13124S,2010,1.58,2.16
14003S,2010,1.29,2.33
14016S,2010,1.62,2.29
13040S,2010,1.46,1.57
13056S,2010,1.36,1.58
13118A,2010,2.27,1.8800000000000001
13121S,2010,2.15,1.97
13127S,2010,1.84,2.02
13130S,2010,1.57,1.92
13133S,2010,1.54,1.8900000000000001
14045S,2010,1.47,1.71
21031S,2010,0.0,1.59
21039S,2010,0.0,1.49
21308S,2010,0.35000000000000003,1.6600000000000001
21334S,2010,0.0,1.46
21340S,2010,0.33,1.61
21386S,2010,0.68,1.78
19219S,2010,0.17,1.22
20112S,2010,1.23,1.49
20144S,2010,2.0100000000000002,1.6400000000000001
20145S,2010,1.6600000000000001,1.61
20287S,2010,2.5100000000000002,1.76
20297S,2010,1.17,1.6300000000000001
20299D,2010,1.5,1.72
20309S,2010,1.31,1.69
20348S,2010,2.05,1.58
20351A,2010,1.3800000000000001,1.81
20351B,2010,1.37,1.81
20353S,2010,1.9100000000000001,1.67
20354S,2010,1.9100000000000001,1.67
21025S,2010,0.64,1.67
21060S,2010,1.6500000000000001,1.82
21062S,2010,1.76,1.74
21064S,2010,1.77,1.83
21074S,2010,1.62,1.84
21104S,2010,2.07,1.49
21137S,2010,2.02,1.59
21139S,2010,2.02,1.6600000000000001
21140S,2010,2.16,1.62
21187S,2010,1.54,1.7
21591S,2010,1.32,1.78
20113S,2010,0.3,1.27
21179S,2010,1.6600000000000001,1.6
21186S,2010,1.69,1.67
21217S,2010,0.45,1.3800000000000001
21219S,2010,0.61,1.43
21235S,2010,1.6,1.6
21241S,2010,0.45,1.43
21245S,2010,0.45,1.46
21278S,2010,0.46,1.3900000000000001
21286S,2010,0.45,1.4000000000000001
21450S,2010,2.2800000000000002,1.7
21467S,2010,2.1,1.67
21497S,2010,1.16,1.67
21501S,2010,0.99,1.58
21511S,2010,1.0,1.58
21529S,2010,1.98,1.69
21550S,2010,1.46,1.57
21556S,2010,1.29,1.53
21557S1,2010,1.29,1.53
21572S,2010,1.3,1.49
21577S,2010,1.44,1.49
21584S,2010,2.19,1.54
21588S,2010,2.19,1.54
22084S,2010,1.29,1.53
22088S,2010,1.3,1.58
22102S,2010,2.22,1.54
22104S,2010,1.44,1.52
22112S,2010,1.44,1.53
22118S,2010,1.45,1.54
22144S,2010,1.1500000000000001,1.62
21296S,2010,0.47000000000000003,1.56
21302S,2010,0.64,1.59
21305S,2010,0.93,1.58
21558S,2010,1.24,1.54
21562S,2010,1.61,1.54
21583S,2010,2.08,1.58
18053S,2010,0.89,2.08
18065S,2010,0.67,2.0
18025S,2010,1.53,2.23
18026S,2010,1.62,2.31
18029S,2010,1.6500000000000001,2.34
18030S,2010,1.35,2.19
18031S,2010,1.3,2.17
18032S,2010,1.6400000000000001,2.37
18042S,2010,0.98,2.07
18043S,2010,1.3,2.17
18073S,2010,0.98,2.14
18074S,2010,0.8200000000000001,1.67
18075S,2010,1.01,2.3000000000000003
18076S,2010,0.92,2.0
18077S,2010,0.85,1.81
18078S,2010,1.04,2.35
18079S,2010,1.1300000000000001,2.17
18088S,2010,0.71,1.74
18091S,2010,0.63,1.53
18095S,2010,0.9,1.84
18096S,2010,0.6900000000000001,1.68
18099S,2010,0.78,1.55
18106S,2010,0.87,1.8800000000000001
18023S,2010,1.35,2.19
18034S,2010,1.27,1.95
18037S,2010,1.09,1.97
18039S,2010,0.85,1.68
18041S,2010,1.04,1.81
18046S,2010,1.0,1.67
18081S,2010,0.9500000000000001,1.58
18083S,2010,0.66,1.59
18086S,2010,0.8300000000000001,1.6300000000000001
20014S,2010,1.17,1.84
20019S,2010,1.17,1.84
20067A,2010,1.46,1.71
19120S,2010,0.17,1.28
19131S,2010,0.62,1.6400000000000001
19135S,2010,0.49,1.6400000000000001
19137S,2010,0.84,1.71
19138S,2010,0.8,1.6500000000000001
19147S,2010,0.48,1.33
19177S,2010,0.32,1.25
19195S,2010,0.79,1.3900000000000001
20104S,2010,1.1400000000000001,1.58
19159S,2010,0.77,1.33
19207S,2010,0.62,1.31
19209S,2010,0.33,1.31
16028S,2011,0.34,1.69
16049S,2011,1.05,1.82
16054S,2011,1.02,1.79
15093S,2011,0.67,1.54
15095S,2011,1.0,1.6500000000000001
15098S,2011,1.0,1.67
16013A,2011,1.3800000000000001,1.76
16013B,2011,1.59,1.8
16013C,2011,1.59,1.8
16015S,2011,0.84,1.6400000000000001
16017S,2011,1.32,1.72
16020A,2011,0.99,1.7
16023S,2011,0.8300000000000001,1.73
16024S,2011,1.52,1.81
16026S2,2011,1.19,1.84
16032S,2011,1.3900000000000001,1.92
16040S,2011,1.31,1.8900000000000001
16043A,2011,1.03,1.83
16044B,2011,1.3800000000000001,1.86
16046S,2011,1.04,1.82
16057S,2011,1.41,1.9100000000000001
16060S,2011,1.4000000000000001,1.8900000000000001
16064S,2011,1.37,1.85
16068S,2011,1.4000000000000001,1.9000000000000001
15088S,2011,0.98,1.6300000000000001
15090S,2011,1.31,1.71
15092S,2011,1.31,1.73
15094S1,2011,1.24,1.71
15096S,2011,1.44,1.76
15099A,2011,1.45,1.78
15099C,2011,1.6500000000000001,1.82
16019S,2011,1.57,1.8
16025S2,2011,1.57,1.83
16030S,2011,1.73,1.9000000000000001
16058S,2011,1.76,1.8900000000000001
16063S,2011,2.25,1.97
16065S,2011,2.09,1.97
23045A,2011,0.0,1.43
23048S,2011,0.0,1.27
23051S,2011,0.0,1.23
23055S,2011,0.0,1.21
23068S,2011,0.0,1.67
23069S,2011,0.0,1.72
23077S,2011,0.0,1.28
23079S,2011,0.44,1.45
23080S,2011,0.43,1.42
23081S,2011,0.3,1.52
23082S,2011,0.16,1.53
11167S,2011,1.6400000000000001,1.6400000000000001
12010S,2011,1.5,1.76
12102S,2011,0.98,1.92
11016S,2011,3.73,1.98
11029S,2011,3.66,1.8900000000000001
11049S,2011,2.95,1.9000000000000001
11162S,2011,2.05,1.77
11184C1,2011,2.0100000000000002,1.61
11184C2,2011,2.0100000000000002,1.61
11211S,2011,3.61,1.56
11222S2,2011,2.73,1.54
11222S3,2011,2.73,1.54
11237A,2011,2.37,1.56
11237B,2011,2.07,1.53
11237C,2011,2.05,1.53
12016B,2011,1.1500000000000001,1.79
12027B,2011,0.78,1.76
11243S,2011,3.59,1.6300000000000001
12056S,2011,2.41,1.72
12061S,2011,1.47,1.7
12071S,2011,1.87,1.77
12098S,2011,1.94,1.81
12107S,2011,2.05,1.85
14094S,2011,1.53,1.7
14097S,2011,1.53,1.7
14120B,2011,1.29,1.71
14123S,2011,1.36,1.59
14126S,2011,1.37,1.6500000000000001
15002S,2011,0.67,1.86
15005S,2011,0.47000000000000003,1.8800000000000001
15012S,2011,0.0,1.6300000000000001
15013S,2011,0.0,1.57
14054S,2011,2.22,1.69
14056S,2011,2.5300000000000002,1.56
14061S,2011,2.18,1.83
14064S,2011,1.84,1.81
14109S,2011,2.14,1.6300000000000001
14114S,2011,2.25,1.67
14115S,2011,1.27,1.61
14116S,2011,1.8900000000000001,1.6400000000000001
14118S,2011,1.24,1.56
14133S,2011,0.9500000000000001,1.71
14134S,2011,1.06,1.69
14135S,2011,0.89,1.76
14143S,2011,2.2,1.6300000000000001
14147A,2011,1.42,1.58
15009S,2011,0.47000000000000003,1.83
15018S,2011,0.8200000000000001,1.82
15019S,2011,0.86,1.76
15022S,2011,0.86,1.76
15024S,2011,0.81,1.78
15027S,2011,0.68,1.79
15028S2,2011,0.48,1.86
15030S,2011,0.45,1.85
15047S,2011,0.86,1.6400000000000001
15054S,2011,0.0,1.34
15077S,2011,0.8300000000000001,1.6300000000000001
15081S,2011,0.46,1.56
15084S,2011,0.96,1.6300000000000001
15089S,2011,0.66,1.58
14075S,2011,3.2600000000000002,1.6300000000000001
14085S,2011,3.17,1.72
14137S,2011,2.64,1.72
14138S,2011,2.5,1.7
14139S,2011,2.5,1.7
14152S,2011,2.17,1.62
14154S,2011,2.19,1.62
15023S,2011,1.2,1.74
15025S,2011,1.2,1.74
15032S,2011,1.07,1.6400000000000001
15034S,2011,0.92,1.62
15037S,2011,0.92,1.62
15050S,2011,1.1500000000000001,1.61
15080S,2011,1.18,1.6400000000000001
15085S,2011,1.18,1.6400000000000001
19103S,2011,0.47000000000000003,1.97
18118S,2011,0.0,1.49
19019S,2011,0.0,1.6300000000000001
19028S,2011,0.0,1.46
19044S,2011,0.0,1.53
19045S,2011,0.0,1.59
19046S,2011,0.0,1.58
19047S,2011,0.0,1.6500000000000001
19063A,2011,0.5,1.43
19063B,2011,0.46,1.33
19076S,2011,0.0,1.16
19082S,2011,0.49,1.4000000000000001
19098S,2011,0.0,1.09
18112S,2011,0.46,1.37
18120S,2011,0.49,1.27
19061S,2011,0.52,1.49
17012A,2011,0.68,1.68
17043A,2011,1.04,1.76
17043C,2011,1.04,1.76
16067S,2011,1.93,1.98
16071S,2011,1.7,1.92
17004S,2011,1.33,1.79
17010S,2011,1.51,1.85
17011S,2011,1.99,1.92
17016S,2011,2.0100000000000002,1.95
17024S,2011,0.84,1.8
17034S,2011,0.6900000000000001,1.77
17044S,2011,1.02,1.81
17051S,2011,0.91,1.85
17063A,2011,1.05,1.87
17064S,2011,1.2,1.87
17008S,2011,2.71,2.04
17014S,2011,2.5,2.0100000000000002
17032S,2011,1.6600000000000001,1.8900000000000001
17057S,2011,1.78,1.8800000000000001
17059A,2011,1.34,1.87
17068S,2011,1.6300000000000001,1.73
13006S,2011,2.11,2.07
13081S,2011,1.06,1.79
13107S,2011,0.47000000000000003,1.6600000000000001
14017S,2011,0.47000000000000003,1.45
13041S,2011,1.96,1.81
13060S,2011,0.98,1.73
13063S,2011,1.22,1.62
13072S,2011,1.19,1.84
13076S,2011,0.85,1.8
13087S,2011,1.0,1.69
13093A,2011,1.3,1.35
13108S,2011,0.77,1.51
13124S,2011,1.62,1.26
14003S,2011,0.31,1.48
14016S,2011,0.96,1.3900000000000001
13040S,2011,2.58,1.47
13056S,2011,2.5300000000000002,1.37
13118A,2011,2.6,1.17
13121S,2011,2.29,1.18
13127S,2011,2.16,1.2
13130S,2011,2.17,1.23
13133S,2011,2.5,1.24
14045S,2011,2.99,1.52
21031S,2011,0.0,1.29
21039S,2011,0.0,1.28
21308S,2011,0.0,1.2
21334S,2011,0.0,1.26
21340S,2011,0.0,1.21
21386S,2011,0.0,1.2
19219S,2011,0.0,1.18
20112S,2011,0.0,1.1
20144S,2011,0.0,1.11
20145S,2011,0.0,1.1
20287S,2011,0.0,1.1400000000000001
20297S,2011,0.0,1.1400000000000001
20299D,2011,0.14,1.2
20309S,2011,0.0,1.05
20348S,2011,0.14,1.51
20351A,2011,0.0,1.31
20351B,2011,0.0,1.32
20353S,2011,0.0,1.53
20354S,2011,0.0,1.53
21025S,2011,0.0,1.02
21060S,2011,0.0,1.3800000000000001
21062S,2011,0.0,1.51
21064S,2011,0.0,1.47
21074S,2011,0.0,1.55
21104S,2011,0.3,1.7
21137S,2011,0.15,1.71
21139S,2011,0.15,1.7
21140S,2011,0.15,1.74
21187S,2011,0.0,1.58
21591S,2011,0.0,1.22
20113S,2011,0.0,1.2
21179S,2011,0.15,1.51
21186S,2011,0.14,1.51
21217S,2011,0.63,1.49
21219S,2011,0.31,1.35
21235S,2011,0.32,1.37
21241S,2011,0.15,1.34
21245S,2011,0.14,1.29
21278S,2011,0.78,1.48
21286S,2011,0.32,1.44
21450S,2011,0.0,1.6
21467S,2011,0.0,1.37
21497S,2011,0.14,1.27
21501S,2011,0.0,1.27
21511S,2011,0.0,1.26
21529S,2011,0.0,1.32
21550S,2011,0.0,1.22
21556S,2011,0.0,1.22
21557S1,2011,0.0,1.22
21572S,2011,0.0,1.24
21577S,2011,0.0,1.23
21584S,2011,0.14,1.23
21588S,2011,0.14,1.23
22084S,2011,0.0,1.22
22088S,2011,0.0,1.31
22102S,2011,0.15,1.24
22104S,2011,0.0,1.23
22112S,2011,0.0,1.22
22118S,2011,0.0,1.22
22144S,2011,0.0,1.19
21296S,2011,0.15,1.32
21302S,2011,0.15,1.3
21305S,2011,0.14,1.3
21558S,2011,0.0,1.3
21562S,2011,0.16,1.32
21583S,2011,0.17,1.36
18053S,2011,0.87,1.61
18065S,2011,1.07,1.6400000000000001
18025S,2011,1.16,1.55
18026S,2011,0.98,1.55
18029S,2011,1.1,1.5
18030S,2011,1.27,1.53
18031S,2011,1.29,1.55
18032S,2011,0.96,1.55
18042S,2011,1.5,1.6
18043S,2011,1.29,1.55
18073S,2011,1.41,1.61
18074S,2011,2.08,1.45
18075S,2011,1.41,1.6
18076S,2011,1.1300000000000001,1.54
18077S,2011,1.75,1.47
18078S,2011,1.43,1.68
18079S,2011,1.11,1.6
18088S,2011,1.71,1.43
18091S,2011,0.93,1.3900000000000001
18095S,2011,0.79,1.5
18096S,2011,0.77,1.49
18099S,2011,0.3,1.45
18106S,2011,0.3,1.6500000000000001
18023S,2011,2.0100000000000002,1.67
18034S,2011,2.2,1.54
18037S,2011,2.16,1.6300000000000001
18039S,2011,1.85,1.43
18041S,2011,1.53,1.51
18046S,2011,1.87,1.42
18081S,2011,2.2600000000000002,1.43
18083S,2011,2.09,1.42
18086S,2011,1.62,1.42
20014S,2011,0.0,1.35
20019S,2011,0.0,1.35
20067A,2011,0.0,1.23
19120S,2011,0.0,1.1500000000000001
19131S,2011,0.0,1.16
19135S,2011,0.0,1.23
19137S,2011,0.0,1.45
19138S,2011,0.0,1.22
19147S,2011,0.0,1.18
19177S,2011,0.0,1.11
19195S,2011,0.0,1.11
20104S,2011,0.0,1.1
19159S,2011,0.44,1.21
19207S,2011,0.29,1.2
19209S,2011,0.29,1.21
16028S,2012,0.0,0.88
16049S,2012,0.29,1.1300000000000001
16054S,2012,0.31,1.24
15093S,2012,0.0,0.85
15095S,2012,0.0,0.96
15098S,2012,0.0,0.98
16013A,2012,0.0,1.09
16013B,2012,0.15,1.1500000000000001
16013C,2012,0.15,1.1500000000000001
16015S,2012,0.0,0.9500000000000001
16017S,2012,0.0,1.04
16020A,2012,0.0,0.99
16023S,2012,0.0,0.96
16024S,2012,0.14,1.1
16026S2,2012,0.0,1.04
16032S,2012,0.14,1.08
16040S,2012,0.0,1.0
16043A,2012,0.0,1.04
16044B,2012,0.29,1.06
16046S,2012,0.0,1.07
16057S,2012,0.29,1.08
16060S,2012,0.29,1.06
16064S,2012,0.44,1.11
16068S,2012,0.32,1.22
15088S,2012,0.0,0.9400000000000001
15090S,2012,0.0,1.03
15092S,2012,0.0,1.06
15094S1,2012,0.0,1.04
15096S,2012,0.14,1.11
15099A,2012,0.15,1.1300000000000001
15099C,2012,0.16,1.19
16019S,2012,0.15,1.1300000000000001
16025S2,2012,0.15,1.1300000000000001
16030S,2012,0.45,1.1400000000000001
16058S,2012,0.45,1.1300000000000001
16063S,2012,0.45,1.1300000000000001
16065S,2012,0.31,1.17
23045A,2012,0.0,1.1400000000000001
23048S,2012,0.0,1.1
23051S,2012,0.0,1.11
23055S,2012,0.0,1.12
23068S,2012,0.0,1.25
23069S,2012,0.0,1.28
23077S,2012,0.0,0.97
23079S,2012,0.15,1.18
23080S,2012,0.15,1.19
23081S,2012,0.17,1.31
23082S,2012,0.17,1.32
11167S,2012,0.47000000000000003,1.3
12010S,2012,0.18,1.27
12102S,2012,0.18,1.27
11016S,2012,1.01,1.56
11029S,2012,0.98,1.51
11049S,2012,1.0,1.45
11162S,2012,0.64,1.45
11184C1,2012,0.18,1.31
11184C2,2012,0.18,1.31
11211S,2012,1.54,1.57
11222S2,2012,0.65,1.45
11222S3,2012,0.65,1.45
11237A,2012,0.2,1.3800000000000001
11237B,2012,0.36,1.45
11237C,2012,0.2,1.4000000000000001
12016B,2012,0.18,1.29
12027B,2012,0.18,1.29
11243S,2012,3.39,1.47
12056S,2012,1.31,1.71
12061S,2012,0.5,1.52
12071S,2012,0.53,1.56
12098S,2012,0.53,1.53
12107S,2012,0.81,1.53
14094S,2012,0.14,0.9500000000000001
14097S,2012,0.14,0.9500000000000001
14120B,2012,0.0,1.04
14123S,2012,0.0,1.18
14126S,2012,0.0,1.1400000000000001
15002S,2012,0.0,1.1
15005S,2012,0.0,1.07
15012S,2012,0.0,0.9
15013S,2012,0.0,0.86
14054S,2012,0.0,0.98
14056S,2012,0.0,1.05
14061S,2012,0.0,0.92
14064S,2012,0.0,0.92
14109S,2012,0.0,1.12
14114S,2012,0.0,1.31
14115S,2012,0.0,1.1400000000000001
14116S,2012,0.0,1.29
14118S,2012,0.0,1.21
14133S,2012,0.0,1.2
14134S,2012,0.0,1.21
14135S,2012,0.0,1.18
14143S,2012,0.0,1.29
14147A,2012,0.0,1.25
15009S,2012,0.0,1.05
15018S,2012,0.0,1.12
15019S,2012,0.0,1.1500000000000001
15022S,2012,0.0,1.1500000000000001
15024S,2012,0.0,1.11
15027S,2012,0.0,1.1
15028S2,2012,0.0,1.05
15030S,2012,0.0,1.01
15047S,2012,0.0,0.9400000000000001
15054S,2012,0.0,0.75
15077S,2012,0.0,0.85
15081S,2012,0.0,0.8
15084S,2012,0.0,0.88
15089S,2012,0.0,0.8
14075S,2012,0.15,1.25
14085S,2012,0.0,1.37
14137S,2012,0.14,1.37
14138S,2012,0.15,1.35
14139S,2012,0.15,1.35
14152S,2012,0.0,1.27
14154S,2012,0.0,1.27
15023S,2012,0.0,1.17
15025S,2012,0.0,1.17
15032S,2012,0.0,1.11
15034S,2012,0.0,1.08
15037S,2012,0.0,1.08
15050S,2012,0.0,1.0
15080S,2012,0.0,0.91
15085S,2012,0.0,0.91
19103S,2012,2.64,1.83
18118S,2012,1.24,1.22
19019S,2012,0.76,1.16
19028S,2012,1.11,1.27
19044S,2012,0.76,1.16
19045S,2012,1.1400000000000001,1.33
19046S,2012,0.77,1.17
19047S,2012,1.1500000000000001,1.33
19063A,2012,1.1,1.22
19063B,2012,1.05,1.1500000000000001
19076S,2012,0.3,1.09
19082S,2012,0.78,1.19
19098S,2012,0.3,1.06
18112S,2012,1.01,1.36
18120S,2012,1.36,1.36
19061S,2012,0.92,1.21
17012A,2012,0.31,1.22
17043A,2012,1.07,1.21
17043C,2012,1.07,1.21
16067S,2012,0.31,1.23
16071S,2012,0.47000000000000003,1.29
17004S,2012,0.49,1.31
17010S,2012,0.65,1.33
17011S,2012,0.66,1.36
17016S,2012,0.67,1.35
17024S,2012,0.84,1.37
17034S,2012,0.66,1.29
17044S,2012,0.31,1.26
17051S,2012,0.15,1.2
17063A,2012,0.44,1.24
17064S,2012,0.44,1.25
17008S,2012,0.37,1.49
17014S,2012,0.66,1.41
17032S,2012,0.67,1.31
17057S,2012,0.5,1.25
17059A,2012,0.46,1.25
17068S,2012,0.45,1.23
13006S,2012,0.0,1.1300000000000001
13081S,2012,0.0,0.78
13107S,2012,0.0,0.8
14017S,2012,0.0,0.84
13041S,2012,0.0,1.06
13060S,2012,0.0,1.04
13063S,2012,0.0,1.08
13072S,2012,0.0,0.9500000000000001
13076S,2012,0.0,0.96
13087S,2012,0.0,0.78
13093A,2012,0.0,0.9
13108S,2012,0.0,0.84
13124S,2012,0.0,0.87
14003S,2012,0.0,0.85
14016S,2012,0.0,0.86
13040S,2012,0.0,1.27
13056S,2012,0.0,1.24
13118A,2012,0.0,1.19
13121S,2012,0.15,1.1400000000000001
13127S,2012,0.0,1.01
13130S,2012,0.0,1.01
13133S,2012,0.0,1.04
14045S,2012,0.0,1.1400000000000001
21031S,2012,0.32,1.59
21039S,2012,0.15,1.6300000000000001
21308S,2012,0.0,1.46
21334S,2012,0.29,1.57
21340S,2012,0.0,1.48
21386S,2012,1.48,1.92
19219S,2012,0.15,1.26
20112S,2012,0.14,1.33
20144S,2012,0.34,1.6600000000000001
20145S,2012,0.33,1.6
20287S,2012,1.4000000000000001,1.7
20297S,2012,0.17,1.5
20299D,2012,0.18,1.53
20309S,2012,1.46,1.94
20348S,2012,0.31,1.48
20351A,2012,0.99,1.9000000000000001
20351B,2012,1.0,1.94
20353S,2012,0.48,1.6500000000000001
20354S,2012,0.48,1.6500000000000001
21025S,2012,1.74,1.8900000000000001
21060S,2012,1.01,1.96
21062S,2012,0.5,1.77
21064S,2012,0.81,1.8800000000000001
21074S,2012,0.79,1.85
21104S,2012,0.32,1.56
21137S,2012,0.18,1.55
21139S,2012,0.18,1.56
21140S,2012,0.5,1.71
21187S,2012,0.0,1.31
21591S,2012,1.1500000000000001,2.02
20113S,2012,0.44,1.26
21179S,2012,0.0,1.34
21186S,2012,0.0,1.23
21217S,2012,0.0,1.36
21219S,2012,0.44,1.42
21235S,2012,0.44,1.3900000000000001
21241S,2012,0.0,1.28
21245S,2012,0.0,1.23
21278S,2012,0.14,1.36
21286S,2012,0.0,1.32
21450S,2012,0.16,1.44
21467S,2012,0.15,1.42
21497S,2012,0.0,1.32
21501S,2012,0.0,1.34
21511S,2012,0.14,1.36
21529S,2012,0.45,1.42
21550S,2012,0.3,1.46
21556S,2012,0.14,1.36
21557S1,2012,0.14,1.36
21572S,2012,0.0,1.32
21577S,2012,0.0,1.31
21584S,2012,0.0,1.1300000000000001
21588S,2012,0.0,1.1300000000000001
22084S,2012,0.14,1.36
22088S,2012,0.46,1.53
22102S,2012,0.0,1.09
22104S,2012,0.0,1.2
22112S,2012,0.0,1.17
22118S,2012,0.0,1.09
22144S,2012,0.14,1.1400000000000001
21296S,2012,0.0,1.24
21302S,2012,0.0,1.22
21305S,2012,0.0,1.25
21558S,2012,0.0,1.3
21562S,2012,0.0,1.3
21583S,2012,0.0,1.1
18053S,2012,1.6300000000000001,1.37
18065S,2012,1.8,1.3800000000000001
18025S,2012,1.09,1.27
18026S,2012,0.81,1.26
18029S,2012,0.97,1.3
18030S,2012,0.9400000000000001,1.21
18031S,2012,0.93,1.19
18032S,2012,1.26,1.33
18042S,2012,1.08,1.19
18043S,2012,0.93,1.19
18073S,2012,0.6,1.1400000000000001
18074S,2012,0.96,1.2
18075S,2012,0.47000000000000003,1.18
18076S,2012,0.6,1.1400000000000001
18077S,2012,0.78,1.16
18078S,2012,0.46,1.2
18079S,2012,0.46,1.2
18088S,2012,0.9400000000000001,1.22
18091S,2012,1.09,1.23
18095S,2012,0.79,1.2
18096S,2012,0.9400000000000001,1.21
18099S,2012,0.91,1.18
18106S,2012,0.93,1.18
18023S,2012,0.92,1.26
18034S,2012,1.11,1.31
18037S,2012,0.96,1.27
18039S,2012,1.29,1.26
18041S,2012,0.96,1.2
18046S,2012,1.48,1.33
18081S,2012,1.3,1.25
18083S,2012,1.28,1.25
18086S,2012,1.6300000000000001,1.28
20014S,2012,1.79,1.69
20019S,2012,1.79,1.69
20067A,2012,1.9100000000000001,1.6300000000000001
19120S,2012,0.15,1.08
19131S,2012,0.5,1.24
19135S,2012,0.51,1.32
19137S,2012,0.96,1.3900000000000001
19138S,2012,0.49,1.27
19147S,2012,0.44,1.06
19177S,2012,0.0,0.99
19195S,2012,0.0,1.06
20104S,2012,0.15,1.3900000000000001
19159S,2012,0.15,1.1400000000000001
19207S,2012,0.0,1.25
19209S,2012,0.15,1.26
16028S,2013,1.28,1.49
16049S,2013,2.02,1.73
16054S,2013,2.31,1.71
15093S,2013,1.49,1.68
15095S,2013,1.32,1.62
15098S,2013,1.32,1.6
16013A,2013,1.47,1.53
16013B,2013,1.6400000000000001,1.57
16013C,2013,1.6400000000000001,1.57
16015S,2013,1.47,1.61
16017S,2013,1.46,1.52
16020A,2013,1.46,1.54
16023S,2013,1.32,1.5
16024S,2013,1.47,1.47
16026S2,2013,1.34,1.53
16032S,2013,1.33,1.51
16040S,2013,1.34,1.53
16043A,2013,1.74,1.6
16044B,2013,1.93,1.69
16046S,2013,1.79,1.6300000000000001
16057S,2013,1.6600000000000001,1.55
16060S,2013,1.72,1.62
16064S,2013,2.34,1.74
16068S,2013,2.8000000000000003,1.7
15088S,2013,1.3,1.55
15090S,2013,1.33,1.58
15092S,2013,1.34,1.58
15094S1,2013,1.6,1.57
15096S,2013,1.6400000000000001,1.59
15099A,2013,1.6400000000000001,1.59
15099C,2013,1.52,1.6
16019S,2013,1.61,1.51
16025S2,2013,1.46,1.47
16030S,2013,1.45,1.52
16058S,2013,1.8,1.6
16063S,2013,2.02,1.7
16065S,2013,2.23,1.71
23045A,2013,0.15,1.2
23048S,2013,0.0,1.03
23051S,2013,0.0,0.97
23055S,2013,0.0,0.98
23068S,2013,0.18,1.35
23069S,2013,0.63,1.43
23077S,2013,0.0,1.03
23079S,2013,0.15,1.21
23080S,2013,0.17,1.31
23081S,2013,0.0,1.1400000000000001
23082S,2013,0.0,1.05
11167S,2013,1.31,1.8
12010S,2013,0.29,1.52
12102S,2013,0.6,1.3800000000000001
11016S,2013,0.81,1.6600000000000001
11029S,2013,0.64,1.68
11049S,2013,1.1300000000000001,1.8
11162S,2013,0.8,1.61
11184C1,2013,0.63,1.43
11184C2,2013,0.63,1.43
11211S,2013,0.47000000000000003,1.45
11222S2,2013,0.61,1.4000000000000001
11222S3,2013,0.61,1.4000000000000001
11237A,2013,0.76,1.3900000000000001
11237B,2013,0.78,1.44
11237C,2013,0.77,1.3900000000000001
12016B,2013,0.65,1.6
12027B,2013,0.52,1.56
11243S,2013,2.31,1.75
12056S,2013,1.98,1.55
12061S,2013,1.08,1.43
12071S,2013,1.16,1.47
12098S,2013,1.2,1.47
12107S,2013,2.0,1.53
14094S,2013,1.68,1.8
14097S,2013,1.68,1.8
14120B,2013,1.74,1.81
14123S,2013,1.56,1.9100000000000001
14126S,2013,1.45,1.9000000000000001
15002S,2013,1.49,2.04
15005S,2013,1.34,2.05
15012S,2013,1.12,1.79
15013S,2013,1.11,1.77
14054S,2013,1.74,1.73
14056S,2013,1.62,1.6600000000000001
14061S,2013,1.6500000000000001,1.8800000000000001
14064S,2013,1.57,1.84
14109S,2013,1.56,1.6600000000000001
14114S,2013,1.34,1.55
14115S,2013,1.53,1.77
14116S,2013,1.32,1.61
14118S,2013,1.52,1.84
14133S,2013,1.57,1.9100000000000001
14134S,2013,1.56,1.93
14135S,2013,1.43,1.98
14143S,2013,1.48,1.62
14147A,2013,1.8,1.79
15009S,2013,1.42,1.98
15018S,2013,1.43,1.97
15019S,2013,1.41,1.9100000000000001
15022S,2013,1.56,1.85
15024S,2013,1.42,1.94
15027S,2013,1.55,1.87
15028S2,2013,1.41,1.97
15030S,2013,1.27,1.99
15047S,2013,1.19,1.71
15054S,2013,1.08,1.74
15077S,2013,1.03,1.6400000000000001
15081S,2013,1.02,1.68
15084S,2013,1.16,1.58
15089S,2013,1.31,1.67
14075S,2013,2.27,1.81
14085S,2013,1.6600000000000001,1.73
14137S,2013,1.55,1.61
14138S,2013,1.71,1.6300000000000001
14139S,2013,1.71,1.6300000000000001
14152S,2013,1.92,1.6300000000000001
14154S,2013,1.99,1.6300000000000001
15023S,2013,1.58,1.77
15025S,2013,1.58,1.77
15032S,2013,1.75,1.67
15034S,2013,1.58,1.67
15037S,2013,1.58,1.67
15050S,2013,1.53,1.59
15080S,2013,1.33,1.56
15085S,2013,1.33,1.56
19103S,2013,1.28,1.61
18118S,2013,0.65,1.3800000000000001
19019S,2013,0.8200000000000001,1.43
19028S,2013,0.34,1.3
19044S,2013,0.16,1.21
19045S,2013,0.85,1.43
19046S,2013,0.16,1.25
19047S,2013,0.7000000000000001,1.52
19063A,2013,0.0,1.05
19063B,2013,0.0,0.92
19076S,2013,0.0,0.92
19082S,2013,0.0,1.03
19098S,2013,0.0,0.96
18112S,2013,0.68,1.44
18120S,2013,0.34,1.32
19061S,2013,0.0,1.1500000000000001
17012A,2013,2.48,1.72
17043A,2013,2.41,1.74
17043C,2013,2.41,1.74
16067S,2013,2.54,1.71
16071S,2013,2.79,1.72
17004S,2013,2.71,1.82
17010S,2013,2.61,1.71
17011S,2013,2.58,1.69
17016S,2013,2.57,1.68
17024S,2013,2.81,1.7
17034S,2013,2.95,1.68
17044S,2013,2.42,1.72
17051S,2013,2.19,1.72
17063A,2013,2.04,1.73
17064S,2013,1.87,1.72
17008S,2013,1.9000000000000001,1.6300000000000001
17014S,2013,2.08,1.6300000000000001
17032S,2013,2.82,1.7
17057S,2013,2.66,1.71
17059A,2013,2.0300000000000002,1.71
17068S,2013,1.99,1.6
13006S,2013,0.97,1.51
13081S,2013,2.86,1.6400000000000001
13107S,2013,1.9100000000000001,1.68
14017S,2013,1.5,1.85
13041S,2013,1.34,1.43
13060S,2013,2.13,1.49
13063S,2013,2.41,1.49
13072S,2013,2.17,1.54
13076S,2013,2.61,1.59
13087S,2013,2.7,1.61
13093A,2013,2.2600000000000002,1.6500000000000001
13108S,2013,1.72,1.6400000000000001
13124S,2013,1.86,1.72
14003S,2013,1.26,1.69
14016S,2013,1.68,1.77
13040S,2013,2.97,1.48
13056S,2013,3.15,1.5
13118A,2013,2.7600000000000002,1.62
13121S,2013,2.5500000000000003,1.7
13127S,2013,2.34,1.75
13130S,2013,2.3000000000000003,1.75
13133S,2013,2.45,1.73
14045S,2013,2.22,1.77
21031S,2013,1.07,1.44
21039S,2013,0.78,1.24
21308S,2013,0.3,1.12
21334S,2013,0.62,1.16
21340S,2013,0.3,1.12
21386S,2013,1.35,1.68
19219S,2013,0.0,0.88
20112S,2013,0.0,1.0
20144S,2013,0.64,1.27
20145S,2013,0.61,1.22
20287S,2013,0.67,1.3900000000000001
20297S,2013,0.15,1.11
20299D,2013,0.44,1.12
20309S,2013,0.66,1.42
20348S,2013,0.0,1.05
20351A,2013,0.68,1.37
20351B,2013,0.64,1.31
20353S,2013,0.15,1.21
20354S,2013,0.15,1.21
21025S,2013,0.65,1.46
21060S,2013,0.46,1.22
21062S,2013,0.16,1.27
21064S,2013,0.15,1.17
21074S,2013,0.0,1.1300000000000001
21104S,2013,0.0,1.09
21137S,2013,0.0,1.06
21139S,2013,0.0,1.07
21140S,2013,0.0,1.03
21187S,2013,0.0,0.9500000000000001
21591S,2013,0.62,1.28
20113S,2013,0.0,0.97
21179S,2013,0.0,0.91
21186S,2013,0.0,0.97
21217S,2013,0.0,0.97
21219S,2013,0.0,0.99
21235S,2013,0.0,1.04
21241S,2013,0.0,0.97
21245S,2013,0.0,1.02
21278S,2013,0.0,1.0
21286S,2013,0.0,0.96
21450S,2013,0.0,0.99
21467S,2013,0.15,1.18
21497S,2013,0.0,1.2
21501S,2013,0.0,1.02
21511S,2013,0.0,0.97
21529S,2013,0.45,1.1400000000000001
21550S,2013,0.31,1.19
21556S,2013,0.0,1.0
21557S1,2013,0.0,1.0
21572S,2013,0.0,0.92
21577S,2013,0.0,0.9500000000000001
21584S,2013,0.0,0.9
21588S,2013,0.0,0.9
22084S,2013,0.0,1.0
22088S,2013,0.45,1.23
22102S,2013,0.0,0.9500000000000001
22104S,2013,0.0,0.92
22112S,2013,0.0,0.9400000000000001
22118S,2013,0.0,0.9500000000000001
22144S,2013,0.0,1.06
21296S,2013,0.0,1.02
21302S,2013,0.0,1.03
21305S,2013,0.0,1.04
21558S,2013,0.0,0.97
21562S,2013,0.0,0.9500000000000001
21583S,2013,0.0,0.91
18053S,2013,2.05,1.6
18065S,2013,1.98,1.69
18025S,2013,2.35,1.93
18026S,2013,2.4,1.92
18029S,2013,2.6,2.02
18030S,2013,2.09,1.83
18031S,2013,1.85,1.67
18032S,2013,2.17,2.07
18042S,2013,1.94,1.54
18043S,2013,1.85,1.67
18073S,2013,1.27,1.54
18074S,2013,0.63,1.21
18075S,2013,1.74,1.75
18076S,2013,0.98,1.4000000000000001
18077S,2013,0.81,1.28
18078S,2013,1.6600000000000001,1.9000000000000001
18079S,2013,1.42,1.6600000000000001
18088S,2013,1.03,1.46
18091S,2013,1.01,1.47
18095S,2013,1.3900000000000001,1.6300000000000001
18096S,2013,1.21,1.51
18099S,2013,0.68,1.41
18106S,2013,1.24,1.59
18023S,2013,2.48,1.71
18034S,2013,1.1400000000000001,1.58
18037S,2013,1.45,1.43
18039S,2013,0.92,1.41
18041S,2013,0.78,1.3900000000000001
18046S,2013,0.92,1.43
18081S,2013,1.23,1.29
18083S,2013,0.97,1.34
18086S,2013,0.86,1.47
20014S,2013,1.11,1.33
20019S,2013,1.11,1.33
20067A,2013,0.6,1.2
19120S,2013,0.14,1.1300000000000001
19131S,2013,0.0,1.01
19135S,2013,0.0,1.05
19137S,2013,0.91,1.26
19138S,2013,0.14,1.07
19147S,2013,0.0,1.02
19177S,2013,0.0,0.9
19195S,2013,0.0,0.88
20104S,2013,0.45,1.21
19159S,2013,0.0,0.99
19207S,2013,0.0,0.9400000000000001
19209S,2013,0.0,0.89
16028S,2014,0.0,1.04
16049S,2014,0.0,1.05
16054S,2014,0.0,1.08
15093S,2014,0.0,1.03
15095S,2014,0.0,0.91
15098S,2014,0.0,0.91
16013A,2014,0.0,0.9500000000000001
16013B,2014,0.0,0.9500000000000001
16013C,2014,0.0,0.9500000000000001
16015S,2014,0.0,0.93
16017S,2014,0.0,0.96
16020A,2014,0.0,0.98
16023S,2014,0.0,1.0
16024S,2014,0.0,1.03
16026S2,2014,0.0,1.04
16032S,2014,0.0,1.01
16040S,2014,0.0,1.03
16043A,2014,0.0,1.04
16044B,2014,0.0,1.04
16046S,2014,0.0,1.04
16057S,2014,0.0,1.0
16060S,2014,0.0,1.02
16064S,2014,0.0,1.03
16068S,2014,0.0,0.97
15088S,2014,0.0,0.99
15090S,2014,0.0,1.04
15092S,2014,0.0,1.01
15094S1,2014,0.0,0.91
15096S,2014,0.0,0.9400000000000001
15099A,2014,0.0,0.91
15099C,2014,0.0,0.9500000000000001
16019S,2014,0.0,1.01
16025S2,2014,0.0,1.03
16030S,2014,0.0,0.99
16058S,2014,0.0,0.98
16063S,2014,0.0,0.99
16065S,2014,0.0,0.9400000000000001
23045A,2014,0.0,1.1
23048S,2014,0.0,0.97
23051S,2014,0.0,0.99
23055S,2014,0.0,1.01
23068S,2014,0.0,1.03
23069S,2014,0.0,1.05
23077S,2014,0.0,0.9400000000000001
23079S,2014,0.0,0.89
23080S,2014,0.0,0.89
23081S,2014,0.0,0.88
23082S,2014,0.0,0.88
11167S,2014,0.0,0.97
12010S,2014,0.0,0.9400000000000001
12102S,2014,0.0,0.8200000000000001
11016S,2014,0.0,1.26
11029S,2014,0.0,1.19
11049S,2014,0.0,1.02
11162S,2014,0.0,0.85
11184C1,2014,0.0,0.9
11184C2,2014,0.0,0.9
11211S,2014,0.0,0.93
11222S2,2014,0.0,0.9400000000000001
11222S3,2014,0.0,0.9400000000000001
11237A,2014,0.0,0.85
11237B,2014,0.0,0.91
11237C,2014,0.0,0.84
12016B,2014,0.0,0.97
12027B,2014,0.0,0.86
11243S,2014,0.0,0.9400000000000001
12056S,2014,0.0,0.86
12061S,2014,0.0,0.73
12071S,2014,0.0,0.84
12098S,2014,0.0,0.85
12107S,2014,0.0,0.9500000000000001
14094S,2014,0.0,1.05
14097S,2014,0.0,1.05
14120B,2014,0.46,1.35
14123S,2014,0.0,0.98
14126S,2014,0.0,1.06
15002S,2014,0.0,0.99
15005S,2014,0.0,1.0
15012S,2014,0.0,1.16
15013S,2014,0.0,1.19
14054S,2014,0.0,0.91
14056S,2014,0.0,0.92
14061S,2014,0.0,0.97
14064S,2014,0.0,0.9400000000000001
14109S,2014,0.0,0.9400000000000001
14114S,2014,0.0,1.04
14115S,2014,0.0,1.1
14116S,2014,0.0,1.0
14118S,2014,0.0,0.96
14133S,2014,0.0,1.0
14134S,2014,0.0,0.98
14135S,2014,0.0,0.9500000000000001
14143S,2014,0.0,1.05
14147A,2014,0.0,1.04
15009S,2014,0.0,0.9500000000000001
15018S,2014,0.0,0.93
15019S,2014,0.0,0.97
15022S,2014,0.0,0.99
15024S,2014,0.0,0.96
15027S,2014,0.0,0.98
15028S2,2014,0.0,0.96
15030S,2014,0.0,0.98
15047S,2014,0.0,0.99
15054S,2014,0.0,1.31
15077S,2014,0.0,0.98
15081S,2014,0.0,1.1
15084S,2014,0.0,1.0
15089S,2014,0.0,1.05
14075S,2014,0.0,1.03
14085S,2014,0.0,1.21
14137S,2014,0.0,1.29
14138S,2014,0.0,1.28
14139S,2014,0.0,1.28
14152S,2014,0.0,1.09
14154S,2014,0.0,1.08
15023S,2014,0.0,1.02
15025S,2014,0.0,1.02
15032S,2014,0.0,1.1500000000000001
15034S,2014,0.0,1.16
15037S,2014,0.0,1.16
15050S,2014,0.0,1.19
15080S,2014,0.0,1.1300000000000001
15085S,2014,0.0,1.1300000000000001
19103S,2014,0.0,0.9
18118S,2014,0.0,0.9
19019S,2014,0.0,0.86
19028S,2014,0.0,0.81
19044S,2014,0.0,0.77
19045S,2014,0.0,0.75
19046S,2014,0.0,0.77
19047S,2014,0.0,0.79
19063A,2014,0.0,0.93
19063B,2014,0.0,0.86
19076S,2014,0.0,0.8
19082S,2014,0.0,0.8
19098S,2014,0.0,0.71
18112S,2014,0.0,0.79
18120S,2014,0.0,0.91
19061S,2014,0.0,0.9
17012A,2014,0.0,1.02
17043A,2014,0.0,0.9400000000000001
17043C,2014,0.0,0.9400000000000001
16067S,2014,0.0,0.9
16071S,2014,0.0,0.9400000000000001
17004S,2014,0.0,1.06
17010S,2014,0.0,1.03
17011S,2014,0.0,0.99
17016S,2014,0.0,0.98
17024S,2014,0.0,1.05
17034S,2014,0.0,1.04
17044S,2014,0.0,1.05
17051S,2014,0.0,0.99
17063A,2014,0.0,0.97
17064S,2014,0.0,0.89
17008S,2014,0.0,0.84
17014S,2014,0.0,0.91
17032S,2014,0.0,1.07
17057S,2014,0.0,1.06
17059A,2014,0.0,0.92
17068S,2014,0.0,0.89
13006S,2014,0.0,1.19
13081S,2014,0.0,1.07
13107S,2014,0.0,0.86
14017S,2014,0.0,0.66
13041S,2014,0.0,1.3
13060S,2014,0.0,1.25
13063S,2014,0.0,1.18
13072S,2014,0.0,1.27
13076S,2014,0.0,1.2
13087S,2014,0.0,0.98
13093A,2014,0.0,0.88
13108S,2014,0.0,0.72
13124S,2014,0.0,0.74
14003S,2014,0.0,0.7000000000000001
14016S,2014,0.0,0.64
13040S,2014,0.0,1.04
13056S,2014,0.0,1.01
13118A,2014,0.0,0.89
13121S,2014,0.0,0.98
13127S,2014,0.0,0.84
13130S,2014,0.0,0.81
13133S,2014,0.0,0.85
14045S,2014,0.0,1.0
21031S,2014,0.0,1.2
21039S,2014,0.0,1.27
21308S,2014,0.0,1.1
21334S,2014,0.0,1.24
21340S,2014,0.0,1.17
21386S,2014,0.0,0.9400000000000001
19219S,2014,0.0,0.79
20112S,2014,0.0,0.72
20144S,2014,0.0,0.85
20145S,2014,0.0,0.86
20287S,2014,0.0,0.86
20297S,2014,0.0,0.8300000000000001
20299D,2014,0.0,0.81
20309S,2014,0.0,0.86
20348S,2014,0.0,0.8300000000000001
20351A,2014,0.0,0.85
20351B,2014,0.0,0.85
20353S,2014,0.0,0.8200000000000001
20354S,2014,0.0,0.8200000000000001
21025S,2014,0.0,0.91
21060S,2014,0.0,0.8
21062S,2014,0.0,0.8300000000000001
21064S,2014,0.0,0.8
21074S,2014,0.0,0.86
21104S,2014,0.0,0.92
21137S,2014,0.0,0.86
21139S,2014,0.0,0.86
21140S,2014,0.0,0.81
21187S,2014,0.0,0.91
21591S,2014,0.0,0.84
20113S,2014,0.0,0.77
21179S,2014,0.0,1.0
21186S,2014,0.0,0.9500000000000001
21217S,2014,0.0,0.92
21219S,2014,0.0,0.93
21235S,2014,0.0,1.02
21241S,2014,0.0,1.0
21245S,2014,0.0,1.02
21278S,2014,0.0,0.93
21286S,2014,0.0,0.9400000000000001
21450S,2014,0.0,0.93
21467S,2014,0.0,0.88
21497S,2014,0.0,0.97
21501S,2014,0.0,0.9500000000000001
21511S,2014,0.0,0.9500000000000001
21529S,2014,0.0,0.91
21550S,2014,0.0,1.0
21556S,2014,0.0,1.05
21557S1,2014,0.0,1.05
21572S,2014,0.0,1.0
21577S,2014,0.0,1.04
21584S,2014,0.0,1.05
21588S,2014,0.0,1.05
22084S,2014,0.0,1.05
22088S,2014,0.0,0.9500000000000001
22102S,2014,0.0,1.07
22104S,2014,0.0,1.07
22112S,2014,0.0,1.07
22118S,2014,0.0,1.06
22144S,2014,0.0,1.1300000000000001
21296S,2014,0.0,0.97
21302S,2014,0.0,0.91
21305S,2014,0.0,0.91
21558S,2014,0.0,0.89
21562S,2014,0.0,0.93
21583S,2014,0.0,1.02
18053S,2014,0.0,0.9
18065S,2014,0.0,0.97
18025S,2014,0.0,0.74
18026S,2014,0.0,0.8300000000000001
18029S,2014,0.0,0.88
18030S,2014,0.0,0.8300000000000001
18031S,2014,0.0,0.8200000000000001
18032S,2014,0.0,0.87
18042S,2014,0.0,0.8
18043S,2014,0.0,0.8200000000000001
18073S,2014,0.0,0.79
18074S,2014,0.0,0.73
18075S,2014,0.0,0.8200000000000001
18076S,2014,0.0,0.78
18077S,2014,0.0,0.74
18078S,2014,0.0,0.8
18079S,2014,0.0,0.79
18088S,2014,0.0,0.72
18091S,2014,0.0,0.74
18095S,2014,0.0,0.75
18096S,2014,0.0,0.77
18099S,2014,0.0,0.8200000000000001
18106S,2014,0.0,0.8200000000000001
18023S,2014,0.0,0.8200000000000001
18034S,2014,0.0,1.04
18037S,2014,0.0,0.98
18039S,2014,0.0,0.8
18041S,2014,0.0,0.84
18046S,2014,0.0,0.8300000000000001
18081S,2014,0.0,0.72
18083S,2014,0.0,0.73
18086S,2014,0.0,0.72
20014S,2014,0.0,0.86
20019S,2014,0.0,0.86
20067A,2014,0.0,0.91
19120S,2014,0.0,0.7000000000000001
19131S,2014,0.0,0.76
19135S,2014,0.0,0.79
19137S,2014,0.0,0.85
19138S,2014,0.0,0.77
19147S,2014,0.0,0.77
19177S,2014,0.0,0.77
19195S,2014,0.0,0.6900000000000001
20104S,2014,0.0,0.73
19159S,2014,0.0,0.8
19207S,2014,0.0,0.77
19209S,2014,0.0,0.78
16028S,2015,1.5,1.6500000000000001
16049S,2015,1.8800000000000001,1.78
16054S,2015,1.3800000000000001,1.72
15093S,2015,0.65,1.5
15095S,2015,0.79,1.43
15098S,2015,0.9400000000000001,1.43
16013A,2015,1.09,1.5
16013B,2015,1.55,1.53
16013C,2015,1.55,1.53
16015S,2015,0.8,1.45
16017S,2015,0.9500000000000001,1.5
16020A,2015,0.97,1.5
16023S,2015,1.47,1.58
16024S,2015,1.41,1.61
16026S2,2015,1.6300000000000001,1.6400000000000001
16032S,2015,1.76,1.77
16040S,2015,1.51,1.72
16043A,2015,1.67,1.77
16044B,2015,2.13,1.85
16046S,2015,1.69,1.77
16057S,2015,1.6300000000000001,1.82
16060S,2015,2.08,1.82
16064S,2015,2.23,1.86
16068S,2015,2.3000000000000003,1.8800000000000001
15088S,2015,1.29,1.55
15090S,2015,1.29,1.52
15092S,2015,1.1500000000000001,1.47
15094S1,2015,0.97,1.45
15096S,2015,1.1400000000000001,1.5
15099A,2015,1.1300000000000001,1.51
15099C,2015,1.59,1.56
16019S,2015,1.4000000000000001,1.57
16025S2,2015,1.42,1.61
16030S,2015,1.48,1.75
16058S,2015,1.6400000000000001,1.79
16063S,2015,1.83,1.86
16065S,2015,2.15,1.9000000000000001
23045A,2015,1.04,1.61
23048S,2015,1.03,1.54
23051S,2015,1.04,1.54
23055S,2015,1.37,1.7
23068S,2015,1.02,1.87
23069S,2015,1.05,1.9100000000000001
23077S,2015,1.35,1.72
23079S,2015,1.1300000000000001,1.74
23080S,2015,0.8300000000000001,1.75
23081S,2015,0.8300000000000001,1.8
23082S,2015,0.6900000000000001,1.8
11167S,2015,0.51,1.42
12010S,2015,0.7000000000000001,1.76
12102S,2015,0.39,1.68
11016S,2015,0.32,1.21
11029S,2015,0.31,1.33
11049S,2015,1.06,1.51
11162S,2015,1.16,1.58
11184C1,2015,0.92,1.75
11184C2,2015,0.92,1.75
11211S,2015,0.8,1.3900000000000001
11222S2,2015,0.68,1.48
11222S3,2015,0.68,1.48
11237A,2015,0.68,1.51
11237B,2015,0.46,1.24
11237C,2015,0.45,1.27
12016B,2015,0.2,1.58
12027B,2015,0.19,1.5
11243S,2015,0.85,1.37
12056S,2015,0.52,1.3
12061S,2015,0.31,1.29
12071S,2015,0.68,1.57
12098S,2015,0.72,1.68
12107S,2015,0.73,1.68
14094S,2015,1.04,1.69
14097S,2015,1.04,1.69
14120B,2015,1.73,1.67
14123S,2015,1.72,1.57
14126S,2015,1.59,1.59
15002S,2015,1.32,1.56
15005S,2015,0.9400000000000001,1.57
15012S,2015,1.3800000000000001,1.57
15013S,2015,1.23,1.54
14054S,2015,1.04,1.61
14056S,2015,1.21,1.61
14061S,2015,1.04,1.7
14064S,2015,1.03,1.7
14109S,2015,1.16,1.52
14114S,2015,1.71,1.46
14115S,2015,1.72,1.56
14116S,2015,1.69,1.45
14118S,2015,1.58,1.56
14133S,2015,1.56,1.52
14134S,2015,1.58,1.56
14135S,2015,1.56,1.57
14143S,2015,1.82,1.42
14147A,2015,1.57,1.5
15009S,2015,1.06,1.54
15018S,2015,1.25,1.52
15019S,2015,1.24,1.52
15022S,2015,1.24,1.57
15024S,2015,0.93,1.54
15027S,2015,1.11,1.58
15028S2,2015,1.09,1.58
15030S,2015,0.92,1.56
15047S,2015,1.68,1.6300000000000001
15054S,2015,0.15,1.42
15077S,2015,1.45,1.53
15081S,2015,0.9500000000000001,1.44
15084S,2015,1.31,1.6400000000000001
15089S,2015,0.65,1.51
14075S,2015,1.41,1.58
14085S,2015,1.58,1.56
14137S,2015,1.51,1.51
14138S,2015,1.49,1.48
14139S,2015,1.49,1.48
14152S,2015,1.84,1.5
14154S,2015,2.56,1.57
15023S,2015,1.57,1.6
15025S,2015,1.57,1.6
15032S,2015,2.0,1.69
15034S,2015,2.16,1.68
15037S,2015,2.16,1.68
15050S,2015,2.34,1.77
15080S,2015,1.8,1.75
15085S,2015,1.8,1.75
19103S,2015,2.7800000000000002,2.0
18118S,2015,1.74,1.6400000000000001
19019S,2015,1.96,1.67
19028S,2015,0.98,1.6300000000000001
19044S,2015,0.8300000000000001,1.62
19045S,2015,1.4000000000000001,1.81
19046S,2015,1.1300000000000001,1.6300000000000001
19047S,2015,1.61,1.76
19063A,2015,0.61,1.62
19063B,2015,0.6,1.62
19076S,2015,0.46,1.6600000000000001
19082S,2015,0.61,1.55
19098S,2015,0.32,1.58
18112S,2015,1.92,1.7
18120S,2015,1.43,1.71
19061S,2015,1.03,1.6400000000000001
17012A,2015,1.6400000000000001,1.9100000000000001
17043A,2015,1.32,1.94
17043C,2015,1.32,1.94
16067S,2015,2.29,1.9100000000000001
16071S,2015,1.86,1.9000000000000001
17004S,2015,1.71,1.82
17010S,2015,2.04,1.8
17011S,2015,2.06,1.8900000000000001
17016S,2015,2.08,1.9100000000000001
17024S,2015,2.27,1.75
17034S,2015,2.25,1.8
17044S,2015,1.73,1.98
17051S,2015,2.05,1.92
17063A,2015,2.25,1.84
17064S,2015,2.25,1.77
17008S,2015,2.46,2.04
17014S,2015,2.33,2.0100000000000002
17032S,2015,2.44,1.8900000000000001
17057S,2015,2.65,1.9000000000000001
17059A,2015,2.31,1.74
17068S,2015,2.34,1.76
13006S,2015,0.66,1.6600000000000001
13081S,2015,0.84,1.44
13107S,2015,0.86,1.6
14017S,2015,0.52,1.49
13041S,2015,0.5,1.58
13060S,2015,0.34,1.41
13063S,2015,0.46,1.28
13072S,2015,0.51,1.53
13076S,2015,0.5,1.37
13087S,2015,0.84,1.45
13093A,2015,0.84,1.43
13108S,2015,0.7000000000000001,1.45
13124S,2015,0.86,1.46
14003S,2015,0.67,1.5
14016S,2015,0.6900000000000001,1.42
13040S,2015,0.48,1.23
13056S,2015,0.35000000000000003,1.29
13118A,2015,0.86,1.48
13121S,2015,1.07,1.57
13127S,2015,0.87,1.49
13130S,2015,0.85,1.5
13133S,2015,1.0,1.51
14045S,2015,1.41,1.58
21031S,2015,1.68,2.11
21039S,2015,1.85,2.12
21308S,2015,3.13,2.27
21334S,2015,1.87,2.1
21340S,2015,2.94,2.21
21386S,2015,1.55,2.02
19219S,2015,0.0,1.25
20112S,2015,0.61,1.54
20144S,2015,1.1500000000000001,1.6
20145S,2015,0.96,1.56
20287S,2015,1.32,1.59
20297S,2015,0.46,1.51
20299D,2015,0.65,1.49
20309S,2015,0.7000000000000001,1.62
20348S,2015,0.3,1.42
20351A,2015,1.1400000000000001,1.59
20351B,2015,1.3,1.6
20353S,2015,0.61,1.44
20354S,2015,0.61,1.44
21025S,2015,0.8,1.76
21060S,2015,1.31,1.54
21062S,2015,0.79,1.47
21064S,2015,1.1300000000000001,1.5
21074S,2015,0.97,1.47
21104S,2015,0.15,1.5
21137S,2015,0.76,1.45
21139S,2015,0.79,1.43
21140S,2015,0.85,1.48
21187S,2015,0.29,1.42
21591S,2015,1.28,1.6600000000000001
20113S,2015,0.15,1.33
21179S,2015,0.15,1.3800000000000001
21186S,2015,0.31,1.43
21217S,2015,0.81,1.61
21219S,2015,0.8,1.55
21235S,2015,0.47000000000000003,1.45
21241S,2015,0.61,1.48
21245S,2015,0.61,1.47
21278S,2015,1.1,1.6300000000000001
21286S,2015,0.64,1.55
21450S,2015,0.61,1.42
21467S,2015,0.32,1.3800000000000001
21497S,2015,0.3,1.49
21501S,2015,0.29,1.48
21511S,2015,0.29,1.47
21529S,2015,0.5,1.43
21550S,2015,0.97,1.44
21556S,2015,0.62,1.46
21557S1,2015,0.62,1.46
21572S,2015,0.58,1.43
21577S,2015,0.59,1.45
21584S,2015,0.29,1.42
21588S,2015,0.29,1.42
22084S,2015,0.62,1.46
22088S,2015,1.01,1.52
22102S,2015,0.59,1.43
22104S,2015,0.43,1.42
22112S,2015,0.44,1.43
22118S,2015,0.58,1.43
22144S,2015,0.63,1.45
21296S,2015,0.63,1.48
21302S,2015,0.65,1.51
21305S,2015,0.65,1.54
21558S,2015,0.61,1.47
21562S,2015,0.46,1.48
21583S,2015,0.31,1.48
18053S,2015,2.36,2.17
18065S,2015,2.42,2.15
18025S,2015,3.31,1.74
18026S,2015,3.11,1.9000000000000001
18029S,2015,3.25,1.97
18030S,2015,3.06,1.75
18031S,2015,3.0100000000000002,1.74
18032S,2015,3.0500000000000003,1.86
18042S,2015,2.98,1.71
18043S,2015,3.0100000000000002,1.74
18073S,2015,2.31,1.7
18074S,2015,2.5,1.71
18075S,2015,2.17,1.77
18076S,2015,2.4,1.73
18077S,2015,2.36,1.75
18078S,2015,2.07,1.8
18079S,2015,1.96,1.67
18088S,2015,2.5,1.76
18091S,2015,1.97,1.67
18095S,2015,2.54,1.9000000000000001
18096S,2015,2.48,1.84
18099S,2015,2.0300000000000002,1.6400000000000001
18106S,2015,2.18,1.92
18023S,2015,2.94,1.74
18034S,2015,3.45,1.6500000000000001
18037S,2015,3.49,1.77
18039S,2015,3.0500000000000003,1.6600000000000001
18041S,2015,3.27,1.79
18046S,2015,2.9,1.61
18081S,2015,2.49,1.6500000000000001
18083S,2015,2.34,1.7
18086S,2015,2.34,1.59
20014S,2015,1.8900000000000001,1.78
20019S,2015,1.8900000000000001,1.78
20067A,2015,1.76,1.8
19120S,2015,0.16,1.51
19131S,2015,1.1,1.68
19135S,2015,1.47,1.6600000000000001
19137S,2015,2.22,1.71
19138S,2015,1.1300000000000001,1.68
19147S,2015,0.29,1.31
19177S,2015,0.0,1.31
19195S,2015,0.15,1.33
20104S,2015,0.79,1.57
19159S,2015,0.92,1.37
19207S,2015,0.63,1.3900000000000001
19209S,2015,0.47000000000000003,1.37
16028S,2016,2.62,1.8
16049S,2016,3.67,2.07
16054S,2016,3.15,1.95
15093S,2016,2.71,1.8800000000000001
15095S,2016,3.2800000000000002,1.97
15098S,2016,3.25,1.95
16013A,2016,4.57,2.02
16013B,2016,6.03,2.04
16013C,2016,6.03,2.04
16015S,2016,2.75,1.84
16017S,2016,3.94,1.95
16020A,2016,3.25,1.9100000000000001
16023S,2016,3.04,1.93
16024S,2016,5.05,2.04
16026S2,2016,4.42,2.02
16032S,2016,4.96,2.22
16040S,2016,3.7800000000000002,2.04
16043A,2016,3.7600000000000002,2.08
16044B,2016,4.38,2.19
16046S,2016,3.87,2.07
16057S,2016,5.29,2.2600000000000002
16060S,2016,4.62,2.23
16064S,2016,4.11,2.11
16068S,2016,3.39,1.94
15088S,2016,6.3100000000000005,2.09
15090S,2016,6.8,2.06
15092S,2016,6.62,2.04
15094S1,2016,5.12,2.0300000000000002
15096S,2016,6.09,2.0300000000000002
15099A,2016,6.0600000000000005,2.02
15099C,2016,7.0600000000000005,2.04
16019S,2016,5.82,2.05
16025S2,2016,5.82,2.06
16030S,2016,6.41,2.29
16058S,2016,6.92,2.37
16063S,2016,6.82,2.25
16065S,2016,5.61,2.13
23045A,2016,0.0,1.5
23048S,2016,0.0,1.54
23051S,2016,0.0,1.58
23055S,2016,0.0,1.6
23068S,2016,0.0,1.61
23069S,2016,0.0,1.61
23077S,2016,0.15,1.6
23079S,2016,0.3,1.61
23080S,2016,0.15,1.6400000000000001
23081S,2016,0.6,1.7
23082S,2016,0.6,1.73
11167S,2016,11.370000000000001,2.65
12010S,2016,10.71,2.7800000000000002
12102S,2016,7.41,2.11
11016S,2016,12.67,2.74
11029S,2016,13.030000000000001,2.82
11049S,2016,12.35,2.8000000000000003
11162S,2016,11.38,2.8000000000000003
11184C1,2016,10.0,2.38
11184C2,2016,10.0,2.38
11211S,2016,9.93,2.34
11222S2,2016,8.76,2.23
11222S3,2016,8.76,2.23
11237A,2016,8.790000000000001,2.14
11237B,2016,8.11,2.08
11237C,2016,8.33,2.08
12016B,2016,9.35,2.41
12027B,2016,7.66,2.17
11243S,2016,10.540000000000001,2.25
12056S,2016,9.47,2.19
12061S,2016,7.88,2.0300000000000002
12071S,2016,8.76,2.1
12098S,2016,9.05,2.15
12107S,2016,8.950000000000001,2.2600000000000002
14094S,2016,7.92,2.27
14097S,2016,7.92,2.27
14120B,2016,7.72,2.4
14123S,2016,7.87,2.29
14126S,2016,7.76,2.2800000000000002
15002S,2016,5.68,2.21
15005S,2016,4.53,2.09
15012S,2016,3.46,1.97
15013S,2016,3.16,1.95
14054S,2016,8.49,2.35
14056S,2016,9.02,2.48
14061S,2016,7.38,2.33
14064S,2016,7.3,2.31
14109S,2016,8.86,2.24
14114S,2016,9.51,2.43
14115S,2016,8.040000000000001,2.27
14116S,2016,8.61,2.37
14118S,2016,8.03,2.2800000000000002
14133S,2016,7.96,2.34
14134S,2016,7.930000000000001,2.2800000000000002
14135S,2016,7.0200000000000005,2.29
14143S,2016,8.94,2.39
14147A,2016,8.53,2.33
15009S,2016,5.05,2.12
15018S,2016,5.75,2.24
15019S,2016,6.93,2.31
15022S,2016,7.6000000000000005,2.2800000000000002
15024S,2016,6.7700000000000005,2.24
15027S,2016,7.01,2.21
15028S2,2016,5.42,2.15
15030S,2016,4.55,2.12
15047S,2016,4.5600000000000005,2.0300000000000002
15054S,2016,3.2,1.92
15077S,2016,3.65,1.99
15081S,2016,3.13,1.92
15084S,2016,5.3500000000000005,2.07
15089S,2016,2.96,1.94
14075S,2016,10.58,2.64
14085S,2016,10.28,2.42
14137S,2016,10.93,2.5300000000000002
14138S,2016,11.36,2.5300000000000002
14139S,2016,11.36,2.5300000000000002
14152S,2016,10.01,2.5100000000000002
14154S,2016,10.790000000000001,2.49
15023S,2016,8.540000000000001,2.32
15025S,2016,8.540000000000001,2.32
15032S,2016,8.46,2.08
15034S,2016,8.27,2.07
15037S,2016,8.27,2.07
15050S,2016,8.55,2.08
15080S,2016,7.71,2.09
15085S,2016,7.71,2.09
19103S,2016,3.2600000000000002,2.0100000000000002
18118S,2016,3.22,2.0100000000000002
19019S,2016,2.69,1.8900000000000001
19028S,2016,2.2800000000000002,1.92
19044S,2016,0.8200000000000001,1.83
19045S,2016,2.14,1.8
19046S,2016,0.97,1.78
19047S,2016,1.44,1.78
19063A,2016,2.35,1.87
19063B,2016,1.62,1.8
19076S,2016,1.08,1.6500000000000001
19082S,2016,2.14,1.81
19098S,2016,1.12,1.6
18112S,2016,4.09,2.13
18120S,2016,3.67,2.0
19061S,2016,2.67,1.94
17012A,2016,2.45,1.95
17043A,2016,2.06,1.84
17043C,2016,2.06,1.84
16067S,2016,4.4,2.07
16071S,2016,3.0100000000000002,1.9100000000000001
17004S,2016,2.54,1.84
17010S,2016,2.27,1.85
17011S,2016,2.2800000000000002,1.9100000000000001
17016S,2016,2.46,1.9100000000000001
17024S,2016,2.29,1.82
17034S,2016,2.3000000000000003,1.84
17044S,2016,2.25,1.8900000000000001
17051S,2016,1.95,1.8800000000000001
17063A,2016,2.46,1.9000000000000001
17064S,2016,2.32,1.92
17008S,2016,4.49,2.09
17014S,2016,3.15,2.05
17032S,2016,3.36,1.95
17057S,2016,3.94,1.95
17059A,2016,3.15,1.9000000000000001
17068S,2016,4.38,2.08
13006S,2016,8.27,2.0100000000000002
13081S,2016,7.84,2.29
13107S,2016,6.01,2.25
14017S,2016,6.32,2.31
13041S,2016,7.72,2.19
13060S,2016,8.06,2.17
13063S,2016,8.16,2.16
13072S,2016,8.040000000000001,2.18
13076S,2016,7.91,2.2600000000000002
13087S,2016,6.38,2.23
13093A,2016,7.21,2.18
13108S,2016,5.92,2.32
13124S,2016,7.04,2.29
14003S,2016,5.64,2.39
14016S,2016,6.8500000000000005,2.38
13040S,2016,9.67,2.2
13056S,2016,9.620000000000001,2.16
13118A,2016,9.82,2.2
13121S,2016,9.98,2.38
13127S,2016,8.24,2.37
13130S,2016,7.75,2.22
13133S,2016,7.76,2.2
14045S,2016,10.02,2.59
21031S,2016,1.81,1.6600000000000001
21039S,2016,1.58,1.75
21308S,2016,1.76,1.93
21334S,2016,1.28,1.77
21340S,2016,1.58,1.9100000000000001
21386S,2016,2.57,1.6400000000000001
19219S,2016,1.61,1.45
20112S,2016,0.49,1.41
20144S,2016,1.32,1.49
20145S,2016,0.96,1.52
20287S,2016,2.22,1.6600000000000001
20297S,2016,0.81,1.48
20299D,2016,0.8,1.3900000000000001
20309S,2016,1.95,1.48
20348S,2016,0.88,1.6500000000000001
20351A,2016,0.84,1.42
20351B,2016,0.84,1.43
20353S,2016,0.49,1.52
20354S,2016,0.49,1.52
21025S,2016,1.99,1.61
21060S,2016,0.8200000000000001,1.46
21062S,2016,0.47000000000000003,1.53
21064S,2016,0.77,1.5
21074S,2016,0.47000000000000003,1.53
21104S,2016,0.6900000000000001,1.54
21137S,2016,0.48,1.4000000000000001
21139S,2016,0.64,1.4000000000000001
21140S,2016,0.34,1.42
21187S,2016,0.31,1.5
21591S,2016,1.1400000000000001,1.4000000000000001
20113S,2016,1.53,1.5
21179S,2016,0.29,1.58
21186S,2016,0.15,1.57
21217S,2016,0.14,1.54
21219S,2016,0.46,1.58
21235S,2016,0.29,1.67
21241S,2016,0.0,1.6600000000000001
21245S,2016,0.0,1.71
21278S,2016,0.29,1.59
21286S,2016,0.0,1.6
21450S,2016,0.65,1.5
21467S,2016,0.53,1.61
21497S,2016,0.16,1.54
21501S,2016,0.15,1.51
21511S,2016,0.16,1.47
21529S,2016,0.35000000000000003,1.44
21550S,2016,0.35000000000000003,1.44
21556S,2016,0.35000000000000003,1.44
21557S1,2016,0.35000000000000003,1.44
21572S,2016,0.33,1.43
21577S,2016,0.34,1.43
21584S,2016,0.37,1.51
21588S,2016,0.37,1.51
22084S,2016,0.35000000000000003,1.44
22088S,2016,0.36,1.49
22102S,2016,0.54,1.59
22104S,2016,0.37,1.52
22112S,2016,0.52,1.55
22118S,2016,0.55,1.61
22144S,2016,0.53,1.62
21296S,2016,0.0,1.69
21302S,2016,0.0,1.61
21305S,2016,0.0,1.6
21558S,2016,0.0,1.58
21562S,2016,0.16,1.5
21583S,2016,0.36,1.52
18053S,2016,2.5500000000000003,1.82
18065S,2016,3.33,1.95
18025S,2016,3.94,2.04
18026S,2016,2.0300000000000002,1.84
18029S,2016,2.15,1.83
18030S,2016,3.52,2.09
18031S,2016,3.3200000000000003,2.12
18032S,2016,2.5,1.98
18042S,2016,5.0,2.18
18043S,2016,3.3200000000000003,2.12
18073S,2016,2.66,2.1
18074S,2016,4.5600000000000005,1.96
18075S,2016,1.92,2.0100000000000002
18076S,2016,2.92,1.98
18077S,2016,3.6,1.9100000000000001
18078S,2016,1.78,1.98
18079S,2016,2.21,1.97
18088S,2016,3.14,1.83
18091S,2016,3.02,1.97
18095S,2016,2.17,1.81
18096S,2016,2.3000000000000003,1.79
18099S,2016,2.98,2.13
18106S,2016,2.1,1.83
18023S,2016,5.32,2.12
18034S,2016,7.24,2.15
18037S,2016,6.1000000000000005,2.25
18039S,2016,6.28,2.15
18041S,2016,6.49,2.15
18046S,2016,6.25,2.14
18081S,2016,4.94,1.85
18083S,2016,4.36,1.87
18086S,2016,4.1,2.0300000000000002
20014S,2016,3.3000000000000003,1.67
20019S,2016,3.3000000000000003,1.67
20067A,2016,3.22,1.58
19120S,2016,1.94,1.53
19131S,2016,1.51,1.57
19135S,2016,1.8900000000000001,1.69
19137S,2016,2.65,1.83
19138S,2016,1.54,1.6300000000000001
19147S,2016,1.85,1.69
19177S,2016,0.92,1.53
19195S,2016,0.64,1.42
20104S,2016,0.85,1.48
19159S,2016,3.0100000000000002,1.69
19207S,2016,2.15,1.6
19209S,2016,1.86,1.55
16028S,2017,11.540000000000001,2.93
16049S,2017,11.08,2.84
16054S,2017,10.69,2.91
15093S,2017,8.83,2.84
15095S,2017,7.79,2.69
15098S,2017,8.4,2.67
16013A,2017,7.7700000000000005,2.57
16013B,2017,8.08,2.59
16013C,2017,8.08,2.59
16015S,2017,9.13,2.73
16017S,2017,8.85,2.64
16020A,2017,9.92,2.77
16023S,2017,11.16,2.8000000000000003
16024S,2017,9.92,2.6
16026S2,2017,10.6,2.72
16032S,2017,10.34,2.7
16040S,2017,10.0,2.8000000000000003
16043A,2017,10.31,2.79
16044B,2017,10.71,2.7800000000000002
16046S,2017,10.55,2.81
16057S,2017,10.25,2.75
16060S,2017,10.33,2.7800000000000002
16064S,2017,11.290000000000001,2.79
16068S,2017,10.88,2.7
15088S,2017,7.45,2.52
15090S,2017,7.42,2.59
15092S,2017,7.41,2.62
15094S1,2017,7.08,2.62
15096S,2017,7.54,2.65
15099A,2017,7.86,2.61
15099C,2017,7.96,2.6
16019S,2017,8.58,2.5300000000000002
16025S2,2017,9.450000000000001,2.52
16030S,2017,10.63,2.67
16058S,2017,10.450000000000001,2.74
16063S,2017,10.16,2.7600000000000002
16065S,2017,10.200000000000001,2.72
23045A,2017,3.0700000000000003,2.18
23048S,2017,3.09,2.14
23051S,2017,2.84,2.16
23055S,2017,2.99,2.18
23068S,2017,1.74,2.32
23069S,2017,2.06,2.35
23077S,2017,3.73,2.08
23079S,2017,4.04,1.92
23080S,2017,3.62,1.8800000000000001
23081S,2017,3.48,1.93
23082S,2017,2.95,1.97
11167S,2017,4.57,2.19
12010S,2017,5.84,2.34
12102S,2017,6.34,2.3000000000000003
11016S,2017,3.5300000000000002,2.18
11029S,2017,3.52,2.1
11049S,2017,4.42,2.3000000000000003
11162S,2017,5.6000000000000005,2.2600000000000002
11184C1,2017,7.5,2.4
11184C2,2017,7.5,2.4
11211S,2017,8.32,2.31
11222S2,2017,8.22,2.27
11222S3,2017,8.22,2.27
11237A,2017,7.99,2.15
11237B,2017,8.02,2.08
11237C,2017,7.95,2.15
12016B,2017,6.03,2.3000000000000003
12027B,2017,5.8100000000000005,2.31
11243S,2017,9.52,2.0
12056S,2017,9.63,2.02
12061S,2017,6.17,2.18
12071S,2017,7.66,2.16
12098S,2017,8.120000000000001,2.23
12107S,2017,9.39,2.3000000000000003
14094S,2017,11.82,2.61
14097S,2017,11.82,2.61
14120B,2017,10.85,3.09
14123S,2017,9.56,2.94
14126S,2017,10.06,3.0300000000000002
15002S,2017,8.38,2.84
15005S,2017,8.040000000000001,2.7
15012S,2017,7.11,2.68
15013S,2017,7.41,2.67
14054S,2017,11.39,2.39
14056S,2017,11.03,2.33
14061S,2017,11.74,2.54
14064S,2017,11.63,2.52
14109S,2017,10.86,2.54
14114S,2017,8.36,2.65
14115S,2017,10.540000000000001,2.97
14116S,2017,8.66,2.68
14118S,2017,9.4,2.9
14133S,2017,8.73,2.82
14134S,2017,9.09,2.7800000000000002
14135S,2017,8.700000000000001,2.7800000000000002
14143S,2017,8.74,2.64
14147A,2017,8.93,2.66
15009S,2017,7.0200000000000005,2.68
15018S,2017,7.82,2.79
15019S,2017,6.8,2.89
15022S,2017,6.54,2.9
15024S,2017,6.62,2.82
15027S,2017,6.79,2.81
15028S2,2017,7.24,2.68
15030S,2017,7.03,2.64
15047S,2017,6.87,2.63
15054S,2017,7.23,2.72
15077S,2017,7.49,2.5100000000000002
15081S,2017,7.36,2.57
15084S,2017,7.49,2.5300000000000002
15089S,2017,8.6,2.81
14075S,2017,11.1,2.34
14085S,2017,9.05,2.46
14137S,2017,8.64,2.45
14138S,2017,9.200000000000001,2.43
14139S,2017,9.200000000000001,2.43
14152S,2017,9.34,2.95
14154S,2017,9.57,2.94
15023S,2017,7.11,3.0
15025S,2017,7.11,3.0
15032S,2017,7.76,2.8000000000000003
15034S,2017,7.49,2.72
15037S,2017,7.49,2.72
15050S,2017,7.59,2.73
15080S,2017,7.47,2.58
15085S,2017,7.47,2.58
19103S,2017,6.41,2.41
18118S,2017,4.2700000000000005,2.13
19019S,2017,3.5,2.19
19028S,2017,3.0700000000000003,2.06
19044S,2017,2.38,1.93
19045S,2017,3.33,2.0300000000000002
19046S,2017,1.95,1.92
19047S,2017,2.46,2.0300000000000002
19063A,2017,2.84,1.98
19063B,2017,1.62,1.93
19076S,2017,1.17,1.98
19082S,2017,2.92,2.06
19098S,2017,1.11,1.8900000000000001
18112S,2017,5.0200000000000005,2.21
18120S,2017,4.7700000000000005,2.2600000000000002
19061S,2017,3.64,2.12
17012A,2017,10.66,2.61
17043A,2017,8.870000000000001,2.62
17043C,2017,8.870000000000001,2.62
16067S,2017,10.34,2.67
16071S,2017,10.700000000000001,2.7
17004S,2017,10.23,2.74
17010S,2017,9.46,2.6
17011S,2017,8.96,2.54
17016S,2017,8.34,2.46
17024S,2017,9.52,2.47
17034S,2017,8.91,2.42
17044S,2017,9.96,2.43
17051S,2017,8.31,2.41
17063A,2017,8.16,2.44
17064S,2017,7.61,2.47
17008S,2017,8.47,2.6
17014S,2017,7.98,2.47
17032S,2017,7.49,2.43
17057S,2017,7.71,2.41
17059A,2017,7.92,2.47
17068S,2017,7.2700000000000005,2.5
13006S,2017,10.46,2.43
13081S,2017,10.85,2.58
13107S,2017,8.72,2.65
14017S,2017,9.03,2.84
13041S,2017,11.11,2.52
13060S,2017,11.19,2.5100000000000002
13063S,2017,10.76,2.48
13072S,2017,11.5,2.6
13076S,2017,10.83,2.5100000000000002
13087S,2017,10.38,2.5300000000000002
13093A,2017,9.57,2.43
13108S,2017,9.16,2.5
13124S,2017,10.02,2.38
14003S,2017,8.43,2.64
14016S,2017,10.38,2.66
13040S,2017,11.290000000000001,2.52
13056S,2017,11.13,2.45
13118A,2017,12.030000000000001,2.32
13121S,2017,12.450000000000001,2.37
13127S,2017,11.0,2.42
13130S,2017,10.540000000000001,2.29
13133S,2017,10.58,2.3000000000000003
14045S,2017,11.9,2.43
21031S,2017,5.8500000000000005,2.59
21039S,2017,4.55,2.64
21308S,2017,5.65,2.52
21334S,2017,4.39,2.58
21340S,2017,5.33,2.6
21386S,2017,6.6000000000000005,2.39
19219S,2017,1.81,1.8
20112S,2017,2.05,1.85
20144S,2017,3.6,2.12
20145S,2017,3.77,2.06
20287S,2017,3.42,2.14
20297S,2017,3.75,2.04
20299D,2017,3.19,1.84
20309S,2017,4.01,2.09
20348S,2017,2.46,1.74
20351A,2017,4.24,2.11
20351B,2017,4.38,2.13
20353S,2017,2.92,1.82
20354S,2017,2.92,1.82
21025S,2017,4.87,2.14
21060S,2017,4.24,2.07
21062S,2017,3.23,1.8900000000000001
21064S,2017,3.83,1.99
21074S,2017,3.19,1.96
21104S,2017,2.65,1.72
21137S,2017,3.5100000000000002,1.85
21139S,2017,3.62,1.9000000000000001
21140S,2017,3.5300000000000002,1.9100000000000001
21187S,2017,2.35,1.8
21591S,2017,4.29,2.13
20113S,2017,1.54,1.82
21179S,2017,2.77,1.82
21186S,2017,2.21,1.8
21217S,2017,4.17,1.92
21219S,2017,4.47,2.07
21235S,2017,4.6000000000000005,2.05
21241S,2017,3.85,1.8900000000000001
21245S,2017,3.3200000000000003,1.9000000000000001
21278S,2017,4.43,1.8800000000000001
21286S,2017,3.44,1.83
21450S,2017,2.61,1.94
21467S,2017,3.29,2.0100000000000002
21497S,2017,2.89,1.92
21501S,2017,1.8,1.93
21511S,2017,1.79,1.97
21529S,2017,3.67,2.05
21550S,2017,2.7,1.97
21556S,2017,1.11,1.96
21557S1,2017,1.11,1.96
21572S,2017,1.24,1.8800000000000001
21577S,2017,1.23,1.8900000000000001
21584S,2017,1.07,1.73
21588S,2017,1.07,1.73
22084S,2017,1.11,1.96
22088S,2017,3.42,2.02
22102S,2017,1.09,1.68
22104S,2017,1.21,1.84
22112S,2017,0.92,1.83
22118S,2017,0.93,1.78
22144S,2017,0.64,1.72
21296S,2017,2.81,1.8800000000000001
21302S,2017,2.11,1.8
21305S,2017,1.79,1.81
21558S,2017,1.61,1.83
21562S,2017,1.4000000000000001,1.8
21583S,2017,1.07,1.87
18053S,2017,9.28,2.5300000000000002
18065S,2017,8.71,2.48
18025S,2017,8.46,2.56
18026S,2017,8.4,2.5300000000000002
18029S,2017,8.25,2.62
18030S,2017,7.640000000000001,2.5
18031S,2017,7.16,2.46
18032S,2017,7.44,2.46
18042S,2017,7.54,2.5
18043S,2017,7.16,2.46
18073S,2017,6.17,2.41
18074S,2017,5.6000000000000005,2.2600000000000002
18075S,2017,5.7,2.39
18076S,2017,5.54,2.39
18077S,2017,5.55,2.35
18078S,2017,5.76,2.37
18079S,2017,4.36,2.36
18088S,2017,4.68,2.27
18091S,2017,4.15,2.21
18095S,2017,4.38,2.2800000000000002
18096S,2017,4.61,2.23
18099S,2017,3.73,2.22
18106S,2017,4.3500000000000005,2.27
18023S,2017,8.11,2.52
18034S,2017,7.46,2.18
18037S,2017,8.14,2.36
18039S,2017,6.8,2.18
18041S,2017,6.75,2.24
18046S,2017,7.29,2.16
18081S,2017,6.15,2.16
18083S,2017,5.33,2.17
18086S,2017,5.36,2.2600000000000002
20014S,2017,6.3100000000000005,2.29
20019S,2017,6.3100000000000005,2.29
20067A,2017,6.71,2.2600000000000002
19120S,2017,1.28,1.87
19131S,2017,2.06,1.94
19135S,2017,2.2800000000000002,2.0100000000000002
19137S,2017,3.24,2.06
19138S,2017,2.44,1.92
19147S,2017,1.53,1.75
19177S,2017,0.8200000000000001,1.6600000000000001
19195S,2017,1.97,1.76
20104S,2017,2.18,1.84
19159S,2017,2.87,1.94
19207S,2017,2.61,1.99
19209S,2017,2.7,1.93
16028S,2018,0.16,1.3
16049S,2018,0.15,1.24
16054S,2018,0.16,1.23
15093S,2018,0.0,1.41
15095S,2018,0.0,1.41
15098S,2018,0.0,1.36
16013A,2018,0.0,1.3
16013B,2018,0.15,1.28
16013C,2018,0.15,1.28
16015S,2018,0.0,1.4000000000000001
16017S,2018,0.0,1.33
16020A,2018,0.0,1.35
16023S,2018,0.0,1.31
16024S,2018,0.0,1.3
16026S2,2018,0.0,1.3900000000000001
16032S,2018,0.15,1.3800000000000001
16040S,2018,0.15,1.45
16043A,2018,0.0,1.33
16044B,2018,0.15,1.3
16046S,2018,0.14,1.3
16057S,2018,0.14,1.32
16060S,2018,0.14,1.31
16064S,2018,0.15,1.22
16068S,2018,0.15,1.16
15088S,2018,0.15,1.3900000000000001
15090S,2018,0.16,1.35
15092S,2018,0.16,1.34
15094S1,2018,0.15,1.36
15096S,2018,0.16,1.31
15099A,2018,0.15,1.27
15099C,2018,0.15,1.26
16019S,2018,0.0,1.29
16025S2,2018,0.0,1.3
16030S,2018,0.0,1.34
16058S,2018,0.16,1.26
16063S,2018,0.17,1.36
16065S,2018,0.16,1.4000000000000001
23045A,2018,0.0,1.09
23048S,2018,0.0,1.1500000000000001
23051S,2018,0.0,1.21
23055S,2018,0.0,1.29
23068S,2018,0.0,1.43
23069S,2018,0.0,1.46
23077S,2018,0.0,1.19
23079S,2018,0.0,1.33
23080S,2018,0.0,1.3800000000000001
23081S,2018,0.0,1.43
23082S,2018,0.0,1.44
11167S,2018,1.26,1.46
12010S,2018,0.78,1.37
12102S,2018,0.45,1.22
11016S,2018,0.98,1.74
11029S,2018,1.41,1.68
11049S,2018,0.93,1.51
11162S,2018,0.76,1.56
11184C1,2018,1.1,1.74
11184C2,2018,1.1,1.74
11211S,2018,0.97,1.6300000000000001
11222S2,2018,1.1400000000000001,1.8
11222S3,2018,1.1400000000000001,1.8
11237A,2018,1.1300000000000001,1.79
11237B,2018,1.44,1.79
11237C,2018,1.29,1.78
12016B,2018,0.44,1.34
12027B,2018,0.45,1.36
11243S,2018,2.57,1.6500000000000001
12056S,2018,3.54,1.46
12061S,2018,1.73,1.37
12071S,2018,2.21,1.33
12098S,2018,2.23,1.43
12107S,2018,2.23,1.57
14094S,2018,0.61,1.27
14097S,2018,0.61,1.27
14120B,2018,0.92,1.43
14123S,2018,0.98,1.45
14126S,2018,0.98,1.44
15002S,2018,0.3,1.36
15005S,2018,0.0,1.32
15012S,2018,0.0,1.25
15013S,2018,0.0,1.24
14054S,2018,0.98,1.33
14056S,2018,0.99,1.32
14061S,2018,1.25,1.37
14064S,2018,0.8,1.34
14109S,2018,0.6,1.21
14114S,2018,0.32,1.37
14115S,2018,0.81,1.42
14116S,2018,0.33,1.4000000000000001
14118S,2018,0.97,1.45
14133S,2018,0.49,1.47
14134S,2018,0.5,1.47
14135S,2018,0.5,1.47
14143S,2018,0.19,1.47
14147A,2018,0.48,1.51
15009S,2018,0.0,1.32
15018S,2018,0.0,1.36
15019S,2018,0.14,1.37
15022S,2018,0.0,1.35
15024S,2018,0.0,1.33
15027S,2018,0.0,1.3800000000000001
15028S2,2018,0.0,1.41
15030S,2018,0.0,1.35
15047S,2018,0.0,1.41
15054S,2018,0.0,1.18
15077S,2018,0.0,1.41
15081S,2018,0.0,1.35
15084S,2018,0.15,1.3800000000000001
15089S,2018,0.0,1.44
14075S,2018,0.96,1.37
14085S,2018,0.29,1.26
14137S,2018,0.14,1.4000000000000001
14138S,2018,0.14,1.44
14139S,2018,0.14,1.44
14152S,2018,0.0,1.55
14154S,2018,0.0,1.48
15023S,2018,0.0,1.3800000000000001
15025S,2018,0.0,1.3800000000000001
15032S,2018,0.0,1.49
15034S,2018,0.0,1.47
15037S,2018,0.0,1.47
15050S,2018,0.15,1.34
15080S,2018,0.31,1.32
15085S,2018,0.31,1.32
19103S,2018,0.0,1.01
18118S,2018,0.0,1.12
19019S,2018,0.0,1.01
19028S,2018,0.0,1.08
19044S,2018,0.0,1.06
19045S,2018,0.0,1.06
19046S,2018,0.0,1.02
19047S,2018,0.0,1.04
19063A,2018,0.0,1.05
19063B,2018,0.0,1.0
19076S,2018,0.0,0.9500000000000001
19082S,2018,0.0,0.98
19098S,2018,0.0,0.92
18112S,2018,0.0,1.08
18120S,2018,0.0,1.1400000000000001
19061S,2018,0.0,1.09
17012A,2018,0.3,1.1500000000000001
17043A,2018,0.14,1.19
17043C,2018,0.14,1.19
16067S,2018,0.15,1.31
16071S,2018,0.15,1.1400000000000001
17004S,2018,0.15,1.1500000000000001
17010S,2018,0.0,1.09
17011S,2018,0.0,1.1500000000000001
17016S,2018,0.15,1.1500000000000001
17024S,2018,0.59,1.9000000000000001
17034S,2018,0.61,1.9100000000000001
17044S,2018,0.48,1.37
17051S,2018,0.16,1.2
17063A,2018,0.18,1.37
17064S,2018,0.16,1.24
17008S,2018,0.0,1.19
17014S,2018,0.0,1.25
17032S,2018,0.2,1.5
17057S,2018,0.2,1.51
17059A,2018,0.33,1.45
17068S,2018,0.0,1.06
13006S,2018,0.7000000000000001,1.67
13081S,2018,1.02,1.47
13107S,2018,0.45,1.4000000000000001
14017S,2018,0.3,1.41
13041S,2018,1.27,1.57
13060S,2018,0.88,1.71
13063S,2018,0.6900000000000001,1.74
13072S,2018,1.35,1.56
13076S,2018,1.0,1.54
13087S,2018,0.91,1.35
13093A,2018,0.61,1.36
13108S,2018,0.75,1.35
13124S,2018,0.79,1.47
14003S,2018,0.15,1.41
14016S,2018,0.93,1.41
13040S,2018,1.27,1.74
13056S,2018,0.56,1.8900000000000001
13118A,2018,0.98,1.81
13121S,2018,0.98,1.69
13127S,2018,0.66,1.56
13130S,2018,0.65,1.55
13133S,2018,0.8,1.52
14045S,2018,1.6500000000000001,1.42
21031S,2018,0.0,1.49
21039S,2018,0.0,1.62
21308S,2018,1.31,1.6500000000000001
21334S,2018,0.0,1.6500000000000001
21340S,2018,1.1,1.6500000000000001
21386S,2018,0.0,1.12
19219S,2018,0.0,0.96
20112S,2018,0.0,0.9400000000000001
20144S,2018,0.0,1.11
20145S,2018,0.0,1.08
20287S,2018,0.15,1.1500000000000001
20297S,2018,0.0,1.02
20299D,2018,0.0,1.0
20309S,2018,0.0,0.99
20348S,2018,0.0,0.93
20351A,2018,0.0,0.97
20351B,2018,0.0,1.0
20353S,2018,0.0,0.9
20354S,2018,0.0,0.9
21025S,2018,0.0,1.1
21060S,2018,0.0,0.9500000000000001
21062S,2018,0.0,0.93
21064S,2018,0.0,0.93
21074S,2018,0.0,1.01
21104S,2018,0.0,0.99
21137S,2018,0.0,0.97
21139S,2018,0.0,1.0
21140S,2018,0.0,0.96
21187S,2018,0.0,1.06
21591S,2018,0.0,1.06
20113S,2018,0.0,0.97
21179S,2018,0.0,1.1300000000000001
21186S,2018,0.0,1.12
21217S,2018,0.0,1.04
21219S,2018,0.0,1.08
21235S,2018,0.0,1.1
21241S,2018,0.0,0.97
21245S,2018,0.0,0.98
21278S,2018,0.0,1.08
21286S,2018,0.0,1.02
21450S,2018,0.0,1.1
21467S,2018,0.0,1.07
21497S,2018,0.0,1.03
21501S,2018,0.0,1.02
21511S,2018,0.0,1.02
21529S,2018,0.0,1.03
21550S,2018,0.0,1.07
21556S,2018,0.0,1.05
21557S1,2018,0.0,1.05
21572S,2018,0.0,1.07
21577S,2018,0.0,1.08
21584S,2018,0.0,1.1500000000000001
21588S,2018,0.0,1.1500000000000001
22084S,2018,0.0,1.05
22088S,2018,0.0,1.0
22102S,2018,0.0,1.1400000000000001
22104S,2018,0.0,1.09
22112S,2018,0.0,1.07
22118S,2018,0.0,1.05
22144S,2018,0.0,1.01
21296S,2018,0.0,1.0
21302S,2018,0.0,1.01
21305S,2018,0.0,1.02
21558S,2018,0.0,1.01
21562S,2018,0.0,1.07
21583S,2018,0.0,1.18
18053S,2018,0.0,1.08
18065S,2018,0.0,1.04
18025S,2018,0.15,1.21
18026S,2018,0.0,1.1
18029S,2018,0.0,1.07
18030S,2018,0.15,1.17
18031S,2018,0.0,1.1300000000000001
18032S,2018,0.0,1.1
18042S,2018,0.15,1.18
18043S,2018,0.0,1.1300000000000001
18073S,2018,0.0,1.11
18074S,2018,0.3,1.24
18075S,2018,0.0,1.03
18076S,2018,0.14,1.1500000000000001
18077S,2018,0.15,1.19
18078S,2018,0.0,1.08
18079S,2018,0.0,1.02
18088S,2018,0.0,1.12
18091S,2018,0.0,1.01
18095S,2018,0.0,1.04
18096S,2018,0.0,1.02
18099S,2018,0.0,0.92
18106S,2018,0.0,1.0
18023S,2018,0.15,1.21
18034S,2018,0.46,1.28
18037S,2018,0.31,1.26
18039S,2018,0.45,1.24
18041S,2018,0.46,1.28
18046S,2018,0.31,1.22
18081S,2018,0.16,1.22
18083S,2018,0.15,1.19
18086S,2018,0.0,1.09
20014S,2018,0.0,1.19
20019S,2018,0.0,1.19
20067A,2018,0.0,1.08
19120S,2018,0.0,0.88
19131S,2018,0.0,0.8300000000000001
19135S,2018,0.0,0.8200000000000001
19137S,2018,0.0,1.11
19138S,2018,0.0,0.8300000000000001
19147S,2018,0.0,0.89
19177S,2018,0.0,0.87
19195S,2018,0.0,0.88
20104S,2018,0.0,0.93
19159S,2018,0.0,1.0
19207S,2018,0.0,1.05
19209S,2018,0.0,1.05
16028S,2019,0.31,1.48
16049S,2019,0.61,1.3
16054S,2019,0.67,1.49
15093S,2019,0.63,1.48
15095S,2019,0.63,1.44
15098S,2019,0.63,1.45
16013A,2019,0.64,1.45
16013B,2019,0.67,1.51
16013C,2019,0.67,1.51
16015S,2019,0.65,1.47
16017S,2019,0.64,1.46
16020A,2019,0.66,1.49
16023S,2019,0.8,1.47
16024S,2019,0.65,1.5
16026S2,2019,0.64,1.46
16032S,2019,0.3,1.23
16040S,2019,0.0,1.23
16043A,2019,0.0,1.21
16044B,2019,0.45,1.26
16046S,2019,0.14,1.25
16057S,2019,0.45,1.23
16060S,2019,0.45,1.23
16064S,2019,0.65,1.3
16068S,2019,0.7000000000000001,1.4000000000000001
15088S,2019,0.66,1.44
15090S,2019,0.67,1.51
15092S,2019,0.68,1.54
15094S1,2019,0.66,1.48
15096S,2019,0.68,1.53
15099A,2019,0.67,1.52
15099C,2019,0.6900000000000001,1.55
16019S,2019,0.66,1.51
16025S2,2019,0.65,1.51
16030S,2019,0.47000000000000003,1.32
16058S,2019,0.5,1.33
16063S,2019,0.6900000000000001,1.43
16065S,2019,0.7000000000000001,1.43
23045A,2019,0.0,1.69
23048S,2019,0.0,1.6300000000000001
23051S,2019,0.0,1.6
23055S,2019,0.0,1.52
23068S,2019,0.0,1.86
23069S,2019,0.0,1.8800000000000001
23077S,2019,0.0,1.44
23079S,2019,0.0,1.42
23080S,2019,0.0,1.46
23081S,2019,0.0,1.47
23082S,2019,0.0,1.53
11167S,2019,2.02,1.45
12010S,2019,1.47,1.26
12102S,2019,0.63,1.74
11016S,2019,3.4,2.45
11029S,2019,3.35,2.27
11049S,2019,2.84,1.86
11162S,2019,2.07,1.52
11184C1,2019,2.2,1.3900000000000001
11184C2,2019,2.2,1.3900000000000001
11211S,2019,2.3000000000000003,1.74
11222S2,2019,1.9100000000000001,1.42
11222S3,2019,1.9100000000000001,1.42
11237A,2019,1.92,1.3800000000000001
11237B,2019,1.83,1.29
11237C,2019,1.71,1.36
12016B,2019,1.1400000000000001,1.3
12027B,2019,0.9400000000000001,1.29
11243S,2019,1.8800000000000001,1.62
12056S,2019,1.34,1.19
12061S,2019,0.98,1.26
12071S,2019,0.67,1.4000000000000001
12098S,2019,0.66,1.57
12107S,2019,0.65,1.52
14094S,2019,0.7000000000000001,1.75
14097S,2019,0.7000000000000001,1.75
14120B,2019,1.22,1.7
14123S,2019,0.85,1.68
14126S,2019,0.88,1.69
15002S,2019,0.5,1.6500000000000001
15005S,2019,0.5,1.6400000000000001
15012S,2019,0.3,1.58
15013S,2019,0.3,1.58
14054S,2019,0.67,1.67
14056S,2019,0.67,1.59
14061S,2019,0.67,1.7
14064S,2019,0.67,1.7
14109S,2019,0.67,1.6300000000000001
14114S,2019,0.46,1.59
14115S,2019,0.71,1.68
14116S,2019,0.47000000000000003,1.6
14118S,2019,0.8300000000000001,1.67
14133S,2019,0.3,1.59
14134S,2019,0.61,1.6300000000000001
14135S,2019,0.61,1.62
14143S,2019,0.47000000000000003,1.56
14147A,2019,0.61,1.57
15009S,2019,0.31,1.6
15018S,2019,0.3,1.58
15019S,2019,0.14,1.56
15022S,2019,0.0,1.57
15024S,2019,0.29,1.57
15027S,2019,0.15,1.57
15028S2,2019,0.31,1.59
15030S,2019,0.31,1.61
15047S,2019,0.32,1.52
15054S,2019,0.32,1.59
15077S,2019,0.49,1.54
15081S,2019,0.63,1.61
15084S,2019,0.51,1.44
15089S,2019,0.64,1.52
14075S,2019,0.54,1.42
14085S,2019,0.32,1.45
14137S,2019,0.31,1.49
14138S,2019,0.47000000000000003,1.52
14139S,2019,0.47000000000000003,1.52
14152S,2019,0.0,1.62
14154S,2019,0.0,1.59
15023S,2019,0.0,1.57
15025S,2019,0.0,1.57
15032S,2019,0.32,1.52
15034S,2019,0.32,1.52
15037S,2019,0.32,1.52
15050S,2019,0.48,1.49
15080S,2019,0.66,1.45
15085S,2019,0.66,1.45
19103S,2019,0.0,1.3800000000000001
18118S,2019,0.0,1.18
19019S,2019,0.0,1.21
19028S,2019,0.0,1.17
19044S,2019,0.0,1.16
19045S,2019,0.0,1.3
19046S,2019,0.0,1.1500000000000001
19047S,2019,0.0,1.2
19063A,2019,0.0,1.1300000000000001
19063B,2019,0.0,1.11
19076S,2019,0.0,1.16
19082S,2019,0.0,1.22
19098S,2019,0.0,1.12
18112S,2019,0.0,1.1400000000000001
18120S,2019,0.0,1.22
19061S,2019,0.0,1.24
17012A,2019,0.79,1.67
17043A,2019,0.66,1.44
17043C,2019,0.66,1.44
16067S,2019,0.7000000000000001,1.45
16071S,2019,0.72,1.5
17004S,2019,0.77,1.6300000000000001
17010S,2019,0.74,1.6
17011S,2019,0.64,1.42
17016S,2019,0.46,1.3
17024S,2019,0.33,1.41
17034S,2019,0.19,1.42
17044S,2019,0.19,1.43
17051S,2019,0.15,1.25
17063A,2019,0.0,1.23
17064S,2019,0.0,1.23
17008S,2019,0.64,1.45
17014S,2019,0.32,1.32
17032S,2019,0.14,1.24
17057S,2019,0.0,1.24
17059A,2019,0.0,1.23
17068S,2019,0.0,1.16
13006S,2019,1.48,1.51
13081S,2019,0.48,1.36
13107S,2019,0.77,1.46
14017S,2019,1.03,1.53
13041S,2019,1.85,1.51
13060S,2019,1.51,1.6
13063S,2019,1.33,1.56
13072S,2019,1.79,1.52
13076S,2019,1.29,1.55
13087S,2019,0.76,1.42
13093A,2019,0.59,1.56
13108S,2019,0.77,1.55
13124S,2019,0.6,1.61
14003S,2019,0.77,1.59
14016S,2019,0.8200000000000001,1.6400000000000001
13040S,2019,1.69,1.44
13056S,2019,1.09,1.43
13118A,2019,0.6,1.43
13121S,2019,0.76,1.35
13127S,2019,0.75,1.42
13130S,2019,0.45,1.46
13133S,2019,0.45,1.3800000000000001
14045S,2019,0.8300000000000001,1.42
21031S,2019,0.0,1.86
21039S,2019,0.0,2.04
21308S,2019,0.0,2.27
21334S,2019,0.0,2.07
21340S,2019,0.0,2.22
21386S,2019,0.0,1.53
19219S,2019,0.0,1.03
20112S,2019,0.0,1.23
20144S,2019,0.0,1.56
20145S,2019,0.0,1.51
20287S,2019,0.0,1.57
20297S,2019,0.0,1.4000000000000001
20299D,2019,0.0,1.32
20309S,2019,0.0,1.36
20348S,2019,0.0,1.26
20351A,2019,0.0,1.41
20351B,2019,0.0,1.44
20353S,2019,0.0,1.28
20354S,2019,0.0,1.28
21025S,2019,0.0,1.43
21060S,2019,0.0,1.45
21062S,2019,0.0,1.33
21064S,2019,0.0,1.41
21074S,2019,0.0,1.56
21104S,2019,0.0,1.3
21137S,2019,0.0,1.32
21139S,2019,0.0,1.21
21140S,2019,0.0,1.47
21187S,2019,0.0,1.16
21591S,2019,0.0,1.43
20113S,2019,0.0,1.05
21179S,2019,0.0,1.1500000000000001
21186S,2019,0.0,1.1400000000000001
21217S,2019,0.0,1.48
21219S,2019,0.0,1.37
21235S,2019,0.0,1.32
21241S,2019,0.0,1.35
21245S,2019,0.0,1.4000000000000001
21278S,2019,0.0,1.55
21286S,2019,0.0,1.5
21450S,2019,0.0,1.23
21467S,2019,0.0,1.2
21497S,2019,0.0,1.48
21501S,2019,0.0,1.54
21511S,2019,0.0,1.55
21529S,2019,0.0,1.45
21550S,2019,0.0,1.49
21556S,2019,0.0,1.54
21557S1,2019,0.0,1.54
21572S,2019,0.0,1.56
21577S,2019,0.0,1.57
21584S,2019,0.0,1.58
21588S,2019,0.0,1.58
22084S,2019,0.0,1.54
22088S,2019,0.0,1.28
22102S,2019,0.0,1.59
22104S,2019,0.0,1.56
22112S,2019,0.0,1.55
22118S,2019,0.0,1.56
22144S,2019,0.0,1.48
21296S,2019,0.0,1.52
21302S,2019,0.0,1.55
21305S,2019,0.0,1.57
21558S,2019,0.0,1.56
21562S,2019,0.0,1.59
21583S,2019,0.0,1.58
18053S,2019,0.0,1.28
18065S,2019,0.15,1.31
18025S,2019,0.0,1.24
18026S,2019,0.0,1.25
18029S,2019,0.0,1.26
18030S,2019,0.0,1.1400000000000001
18031S,2019,0.0,1.11
18032S,2019,0.0,1.18
18042S,2019,0.0,1.1
18043S,2019,0.0,1.11
18073S,2019,0.0,1.11
18074S,2019,0.0,1.24
18075S,2019,0.0,1.1
18076S,2019,0.0,1.33
18077S,2019,0.0,1.37
18078S,2019,0.0,1.16
18079S,2019,0.0,1.32
18088S,2019,0.0,1.35
18091S,2019,0.0,1.16
18095S,2019,0.0,1.25
18096S,2019,0.0,1.19
18099S,2019,0.0,1.2
18106S,2019,0.0,1.2
18023S,2019,0.0,1.22
18034S,2019,0.0,1.05
18037S,2019,0.0,1.1300000000000001
18039S,2019,0.0,1.11
18041S,2019,0.0,1.09
18046S,2019,0.0,1.1300000000000001
18081S,2019,0.0,1.22
18083S,2019,0.0,1.24
18086S,2019,0.0,1.21
20014S,2019,0.0,1.4000000000000001
20019S,2019,0.0,1.4000000000000001
20067A,2019,0.0,1.3900000000000001
19120S,2019,0.0,1.06
19131S,2019,0.0,1.1500000000000001
19135S,2019,0.0,1.21
19137S,2019,0.0,1.27
19138S,2019,0.0,1.1500000000000001
19147S,2019,0.0,1.06
19177S,2019,0.0,0.98
19195S,2019,0.0,1.01
20104S,2019,0.0,1.1500000000000001
19159S,2019,0.0,0.97
19207S,2019,0.0,1.03
19209S,2019,0.0,1.04
16028S,2020,5.54,2.06
16049S,2020,5.42,1.95
16054S,2020,4.88,1.94
15093S,2020,2.44,1.67
15095S,2020,2.45,1.6600000000000001
15098S,2020,2.77,1.69
16013A,2020,4.71,1.69
16013B,2020,5.96,1.78
16013C,2020,5.96,1.78
16015S,2020,2.98,1.72
16017S,2020,4.2700000000000005,1.69
16020A,2020,3.94,1.79
16023S,2020,5.08,1.92
16024S,2020,6.84,1.83
16026S2,2020,7.07,1.8800000000000001
16032S,2020,7.62,1.9000000000000001
16040S,2020,6.54,1.8800000000000001
16043A,2020,5.92,1.8800000000000001
16044B,2020,7.19,1.9000000000000001
16046S,2020,5.79,1.9100000000000001
16057S,2020,7.59,1.9100000000000001
16060S,2020,7.51,1.8900000000000001
16064S,2020,6.82,1.93
16068S,2020,6.23,1.93
15088S,2020,4.95,1.74
15090S,2020,6.24,1.82
15092S,2020,6.08,1.83
15094S1,2020,4.91,1.7
15096S,2020,5.62,1.8
15099A,2020,5.64,1.79
15099C,2020,7.57,1.86
16019S,2020,6.34,1.77
16025S2,2020,7.4,1.8800000000000001
16030S,2020,8.43,1.97
16058S,2020,8.21,2.0
16063S,2020,7.76,2.0
16065S,2020,7.51,1.99
23045A,2020,7.42,1.96
23048S,2020,6.9,1.93
23051S,2020,6.48,1.85
23055S,2020,5.34,1.86
23068S,2020,8.85,2.2600000000000002
23069S,2020,8.870000000000001,2.2600000000000002
23077S,2020,3.77,1.67
23079S,2020,3.69,1.8800000000000001
23080S,2020,3.6,1.9000000000000001
23081S,2020,4.55,1.98
23082S,2020,5.22,1.99
11167S,2020,8.89,1.86
12010S,2020,7.18,1.68
12102S,2020,4.0600000000000005,1.51
11016S,2020,10.07,1.92
11029S,2020,9.9,1.93
11049S,2020,10.27,1.82
11162S,2020,10.15,1.97
11184C1,2020,9.07,1.8
11184C2,2020,9.07,1.8
11211S,2020,9.700000000000001,1.95
11222S2,2020,9.68,1.86
11222S3,2020,9.68,1.86
11237A,2020,8.78,1.78
11237B,2020,7.5200000000000005,1.75
11237C,2020,7.5200000000000005,1.76
12016B,2020,6.48,1.77
12027B,2020,4.45,1.7
11243S,2020,7.79,1.81
12056S,2020,6.93,1.6300000000000001
12061S,2020,4.34,1.57
12071S,2020,4.98,1.44
12098S,2020,5.24,1.3800000000000001
12107S,2020,5.88,1.44
14094S,2020,4.2700000000000005,1.78
14097S,2020,4.2700000000000005,1.78
14120B,2020,5.12,1.96
14123S,2020,4.94,1.83
14126S,2020,5.2700000000000005,1.86
15002S,2020,3.44,1.56
15005S,2020,2.19,1.54
15012S,2020,0.49,1.62
15013S,2020,0.49,1.6500000000000001
14054S,2020,4.1,1.98
14056S,2020,4.32,1.9100000000000001
14061S,2020,4.78,1.96
14064S,2020,4.0200000000000005,1.81
14109S,2020,3.87,1.81
14114S,2020,6.68,1.95
14115S,2020,4.99,1.93
14116S,2020,5.98,1.9100000000000001
14118S,2020,5.0600000000000005,1.86
14133S,2020,4.91,1.6600000000000001
14134S,2020,4.89,1.67
14135S,2020,4.49,1.62
14143S,2020,6.57,1.85
14147A,2020,5.93,1.75
15009S,2020,2.31,1.61
15018S,2020,3.0700000000000003,1.6400000000000001
15019S,2020,3.85,1.7
15022S,2020,5.05,1.77
15024S,2020,3.31,1.69
15027S,2020,4.76,1.74
15028S2,2020,2.48,1.6500000000000001
15030S,2020,1.83,1.58
15047S,2020,2.65,1.6600000000000001
15054S,2020,0.62,1.81
15077S,2020,1.45,1.58
15081S,2020,0.97,1.6400000000000001
15084S,2020,3.63,1.69
15089S,2020,2.04,1.6400000000000001
14075S,2020,7.390000000000001,2.0
14085S,2020,7.44,1.98
14137S,2020,7.390000000000001,1.97
14138S,2020,7.87,1.95
14139S,2020,7.87,1.95
14152S,2020,7.78,1.86
14154S,2020,8.55,1.93
15023S,2020,6.63,1.84
15025S,2020,6.63,1.84
15032S,2020,7.22,1.9100000000000001
15034S,2020,6.91,1.8900000000000001
15037S,2020,6.91,1.8900000000000001
15050S,2020,7.43,1.92
15080S,2020,6.83,1.86
15085S,2020,6.83,1.86
19103S,2020,7.42,2.33
18118S,2020,4.8500000000000005,2.04
19019S,2020,4.64,1.83
19028S,2020,4.24,1.93
19044S,2020,2.12,1.6300000000000001
19045S,2020,3.86,1.86
19046S,2020,2.48,1.7
19047S,2020,3.2600000000000002,1.86
19063A,2020,2.98,1.59
19063B,2020,2.19,1.43
19076S,2020,1.74,1.5
19082S,2020,3.4,1.56
19098S,2020,1.69,1.3900000000000001
18112S,2020,5.83,2.16
18120S,2020,6.94,2.2800000000000002
19061S,2020,4.48,1.81
17012A,2020,4.2700000000000005,1.87
17043A,2020,4.0600000000000005,1.96
17043C,2020,4.0600000000000005,1.96
16067S,2020,7.21,1.98
16071S,2020,5.6000000000000005,1.92
17004S,2020,4.76,1.92
17010S,2020,4.82,1.85
17011S,2020,5.0600000000000005,1.82
17016S,2020,5.53,1.81
17024S,2020,5.37,1.85
17034S,2020,5.45,1.84
17044S,2020,5.46,1.9000000000000001
17051S,2020,5.63,1.81
17063A,2020,5.91,1.85
17064S,2020,5.84,1.85
17008S,2020,5.67,1.9000000000000001
17014S,2020,5.3100000000000005,1.82
17032S,2020,5.62,1.9100000000000001
17057S,2020,5.87,1.8900000000000001
17059A,2020,5.8500000000000005,1.86
17068S,2020,5.57,1.98
13006S,2020,4.51,1.51
13081S,2020,7.8100000000000005,1.93
13107S,2020,6.09,1.98
14017S,2020,5.22,1.8800000000000001
13041S,2020,6.140000000000001,1.69
13060S,2020,6.2,1.78
13063S,2020,6.18,1.72
13072S,2020,6.92,1.85
13076S,2020,6.8,1.85
13087S,2020,7.0600000000000005,1.92
13093A,2020,5.97,1.72
13108S,2020,5.37,1.86
13124S,2020,6.23,1.74
14003S,2020,5.18,1.8900000000000001
14016S,2020,6.41,1.7
13040S,2020,5.71,1.73
13056S,2020,6.05,1.74
13118A,2020,7.74,1.9100000000000001
13121S,2020,7.390000000000001,1.97
13127S,2020,6.78,1.96
13130S,2020,6.3,2.04
13133S,2020,6.21,2.09
14045S,2020,6.86,2.17
21031S,2020,9.22,2.66
21039S,2020,9.88,2.71
21308S,2020,10.02,2.75
21334S,2020,10.07,2.58
21340S,2020,10.07,2.82
21386S,2020,8.72,2.15
19219S,2020,3.35,1.6600000000000001
20112S,2020,4.08,1.71
20144S,2020,7.92,2.07
20145S,2020,7.16,1.94
20287S,2020,9.48,2.22
20297S,2020,5.61,1.81
20299D,2020,6.18,1.8
20309S,2020,8.11,2.2
20348S,2020,4.37,1.56
20351A,2020,8.94,2.04
20351B,2020,8.97,2.0300000000000002
20353S,2020,5.66,1.72
20354S,2020,5.66,1.72
21025S,2020,7.5200000000000005,2.0300000000000002
21060S,2020,8.68,2.0100000000000002
21062S,2020,6.5200000000000005,1.83
21064S,2020,7.34,1.92
21074S,2020,6.91,1.87
21104S,2020,3.69,1.7
21137S,2020,4.9,1.75
21139S,2020,5.57,1.77
21140S,2020,6.57,1.97
21187S,2020,2.12,1.48
21591S,2020,8.9,2.12
20113S,2020,1.96,1.5
21179S,2020,0.92,1.41
21186S,2020,0.64,1.3
21217S,2020,7.23,1.83
21219S,2020,6.9,1.84
21235S,2020,5.09,1.73
21241S,2020,4.75,1.72
21245S,2020,4.55,1.6400000000000001
21278S,2020,7.36,1.8900000000000001
21286S,2020,6.42,1.76
21450S,2020,4.15,1.58
21467S,2020,2.34,1.59
21497S,2020,3.37,1.6400000000000001
21501S,2020,4.23,1.68
21511S,2020,4.44,1.7
21529S,2020,3.98,1.67
21550S,2020,5.89,1.85
21556S,2020,6.8,1.87
21557S1,2020,6.8,1.87
21572S,2020,6.17,1.83
21577S,2020,6.3100000000000005,1.85
21584S,2020,6.41,1.8900000000000001
21588S,2020,6.41,1.8900000000000001
22084S,2020,6.8,1.87
22088S,2020,4.84,1.83
22102S,2020,6.6000000000000005,1.93
22104S,2020,6.61,1.86
22112S,2020,6.7,1.9000000000000001
22118S,2020,6.82,1.98
22144S,2020,7.34,2.0
21296S,2020,4.94,1.62
21302S,2020,4.59,1.6500000000000001
21305S,2020,4.61,1.6500000000000001
21558S,2020,4.61,1.6300000000000001
21562S,2020,6.0,1.78
21583S,2020,6.29,1.97
18053S,2020,6.8100000000000005,2.07
18065S,2020,8.18,2.24
18025S,2020,5.74,2.0100000000000002
18026S,2020,5.29,2.06
18029S,2020,5.25,2.0300000000000002
18030S,2020,5.4,2.06
18031S,2020,5.43,2.07
18032S,2020,5.11,2.14
18042S,2020,6.5200000000000005,2.06
18043S,2020,5.43,2.07
18073S,2020,5.18,2.17
18074S,2020,5.88,2.04
18075S,2020,4.21,2.16
18076S,2020,5.78,2.1
18077S,2020,5.8500000000000005,2.06
18078S,2020,3.93,2.07
18079S,2020,4.71,2.07
18088S,2020,5.46,2.0300000000000002
18091S,2020,5.32,1.98
18095S,2020,5.3100000000000005,2.05
18096S,2020,5.17,2.04
18099S,2020,5.07,1.83
18106S,2020,4.94,2.05
18023S,2020,6.49,2.02
18034S,2020,8.3,2.18
18037S,2020,7.140000000000001,2.18
18039S,2020,7.1000000000000005,2.07
18041S,2020,6.65,2.1
18046S,2020,7.65,2.11
18081S,2020,6.3500000000000005,2.06
18083S,2020,5.96,2.04
18086S,2020,6.5200000000000005,2.0300000000000002
20014S,2020,7.66,2.32
20019S,2020,7.66,2.32
20067A,2020,7.66,2.18
19120S,2020,2.54,1.46
19131S,2020,3.0700000000000003,1.68
19135S,2020,3.23,1.77
19137S,2020,4.6000000000000005,2.0300000000000002
19138S,2020,3.52,1.77
19147S,2020,3.0700000000000003,1.57
19177S,2020,2.23,1.48
19195S,2020,3.63,1.7
20104S,2020,4.91,1.81
19159S,2020,5.73,1.92
19207S,2020,5.84,1.93
19209S,2020,4.94,1.8800000000000001
16028S,2021,0.81,1.76
16049S,2021,0.31,1.59
16054S,2021,0.32,1.58
15093S,2021,0.63,1.6400000000000001
15095S,2021,0.77,1.59
15098S,2021,0.48,1.58
16013A,2021,0.77,1.6
16013B,2021,0.78,1.62
16013C,2021,0.78,1.62
16015S,2021,0.32,1.55
16017S,2021,0.61,1.58
16020A,2021,0.47000000000000003,1.55
16023S,2021,0.61,1.61
16024S,2021,0.45,1.78
16026S2,2021,0.47000000000000003,1.78
16032S,2021,0.92,1.55
16040S,2021,0.63,1.71
16043A,2021,0.6,1.61
16044B,2021,0.61,1.62
16046S,2021,0.46,1.61
16057S,2021,0.93,1.55
16060S,2021,0.9,1.58
16064S,2021,0.46,1.61
16068S,2021,0.6,1.51
15088S,2021,1.3800000000000001,1.53
15090S,2021,1.71,1.56
15092S,2021,1.71,1.55
15094S1,2021,1.24,1.57
15096S,2021,1.3800000000000001,1.54
15099A,2021,1.08,1.57
15099C,2021,1.07,1.6400000000000001
16019S,2021,0.6,1.7
16025S2,2021,0.88,1.81
16030S,2021,1.26,1.51
16058S,2021,1.72,1.51
16063S,2021,1.45,1.53
16065S,2021,1.44,1.53
23045A,2021,0.0,1.4000000000000001
23048S,2021,0.0,1.43
23051S,2021,0.0,1.44
23055S,2021,0.0,1.48
23068S,2021,0.0,1.43
23069S,2021,0.0,1.47
23077S,2021,0.0,1.53
23079S,2021,0.0,1.45
23080S,2021,0.0,1.44
23081S,2021,0.0,1.41
23082S,2021,0.0,1.3800000000000001
11167S,2021,3.46,1.9100000000000001
12010S,2021,3.99,1.85
12102S,2021,3.38,1.61
11016S,2021,6.18,1.83
11029S,2021,5.87,1.85
11049S,2021,5.49,1.85
11162S,2021,4.22,1.84
11184C1,2021,4.18,1.7
11184C2,2021,4.18,1.7
11211S,2021,5.16,1.59
11222S2,2021,4.3100000000000005,1.58
11222S3,2021,4.3100000000000005,1.58
11237A,2021,4.38,1.6600000000000001
11237B,2021,4.54,1.57
11237C,2021,4.3500000000000005,1.6500000000000001
12016B,2021,3.2,1.74
12027B,2021,2.24,1.6600000000000001
11243S,2021,8.02,1.9000000000000001
12056S,2021,7.930000000000001,1.94
12061S,2021,5.14,1.59
12071S,2021,6.33,1.72
12098S,2021,6.890000000000001,1.7
12107S,2021,7.3500000000000005,1.82
14094S,2021,5.95,1.92
14097S,2021,5.95,1.92
14120B,2021,5.2700000000000005,1.8900000000000001
14123S,2021,4.63,1.87
14126S,2021,4.76,1.87
15002S,2021,2.22,1.72
15005S,2021,1.82,1.68
15012S,2021,0.77,1.55
15013S,2021,0.77,1.57
14054S,2021,5.61,1.8900000000000001
14056S,2021,5.47,1.87
14061S,2021,6.42,1.98
14064S,2021,6.2,1.96
14109S,2021,4.5,1.8800000000000001
14114S,2021,4.19,1.97
14115S,2021,4.69,1.79
14116S,2021,4.13,1.9100000000000001
14118S,2021,4.37,1.84
14133S,2021,3.04,1.62
14134S,2021,3.5100000000000002,1.6500000000000001
14135S,2021,2.57,1.62
14143S,2021,3.95,1.8900000000000001
14147A,2021,3.99,1.74
15009S,2021,1.6400000000000001,1.6300000000000001
15018S,2021,1.85,1.61
15019S,2021,2.16,1.57
15022S,2021,2.16,1.56
15024S,2021,1.82,1.58
15027S,2021,1.96,1.57
15028S2,2021,1.78,1.61
15030S,2021,1.76,1.62
15047S,2021,1.25,1.53
15054S,2021,0.77,1.6400000000000001
15077S,2021,0.63,1.55
15081S,2021,0.76,1.61
15084S,2021,0.9400000000000001,1.54
15089S,2021,0.77,1.68
14075S,2021,5.5,2.07
14085S,2021,4.7,2.1
14137S,2021,3.91,2.11
14138S,2021,3.6,2.11
14139S,2021,3.6,2.11
14152S,2021,3.35,1.85
14154S,2021,3.83,1.87
15023S,2021,2.5100000000000002,1.6300000000000001
15025S,2021,2.5100000000000002,1.6300000000000001
15032S,2021,2.91,1.6500000000000001
15034S,2021,2.57,1.6
15037S,2021,2.57,1.6
15050S,2021,2.52,1.57
15080S,2021,1.75,1.55
15085S,2021,1.75,1.55
19103S,2021,0.0,1.72
18118S,2021,0.0,1.48
19019S,2021,0.0,1.48
19028S,2021,0.0,1.52
19044S,2021,0.0,1.42
19045S,2021,0.0,1.59
19046S,2021,0.0,1.4000000000000001
19047S,2021,0.0,1.51
19063A,2021,0.0,1.33
19063B,2021,0.0,1.23
19076S,2021,0.0,1.1300000000000001
19082S,2021,0.0,1.32
19098S,2021,0.0,1.1
18112S,2021,0.0,1.4000000000000001
18120S,2021,0.0,1.34
19061S,2021,0.0,1.3900000000000001
17012A,2021,0.15,1.56
17043A,2021,0.3,1.6
17043C,2021,0.3,1.6
16067S,2021,1.26,1.54
16071S,2021,0.61,1.49
17004S,2021,0.29,1.61
17010S,2021,0.14,1.57
17011S,2021,0.15,1.54
17016S,2021,0.15,1.53
17024S,2021,0.3,1.53
17034S,2021,0.45,1.53
17044S,2021,0.74,1.54
17051S,2021,0.15,1.45
17063A,2021,0.14,1.44
17064S,2021,0.0,1.41
17008S,2021,0.47000000000000003,1.49
17014S,2021,0.3,1.5
17032S,2021,0.15,1.47
17057S,2021,0.0,1.44
17059A,2021,0.0,1.42
17068S,2021,0.0,1.32
13006S,2021,5.01,2.0
13081S,2021,4.54,1.6400000000000001
13107S,2021,3.59,1.77
14017S,2021,2.96,1.97
13041S,2021,4.73,1.57
13060S,2021,5.05,1.55
13063S,2021,5.67,1.5
13072S,2021,5.07,1.6300000000000001
13076S,2021,5.0600000000000005,1.59
13087S,2021,4.66,1.7
13093A,2021,4.8,1.62
13108S,2021,3.97,1.79
13124S,2021,5.18,1.71
14003S,2021,3.0500000000000003,1.84
14016S,2021,4.4,1.84
13040S,2021,7.640000000000001,1.6300000000000001
13056S,2021,7.99,1.61
13118A,2021,8.52,1.69
13121S,2021,7.390000000000001,1.79
13127S,2021,6.15,1.81
13130S,2021,5.53,1.77
13133S,2021,5.32,1.8
14045S,2021,5.5600000000000005,1.92
21031S,2021,0.0,1.97
21039S,2021,0.0,2.0100000000000002
21308S,2021,0.0,2.0
21334S,2021,0.0,1.99
21340S,2021,0.0,2.0100000000000002
21386S,2021,0.0,1.6300000000000001
19219S,2021,0.0,1.19
20112S,2021,0.0,1.1300000000000001
20144S,2021,0.0,1.41
20145S,2021,0.0,1.34
20287S,2021,0.0,1.51
20297S,2021,0.0,1.19
20299D,2021,0.0,1.26
20309S,2021,0.0,1.53
20348S,2021,0.15,1.28
20351A,2021,0.0,1.47
20351B,2021,0.0,1.48
20353S,2021,0.0,1.32
20354S,2021,0.0,1.32
21025S,2021,0.0,1.6400000000000001
21060S,2021,0.0,1.46
21062S,2021,0.0,1.37
21064S,2021,0.0,1.43
21074S,2021,0.0,1.59
21104S,2021,0.15,1.32
21137S,2021,0.0,1.28
21139S,2021,0.0,1.3
21140S,2021,0.0,1.3800000000000001
21187S,2021,0.0,1.17
21591S,2021,0.0,1.53
20113S,2021,0.0,1.16
21179S,2021,0.0,1.22
21186S,2021,0.0,1.16
21217S,2021,0.0,1.1500000000000001
21219S,2021,0.0,1.21
21235S,2021,0.14,1.36
21241S,2021,0.0,1.24
21245S,2021,0.0,1.24
21278S,2021,0.0,1.11
21286S,2021,0.0,1.1300000000000001
21450S,2021,0.0,1.26
21467S,2021,0.14,1.28
21497S,2021,0.14,1.3
21501S,2021,0.0,1.26
21511S,2021,0.0,1.26
21529S,2021,0.15,1.34
21550S,2021,0.0,1.43
21556S,2021,0.0,1.48
21557S1,2021,0.0,1.48
21572S,2021,0.0,1.36
21577S,2021,0.0,1.3900000000000001
21584S,2021,0.0,1.31
21588S,2021,0.0,1.31
22084S,2021,0.0,1.48
22088S,2021,0.14,1.31
22102S,2021,0.0,1.31
22104S,2021,0.0,1.43
22112S,2021,0.0,1.45
22118S,2021,0.0,1.4000000000000001
22144S,2021,0.0,1.36
21296S,2021,0.0,1.17
21302S,2021,0.0,1.19
21305S,2021,0.0,1.2
21558S,2021,0.0,1.22
21562S,2021,0.0,1.27
21583S,2021,0.0,1.27
18053S,2021,0.29,1.69
18065S,2021,0.14,1.75
18025S,2021,0.0,1.37
18026S,2021,0.0,1.45
18029S,2021,0.0,1.49
18030S,2021,0.0,1.3800000000000001
18031S,2021,0.0,1.3900000000000001
18032S,2021,0.0,1.45
18042S,2021,0.0,1.37
18043S,2021,0.0,1.3900000000000001
18073S,2021,0.0,1.44
18074S,2021,0.0,1.3
18075S,2021,0.0,1.47
18076S,2021,0.0,1.44
18077S,2021,0.0,1.36
18078S,2021,0.0,1.59
18079S,2021,0.0,1.54
18088S,2021,0.0,1.42
18091S,2021,0.0,1.37
18095S,2021,0.0,1.57
18096S,2021,0.0,1.45
18099S,2021,0.0,1.3900000000000001
18106S,2021,0.0,1.49
18023S,2021,0.15,1.35
18034S,2021,0.15,1.25
18037S,2021,0.0,1.31
18039S,2021,0.0,1.22
18041S,2021,0.0,1.22
18046S,2021,0.14,1.23
18081S,2021,0.0,1.29
18083S,2021,0.0,1.29
18086S,2021,0.0,1.37
20014S,2021,0.0,1.59
20019S,2021,0.0,1.59
20067A,2021,0.0,1.57
19120S,2021,0.0,1.1500000000000001
19131S,2021,0.0,1.22
19135S,2021,0.0,1.28
19137S,2021,0.0,1.36
19138S,2021,0.0,1.28
19147S,2021,0.0,1.17
19177S,2021,0.0,1.08
19195S,2021,0.0,1.01
20104S,2021,0.0,1.29
19159S,2021,0.0,1.22
19207S,2021,0.0,1.26
19209S,2021,0.0,1.26
16028S,2022,4.33,1.97
16049S,2022,4.23,2.12
16054S,2022,3.35,1.96
15093S,2022,3.94,1.9100000000000001
15095S,2022,4.09,1.95
15098S,2022,4.11,1.93
16013A,2022,3.97,1.8800000000000001
16013B,2022,4.25,1.9000000000000001
16013C,2022,4.25,1.9000000000000001
16015S,2022,4.14,1.87
16017S,2022,4.04,1.8900000000000001
16020A,2022,4.24,1.9000000000000001
16023S,2022,4.3500000000000005,1.94
16024S,2022,4.3,1.94
16026S2,2022,4.74,2.02
16032S,2022,4.75,1.97
16040S,2022,4.62,2.06
16043A,2022,4.33,2.02
16044B,2022,4.67,2.0100000000000002
16046S,2022,4.34,2.05
16057S,2022,4.74,1.96
16060S,2022,4.76,1.97
16064S,2022,4.62,2.07
16068S,2022,4.6000000000000005,1.97
15088S,2022,3.47,1.92
15090S,2022,3.45,1.93
15092S,2022,3.64,1.92
15094S1,2022,3.86,1.92
15096S,2022,3.87,1.9100000000000001
15099A,2022,4.0600000000000005,1.9000000000000001
15099C,2022,4.28,1.9100000000000001
16019S,2022,4.5,1.9000000000000001
16025S2,2022,4.53,1.94
16030S,2022,4.71,1.94
16058S,2022,5.07,1.96
16063S,2022,5.05,1.95
16065S,2022,5.04,1.92
23045A,2022,0.32,1.74
23048S,2022,0.33,1.76
23051S,2022,0.47000000000000003,1.81
23055S,2022,0.32,1.62
23068S,2022,0.3,1.6600000000000001
23069S,2022,0.3,1.6600000000000001
23077S,2022,0.51,1.49
23079S,2022,0.5,1.44
23080S,2022,0.33,1.34
23081S,2022,0.31,1.3
23082S,2022,0.16,1.32
11167S,2022,5.91,1.86
12010S,2022,6.42,2.0300000000000002
12102S,2022,6.26,2.35
11016S,2022,6.8100000000000005,1.87
11029S,2022,6.55,1.9000000000000001
11049S,2022,5.8100000000000005,1.9100000000000001
11162S,2022,5.54,1.8800000000000001
11184C1,2022,5.0600000000000005,2.08
11184C2,2022,5.0600000000000005,2.08
11211S,2022,6.16,1.8900000000000001
11222S2,2022,5.67,2.0300000000000002
11222S3,2022,5.67,2.0300000000000002
11237A,2022,5.36,2.08
11237B,2022,6.12,2.06
11237C,2022,5.75,2.14
12016B,2022,6.05,2.18
12027B,2022,5.82,2.2600000000000002
11243S,2022,9.41,2.16
12056S,2022,10.450000000000001,2.13
12061S,2022,7.17,2.2600000000000002
12071S,2022,7.83,2.19
12098S,2022,8.46,2.19
12107S,2022,8.76,2.16
14094S,2022,4.03,2.37
14097S,2022,4.03,2.37
14120B,2022,5.1000000000000005,2.45
14123S,2022,4.47,2.14
14126S,2022,5.14,2.22
15002S,2022,4.28,2.22
15005S,2022,4.07,2.25
15012S,2022,2.64,1.99
15013S,2022,2.8000000000000003,1.94
14054S,2022,4.12,2.23
14056S,2022,4.67,2.2
14061S,2022,4.2,2.27
14064S,2022,4.11,2.29
14109S,2022,3.66,2.17
14114S,2022,4.19,2.06
14115S,2022,4.34,2.21
14116S,2022,3.88,2.04
14118S,2022,4.38,2.12
14133S,2022,4.59,1.99
14134S,2022,4.88,2.0300000000000002
14135S,2022,4.47,2.04
14143S,2022,4.36,2.0100000000000002
14147A,2022,4.08,1.99
15009S,2022,3.7600000000000002,2.13
15018S,2022,4.12,2.1
15019S,2022,4.05,2.0300000000000002
15022S,2022,3.86,2.02
15024S,2022,3.91,2.06
15027S,2022,3.56,2.02
15028S2,2022,3.89,2.08
15030S,2022,3.72,2.12
15047S,2022,3.52,1.98
15054S,2022,2.42,1.98
15077S,2022,3.35,1.95
15081S,2022,3.5,2.0
15084S,2022,3.47,1.93
15089S,2022,4.09,1.98
14075S,2022,7.29,2.13
14085S,2022,6.34,2.17
14137S,2022,4.43,2.06
14138S,2022,4.32,2.04
14139S,2022,4.32,2.04
14152S,2022,4.15,1.99
14154S,2022,4.05,2.0300000000000002
15023S,2022,3.5700000000000003,2.0
15025S,2022,3.5700000000000003,2.0
15032S,2022,3.7,2.02
15034S,2022,3.5300000000000002,2.0100000000000002
15037S,2022,3.5300000000000002,2.0100000000000002
15050S,2022,3.8000000000000003,1.98
15080S,2022,3.3200000000000003,1.95
15085S,2022,3.3200000000000003,1.95
19103S,2022,6.99,2.48
18118S,2022,4.96,2.35
19019S,2022,5.46,2.4
19028S,2022,5.1000000000000005,2.29
19044S,2022,4.75,2.2800000000000002
19045S,2022,5.93,2.4
19046S,2022,4.74,2.27
19047S,2022,5.3100000000000005,2.2600000000000002
19063A,2022,4.0200000000000005,2.24
19063B,2022,3.83,2.24
19076S,2022,4.12,2.13
19082S,2022,4.0,2.12
19098S,2022,4.5200000000000005,1.97
18112S,2022,5.19,2.17
18120S,2022,6.140000000000001,2.27
19061S,2022,4.75,2.2800000000000002
17012A,2022,2.82,1.84
17043A,2022,4.23,1.96
17043C,2022,4.23,1.96
16067S,2022,4.86,1.8900000000000001
16071S,2022,4.5,1.93
17004S,2022,3.64,1.95
17010S,2022,3.91,1.97
17011S,2022,3.79,2.0
17016S,2022,4.09,2.0300000000000002
17024S,2022,4.48,2.05
17034S,2022,4.65,2.02
17044S,2022,4.95,2.02
17051S,2022,5.26,2.06
17063A,2022,5.1000000000000005,2.04
17064S,2022,5.38,1.99
17008S,2022,3.5700000000000003,1.81
17014S,2022,3.41,1.9100000000000001
17032S,2022,4.68,2.08
17057S,2022,5.11,1.98
17059A,2022,5.19,1.99
17068S,2022,5.69,2.12
13006S,2022,7.88,2.25
13081S,2022,6.46,2.07
13107S,2022,3.91,2.15
14017S,2022,3.1,2.23
13041S,2022,8.14,2.12
13060S,2022,7.13,2.13
13063S,2022,6.72,2.13
13072S,2022,7.5,2.13
13076S,2022,6.99,2.15
13087S,2022,5.87,2.14
13093A,2022,5.0,2.06
13108S,2022,3.64,2.09
13124S,2022,5.55,2.05
14003S,2022,3.22,2.15
14016S,2022,4.23,2.16
13040S,2022,7.57,2.16
13056S,2022,7.49,2.13
13118A,2022,7.94,2.12
13121S,2022,9.34,2.14
13127S,2022,6.99,2.09
13130S,2022,5.82,2.11
13133S,2022,5.83,2.13
14045S,2022,6.74,2.22
21031S,2022,3.3000000000000003,2.38
21039S,2022,2.98,2.54
21308S,2022,4.76,2.96
21334S,2022,2.7,2.61
21340S,2022,4.33,2.89
21386S,2022,1.75,2.04
19219S,2022,3.02,1.71
20112S,2022,2.0300000000000002,1.94
20144S,2022,5.72,2.11
20145S,2022,4.5200000000000005,2.13
20287S,2022,7.15,2.06
20297S,2022,4.08,2.0300000000000002
20299D,2022,3.21,1.93
20309S,2022,5.0,1.96
20348S,2022,2.22,2.07
20351A,2022,4.28,2.12
20351B,2022,3.54,2.14
20353S,2022,2.14,2.2
20354S,2022,2.14,2.2
21025S,2022,3.44,1.96
21060S,2022,3.16,2.18
21062S,2022,2.32,2.25
21064S,2022,2.5,2.2
21074S,2022,2.12,2.17
21104S,2022,1.69,2.0100000000000002
21137S,2022,1.85,1.8
21139S,2022,1.7,1.8
21140S,2022,1.76,1.9000000000000001
21187S,2022,1.18,1.76
21591S,2022,4.39,2.07
20113S,2022,2.23,1.59
21179S,2022,1.4000000000000001,1.6500000000000001
21186S,2022,0.97,1.69
21217S,2022,5.3,1.86
21219S,2022,5.34,1.78
21235S,2022,4.37,1.76
21241S,2022,3.91,1.6400000000000001
21245S,2022,3.15,1.7
21278S,2022,5.14,1.86
21286S,2022,4.38,1.82
21450S,2022,1.18,1.71
21467S,2022,1.01,1.78
21497S,2022,0.97,1.81
21501S,2022,0.81,1.79
21511S,2022,0.66,1.8
21529S,2022,0.85,1.87
21550S,2022,0.53,1.82
21556S,2022,0.66,1.81
21557S1,2022,0.66,1.81
21572S,2022,0.49,1.72
21577S,2022,0.49,1.75
21584S,2022,0.35000000000000003,1.7
21588S,2022,0.35000000000000003,1.7
22084S,2022,0.66,1.81
22088S,2022,0.71,1.8900000000000001
22102S,2022,0.35000000000000003,1.7
22104S,2022,0.5,1.82
22112S,2022,0.51,1.83
22118S,2022,0.5,1.78
22144S,2022,0.5,1.77
21296S,2022,2.84,1.76
21302S,2022,1.92,1.76
21305S,2022,1.48,1.76
21558S,2022,1.29,1.76
21562S,2022,1.11,1.69
21583S,2022,1.06,1.6300000000000001
18053S,2022,5.82,2.5
18065S,2022,7.62,2.67
18025S,2022,5.34,2.2
18026S,2022,5.33,2.21
18029S,2022,5.04,2.23
18030S,2022,5.24,2.2
18031S,2022,5.19,2.19
18032S,2022,5.2,2.23
18042S,2022,5.7700000000000005,2.17
18043S,2022,5.19,2.19
18073S,2022,4.91,2.13
18074S,2022,4.8,1.9100000000000001
18075S,2022,5.07,2.2
18076S,2022,5.13,2.02
18077S,2022,4.88,1.93
18078S,2022,4.98,2.22
18079S,2022,4.87,2.13
18088S,2022,5.04,1.94
18091S,2022,5.08,2.06
18095S,2022,5.38,2.11
18096S,2022,5.12,2.1
18099S,2022,4.72,2.22
18106S,2022,5.68,2.2600000000000002
18023S,2022,6.140000000000001,2.18
18034S,2022,6.3,2.11
18037S,2022,6.22,2.12
18039S,2022,5.6000000000000005,1.94
18041S,2022,5.45,2.0
18046S,2022,6.05,1.9100000000000001
18081S,2022,5.24,1.85
18083S,2022,4.8,1.85
18086S,2022,5.45,1.97
20014S,2022,4.7700000000000005,2.29
20019S,2022,4.7700000000000005,2.29
20067A,2022,4.51,2.19
19120S,2022,2.93,2.04
19131S,2022,5.01,2.15
19135S,2022,5.75,2.18
19137S,2022,6.29,2.16
19138S,2022,5.4,2.17
19147S,2022,4.54,1.8900000000000001
19177S,2022,3.37,1.77
19195S,2022,2.59,1.81
20104S,2022,4.07,2.12
19159S,2022,5.63,1.9000000000000001
19207S,2022,5.25,1.84
19209S,2022,4.6000000000000005,1.77
16028S,2023,0.61,3.08
16049S,2023,0.9400000000000001,2.98
16054S,2023,0.46,2.95
15093S,2023,0.31,2.92
15095S,2023,0.46,2.85
15098S,2023,0.61,2.86
16013A,2023,0.31,2.75
16013B,2023,0.32,2.69
16013C,2023,0.32,2.69
16015S,2023,0.47000000000000003,2.9
16017S,2023,0.46,2.86
16020A,2023,0.47000000000000003,2.97
16023S,2023,0.93,3.1
16024S,2023,0.77,2.99
16026S2,2023,1.0,3.2
16032S,2023,0.9500000000000001,2.94
16040S,2023,1.1500000000000001,3.12
16043A,2023,0.8300000000000001,3.0
16044B,2023,1.1300000000000001,2.94
16046S,2023,1.1,2.98
16057S,2023,0.8,2.86
16060S,2023,0.96,2.9
16064S,2023,1.26,2.93
16068S,2023,0.65,2.81
15088S,2023,0.32,2.69
15090S,2023,0.46,2.63
15092S,2023,0.47000000000000003,2.64
15094S1,2023,0.32,2.73
15096S,2023,0.32,2.67
15099A,2023,0.32,2.67
15099C,2023,0.59,2.64
16019S,2023,0.46,2.81
16025S2,2023,0.48,2.91
16030S,2023,0.63,2.79
16058S,2023,0.48,2.69
16063S,2023,0.75,2.59
16065S,2023,0.77,2.6
23045A,2023,1.31,1.94
23048S,2023,0.97,1.87
23051S,2023,1.12,1.83
23055S,2023,1.31,1.78
23068S,2023,0.61,2.06
23069S,2023,0.6,2.1
23077S,2023,1.25,1.67
23079S,2023,1.06,1.6500000000000001
23080S,2023,1.1500000000000001,1.6400000000000001
23081S,2023,1.53,1.68
23082S,2023,1.67,1.7
11167S,2023,0.9500000000000001,2.32
12010S,2023,1.59,2.2600000000000002
12102S,2023,1.7,2.13
11016S,2023,0.78,2.07
11029S,2023,0.77,2.11
11049S,2023,1.03,2.25
11162S,2023,0.62,2.29
11184C1,2023,0.79,2.33
11184C2,2023,0.79,2.33
11211S,2023,1.26,2.29
11222S2,2023,0.77,2.3000000000000003
11222S3,2023,0.77,2.3000000000000003
11237A,2023,0.63,2.33
11237B,2023,0.9400000000000001,2.2800000000000002
11237C,2023,0.63,2.33
12016B,2023,1.1,2.16
12027B,2023,1.06,2.06
11243S,2023,2.7800000000000002,2.05
12056S,2023,2.8000000000000003,2.21
12061S,2023,1.58,2.07
12071S,2023,1.87,1.93
12098S,2023,2.5300000000000002,1.94
12107S,2023,2.72,2.04
14094S,2023,2.27,2.75
14097S,2023,2.27,2.75
14120B,2023,1.9100000000000001,2.89
14123S,2023,1.1500000000000001,2.81
14126S,2023,1.31,2.83
15002S,2023,0.76,2.71
15005S,2023,0.29,2.61
15012S,2023,0.0,2.69
15013S,2023,0.0,2.7
14054S,2023,1.1,2.62
14056S,2023,1.3800000000000001,2.54
14061S,2023,2.0100000000000002,2.67
14064S,2023,1.69,2.69
14109S,2023,1.27,2.66
14114S,2023,1.52,2.62
14115S,2023,1.7,2.83
14116S,2023,1.48,2.65
14118S,2023,1.22,2.82
14133S,2023,1.36,2.54
14134S,2023,1.37,2.64
14135S,2023,1.22,2.64
14143S,2023,1.53,2.62
14147A,2023,1.21,2.6
15009S,2023,0.43,2.6
15018S,2023,0.74,2.6
15019S,2023,0.6,2.5300000000000002
15022S,2023,0.59,2.52
15024S,2023,0.6,2.56
15027S,2023,0.45,2.56
15028S2,2023,0.59,2.63
15030S,2023,0.29,2.64
15047S,2023,0.3,2.62
15054S,2023,0.0,2.73
15077S,2023,0.14,2.66
15081S,2023,0.0,2.7600000000000002
15084S,2023,0.31,2.64
15089S,2023,0.31,2.91
14075S,2023,1.6400000000000001,2.41
14085S,2023,1.99,2.52
14137S,2023,2.31,2.47
14138S,2023,2.35,2.46
14139S,2023,2.35,2.46
14152S,2023,1.6600000000000001,2.37
14154S,2023,1.7,2.35
15023S,2023,1.06,2.46
15025S,2023,1.06,2.46
15032S,2023,0.92,2.49
15034S,2023,0.75,2.5300000000000002
15037S,2023,0.75,2.5300000000000002
15050S,2023,0.6,2.52
15080S,2023,0.31,2.56
15085S,2023,0.31,2.56
19103S,2023,1.85,2.5300000000000002
18118S,2023,1.12,2.42
19019S,2023,1.12,2.5500000000000003
19028S,2023,0.49,2.36
19044S,2023,0.0,2.34
19045S,2023,1.11,2.5100000000000002
19046S,2023,0.15,2.36
19047S,2023,0.61,2.46
19063A,2023,0.16,2.1
19063B,2023,0.15,2.18
19076S,2023,0.16,2.15
19082S,2023,0.5,1.95
19098S,2023,0.3,2.07
18112S,2023,1.1300000000000001,2.39
18120S,2023,0.79,2.32
19061S,2023,0.65,2.06
17012A,2023,0.46,2.7600000000000002
17043A,2023,0.14,2.61
17043C,2023,0.14,2.61
16067S,2023,0.77,2.62
16071S,2023,0.78,2.7600000000000002
17004S,2023,0.91,2.88
17010S,2023,0.9,2.79
17011S,2023,0.75,2.73
17016S,2023,0.76,2.73
17024S,2023,0.9400000000000001,2.81
17034S,2023,0.93,2.77
17044S,2023,0.61,2.71
17051S,2023,0.47000000000000003,2.68
17063A,2023,0.64,2.62
17064S,2023,0.49,2.6
17008S,2023,0.0,2.62
17014S,2023,0.43,2.66
17032S,2023,0.93,2.7
17057S,2023,0.8,2.63
17059A,2023,0.51,2.5500000000000003
17068S,2023,0.81,2.58
13006S,2023,3.38,2.2600000000000002
13081S,2023,4.5,2.6
13107S,2023,2.88,2.75
14017S,2023,0.9400000000000001,2.72
13041S,2023,3.58,2.39
13060S,2023,4.13,2.52
13063S,2023,3.88,2.48
13072S,2023,4.6000000000000005,2.54
13076S,2023,4.5,2.59
13087S,2023,3.66,2.7
13093A,2023,3.47,2.61
13108S,2023,2.71,2.79
13124S,2023,3.1,2.77
14003S,2023,2.0,2.87
14016S,2023,2.32,2.82
13040S,2023,3.31,2.24
13056S,2023,3.96,2.27
13118A,2023,4.44,2.56
13121S,2023,3.61,2.57
13127S,2023,2.27,2.47
13130S,2023,1.78,2.46
13133S,2023,1.93,2.43
14045S,2023,2.06,2.5
21031S,2023,0.31,2.5300000000000002
21039S,2023,0.15,2.54
21308S,2023,1.17,2.58
21334S,2023,0.15,2.5300000000000002
21340S,2023,0.8300000000000001,2.52
21386S,2023,0.51,2.27
19219S,2023,0.0,1.27
20112S,2023,0.0,1.6600000000000001
20144S,2023,0.47000000000000003,1.87
20145S,2023,0.31,1.84
20287S,2023,1.0,1.9100000000000001
20297S,2023,0.31,1.73
20299D,2023,0.45,1.78
20309S,2023,0.8,1.98
20348S,2023,0.14,1.6400000000000001
20351A,2023,0.8200000000000001,1.92
20351B,2023,0.81,1.95
20353S,2023,0.3,1.73
20354S,2023,0.3,1.73
21025S,2023,0.62,2.14
21060S,2023,0.65,1.8900000000000001
21062S,2023,0.32,1.8
21064S,2023,0.33,1.87
21074S,2023,0.3,1.96
21104S,2023,0.31,1.67
21137S,2023,0.44,1.62
21139S,2023,0.29,1.6600000000000001
21140S,2023,0.45,1.78
21187S,2023,0.0,1.48
21591S,2023,1.1400000000000001,2.0300000000000002
20113S,2023,0.0,1.21
21179S,2023,0.15,1.46
21186S,2023,0.0,1.37
21217S,2023,2.13,1.8800000000000001
21219S,2023,2.59,2.0300000000000002
21235S,2023,2.33,1.8
21241S,2023,1.83,1.8800000000000001
21245S,2023,0.66,1.82
21278S,2023,2.11,1.87
21286S,2023,1.62,1.84
21450S,2023,0.15,1.59
21467S,2023,0.47000000000000003,1.72
21497S,2023,0.29,1.51
21501S,2023,0.0,1.53
21511S,2023,0.0,1.55
21529S,2023,0.31,1.6500000000000001
21550S,2023,0.3,1.6400000000000001
21556S,2023,0.29,1.6400000000000001
21557S1,2023,0.29,1.6400000000000001
21572S,2023,0.0,1.6300000000000001
21577S,2023,0.0,1.6500000000000001
21584S,2023,0.0,1.68
21588S,2023,0.0,1.68
22084S,2023,0.29,1.6400000000000001
22088S,2023,0.48,1.75
22102S,2023,0.0,1.68
22104S,2023,0.29,1.67
22112S,2023,0.15,1.6600000000000001
22118S,2023,0.14,1.6500000000000001
22144S,2023,0.45,1.6400000000000001
21296S,2023,1.1,1.67
21302S,2023,0.62,1.62
21305S,2023,0.61,1.61
21558S,2023,0.44,1.58
21562S,2023,0.0,1.58
21583S,2023,0.0,1.7
18053S,2023,0.8,2.79
18065S,2023,0.86,2.84
18025S,2023,1.62,2.5100000000000002
18026S,2023,1.6300000000000001,2.69
18029S,2023,1.49,2.81
18030S,2023,1.6400000000000001,2.52
18031S,2023,1.47,2.5
18032S,2023,1.6600000000000001,2.66
18042S,2023,1.78,2.49
18043S,2023,1.47,2.5
18073S,2023,1.31,2.5500000000000003
18074S,2023,1.11,2.47
18075S,2023,1.45,2.64
18076S,2023,1.1400000000000001,2.59
18077S,2023,1.42,2.5300000000000002
18078S,2023,1.29,2.75
18079S,2023,1.12,2.65
18088S,2023,1.56,2.5100000000000002
18091S,2023,0.77,2.37
18095S,2023,1.59,2.56
18096S,2023,1.26,2.45
18099S,2023,0.81,2.36
18106S,2023,1.43,2.56
18023S,2023,1.29,2.45
18034S,2023,1.6,2.54
18037S,2023,1.47,2.64
18039S,2023,1.44,2.47
18041S,2023,1.59,2.56
18046S,2023,1.45,2.44
18081S,2023,0.81,2.36
18083S,2023,0.8,2.38
18086S,2023,0.65,2.34
20014S,2023,0.59,2.2800000000000002
20019S,2023,0.59,2.2800000000000002
20067A,2023,0.45,2.2600000000000002
19120S,2023,0.16,1.82
19131S,2023,0.29,2.07
19135S,2023,0.3,2.22
19137S,2023,1.07,2.31
19138S,2023,0.88,2.1
19147S,2023,0.46,1.74
19177S,2023,0.0,1.68
19195S,2023,0.0,1.67
20104S,2023,0.15,1.93
19159S,2023,1.22,1.58
19207S,2023,0.78,1.45
19209S,2023,0.75,1.36
