week,date,cluster_id,centroid_lat,centroid_lon,n_records,match_distance_km,predicted_class,predicted_label,prob_none,prob_moderate,prob_severe,risk_score,TSA_DHW_max,TSA_DHW_last,FilledSST_last
1,2025-04-20,0,-19.166714,146.84863,209,2.65,1,Moderate (1-50%),0.0051,0.7009,0.294,0.9949,7.397143,3.9085715,300.28427
1,2025-04-20,1,-18.646925,146.54514,149,3.23,2,Severe (>50%),0.0131,0.3685,0.6184,0.9869,5.13,2.7871428,300.54
1,2025-04-20,2,-10.2196665,150.84866,3,2.66,2,Severe (>50%),1e-04,0.4481,0.5518,0.9999,18.6,17.737143,303.00854
1,2025-04-20,3,-23.443886,151.92134,187,2.13,1,Moderate (1-50%),0.0974,0.7363,0.1663,0.9026,0.78,0.6242857,299.54428
1,2025-04-20,4,-18.75,146.25,2,3.83,1,Moderate (1-50%),0.0136,0.7131,0.2733,0.9864,6.5,3.0642858,300.48428
1,2025-04-20,5,-23.146168,150.95728,60,2.97,1,Moderate (1-50%),0.1146,0.497,0.3883,0.8854,1.79,0.8757143,299.09003
1,2025-04-20,6,-19.760475,149.15018,69,3.06,1,Moderate (1-50%),0.1323,0.7267,0.141,0.8677,3.23,1.6628572,300.45856
1,2025-04-20,7,-18.227266,146.74213,3,1.83,1,Moderate (1-50%),0.0211,0.6395,0.3395,0.9789,5.96,3.6914287,300.82
1,2025-04-20,8,-19.020872,146.6052,11,2.13,1,Moderate (1-50%),0.0117,0.5754,0.4129,0.9883,7.2585716,3.4542856,300.36713
1,2025-04-20,9,-18.739391,147.2709,12,1.66,1,Moderate (1-50%),0.0582,0.7179,0.2239,0.9418,4.89,2.7057142,300.8157
1,2025-04-20,10,-17.885866,146.59,3,2.0,2,Severe (>50%),0.0139,0.4796,0.5064,0.9861,5.801429,3.4057143,300.87857
1,2025-04-20,11,-17.239176,146.34703,8,2.82,2,Severe (>50%),0.0041,0.4309,0.565,0.9959,7.08,4.1385713,301.01
1,2025-04-20,12,-20.237434,148.9795,103,1.46,1,Moderate (1-50%),0.0456,0.9009,0.0535,0.9544,3.87,2.647143,300.13715
1,2025-04-20,13,-20.3759,150.17145,8,0.38,1,Moderate (1-50%),0.0636,0.8257,0.1107,0.9364,2.64,1.2957143,300.33713
1,2025-04-20,14,-20.251957,148.81541,23,2.75,1,Moderate (1-50%),0.093,0.8281,0.0789,0.907,4.21,2.8028572,299.88715
1,2025-04-20,15,-20.090439,148.5869,23,2.12,1,Moderate (1-50%),0.0497,0.6542,0.2961,0.9503,5.16,3.1514285,300.10858
1,2025-04-20,16,-20.022484,148.28569,12,1.15,2,Severe (>50%),0.0167,0.4085,0.5748,0.9833,6.68,4.127143,300.02856
1,2025-04-20,17,-19.86675,147.92262,4,0.95,2,Severe (>50%),0.0145,0.4721,0.5134,0.9855,6.5614285,3.8685715,300.19427
1,2025-04-20,18,-23.992844,151.69751,7,3.03,1,Moderate (1-50%),0.1799,0.6949,0.1252,0.8201,3.2,2.3185713,298.84003
1,2025-04-20,19,-23.520433,151.2612,3,1.5,1,Moderate (1-50%),0.122,0.6158,0.2622,0.878,3.35,2.1457143,298.98428
1,2025-04-20,20,-23.408117,151.1666,6,2.06,1,Moderate (1-50%),0.1179,0.5811,0.301,0.8821,3.59,2.1685715,298.98
1,2025-04-20,21,-23.326,150.92995,2,0.52,1,Moderate (1-50%),0.0548,0.6529,0.2923,0.9452,3.8,2.13,298.89285
1,2025-04-20,22,-21.991533,152.46994,3,1.91,1,Moderate (1-50%),0.1868,0.7612,0.052,0.8132,1.83,1.4971429,299.9571
1,2025-04-20,23,-20.911617,149.42245,11,1.51,1,Moderate (1-50%),0.1104,0.7991,0.0905,0.8896,2.99,2.112857,300.06284
1,2025-04-20,24,-20.758585,150.43915,7,2.34,1,Moderate (1-50%),0.0525,0.8716,0.0759,0.9475,3.17,2.4528573,300.33286
1,2025-04-20,25,-19.7155,147.77403,7,1.06,1,Moderate (1-50%),0.0197,0.5955,0.3848,0.9803,6.2585716,3.7642858,300.3743
1,2025-04-20,26,-19.34095,148.0835,2,1.99,1,Moderate (1-50%),0.0214,0.5153,0.4633,0.9786,4.65,2.9657142,300.61572
1,2025-04-20,27,-19.32325,148.4333,2,0.89,1,Moderate (1-50%),0.0353,0.7885,0.1762,0.9647,4.01,2.6614287,300.59283
1,2025-04-20,28,-19.311234,148.34396,3,2.51,1,Moderate (1-50%),0.0424,0.7555,0.2021,0.9576,4.31,2.67,300.62283
1,2025-04-20,29,-19.2076,148.8596,2,2.52,1,Moderate (1-50%),0.0844,0.794,0.1215,0.9156,3.28,1.9828571,300.44427
1,2025-04-20,30,-19.11165,148.33365,6,1.74,1,Moderate (1-50%),0.0994,0.7405,0.1602,0.9006,3.45,2.1542857,300.53998
1,2025-04-20,31,-18.9913,148.06412,6,2.14,1,Moderate (1-50%),0.0234,0.6016,0.375,0.9766,4.41,2.5928571,300.66998
1,2025-04-20,32,-18.847086,147.91052,7,2.89,1,Moderate (1-50%),0.0205,0.7079,0.2716,0.9795,4.46,2.4942858,300.7243
1,2025-04-20,33,-18.1497,146.28976,3,3.16,2,Severe (>50%),0.0101,0.3725,0.6174,0.9899,5.26,2.932857,300.6157
1,2025-04-20,34,-17.6551,146.49199,6,2.85,2,Severe (>50%),0.0082,0.4532,0.5386,0.9918,5.7314286,3.557143,300.86285
1,2025-04-20,35,-17.34235,146.52235,4,1.95,1,Moderate (1-50%),0.0038,0.5561,0.4402,0.9962,6.66,3.7871428,301.08856
1,2025-04-20,36,-16.871353,146.21158,88,1.49,1,Moderate (1-50%),0.0141,0.5321,0.4538,0.9859,6.53,3.6414285,301.0886
1,2025-04-20,37,-16.935507,145.98845,13,1.85,2,Severe (>50%),0.0059,0.4149,0.5792,0.9941,6.825714,3.2114286,300.81
1,2025-04-20,38,-16.52347,145.99037,108,1.65,2,Severe (>50%),0.029,0.389,0.582,0.971,6.03,3.1857142,301.0414
1,2025-04-20,39,-16.12418,145.83456,243,1.03,2,Severe (>50%),0.0296,0.3362,0.6342,0.9704,5.34,2.7814286,301.10858
1,2025-04-20,40,-15.77885,145.58086,2,0.76,1,Moderate (1-50%),0.0323,0.5977,0.3701,0.9677,4.23,2.05,301.04712
1,2025-04-20,41,-15.499777,145.51018,13,3.18,1,Moderate (1-50%),0.0127,0.6346,0.3527,0.9873,3.27,1.6585715,301.11285
1,2025-04-20,42,-14.85125,145.27235,2,2.66,1,Moderate (1-50%),0.0084,0.5346,0.457,0.9916,6.32,2.6414285,300.94284
1,2025-04-20,43,-14.728744,145.10814,16,1.86,2,Severe (>50%),0.0055,0.4591,0.5354,0.9945,6.98,2.827143,300.8814
1,2025-04-20,44,-14.4546,144.90607,7,3.05,2,Severe (>50%),0.0042,0.4226,0.5732,0.9958,7.864286,3.29,300.93283
1,2025-04-20,45,-14.1632,144.26332,5,1.82,1,Moderate (1-50%),0.0095,0.5756,0.4149,0.9905,6.7714286,2.2314286,301.1357
1,2025-04-20,46,-14.13435,144.5049,2,2.4,2,Severe (>50%),0.0037,0.3861,0.6103,0.9963,8.452857,3.8328571,301.18286
1,2025-04-20,47,-14.07125,143.8833,2,0.99,1,Moderate (1-50%),0.0064,0.6986,0.295,0.9936,7.1557145,2.8028572,301.54425
1,2025-04-20,48,-13.922125,143.78668,4,1.3,1,Moderate (1-50%),0.0045,0.7026,0.293,0.9955,7.9428573,3.367143,301.53857
1,2025-04-20,49,-23.6966,152.1829,2,2.53,1,Moderate (1-50%),0.1,0.7431,0.1568,0.9,0.77,0.60571426,299.69284
1,2025-04-20,50,-17.776623,146.45274,9,2.36,2,Severe (>50%),0.0087,0.4296,0.5617,0.9913,5.6528573,3.4057143,300.8514
1,2025-04-20,51,-16.284166,145.4936,3,2.23,1,Moderate (1-50%),0.0081,0.615,0.3769,0.9919,7.04,3.632857,300.88998
1,2025-04-20,52,-15.71492,145.45647,5,2.28,1,Moderate (1-50%),0.0268,0.6807,0.2925,0.9732,4.14,2.0542858,301.02426
1,2025-04-20,53,-22.2081,150.33665,2,2.23,1,Moderate (1-50%),0.1255,0.7133,0.1612,0.8745,2.09,1.2228571,299.55
1,2025-04-20,54,-22.024067,150.66617,3,0.92,1,Moderate (1-50%),0.061,0.6645,0.2745,0.939,2.49,1.8557143,299.9014
1,2025-04-20,55,-22.018534,150.34753,3,2.43,1,Moderate (1-50%),0.0416,0.785,0.1734,0.9584,2.18,1.3628571,299.8814
1,2025-04-20,56,-21.95394,150.1631,5,2.64,1,Moderate (1-50%),0.077,0.8546,0.0684,0.923,1.81,1.0885714,299.86572
1,2025-04-20,57,-21.6832,150.28384,4,1.29,1,Moderate (1-50%),0.0941,0.8042,0.1017,0.9059,1.86,1.3085715,300.17142
1,2025-04-20,58,-21.455212,149.86604,8,2.39,1,Moderate (1-50%),0.0988,0.7759,0.1253,0.9012,2.3,1.55,299.99286
1,2025-04-20,59,-18.062532,146.56087,3,2.04,2,Severe (>50%),0.0083,0.4136,0.5781,0.9917,6.0014286,3.3085713,300.82144
1,2025-04-20,60,-23.958666,151.47777,3,1.84,1,Moderate (1-50%),0.1385,0.6821,0.1794,0.8615,5.34,3.4828572,298.76
1,2025-04-20,61,-23.767967,151.33594,3,1.36,1,Moderate (1-50%),0.0887,0.7009,0.2104,0.9113,4.85,3.1871428,298.85858
1,2025-04-20,62,-23.5347,151.73087,3,1.23,1,Moderate (1-50%),0.1532,0.59,0.2568,0.8468,1.4,1.2,299.39996
1,2025-04-20,63,-19.2064,147.0493,3,3.28,1,Moderate (1-50%),0.0216,0.4993,0.4791,0.9784,5.73,3.46,300.3
1,2025-04-20,64,-18.0518,146.78749,12,2.9,1,Moderate (1-50%),0.0192,0.6281,0.3527,0.9808,5.6514287,3.1042857,300.89142
1,2025-04-20,65,-18.008833,146.16989,9,1.88,1,Moderate (1-50%),0.0151,0.6083,0.3766,0.9849,4.35,2.4957142,300.60715
1,2025-04-20,66,-17.721071,146.1557,7,2.09,1,Moderate (1-50%),0.0129,0.6041,0.3831,0.9871,3.75,2.6642857,300.6543
1,2025-04-20,67,-17.467283,146.3924,6,2.04,2,Severe (>50%),0.0045,0.3626,0.6329,0.9955,6.84,3.8657143,300.9157
1,2025-04-20,68,-17.20583,146.07251,10,2.15,2,Severe (>50%),0.0044,0.2669,0.7287,0.9956,6.4,3.3285713,300.69858
1,2025-04-20,69,-16.545633,145.52946,3,2.34,2,Severe (>50%),0.0056,0.4218,0.5726,0.9944,7.7,3.8042858,300.83572
1,2025-04-20,70,-16.379562,145.56004,47,1.67,1,Moderate (1-50%),0.01,0.4977,0.4924,0.99,7.11,3.6585715,300.91855
1,2025-04-20,71,-15.9993,145.4327,3,2.82,1,Moderate (1-50%),0.0266,0.5657,0.4077,0.9734,5.35,2.6542857,300.94427
1,2025-04-20,72,-15.156473,145.46036,11,2.59,1,Moderate (1-50%),0.0148,0.7071,0.2781,0.9852,3.27,1.7657143,301.0857
1,2025-04-20,73,-11.8956,143.1068,2,3.03,1,Moderate (1-50%),0.0031,0.5054,0.4914,0.9969,6.99,2.6971428,301.80713
1,2025-04-20,74,-10.14675,151.16306,2,3.4,2,Severe (>50%),1e-04,0.4103,0.5896,0.9999,18.661428,17.858572,303.18143
1,2025-04-20,75,-18.4208,147.34987,3,2.66,1,Moderate (1-50%),0.0388,0.7317,0.2295,0.9612,6.0728574,2.5128572,300.9157
1,2025-04-20,76,-19.54529,149.26216,28,2.63,1,Moderate (1-50%),0.1349,0.7494,0.1157,0.8651,1.92,1.4042857,300.4543
1,2025-04-20,77,-18.665953,147.07942,15,1.11,1,Moderate (1-50%),0.0712,0.6448,0.284,0.9288,5.39,3.127143,300.80283
1,2025-04-20,78,-18.441046,146.99043,15,2.42,1,Moderate (1-50%),0.0215,0.6097,0.3687,0.9785,6.66,3.94,300.87286
1,2025-04-20,79,-22.0,152.67,2,2.83,1,Moderate (1-50%),0.1608,0.7607,0.0784,0.8392,2.05,1.59,299.92
1,2025-04-20,80,-18.402128,146.79951,11,3.63,1,Moderate (1-50%),0.0204,0.7004,0.2792,0.9796,6.07,4.055714,300.79
1,2025-04-20,81,-18.52425,147.1444,2,2.05,1,Moderate (1-50%),0.0341,0.7293,0.2366,0.9659,5.99,3.442857,300.82858
1,2025-04-20,82,-21.3925,152.50706,5,2.69,1,Moderate (1-50%),0.1126,0.8439,0.0435,0.8874,1.91,1.4342858,300.18286
1,2025-04-20,83,-21.121021,152.48535,9,1.16,1,Moderate (1-50%),0.0929,0.8139,0.0932,0.9071,2.78,1.6514286,300.29282
1,2025-04-20,84,-21.106472,152.2254,11,2.06,1,Moderate (1-50%),0.0848,0.807,0.1082,0.9152,2.89,1.8057142,300.30426
1,2025-04-20,85,-20.96795,149.75764,2,1.96,1,Moderate (1-50%),0.0724,0.8527,0.0749,0.9276,3.56,2.52,300.44287
1,2025-04-20,86,-20.928566,150.04893,3,2.52,1,Moderate (1-50%),0.0516,0.7983,0.15,0.9484,4.01,2.9042857,300.4314
1,2025-04-20,87,-19.68672,149.93729,5,1.83,1,Moderate (1-50%),0.063,0.8583,0.0788,0.937,2.35,1.2214285,300.5857
1,2025-04-20,88,-19.501034,148.7524,3,3.57,1,Moderate (1-50%),0.1137,0.7711,0.1152,0.8863,3.34,2.0342858,300.43573
1,2025-04-20,89,-19.3041,148.6315,4,2.42,1,Moderate (1-50%),0.0762,0.729,0.1948,0.9238,3.26,2.0271428,300.48575
1,2025-04-20,90,-19.20995,148.542,2,2.45,1,Moderate (1-50%),0.0727,0.7025,0.2248,0.9273,3.12,2.0242858,300.50858
1,2025-04-20,91,-18.82149,147.65489,18,2.15,1,Moderate (1-50%),0.0437,0.7079,0.2484,0.9563,4.71,2.8214285,300.7643
1,2025-04-20,92,-17.5251,146.52454,3,0.05,1,Moderate (1-50%),0.0083,0.5108,0.4809,0.9917,6.2914286,3.6985714,300.97998
1,2025-04-20,93,-14.88175,145.50227,6,2.56,2,Severe (>50%),0.0093,0.3841,0.6066,0.9907,6.65,3.9614286,301.24576
1,2025-04-20,94,-24.112192,152.71562,14,1.71,1,Moderate (1-50%),0.0821,0.8586,0.0593,0.9179,0.16,0.16,299.83145
1,2025-04-20,95,-19.449833,148.86703,3,2.89,1,Moderate (1-50%),0.0991,0.8053,0.0956,0.9009,2.96,1.7957143,300.39716
1,2025-04-20,96,-16.409634,145.74434,3,2.68,1,Moderate (1-50%),0.0123,0.6515,0.3363,0.9877,7.1,3.63,300.93
1,2025-04-20,97,-12.67815,143.5829,2,0.93,1,Moderate (1-50%),0.0034,0.5349,0.4617,0.9966,7.3142858,3.7285714,301.72714
1,2025-04-20,98,-12.2257,143.2841,2,0.99,2,Severe (>50%),0.0024,0.4319,0.5657,0.9976,7.39,3.2514286,301.73428
1,2025-04-20,99,-11.782,142.95316,5,2.5,2,Severe (>50%),0.0022,0.4564,0.5413,0.9978,7.794286,3.3314285,301.85004
1,2025-04-20,100,-11.7694,143.09245,2,2.0,2,Severe (>50%),0.0032,0.4295,0.5673,0.9968,7.21,2.7242856,301.85
1,2025-04-20,101,-11.482866,143.01598,9,1.32,2,Severe (>50%),0.0017,0.4664,0.5319,0.9983,9.171429,4.2,301.96002
1,2025-04-20,102,-11.191144,142.98755,9,2.26,1,Moderate (1-50%),0.0024,0.6931,0.3045,0.9976,9.9328575,4.9057145,302.1243
1,2025-04-20,103,-14.610958,145.62405,19,1.56,2,Severe (>50%),0.0053,0.282,0.7127,0.9947,7.85,4.7642856,301.49
1,2025-04-20,104,-14.704066,145.44646,9,3.28,2,Severe (>50%),0.0057,0.3612,0.6331,0.9943,6.66,4.01,301.16998
1,2025-04-20,105,-23.32,151.98,2,0.75,1,Moderate (1-50%),0.0745,0.6947,0.2308,0.9255,1.08,0.75285715,299.68286
1,2025-04-20,106,-18.26362,147.38202,5,1.47,1,Moderate (1-50%),0.0259,0.8012,0.1729,0.9741,7.18,2.5714285,300.87997
1,2025-04-20,107,-14.0,146.0,2,3.87,2,Severe (>50%),0.0057,0.2412,0.7531,0.9943,9.374286,6.3671427,302.11856
1,2025-04-20,108,-21.87,152.19,2,1.64,1,Moderate (1-50%),0.0812,0.8818,0.0371,0.9188,2.22,1.8614286,300.05142
1,2025-04-20,109,-21.13605,150.77615,2,1.23,1,Moderate (1-50%),0.0535,0.8833,0.0631,0.9465,3.08,2.5442858,300.34427
1,2025-04-20,110,-20.66895,150.2588,2,1.81,1,Moderate (1-50%),0.0394,0.8869,0.0737,0.9606,3.21,2.49,300.33713
1,2025-04-20,111,-20.08315,149.93718,4,1.56,1,Moderate (1-50%),0.1038,0.8307,0.0656,0.8962,1.61,0.9257143,300.36002
1,2025-04-20,112,-19.6179,149.67664,3,0.81,1,Moderate (1-50%),0.1162,0.7795,0.1044,0.8838,2.04,1.1514286,300.49
1,2025-04-20,113,-18.791527,147.52235,34,1.86,1,Moderate (1-50%),0.055,0.7091,0.2359,0.945,5.0542855,3.0914285,300.81
1,2025-04-20,114,-18.53455,147.49355,4,2.22,1,Moderate (1-50%),0.053,0.7728,0.1742,0.947,5.2314286,2.4485714,300.8743
1,2025-04-20,115,-18.1362,146.9716,2,1.3,1,Moderate (1-50%),0.0319,0.7975,0.1706,0.9681,6.122857,3.357143,300.92285
1,2025-04-20,116,-15.359506,145.7791,18,1.78,2,Severe (>50%),0.015,0.3805,0.6045,0.985,4.79,2.7828572,301.37143
1,2025-04-20,117,-14.925742,145.68793,38,1.39,2,Severe (>50%),0.0068,0.2863,0.7069,0.9932,7.53,4.397143,301.40714
1,2025-04-20,118,-15.02785,145.56805,2,0.81,2,Severe (>50%),0.0131,0.4073,0.5796,0.9869,5.11,3.0842857,301.25143
1,2025-04-20,119,-12.767325,143.42282,4,0.89,2,Severe (>50%),0.0018,0.3763,0.6218,0.9982,9.52,4.7557144,301.5957
1,2025-04-20,120,-11.997334,143.27243,6,2.5,2,Severe (>50%),0.0035,0.3486,0.6479,0.9965,7.35,2.8542857,301.75854
1,2025-04-20,121,-11.0088,142.98685,2,2.22,1,Moderate (1-50%),0.0016,0.7608,0.2376,0.9984,10.085714,5.3628573,302.22858
1,2025-04-20,122,-20.751085,149.4548,7,3.39,1,Moderate (1-50%),0.0921,0.7947,0.1132,0.9079,3.5,2.4842858,300.31427
1,2025-04-20,123,-18.65635,147.71594,2,2.28,1,Moderate (1-50%),0.0336,0.8773,0.0891,0.9664,4.77,2.2785714,300.77856
1,2025-04-20,124,-12.470825,143.48958,4,1.65,2,Severe (>50%),0.0049,0.3741,0.6209,0.9951,6.73,2.8785715,301.73856
1,2025-04-20,125,-12.30835,143.37485,2,1.85,2,Severe (>50%),0.0031,0.2665,0.7304,0.9969,6.977143,3.2971427,301.73712
1,2025-04-20,126,-10.69155,142.73485,2,2.13,1,Moderate (1-50%),0.0019,0.6954,0.3027,0.9981,8.895715,4.507143,302.27426
1,2025-04-20,127,-18.9561,146.9562,15,2.89,2,Severe (>50%),0.026,0.2743,0.6997,0.974,5.4,3.0042858,300.57144
1,2025-04-20,128,-13.844505,146.55128,41,3.35,1,Moderate (1-50%),0.0033,0.6562,0.3405,0.9967,11.441428,9.364285,302.2514
1,2025-04-20,129,-16.22582,146.00262,10,2.39,2,Severe (>50%),0.0268,0.3489,0.6244,0.9732,5.52,2.7485714,301.22998
1,2025-04-20,130,-15.51399,145.77756,20,1.25,1,Moderate (1-50%),0.0181,0.5097,0.4722,0.9819,4.37,2.4957142,301.32425
1,2025-04-20,131,-16.0,145.9667,2,2.92,2,Severe (>50%),0.0472,0.432,0.5209,0.9528,5.44,2.6842856,301.31714
1,2025-04-20,132,-17.0,149.1,4,3.85,1,Moderate (1-50%),0.006,0.5018,0.4922,0.994,7.45,3.6714287,301.15854
2,2025-04-27,0,-19.166714,146.84863,209,2.65,1,Moderate (1-50%),0.005,0.915,0.0799,0.995,7.397143,2.3785715,300.18573
2,2025-04-27,1,-18.646925,146.54514,149,3.23,1,Moderate (1-50%),0.0694,0.8296,0.1009,0.9306,5.13,1.3514286,300.3157
2,2025-04-27,2,-10.2196665,150.84866,3,2.66,2,Severe (>50%),0.0002,0.4993,0.5005,0.9998,18.6,16.705715,303.01425
2,2025-04-27,3,-23.443886,151.92134,187,2.13,1,Moderate (1-50%),0.1193,0.7601,0.1206,0.8807,0.78,0.108571425,299.39142
2,2025-04-27,4,-18.75,146.25,2,3.83,1,Moderate (1-50%),0.0119,0.8556,0.1325,0.9881,6.5,1.5171429,300.3457
2,2025-04-27,5,-23.146168,150.95728,60,2.97,1,Moderate (1-50%),0.1423,0.7242,0.1335,0.8577,1.79,0.21571429,298.96857
2,2025-04-27,6,-19.760475,149.15018,69,3.06,1,Moderate (1-50%),0.0794,0.8346,0.086,0.9206,3.23,0.24142857,300.29425
2,2025-04-27,7,-18.227266,146.74213,3,1.83,1,Moderate (1-50%),0.0158,0.8413,0.143,0.9842,5.96,2.1642857,300.75284
2,2025-04-27,8,-19.020872,146.6052,11,2.13,1,Moderate (1-50%),0.0124,0.8749,0.1127,0.9876,7.2585716,1.9871428,300.23428
2,2025-04-27,9,-18.739391,147.2709,12,1.66,1,Moderate (1-50%),0.023,0.8996,0.0775,0.977,4.89,1.4028572,300.65143
2,2025-04-27,10,-17.885866,146.59,3,2.0,1,Moderate (1-50%),0.0236,0.7466,0.2298,0.9764,5.801429,1.88,300.74713
2,2025-04-27,11,-17.239176,146.34703,8,2.82,1,Moderate (1-50%),0.0156,0.6882,0.2963,0.9844,7.08,2.652857,300.87003
2,2025-04-27,12,-20.237434,148.9795,103,1.46,1,Moderate (1-50%),0.1972,0.6505,0.1522,0.8028,3.87,0.99714285,300.0857
2,2025-04-27,13,-20.3759,150.17145,8,0.38,1,Moderate (1-50%),0.1436,0.7225,0.1339,0.8564,2.64,0.08,300.1743
2,2025-04-27,14,-20.251957,148.81541,23,2.75,1,Moderate (1-50%),0.2236,0.6272,0.1492,0.7764,4.21,1.16,299.93716
2,2025-04-27,15,-20.090439,148.5869,23,2.12,1,Moderate (1-50%),0.1035,0.7682,0.1282,0.8965,5.16,1.3,300.06284
2,2025-04-27,16,-20.022484,148.28569,12,1.15,1,Moderate (1-50%),0.0197,0.8855,0.0948,0.9803,6.68,2.1571429,299.88998
2,2025-04-27,17,-19.86675,147.92262,4,0.95,1,Moderate (1-50%),0.0181,0.8588,0.1231,0.9819,6.5614285,2.0057142,299.89572
2,2025-04-27,18,-23.992844,151.69751,7,3.03,1,Moderate (1-50%),0.0721,0.8089,0.119,0.9279,3.2,0.9342857,298.72
2,2025-04-27,19,-23.520433,151.2612,3,1.5,1,Moderate (1-50%),0.0873,0.7933,0.1194,0.9127,3.35,0.7242857,298.87857
2,2025-04-27,20,-23.408117,151.1666,6,2.06,1,Moderate (1-50%),0.0894,0.7755,0.1351,0.9106,3.59,0.81857145,298.86426
2,2025-04-27,21,-23.326,150.92995,2,0.52,1,Moderate (1-50%),0.1158,0.7369,0.1473,0.8842,3.8,0.7,298.75854
2,2025-04-27,22,-21.991533,152.46994,3,1.91,1,Moderate (1-50%),0.1704,0.7617,0.068,0.8296,1.83,0.35285714,299.7243
2,2025-04-27,23,-20.911617,149.42245,11,1.51,1,Moderate (1-50%),0.3456,0.5061,0.1484,0.6544,2.99,0.8042857,299.8414
2,2025-04-27,24,-20.758585,150.43915,7,2.34,1,Moderate (1-50%),0.0904,0.7293,0.1803,0.9096,3.17,0.9085714,300.12714
2,2025-04-27,25,-19.7155,147.77403,7,1.06,1,Moderate (1-50%),0.0235,0.8569,0.1196,0.9765,6.2585716,2.0514286,300.08713
2,2025-04-27,26,-19.34095,148.0835,2,1.99,1,Moderate (1-50%),0.0306,0.8491,0.1203,0.9694,4.65,1.4785714,300.53714
2,2025-04-27,27,-19.32325,148.4333,2,0.89,1,Moderate (1-50%),0.0258,0.8729,0.1013,0.9742,4.01,1.2314286,300.4457
2,2025-04-27,28,-19.311234,148.34396,3,2.51,1,Moderate (1-50%),0.0285,0.8594,0.1121,0.9715,4.31,1.2214285,300.49002
2,2025-04-27,29,-19.2076,148.8596,2,2.52,1,Moderate (1-50%),0.0432,0.7702,0.1866,0.9568,3.28,0.42571428,300.37283
2,2025-04-27,30,-19.11165,148.33365,6,1.74,1,Moderate (1-50%),0.0456,0.7959,0.1585,0.9544,3.45,0.7,300.4
2,2025-04-27,31,-18.9913,148.06412,6,2.14,1,Moderate (1-50%),0.0158,0.8512,0.133,0.9842,4.41,1.03,300.50998
2,2025-04-27,32,-18.847086,147.91052,7,2.89,1,Moderate (1-50%),0.0316,0.8223,0.1461,0.9684,4.46,0.8857143,300.51285
2,2025-04-27,33,-18.1497,146.28976,3,3.16,1,Moderate (1-50%),0.0294,0.8407,0.1299,0.9706,5.26,1.39,300.41428
2,2025-04-27,34,-17.6551,146.49199,6,2.85,1,Moderate (1-50%),0.0302,0.6804,0.2894,0.9698,5.7314286,2.03,300.79572
2,2025-04-27,35,-17.34235,146.52235,4,1.95,1,Moderate (1-50%),0.0178,0.7355,0.2467,0.9822,6.66,2.3557143,300.9114
2,2025-04-27,36,-16.871353,146.21158,88,1.49,1,Moderate (1-50%),0.0148,0.591,0.3942,0.9852,6.53,2.3328571,300.91998
2,2025-04-27,37,-16.935507,145.98845,13,1.85,1,Moderate (1-50%),0.013,0.7739,0.213,0.987,6.825714,1.78,300.69284
2,2025-04-27,38,-16.52347,145.99037,108,1.65,1,Moderate (1-50%),0.0174,0.5843,0.3982,0.9826,6.03,1.9414285,300.9057
2,2025-04-27,39,-16.12418,145.83456,243,1.03,1,Moderate (1-50%),0.0596,0.5758,0.3646,0.9404,5.34,1.7357143,300.9643
2,2025-04-27,40,-15.77885,145.58086,2,0.76,1,Moderate (1-50%),0.0321,0.6939,0.274,0.9679,4.23,1.6257143,300.8743
2,2025-04-27,41,-15.499777,145.51018,13,3.18,1,Moderate (1-50%),0.0153,0.7573,0.2274,0.9847,3.27,1.2657143,300.8557
2,2025-04-27,42,-14.85125,145.27235,2,2.66,1,Moderate (1-50%),0.0078,0.7206,0.2716,0.9922,6.32,1.96,300.70428
2,2025-04-27,43,-14.728744,145.10814,16,1.86,1,Moderate (1-50%),0.007,0.7041,0.2889,0.993,6.98,2.09,300.68854
2,2025-04-27,44,-14.4546,144.90607,7,3.05,1,Moderate (1-50%),0.0187,0.6552,0.3261,0.9813,7.864286,2.0628572,300.72144
2,2025-04-27,45,-14.1632,144.26332,5,1.82,1,Moderate (1-50%),0.0089,0.7327,0.2584,0.9911,6.7714286,1.78,300.80142
2,2025-04-27,46,-14.13435,144.5049,2,2.4,1,Moderate (1-50%),0.006,0.8256,0.1684,0.994,8.452857,2.5114286,300.82285
2,2025-04-27,47,-14.07125,143.8833,2,0.99,1,Moderate (1-50%),0.0053,0.8621,0.1326,0.9947,7.1557145,1.7257143,301.16855
2,2025-04-27,48,-13.922125,143.78668,4,1.3,1,Moderate (1-50%),0.0044,0.8545,0.1411,0.9956,7.9428573,2.142857,301.18143
2,2025-04-27,49,-23.6966,152.1829,2,2.53,1,Moderate (1-50%),0.091,0.7699,0.1392,0.909,0.77,0.021428572,299.58002
2,2025-04-27,50,-17.776623,146.45274,9,2.36,1,Moderate (1-50%),0.0245,0.7576,0.218,0.9755,5.6528573,1.8828571,300.75854
2,2025-04-27,51,-16.284166,145.4936,3,2.23,1,Moderate (1-50%),0.0066,0.7827,0.2107,0.9934,7.04,2.3957143,300.71713
2,2025-04-27,52,-15.71492,145.45647,5,2.28,1,Moderate (1-50%),0.0242,0.7588,0.217,0.9758,4.14,1.6428572,300.7543
2,2025-04-27,53,-22.2081,150.33665,2,2.23,1,Moderate (1-50%),0.1836,0.6977,0.1188,0.8164,2.09,0.17142858,299.33145
2,2025-04-27,54,-22.024067,150.66617,3,0.92,1,Moderate (1-50%),0.1323,0.5691,0.2986,0.8677,2.49,0.62,299.82
2,2025-04-27,55,-22.018534,150.34753,3,2.43,1,Moderate (1-50%),0.1052,0.747,0.1478,0.8948,2.18,0.21285714,299.72
2,2025-04-27,56,-21.95394,150.1631,5,2.64,1,Moderate (1-50%),0.184,0.7316,0.0844,0.816,1.81,0.087142855,299.56714
2,2025-04-27,57,-21.6832,150.28384,4,1.29,1,Moderate (1-50%),0.1153,0.7521,0.1326,0.8847,1.86,0.21571429,299.9471
2,2025-04-27,58,-21.455212,149.86604,8,2.39,1,Moderate (1-50%),0.1841,0.721,0.0949,0.8159,2.3,0.33571428,299.7443
2,2025-04-27,59,-18.062532,146.56087,3,2.04,1,Moderate (1-50%),0.0252,0.8227,0.1521,0.9748,6.0014286,1.7971429,300.6614
2,2025-04-27,60,-23.958666,151.47777,3,1.84,1,Moderate (1-50%),0.1013,0.8451,0.0536,0.8987,5.34,1.7442857,298.5557
2,2025-04-27,61,-23.767967,151.33594,3,1.36,1,Moderate (1-50%),0.1185,0.8226,0.0589,0.8815,4.85,1.4985714,298.67715
2,2025-04-27,62,-23.5347,151.73087,3,1.23,1,Moderate (1-50%),0.1289,0.6532,0.2178,0.8711,1.4,0.3257143,299.22
2,2025-04-27,63,-19.2064,147.0493,3,3.28,1,Moderate (1-50%),0.0121,0.8955,0.0924,0.9879,5.73,2.0271428,300.17572
2,2025-04-27,64,-18.0518,146.78749,12,2.9,1,Moderate (1-50%),0.0197,0.7378,0.2424,0.9803,5.6514287,1.6285714,300.79288
2,2025-04-27,65,-18.008833,146.16989,9,1.88,1,Moderate (1-50%),0.0583,0.7825,0.1592,0.9417,4.35,1.0528572,300.37857
2,2025-04-27,66,-17.721071,146.1557,7,2.09,1,Moderate (1-50%),0.0804,0.7386,0.181,0.9196,3.75,1.2414286,300.53
2,2025-04-27,67,-17.467283,146.3924,6,2.04,1,Moderate (1-50%),0.023,0.6738,0.3032,0.977,6.84,2.3228571,300.81284
2,2025-04-27,68,-17.20583,146.07251,10,2.15,1,Moderate (1-50%),0.0451,0.7976,0.1573,0.9549,6.4,1.7785715,300.62717
2,2025-04-27,69,-16.545633,145.52946,3,2.34,1,Moderate (1-50%),0.0061,0.7215,0.2724,0.9939,7.7,2.4585714,300.78143
2,2025-04-27,70,-16.379562,145.56004,47,1.67,1,Moderate (1-50%),0.0078,0.812,0.1801,0.9922,7.11,2.37,300.7314
2,2025-04-27,71,-15.9993,145.4327,3,2.82,1,Moderate (1-50%),0.0083,0.7995,0.1922,0.9917,5.35,2.2228572,300.74286
2,2025-04-27,72,-15.156473,145.46036,11,2.59,1,Moderate (1-50%),0.0129,0.7194,0.2677,0.9871,3.27,1.3471428,300.95853
2,2025-04-27,73,-11.8956,143.1068,2,3.03,1,Moderate (1-50%),0.0114,0.7163,0.2724,0.9886,6.99,1.4485714,301.4443
2,2025-04-27,74,-10.14675,151.16306,2,3.4,2,Severe (>50%),0.0002,0.4333,0.5665,0.9998,18.661428,16.938572,303.00143
2,2025-04-27,75,-18.4208,147.34987,3,2.66,1,Moderate (1-50%),0.0127,0.9212,0.0661,0.9873,6.0728574,0.9942857,300.69287
2,2025-04-27,76,-19.54529,149.26216,28,2.63,1,Moderate (1-50%),0.27,0.6348,0.0952,0.73,1.92,0.21714285,300.27142
2,2025-04-27,77,-18.665953,147.07942,15,1.11,1,Moderate (1-50%),0.0202,0.8627,0.1171,0.9798,5.39,1.7642857,300.6186
2,2025-04-27,78,-18.441046,146.99043,15,2.42,1,Moderate (1-50%),0.0109,0.8711,0.118,0.9891,6.66,2.4085715,300.74854
2,2025-04-27,79,-22.0,152.67,2,2.83,1,Moderate (1-50%),0.0771,0.7916,0.1313,0.9229,2.05,0.37,299.6971
2,2025-04-27,80,-18.402128,146.79951,11,3.63,1,Moderate (1-50%),0.008,0.8,0.192,0.992,6.07,2.51,300.6743
2,2025-04-27,81,-18.52425,147.1444,2,2.05,1,Moderate (1-50%),0.0148,0.8653,0.1199,0.9852,5.99,1.9657143,300.72287
2,2025-04-27,82,-21.3925,152.50706,5,2.69,1,Moderate (1-50%),0.1146,0.8555,0.0298,0.8854,1.91,0.36142856,300.0114
2,2025-04-27,83,-21.121021,152.48535,9,1.16,1,Moderate (1-50%),0.0922,0.8453,0.0626,0.9078,2.78,0.36714286,300.20856
2,2025-04-27,84,-21.106472,152.2254,11,2.06,1,Moderate (1-50%),0.1172,0.821,0.0618,0.8828,2.89,0.52,300.2143
2,2025-04-27,85,-20.96795,149.75764,2,1.96,1,Moderate (1-50%),0.1093,0.6942,0.1964,0.8907,3.56,1.0885714,300.19998
2,2025-04-27,86,-20.928566,150.04893,3,2.52,1,Moderate (1-50%),0.0611,0.808,0.1309,0.9389,4.01,1.33,300.24713
2,2025-04-27,87,-19.68672,149.93729,5,1.83,1,Moderate (1-50%),0.2184,0.6858,0.0957,0.7816,2.35,0.07714286,300.34
2,2025-04-27,88,-19.501034,148.7524,3,3.57,1,Moderate (1-50%),0.05,0.8388,0.1113,0.95,3.34,0.56,300.3386
2,2025-04-27,89,-19.3041,148.6315,4,2.42,1,Moderate (1-50%),0.0343,0.8542,0.1115,0.9657,3.26,0.56285715,300.32715
2,2025-04-27,90,-19.20995,148.542,2,2.45,1,Moderate (1-50%),0.0405,0.8167,0.1428,0.9595,3.12,0.56285715,300.3757
2,2025-04-27,91,-18.82149,147.65489,18,2.15,1,Moderate (1-50%),0.0218,0.8786,0.0996,0.9782,4.71,1.3457143,300.6143
2,2025-04-27,92,-17.5251,146.52454,3,0.05,1,Moderate (1-50%),0.0175,0.7051,0.2774,0.9825,6.2914286,2.1957142,300.86002
2,2025-04-27,93,-14.88175,145.50227,6,2.56,1,Moderate (1-50%),0.0066,0.5907,0.4026,0.9934,6.65,2.8942857,301.04288
2,2025-04-27,94,-24.112192,152.71562,14,1.71,1,Moderate (1-50%),0.1407,0.6087,0.2507,0.8593,0.16,0.0,299.49002
2,2025-04-27,95,-19.449833,148.86703,3,2.89,1,Moderate (1-50%),0.1013,0.7417,0.157,0.8987,2.96,0.38857144,300.29
2,2025-04-27,96,-16.409634,145.74434,3,2.68,1,Moderate (1-50%),0.0108,0.7083,0.2808,0.9892,7.1,2.3042858,300.75854
2,2025-04-27,97,-12.67815,143.5829,2,0.93,1,Moderate (1-50%),0.0065,0.7774,0.2161,0.9935,7.3142858,2.4514287,301.41998
2,2025-04-27,98,-12.2257,143.2841,2,0.99,1,Moderate (1-50%),0.0095,0.7305,0.26,0.9905,7.39,2.0785713,301.47287
2,2025-04-27,99,-11.782,142.95316,5,2.5,1,Moderate (1-50%),0.0074,0.5758,0.4168,0.9926,7.794286,2.1757143,301.40854
2,2025-04-27,100,-11.7694,143.09245,2,2.0,1,Moderate (1-50%),0.0127,0.7646,0.2227,0.9873,7.21,1.4485714,301.41998
2,2025-04-27,101,-11.482866,143.01598,9,1.32,2,Severe (>50%),0.0019,0.4787,0.5194,0.9981,9.171429,2.8157144,301.4714
2,2025-04-27,102,-11.191144,142.98755,9,2.26,1,Moderate (1-50%),0.0009,0.7109,0.2882,0.9991,9.9328575,3.34,301.6114
2,2025-04-27,103,-14.610958,145.62405,19,1.56,1,Moderate (1-50%),0.0059,0.5888,0.4053,0.9941,7.85,3.2585714,301.2857
2,2025-04-27,104,-14.704066,145.44646,9,3.28,1,Moderate (1-50%),0.0108,0.573,0.4162,0.9892,6.66,2.9171429,300.96997
2,2025-04-27,105,-23.32,151.98,2,0.75,1,Moderate (1-50%),0.1092,0.7625,0.1283,0.8908,1.08,0.20857143,299.50854
2,2025-04-27,106,-18.26362,147.38202,5,1.47,1,Moderate (1-50%),0.0159,0.8622,0.1218,0.9841,7.18,1.0228572,300.63574
2,2025-04-27,107,-14.0,146.0,2,3.87,2,Severe (>50%),0.0045,0.3988,0.5967,0.9955,9.374286,4.757143,301.77432
2,2025-04-27,108,-21.87,152.19,2,1.64,1,Moderate (1-50%),0.0751,0.8765,0.0483,0.9249,2.22,0.67142856,299.85428
2,2025-04-27,109,-21.13605,150.77615,2,1.23,1,Moderate (1-50%),0.0793,0.8423,0.0784,0.9207,3.08,1.1685715,300.10858
2,2025-04-27,110,-20.66895,150.2588,2,1.81,1,Moderate (1-50%),0.0953,0.7428,0.1618,0.9047,3.21,0.9071429,300.15143
2,2025-04-27,111,-20.08315,149.93718,4,1.56,1,Moderate (1-50%),0.3096,0.6223,0.0681,0.6904,1.61,0.027142856,300.1814
2,2025-04-27,112,-19.6179,149.67664,3,0.81,1,Moderate (1-50%),0.2163,0.6754,0.1083,0.7837,2.04,0.074285716,300.26855
2,2025-04-27,113,-18.791527,147.52235,34,1.86,1,Moderate (1-50%),0.0241,0.8731,0.1028,0.9759,5.0542855,1.6971428,300.69287
2,2025-04-27,114,-18.53455,147.49355,4,2.22,1,Moderate (1-50%),0.0316,0.8455,0.1229,0.9684,5.2314286,0.9885714,300.68
2,2025-04-27,115,-18.1362,146.9716,2,1.3,1,Moderate (1-50%),0.0123,0.8504,0.1374,0.9877,6.122857,1.8342857,300.81
2,2025-04-27,116,-15.359506,145.7791,18,1.78,1,Moderate (1-50%),0.0229,0.7016,0.2755,0.9771,4.79,1.7628572,301.24286
2,2025-04-27,117,-14.925742,145.68793,38,1.39,1,Moderate (1-50%),0.0074,0.5484,0.4441,0.9926,7.53,3.057143,301.22855
2,2025-04-27,118,-15.02785,145.56805,2,0.81,1,Moderate (1-50%),0.0162,0.6323,0.3515,0.9838,5.11,2.17,301.1014
2,2025-04-27,119,-12.767325,143.42282,4,0.89,1,Moderate (1-50%),0.0011,0.5917,0.4072,0.9989,9.52,3.3614285,301.35284
2,2025-04-27,120,-11.997334,143.27243,6,2.5,1,Moderate (1-50%),0.0112,0.6876,0.3012,0.9888,7.35,1.5342857,301.46
2,2025-04-27,121,-11.0088,142.98685,2,2.22,1,Moderate (1-50%),0.0013,0.791,0.2077,0.9987,10.085714,3.7857144,301.71
2,2025-04-27,122,-20.751085,149.4548,7,3.39,1,Moderate (1-50%),0.2294,0.6249,0.1458,0.7706,3.5,1.0657142,300.1243
2,2025-04-27,123,-18.65635,147.71594,2,2.28,1,Moderate (1-50%),0.0296,0.8486,0.1218,0.9704,4.77,0.73,300.58002
2,2025-04-27,124,-12.470825,143.48958,4,1.65,1,Moderate (1-50%),0.0157,0.7208,0.2635,0.9843,6.73,1.7228571,301.45428
2,2025-04-27,125,-12.30835,143.37485,2,1.85,1,Moderate (1-50%),0.0114,0.6499,0.3388,0.9886,6.977143,2.1242857,301.47287
2,2025-04-27,126,-10.69155,142.73485,2,2.13,1,Moderate (1-50%),0.0019,0.6776,0.3204,0.9981,8.895715,3.087143,301.88998
2,2025-04-27,127,-18.9561,146.9562,15,2.89,1,Moderate (1-50%),0.011,0.9022,0.0869,0.989,5.4,1.75,300.35715
2,2025-04-27,128,-13.844505,146.55128,41,3.35,2,Severe (>50%),0.0027,0.4475,0.5498,0.9973,11.441428,7.6657143,301.84146
2,2025-04-27,129,-16.22582,146.00262,10,2.39,1,Moderate (1-50%),0.0279,0.7142,0.2579,0.9721,5.52,1.6771429,301.05426
2,2025-04-27,130,-15.51399,145.77756,20,1.25,1,Moderate (1-50%),0.0381,0.6591,0.3028,0.9619,4.37,1.6228571,301.16998
2,2025-04-27,131,-16.0,145.9667,2,2.92,1,Moderate (1-50%),0.0364,0.7172,0.2464,0.9636,5.44,1.6328571,301.12143
2,2025-04-27,132,-17.0,149.1,4,3.85,1,Moderate (1-50%),0.0068,0.5044,0.4888,0.9932,7.45,2.3614285,301.1843
3,2025-05-04,0,-19.166714,146.84863,209,2.65,1,Moderate (1-50%),0.0417,0.8796,0.0787,0.9583,7.397143,1.89,300.29428
3,2025-05-04,1,-18.646925,146.54514,149,3.23,1,Moderate (1-50%),0.0663,0.8198,0.1139,0.9337,5.13,0.64,300.47144
3,2025-05-04,2,-10.2196665,150.84866,3,2.66,1,Moderate (1-50%),0.0007,0.6798,0.3195,0.9993,18.6,16.184286,303.2357
3,2025-05-04,3,-23.443886,151.92134,187,2.13,1,Moderate (1-50%),0.1734,0.8188,0.0078,0.8266,0.78,0.0,299.08713
3,2025-05-04,4,-18.75,146.25,2,3.83,1,Moderate (1-50%),0.0593,0.8093,0.1314,0.9407,6.5,0.81,300.38998
3,2025-05-04,5,-23.146168,150.95728,60,2.97,1,Moderate (1-50%),0.4725,0.5141,0.0134,0.5275,1.79,0.0,298.65997
3,2025-05-04,6,-19.760475,149.15018,69,3.06,1,Moderate (1-50%),0.1427,0.7882,0.0691,0.8573,3.23,0.0,300.26425
3,2025-05-04,7,-18.227266,146.74213,3,1.83,1,Moderate (1-50%),0.0485,0.8742,0.0773,0.9515,5.96,1.41,300.74713
3,2025-05-04,8,-19.020872,146.6052,11,2.13,1,Moderate (1-50%),0.0787,0.7644,0.1569,0.9213,7.2585716,1.34,300.33286
3,2025-05-04,9,-18.739391,147.2709,12,1.66,1,Moderate (1-50%),0.1007,0.8112,0.0882,0.8993,4.89,1.06,300.53143
3,2025-05-04,10,-17.885866,146.59,3,2.0,1,Moderate (1-50%),0.0467,0.8799,0.0733,0.9533,5.801429,1.1,300.6943
3,2025-05-04,11,-17.239176,146.34703,8,2.82,1,Moderate (1-50%),0.1268,0.7774,0.0958,0.8732,7.08,1.94,300.77713
3,2025-05-04,12,-20.237434,148.9795,103,1.46,1,Moderate (1-50%),0.2939,0.6551,0.051,0.7061,3.87,0.022857143,300.1486
3,2025-05-04,13,-20.3759,150.17145,8,0.38,1,Moderate (1-50%),0.1565,0.7733,0.0702,0.8435,2.64,0.0,300.20712
3,2025-05-04,14,-20.251957,148.81541,23,2.75,1,Moderate (1-50%),0.2292,0.7357,0.0351,0.7708,4.21,0.06714286,299.97998
3,2025-05-04,15,-20.090439,148.5869,23,2.12,1,Moderate (1-50%),0.0891,0.8757,0.0352,0.9109,5.16,0.074285716,300.00858
3,2025-05-04,16,-20.022484,148.28569,12,1.15,1,Moderate (1-50%),0.0852,0.8492,0.0656,0.9148,6.68,0.7871429,299.77713
3,2025-05-04,17,-19.86675,147.92262,4,0.95,1,Moderate (1-50%),0.0697,0.801,0.1294,0.9303,6.5614285,0.64,299.8
3,2025-05-04,18,-23.992844,151.69751,7,3.03,1,Moderate (1-50%),0.3702,0.6218,0.0079,0.6298,3.2,0.02,298.43857
3,2025-05-04,19,-23.520433,151.2612,3,1.5,1,Moderate (1-50%),0.4176,0.5749,0.0075,0.5824,3.35,0.0,298.54428
3,2025-05-04,20,-23.408117,151.1666,6,2.06,1,Moderate (1-50%),0.4895,0.5004,0.0101,0.5105,3.59,0.14,298.54572
3,2025-05-04,21,-23.326,150.92995,2,0.52,1,Moderate (1-50%),0.3481,0.6384,0.0135,0.6519,3.8,0.17,298.40427
3,2025-05-04,22,-21.991533,152.46994,3,1.91,1,Moderate (1-50%),0.1565,0.8151,0.0284,0.8435,1.83,0.0,299.65997
3,2025-05-04,23,-20.911617,149.42245,11,1.51,1,Moderate (1-50%),0.4523,0.5169,0.0308,0.5477,2.99,0.021428572,299.75
3,2025-05-04,24,-20.758585,150.43915,7,2.34,1,Moderate (1-50%),0.1977,0.7218,0.0805,0.8023,3.17,0.022857143,300.22144
3,2025-05-04,25,-19.7155,147.77403,7,1.06,1,Moderate (1-50%),0.1042,0.7317,0.1641,0.8958,6.2585716,0.81285715,299.94287
3,2025-05-04,26,-19.34095,148.0835,2,1.99,1,Moderate (1-50%),0.089,0.8226,0.0884,0.911,4.65,0.77,300.44427
3,2025-05-04,27,-19.32325,148.4333,2,0.89,1,Moderate (1-50%),0.1247,0.7911,0.0841,0.8753,4.01,0.71,300.41998
3,2025-05-04,28,-19.311234,148.34396,3,2.51,1,Moderate (1-50%),0.1171,0.8101,0.0728,0.8829,4.31,0.7,300.45285
3,2025-05-04,29,-19.2076,148.8596,2,2.52,1,Moderate (1-50%),0.1877,0.7571,0.0552,0.8123,3.28,0.0,300.4157
3,2025-05-04,30,-19.11165,148.33365,6,1.74,1,Moderate (1-50%),0.1731,0.7499,0.077,0.8269,3.45,0.15,300.37283
3,2025-05-04,31,-18.9913,148.06412,6,2.14,1,Moderate (1-50%),0.102,0.8292,0.0688,0.898,4.41,0.46,300.39285
3,2025-05-04,32,-18.847086,147.91052,7,2.89,1,Moderate (1-50%),0.1033,0.81,0.0866,0.8967,4.46,0.3,300.44
3,2025-05-04,33,-18.1497,146.28976,3,3.16,1,Moderate (1-50%),0.0604,0.8343,0.1053,0.9396,5.26,0.47142857,300.53714
3,2025-05-04,34,-17.6551,146.49199,6,2.85,1,Moderate (1-50%),0.0658,0.8722,0.062,0.9342,5.7314286,1.26,300.71713
3,2025-05-04,35,-17.34235,146.52235,4,1.95,1,Moderate (1-50%),0.0744,0.8831,0.0425,0.9256,6.66,1.67,300.74713
3,2025-05-04,36,-16.871353,146.21158,88,1.49,1,Moderate (1-50%),0.1006,0.786,0.1134,0.8994,6.53,1.97,300.79712
3,2025-05-04,37,-16.935507,145.98845,13,1.85,1,Moderate (1-50%),0.0835,0.6542,0.2623,0.9165,6.825714,1.1,300.66428
3,2025-05-04,38,-16.52347,145.99037,108,1.65,1,Moderate (1-50%),0.1362,0.6459,0.2179,0.8638,6.03,1.59,300.69284
3,2025-05-04,39,-16.12418,145.83456,243,1.03,1,Moderate (1-50%),0.1243,0.7533,0.1223,0.8757,5.34,1.4,300.70142
3,2025-05-04,40,-15.77885,145.58086,2,0.76,1,Moderate (1-50%),0.1618,0.7312,0.107,0.8382,4.23,1.49,300.70856
3,2025-05-04,41,-15.499777,145.51018,13,3.18,1,Moderate (1-50%),0.058,0.7382,0.2038,0.942,3.27,1.13,300.62857
3,2025-05-04,42,-14.85125,145.27235,2,2.66,1,Moderate (1-50%),0.0501,0.6961,0.2539,0.9499,6.32,1.9357142,300.4343
3,2025-05-04,43,-14.728744,145.10814,16,1.86,1,Moderate (1-50%),0.0301,0.6335,0.3364,0.9699,6.98,2.0657144,300.3814
3,2025-05-04,44,-14.4546,144.90607,7,3.05,1,Moderate (1-50%),0.022,0.7392,0.2389,0.978,7.864286,1.2957143,300.55283
3,2025-05-04,45,-14.1632,144.26332,5,1.82,1,Moderate (1-50%),0.051,0.6956,0.2534,0.949,6.7714286,1.3185714,300.64572
3,2025-05-04,46,-14.13435,144.5049,2,2.4,1,Moderate (1-50%),0.0184,0.7443,0.2373,0.9816,8.452857,1.4071429,300.6614
3,2025-05-04,47,-14.07125,143.8833,2,0.99,1,Moderate (1-50%),0.0218,0.6692,0.309,0.9782,7.1557145,1.3414285,300.87997
3,2025-05-04,48,-13.922125,143.78668,4,1.3,1,Moderate (1-50%),0.0148,0.7113,0.274,0.9852,7.9428573,1.74,300.86002
3,2025-05-04,49,-23.6966,152.1829,2,2.53,1,Moderate (1-50%),0.1382,0.8496,0.0122,0.8618,0.77,0.0,299.15714
3,2025-05-04,50,-17.776623,146.45274,9,2.36,1,Moderate (1-50%),0.0729,0.8267,0.1004,0.9271,5.6528573,1.1,300.70145
3,2025-05-04,51,-16.284166,145.4936,3,2.23,1,Moderate (1-50%),0.0291,0.8801,0.0908,0.9709,7.04,2.02,300.63144
3,2025-05-04,52,-15.71492,145.45647,5,2.28,1,Moderate (1-50%),0.1115,0.7485,0.14,0.8885,4.14,1.5,300.6314
3,2025-05-04,53,-22.2081,150.33665,2,2.23,1,Moderate (1-50%),0.4329,0.5491,0.018,0.5671,2.09,0.0,299.20712
3,2025-05-04,54,-22.024067,150.66617,3,0.92,1,Moderate (1-50%),0.2826,0.606,0.1114,0.7174,2.49,0.0,299.84427
3,2025-05-04,55,-22.018534,150.34753,3,2.43,1,Moderate (1-50%),0.3224,0.6209,0.0567,0.6776,2.18,0.0,299.60284
3,2025-05-04,56,-21.95394,150.1631,5,2.64,1,Moderate (1-50%),0.4393,0.5274,0.0332,0.5607,1.81,0.0,299.4057
3,2025-05-04,57,-21.6832,150.28384,4,1.29,1,Moderate (1-50%),0.2318,0.7288,0.0395,0.7682,1.86,0.0,299.79428
3,2025-05-04,58,-21.455212,149.86604,8,2.39,1,Moderate (1-50%),0.3204,0.6524,0.0271,0.6796,2.3,0.0,299.5843
3,2025-05-04,59,-18.062532,146.56087,3,2.04,1,Moderate (1-50%),0.0562,0.8604,0.0835,0.9438,6.0014286,1.02,300.70285
3,2025-05-04,60,-23.958666,151.47777,3,1.84,1,Moderate (1-50%),0.3051,0.6705,0.0244,0.6949,5.34,0.43285716,298.24142
3,2025-05-04,61,-23.767967,151.33594,3,1.36,1,Moderate (1-50%),0.3418,0.6288,0.0294,0.6582,4.85,0.35285714,298.31
3,2025-05-04,62,-23.5347,151.73087,3,1.23,1,Moderate (1-50%),0.2719,0.72,0.0081,0.7281,1.4,0.0,298.89996
3,2025-05-04,63,-19.2064,147.0493,3,3.28,1,Moderate (1-50%),0.0697,0.8697,0.0606,0.9303,5.73,1.39,300.21713
3,2025-05-04,64,-18.0518,146.78749,12,2.9,1,Moderate (1-50%),0.0576,0.8501,0.0923,0.9424,5.6514287,0.89,300.72287
3,2025-05-04,65,-18.008833,146.16989,9,1.88,1,Moderate (1-50%),0.0902,0.8229,0.0869,0.9098,4.35,0.17,300.5143
3,2025-05-04,66,-17.721071,146.1557,7,2.09,1,Moderate (1-50%),0.1084,0.7752,0.1164,0.8916,3.75,0.33142856,300.59427
3,2025-05-04,67,-17.467283,146.3924,6,2.04,1,Moderate (1-50%),0.0928,0.8187,0.0885,0.9072,6.84,1.56,300.72568
3,2025-05-04,68,-17.20583,146.07251,10,2.15,1,Moderate (1-50%),0.0958,0.7243,0.1798,0.9042,6.4,0.8814286,300.6857
3,2025-05-04,69,-16.545633,145.52946,3,2.34,1,Moderate (1-50%),0.034,0.8346,0.1314,0.966,7.7,1.79,300.59427
3,2025-05-04,70,-16.379562,145.56004,47,1.67,1,Moderate (1-50%),0.0405,0.8774,0.0821,0.9595,7.11,1.99,300.62717
3,2025-05-04,71,-15.9993,145.4327,3,2.82,1,Moderate (1-50%),0.0542,0.8216,0.1241,0.9458,5.35,2.08,300.6486
3,2025-05-04,72,-15.156473,145.46036,11,2.59,1,Moderate (1-50%),0.0644,0.7921,0.1435,0.9356,3.27,1.24,300.5914
3,2025-05-04,73,-11.8956,143.1068,2,3.03,1,Moderate (1-50%),0.0122,0.8093,0.1785,0.9878,6.99,1.17,300.90997
3,2025-05-04,74,-10.14675,151.16306,2,3.4,1,Moderate (1-50%),0.0007,0.6527,0.3466,0.9993,18.661428,16.427143,303.20712
3,2025-05-04,75,-18.4208,147.34987,3,2.66,1,Moderate (1-50%),0.1084,0.8381,0.0534,0.8916,6.0728574,0.45,300.5857
3,2025-05-04,76,-19.54529,149.26216,28,2.63,1,Moderate (1-50%),0.1402,0.7893,0.0705,0.8598,1.92,0.0,300.22574
3,2025-05-04,77,-18.665953,147.07942,15,1.11,1,Moderate (1-50%),0.0782,0.8489,0.0729,0.9218,5.39,1.28,300.54858
3,2025-05-04,78,-18.441046,146.99043,15,2.42,1,Moderate (1-50%),0.0849,0.8615,0.0536,0.9151,6.66,1.67,300.6843
3,2025-05-04,79,-22.0,152.67,2,2.83,1,Moderate (1-50%),0.24,0.728,0.032,0.76,2.05,0.0,299.6357
3,2025-05-04,80,-18.402128,146.79951,11,3.63,1,Moderate (1-50%),0.0629,0.8636,0.0734,0.9371,6.07,1.77,300.6957
3,2025-05-04,81,-18.52425,147.1444,2,2.05,1,Moderate (1-50%),0.0457,0.9011,0.0532,0.9543,5.99,1.42,300.62283
3,2025-05-04,82,-21.3925,152.50706,5,2.69,1,Moderate (1-50%),0.2717,0.6656,0.0627,0.7283,1.91,0.06,300.0457
3,2025-05-04,83,-21.121021,152.48535,9,1.16,1,Moderate (1-50%),0.2342,0.7081,0.0576,0.7658,2.78,0.0,300.28857
3,2025-05-04,84,-21.106472,152.2254,11,2.06,1,Moderate (1-50%),0.2555,0.6843,0.0602,0.7445,2.89,0.06,300.30573
3,2025-05-04,85,-20.96795,149.75764,2,1.96,1,Moderate (1-50%),0.3686,0.5734,0.058,0.6314,3.56,0.07,300.11716
3,2025-05-04,86,-20.928566,150.04893,3,2.52,1,Moderate (1-50%),0.226,0.7169,0.0572,0.774,4.01,0.13857143,300.2557
3,2025-05-04,87,-19.68672,149.93729,5,1.83,1,Moderate (1-50%),0.116,0.7134,0.1707,0.884,2.35,0.0,300.27142
3,2025-05-04,88,-19.501034,148.7524,3,3.57,1,Moderate (1-50%),0.156,0.7735,0.0706,0.844,3.34,0.16,300.36002
3,2025-05-04,89,-19.3041,148.6315,4,2.42,1,Moderate (1-50%),0.1498,0.7641,0.0861,0.8502,3.26,0.0,300.36002
3,2025-05-04,90,-19.20995,148.542,2,2.45,1,Moderate (1-50%),0.2024,0.655,0.1426,0.7976,3.12,0.0,300.35715
3,2025-05-04,91,-18.82149,147.65489,18,2.15,1,Moderate (1-50%),0.0832,0.8456,0.0712,0.9168,4.71,0.8,300.52002
3,2025-05-04,92,-17.5251,146.52454,3,0.05,1,Moderate (1-50%),0.1022,0.8251,0.0727,0.8978,6.2914286,1.46,300.72
3,2025-05-04,93,-14.88175,145.50227,6,2.56,1,Moderate (1-50%),0.0226,0.7978,0.1795,0.9774,6.65,2.2514286,300.65427
3,2025-05-04,94,-24.112192,152.71562,14,1.71,1,Moderate (1-50%),0.2142,0.7732,0.0125,0.7858,0.16,0.0,299.17715
3,2025-05-04,95,-19.449833,148.86703,3,2.89,1,Moderate (1-50%),0.1919,0.7489,0.0592,0.8081,2.96,0.0,300.31284
3,2025-05-04,96,-16.409634,145.74434,3,2.68,1,Moderate (1-50%),0.0598,0.7553,0.1849,0.9402,7.1,1.93,300.6257
3,2025-05-04,97,-12.67815,143.5829,2,0.93,1,Moderate (1-50%),0.0063,0.9095,0.0842,0.9937,7.3142858,2.21,301.08286
3,2025-05-04,98,-12.2257,143.2841,2,0.99,1,Moderate (1-50%),0.0079,0.8442,0.1479,0.9921,7.39,1.7442857,301.04144
3,2025-05-04,99,-11.782,142.95316,5,2.5,1,Moderate (1-50%),0.0096,0.8916,0.0988,0.9904,7.794286,1.83,300.93573
3,2025-05-04,100,-11.7694,143.09245,2,2.0,1,Moderate (1-50%),0.0108,0.8362,0.153,0.9892,7.21,1.03,300.94574
3,2025-05-04,101,-11.482866,143.01598,9,1.32,1,Moderate (1-50%),0.0054,0.8333,0.1613,0.9946,9.171429,2.3157144,301.08
3,2025-05-04,102,-11.191144,142.98755,9,2.26,1,Moderate (1-50%),0.0029,0.7468,0.2503,0.9971,9.9328575,2.7014287,301.10858
3,2025-05-04,103,-14.610958,145.62405,19,1.56,1,Moderate (1-50%),0.0324,0.6988,0.2688,0.9676,7.85,2.0414286,300.89285
3,2025-05-04,104,-14.704066,145.44646,9,3.28,1,Moderate (1-50%),0.0356,0.6471,0.3172,0.9644,6.66,2.1157143,300.59286
3,2025-05-04,105,-23.32,151.98,2,0.75,1,Moderate (1-50%),0.2031,0.7773,0.0196,0.7969,1.08,0.0,299.18286
3,2025-05-04,106,-18.26362,147.38202,5,1.47,1,Moderate (1-50%),0.1102,0.8143,0.0755,0.8898,7.18,0.47,300.6057
3,2025-05-04,107,-14.0,146.0,2,3.87,1,Moderate (1-50%),0.01,0.6591,0.3309,0.99,9.374286,3.7628572,301.41
3,2025-05-04,108,-21.87,152.19,2,1.64,1,Moderate (1-50%),0.1903,0.7658,0.044,0.8097,2.22,0.084285714,299.80142
3,2025-05-04,109,-21.13605,150.77615,2,1.23,1,Moderate (1-50%),0.1747,0.7402,0.0851,0.8253,3.08,0.22285715,300.07715
3,2025-05-04,110,-20.66895,150.2588,2,1.81,1,Moderate (1-50%),0.2262,0.6989,0.075,0.7738,3.21,0.022857143,300.25
3,2025-05-04,111,-20.08315,149.93718,4,1.56,1,Moderate (1-50%),0.174,0.7499,0.0761,0.826,1.61,0.0,300.20712
3,2025-05-04,112,-19.6179,149.67664,3,0.81,1,Moderate (1-50%),0.1393,0.7635,0.0972,0.8607,2.04,0.0,300.1771
3,2025-05-04,113,-18.791527,147.52235,34,1.86,1,Moderate (1-50%),0.0958,0.834,0.0702,0.9042,5.0542855,1.19,300.57715
3,2025-05-04,114,-18.53455,147.49355,4,2.22,1,Moderate (1-50%),0.1041,0.8435,0.0524,0.8959,5.2314286,0.45,300.57285
3,2025-05-04,115,-18.1362,146.9716,2,1.3,1,Moderate (1-50%),0.0623,0.8355,0.1022,0.9377,6.122857,1.11,300.73715
3,2025-05-04,116,-15.359506,145.7791,18,1.78,1,Moderate (1-50%),0.0611,0.8106,0.1283,0.9389,4.79,1.2814286,300.81427
3,2025-05-04,117,-14.925742,145.68793,38,1.39,1,Moderate (1-50%),0.0319,0.6758,0.2923,0.9681,7.53,2.1957142,300.7857
3,2025-05-04,118,-15.02785,145.56805,2,0.81,1,Moderate (1-50%),0.0558,0.8105,0.1337,0.9442,5.11,1.8885714,300.69998
3,2025-05-04,119,-12.767325,143.42282,4,0.89,1,Moderate (1-50%),0.0049,0.5812,0.4139,0.9951,9.52,2.87,300.92715
3,2025-05-04,120,-11.997334,143.27243,6,2.5,1,Moderate (1-50%),0.0069,0.806,0.1871,0.9931,7.35,1.16,300.97427
3,2025-05-04,121,-11.0088,142.98685,2,2.22,1,Moderate (1-50%),0.0025,0.7164,0.2811,0.9975,10.085714,2.8814285,301.17856
3,2025-05-04,122,-20.751085,149.4548,7,3.39,1,Moderate (1-50%),0.4349,0.5153,0.0498,0.5651,3.5,0.06714286,300.09857
3,2025-05-04,123,-18.65635,147.71594,2,2.28,1,Moderate (1-50%),0.0791,0.8859,0.035,0.9209,4.77,0.15,300.52426
3,2025-05-04,124,-12.470825,143.48958,4,1.65,1,Moderate (1-50%),0.0187,0.8514,0.1298,0.9813,6.73,1.59,301.15143
3,2025-05-04,125,-12.30835,143.37485,2,1.85,1,Moderate (1-50%),0.0208,0.7967,0.1825,0.9792,6.977143,1.82,301.10428
3,2025-05-04,126,-10.69155,142.73485,2,2.13,1,Moderate (1-50%),0.0014,0.6945,0.3041,0.9986,8.895715,2.85,301.1557
3,2025-05-04,127,-18.9561,146.9562,15,2.89,1,Moderate (1-50%),0.102,0.7597,0.1383,0.898,5.4,1.42,300.3914
3,2025-05-04,128,-13.844505,146.55128,41,3.35,1,Moderate (1-50%),0.0053,0.7499,0.2449,0.9947,11.441428,6.475714,301.46286
3,2025-05-04,129,-16.22582,146.00262,10,2.39,1,Moderate (1-50%),0.0887,0.7947,0.1165,0.9113,5.52,1.36,300.78287
3,2025-05-04,130,-15.51399,145.77756,20,1.25,1,Moderate (1-50%),0.0836,0.7856,0.1308,0.9164,4.37,1.29,300.81854
3,2025-05-04,131,-16.0,145.9667,2,2.92,1,Moderate (1-50%),0.117,0.7469,0.1361,0.883,5.44,1.31,300.78998
3,2025-05-04,132,-17.0,149.1,4,3.85,1,Moderate (1-50%),0.0356,0.75,0.2144,0.9644,7.45,1.8542857,300.96713
4,2025-05-11,0,-19.166714,146.84863,209,2.65,1,Moderate (1-50%),0.1177,0.7679,0.1144,0.8823,7.397143,1.8628571,298.6657
4,2025-05-11,1,-18.646925,146.54514,149,3.23,1,Moderate (1-50%),0.42,0.5507,0.0293,0.58,5.13,0.61714286,299.27426
4,2025-05-11,2,-10.2196665,150.84866,3,2.66,1,Moderate (1-50%),0.0004,0.7412,0.2584,0.9996,18.6,15.454286,302.92856
4,2025-05-11,3,-23.443886,151.92134,187,2.13,1,Moderate (1-50%),0.1459,0.8514,0.0027,0.8541,0.78,0.0,298.3457
4,2025-05-11,4,-18.75,146.25,2,3.83,1,Moderate (1-50%),0.4617,0.4921,0.0462,0.5383,6.5,0.81,298.91287
4,2025-05-11,5,-23.146168,150.95728,60,2.97,1,Moderate (1-50%),0.262,0.7318,0.0062,0.738,1.79,0.0,297.4114
4,2025-05-11,6,-19.760475,149.15018,69,3.06,0,None (0%),0.6143,0.3495,0.0363,0.3857,3.23,0.0,299.46857
4,2025-05-11,7,-18.227266,146.74213,3,1.83,1,Moderate (1-50%),0.2643,0.5909,0.1449,0.7357,5.96,1.3842857,299.84714
4,2025-05-11,8,-19.020872,146.6052,11,2.13,1,Moderate (1-50%),0.2338,0.6982,0.068,0.7662,7.2585716,1.3157142,298.89572
4,2025-05-11,9,-18.739391,147.2709,12,1.66,1,Moderate (1-50%),0.3011,0.6387,0.0602,0.6989,4.89,1.0342857,299.8029
4,2025-05-11,10,-17.885866,146.59,3,2.0,1,Moderate (1-50%),0.3539,0.5376,0.1084,0.6461,5.801429,1.0742857,299.87283
4,2025-05-11,11,-17.239176,146.34703,8,2.82,1,Moderate (1-50%),0.3513,0.5212,0.1275,0.6487,7.08,1.8042858,299.98712
4,2025-05-11,12,-20.237434,148.9795,103,1.46,0,None (0%),0.5044,0.4666,0.0289,0.4956,3.87,0.0,298.95142
4,2025-05-11,13,-20.3759,150.17145,8,0.38,1,Moderate (1-50%),0.3382,0.6214,0.0405,0.6618,2.64,0.0,299.52286
4,2025-05-11,14,-20.251957,148.81541,23,2.75,0,None (0%),0.5326,0.4365,0.0309,0.4674,4.21,0.0,298.52426
4,2025-05-11,15,-20.090439,148.5869,23,2.12,1,Moderate (1-50%),0.365,0.6124,0.0226,0.635,5.16,0.0,298.77142
4,2025-05-11,16,-20.022484,148.28569,12,1.15,1,Moderate (1-50%),0.4335,0.5525,0.014,0.5665,6.68,0.64,298.68286
4,2025-05-11,17,-19.86675,147.92262,4,0.95,1,Moderate (1-50%),0.3642,0.6148,0.021,0.6358,6.5614285,0.48,298.69574
4,2025-05-11,18,-23.992844,151.69751,7,3.03,1,Moderate (1-50%),0.4514,0.5411,0.0074,0.5486,3.2,0.0,296.97574
4,2025-05-11,19,-23.520433,151.2612,3,1.5,1,Moderate (1-50%),0.3326,0.6618,0.0056,0.6674,3.35,0.0,297.30713
4,2025-05-11,20,-23.408117,151.1666,6,2.06,1,Moderate (1-50%),0.3435,0.6506,0.0059,0.6565,3.59,0.12,297.27716
4,2025-05-11,21,-23.326,150.92995,2,0.52,1,Moderate (1-50%),0.4045,0.5848,0.0107,0.5955,3.8,0.14571428,296.9814
4,2025-05-11,22,-21.991533,152.46994,3,1.91,1,Moderate (1-50%),0.4256,0.5675,0.0069,0.5744,1.83,0.0,299.07715
4,2025-05-11,23,-20.911617,149.42245,11,1.51,0,None (0%),0.6154,0.3694,0.0152,0.3846,2.99,0.0,298.74002
4,2025-05-11,24,-20.758585,150.43915,7,2.34,1,Moderate (1-50%),0.3109,0.6372,0.0519,0.6891,3.17,0.0,299.45572
4,2025-05-11,25,-19.7155,147.77403,7,1.06,1,Moderate (1-50%),0.3704,0.5757,0.0539,0.6296,6.2585716,0.67,298.98566
4,2025-05-11,26,-19.34095,148.0835,2,1.99,1,Moderate (1-50%),0.2889,0.6205,0.0906,0.7111,4.65,0.77,299.67142
4,2025-05-11,27,-19.32325,148.4333,2,0.89,1,Moderate (1-50%),0.3218,0.6089,0.0693,0.6782,4.01,0.68,299.70572
4,2025-05-11,28,-19.311234,148.34396,3,2.51,1,Moderate (1-50%),0.3567,0.5655,0.0779,0.6433,4.31,0.6742857,299.71
4,2025-05-11,29,-19.2076,148.8596,2,2.52,1,Moderate (1-50%),0.3549,0.599,0.046,0.6451,3.28,0.0,299.9857
4,2025-05-11,30,-19.11165,148.33365,6,1.74,1,Moderate (1-50%),0.326,0.5898,0.0842,0.674,3.45,0.15,299.77713
4,2025-05-11,31,-18.9913,148.06412,6,2.14,1,Moderate (1-50%),0.1679,0.6829,0.1491,0.8321,4.41,0.43857142,299.94574
4,2025-05-11,32,-18.847086,147.91052,7,2.89,1,Moderate (1-50%),0.1231,0.7448,0.1322,0.8769,4.46,0.27857143,300.05713
4,2025-05-11,33,-18.1497,146.28976,3,3.16,1,Moderate (1-50%),0.3558,0.5874,0.0568,0.6442,5.26,0.42857143,299.44427
4,2025-05-11,34,-17.6551,146.49199,6,2.85,1,Moderate (1-50%),0.3017,0.5584,0.1399,0.6983,5.7314286,1.2342857,299.87714
4,2025-05-11,35,-17.34235,146.52235,4,1.95,1,Moderate (1-50%),0.3615,0.5091,0.1294,0.6385,6.66,1.6428572,300.05856
4,2025-05-11,36,-16.871353,146.21158,88,1.49,1,Moderate (1-50%),0.2206,0.6325,0.1469,0.7794,6.53,1.8757143,300.05716
4,2025-05-11,37,-16.935507,145.98845,13,1.85,1,Moderate (1-50%),0.3119,0.6204,0.0676,0.6881,6.825714,1.08,299.7343
4,2025-05-11,38,-16.52347,145.99037,108,1.65,1,Moderate (1-50%),0.3617,0.5544,0.0839,0.6383,6.03,1.5171429,300.01144
4,2025-05-11,39,-16.12418,145.83456,243,1.03,1,Moderate (1-50%),0.3096,0.5872,0.1032,0.6904,5.34,1.3728571,300.1057
4,2025-05-11,40,-15.77885,145.58086,2,0.76,1,Moderate (1-50%),0.2713,0.6706,0.0581,0.7287,4.23,1.4642857,300.0
4,2025-05-11,41,-15.499777,145.51018,13,3.18,1,Moderate (1-50%),0.2162,0.6706,0.1133,0.7838,3.27,1.1085714,300.08286
4,2025-05-11,42,-14.85125,145.27235,2,2.66,1,Moderate (1-50%),0.1135,0.7513,0.1352,0.8865,6.32,1.63,299.9114
4,2025-05-11,43,-14.728744,145.10814,16,1.86,1,Moderate (1-50%),0.1236,0.6484,0.228,0.8764,6.98,1.7528571,299.87714
4,2025-05-11,44,-14.4546,144.90607,7,3.05,1,Moderate (1-50%),0.0486,0.754,0.1975,0.9514,7.864286,1.09,299.9471
4,2025-05-11,45,-14.1632,144.26332,5,1.82,1,Moderate (1-50%),0.1086,0.6198,0.2716,0.8914,6.7714286,1.11,300.20145
4,2025-05-11,46,-14.13435,144.5049,2,2.4,1,Moderate (1-50%),0.0553,0.7211,0.2236,0.9447,8.452857,1.12,300.1443
4,2025-05-11,47,-14.07125,143.8833,2,0.99,1,Moderate (1-50%),0.0334,0.8368,0.1299,0.9666,7.1557145,1.25,300.4571
4,2025-05-11,48,-13.922125,143.78668,4,1.3,1,Moderate (1-50%),0.0224,0.8148,0.1628,0.9776,7.9428573,1.74,300.36572
4,2025-05-11,49,-23.6966,152.1829,2,2.53,1,Moderate (1-50%),0.1564,0.8407,0.0029,0.8436,0.77,0.0,298.56
4,2025-05-11,50,-17.776623,146.45274,9,2.36,1,Moderate (1-50%),0.296,0.6133,0.0907,0.704,5.6528573,1.0742857,299.8414
4,2025-05-11,51,-16.284166,145.4936,3,2.23,1,Moderate (1-50%),0.1162,0.8122,0.0716,0.8838,7.04,1.9942857,299.71
4,2025-05-11,52,-15.71492,145.45647,5,2.28,1,Moderate (1-50%),0.2149,0.7123,0.0728,0.7851,4.14,1.4742857,299.8943
4,2025-05-11,53,-22.2081,150.33665,2,2.23,1,Moderate (1-50%),0.3066,0.6859,0.0075,0.6934,2.09,0.0,298.0
4,2025-05-11,54,-22.024067,150.66617,3,0.92,1,Moderate (1-50%),0.246,0.7332,0.0209,0.754,2.49,0.0,298.68143
4,2025-05-11,55,-22.018534,150.34753,3,2.43,1,Moderate (1-50%),0.1866,0.7987,0.0147,0.8134,2.18,0.0,298.46143
4,2025-05-11,56,-21.95394,150.1631,5,2.64,1,Moderate (1-50%),0.3139,0.6748,0.0113,0.6861,1.81,0.0,298.45142
4,2025-05-11,57,-21.6832,150.28384,4,1.29,1,Moderate (1-50%),0.2441,0.7312,0.0247,0.7559,1.86,0.0,298.98428
4,2025-05-11,58,-21.455212,149.86604,8,2.39,1,Moderate (1-50%),0.3827,0.6052,0.0121,0.6173,2.3,0.0,298.78854
4,2025-05-11,59,-18.062532,146.56087,3,2.04,1,Moderate (1-50%),0.3984,0.4962,0.1054,0.6016,6.0014286,0.99714285,299.80856
4,2025-05-11,60,-23.958666,151.47777,3,1.84,1,Moderate (1-50%),0.3254,0.671,0.0036,0.6746,5.34,0.14571428,296.67572
4,2025-05-11,61,-23.767967,151.33594,3,1.36,1,Moderate (1-50%),0.334,0.6589,0.0071,0.666,4.85,0.13714285,296.90714
4,2025-05-11,62,-23.5347,151.73087,3,1.23,1,Moderate (1-50%),0.2444,0.7505,0.0051,0.7556,1.4,0.0,298.0157
4,2025-05-11,63,-19.2064,147.0493,3,3.28,1,Moderate (1-50%),0.2657,0.6954,0.0389,0.7343,5.73,1.3671429,298.76144
4,2025-05-11,64,-18.0518,146.78749,12,2.9,1,Moderate (1-50%),0.2476,0.6794,0.073,0.7524,5.6514287,0.8642857,299.95712
4,2025-05-11,65,-18.008833,146.16989,9,1.88,1,Moderate (1-50%),0.3948,0.5416,0.0635,0.6052,4.35,0.15,299.3986
4,2025-05-11,66,-17.721071,146.1557,7,2.09,1,Moderate (1-50%),0.2973,0.6063,0.0964,0.7027,3.75,0.31,299.6014
4,2025-05-11,67,-17.467283,146.3924,6,2.04,1,Moderate (1-50%),0.3706,0.4835,0.1459,0.6294,6.84,1.4928571,299.92285
4,2025-05-11,68,-17.20583,146.07251,10,2.15,1,Moderate (1-50%),0.2672,0.6441,0.0886,0.7328,6.4,0.86,299.72
4,2025-05-11,69,-16.545633,145.52946,3,2.34,1,Moderate (1-50%),0.1087,0.8039,0.0874,0.8913,7.7,1.7657143,299.6443
4,2025-05-11,70,-16.379562,145.56004,47,1.67,1,Moderate (1-50%),0.2259,0.6886,0.0855,0.7741,7.11,1.9642857,299.72858
4,2025-05-11,71,-15.9993,145.4327,3,2.82,1,Moderate (1-50%),0.1756,0.7548,0.0696,0.8244,5.35,2.0528572,299.76855
4,2025-05-11,72,-15.156473,145.46036,11,2.59,1,Moderate (1-50%),0.19,0.6974,0.1126,0.81,3.27,1.2185714,300.05283
4,2025-05-11,73,-11.8956,143.1068,2,3.03,1,Moderate (1-50%),0.0194,0.7102,0.2703,0.9806,6.99,1.17,300.47144
4,2025-05-11,74,-10.14675,151.16306,2,3.4,1,Moderate (1-50%),0.0003,0.7249,0.2747,0.9997,18.661428,15.684286,302.8157
4,2025-05-11,75,-18.4208,147.34987,3,2.66,1,Moderate (1-50%),0.2259,0.7057,0.0683,0.7741,6.0728574,0.45,300.04428
4,2025-05-11,76,-19.54529,149.26216,28,2.63,1,Moderate (1-50%),0.3485,0.619,0.0325,0.6515,1.92,0.0,299.6657
4,2025-05-11,77,-18.665953,147.07942,15,1.11,1,Moderate (1-50%),0.3036,0.6137,0.0828,0.6964,5.39,1.2528571,299.7857
4,2025-05-11,78,-18.441046,146.99043,15,2.42,1,Moderate (1-50%),0.1336,0.7878,0.0786,0.8664,6.66,1.6457143,299.88144
4,2025-05-11,79,-22.0,152.67,2,2.83,1,Moderate (1-50%),0.3295,0.6587,0.0118,0.6705,2.05,0.0,299.23428
4,2025-05-11,80,-18.402128,146.79951,11,3.63,1,Moderate (1-50%),0.2631,0.6064,0.1305,0.7369,6.07,1.7428571,299.73856
4,2025-05-11,81,-18.52425,147.1444,2,2.05,1,Moderate (1-50%),0.1968,0.7303,0.0728,0.8032,5.99,1.3985714,299.88284
4,2025-05-11,82,-21.3925,152.50706,5,2.69,0,None (0%),0.5247,0.4405,0.0348,0.4753,1.91,0.0,299.4
4,2025-05-11,83,-21.121021,152.48535,9,1.16,1,Moderate (1-50%),0.4194,0.5576,0.0229,0.5806,2.78,0.0,299.64285
4,2025-05-11,84,-21.106472,152.2254,11,2.06,0,None (0%),0.5084,0.4635,0.028,0.4916,2.89,0.0,299.6857
4,2025-05-11,85,-20.96795,149.75764,2,1.96,1,Moderate (1-50%),0.4838,0.4961,0.0201,0.5162,3.56,0.0,299.32
4,2025-05-11,86,-20.928566,150.04893,3,2.52,1,Moderate (1-50%),0.2892,0.6882,0.0227,0.7108,4.01,0.0,299.42142
4,2025-05-11,87,-19.68672,149.93729,5,1.83,1,Moderate (1-50%),0.3215,0.6238,0.0548,0.6785,2.35,0.0,299.85995
4,2025-05-11,88,-19.501034,148.7524,3,3.57,0,None (0%),0.5049,0.4539,0.0412,0.4951,3.34,0.16,299.5671
4,2025-05-11,89,-19.3041,148.6315,4,2.42,1,Moderate (1-50%),0.2622,0.683,0.0549,0.7378,3.26,0.0,299.63428
4,2025-05-11,90,-19.20995,148.542,2,2.45,1,Moderate (1-50%),0.314,0.6159,0.0701,0.686,3.12,0.0,299.7271
4,2025-05-11,91,-18.82149,147.65489,18,2.15,1,Moderate (1-50%),0.2014,0.7501,0.0485,0.7986,4.71,0.7771429,299.84427
4,2025-05-11,92,-17.5251,146.52454,3,0.05,1,Moderate (1-50%),0.3583,0.5006,0.1411,0.6417,6.2914286,1.4342858,299.9857
4,2025-05-11,93,-14.88175,145.50227,6,2.56,1,Moderate (1-50%),0.1391,0.6913,0.1696,0.8609,6.65,1.8228571,300.21857
4,2025-05-11,94,-24.112192,152.71562,14,1.71,1,Moderate (1-50%),0.211,0.7856,0.0034,0.789,0.16,0.0,298.65286
4,2025-05-11,95,-19.449833,148.86703,3,2.89,1,Moderate (1-50%),0.4052,0.5703,0.0245,0.5948,2.96,0.0,299.61996
4,2025-05-11,96,-16.409634,145.74434,3,2.68,1,Moderate (1-50%),0.1988,0.6718,0.1294,0.8012,7.1,1.9,299.78287
4,2025-05-11,97,-12.67815,143.5829,2,0.93,1,Moderate (1-50%),0.0175,0.7885,0.194,0.9825,7.3142858,2.21,300.43997
4,2025-05-11,98,-12.2257,143.2841,2,0.99,1,Moderate (1-50%),0.02,0.7379,0.2421,0.98,7.39,1.63,300.44998
4,2025-05-11,99,-11.782,142.95316,5,2.5,1,Moderate (1-50%),0.0063,0.7446,0.2492,0.9937,7.794286,1.83,300.49142
4,2025-05-11,100,-11.7694,143.09245,2,2.0,1,Moderate (1-50%),0.0209,0.6576,0.3216,0.9791,7.21,1.03,300.50287
4,2025-05-11,101,-11.482866,143.01598,9,1.32,2,Severe (>50%),0.007,0.4499,0.5432,0.993,9.171429,2.27,300.62283
4,2025-05-11,102,-11.191144,142.98755,9,2.26,2,Severe (>50%),0.0032,0.3729,0.6239,0.9968,9.9328575,2.65,300.70288
4,2025-05-11,103,-14.610958,145.62405,19,1.56,1,Moderate (1-50%),0.0912,0.7652,0.1436,0.9088,7.85,1.5414286,300.42715
4,2025-05-11,104,-14.704066,145.44646,9,3.28,1,Moderate (1-50%),0.0893,0.7806,0.13,0.9107,6.66,1.6714286,300.19427
4,2025-05-11,105,-23.32,151.98,2,0.75,1,Moderate (1-50%),0.1403,0.8551,0.0046,0.8597,1.08,0.0,298.5043
4,2025-05-11,106,-18.26362,147.38202,5,1.47,1,Moderate (1-50%),0.2569,0.6704,0.0727,0.7432,7.18,0.4485714,300.17285
4,2025-05-11,107,-14.0,146.0,2,3.87,1,Moderate (1-50%),0.0097,0.7273,0.263,0.9903,9.374286,3.5657144,300.79428
4,2025-05-11,108,-21.87,152.19,2,1.64,1,Moderate (1-50%),0.3752,0.593,0.0318,0.6248,2.22,0.0,299.12143
4,2025-05-11,109,-21.13605,150.77615,2,1.23,1,Moderate (1-50%),0.3727,0.5675,0.0598,0.6273,3.08,0.022857143,299.39572
4,2025-05-11,110,-20.66895,150.2588,2,1.81,1,Moderate (1-50%),0.3955,0.55,0.0545,0.6045,3.21,0.0,299.44287
4,2025-05-11,111,-20.08315,149.93718,4,1.56,1,Moderate (1-50%),0.4149,0.5353,0.0498,0.5851,1.61,0.0,299.5357
4,2025-05-11,112,-19.6179,149.67664,3,0.81,1,Moderate (1-50%),0.3517,0.5937,0.0545,0.6483,2.04,0.0,299.73285
4,2025-05-11,113,-18.791527,147.52235,34,1.86,1,Moderate (1-50%),0.2022,0.7389,0.0589,0.7978,5.0542855,1.1642857,299.81284
4,2025-05-11,114,-18.53455,147.49355,4,2.22,1,Moderate (1-50%),0.1592,0.7983,0.0425,0.8408,5.2314286,0.45,300.00854
4,2025-05-11,115,-18.1362,146.9716,2,1.3,1,Moderate (1-50%),0.2185,0.6755,0.106,0.7815,6.122857,1.0871428,300.02145
4,2025-05-11,116,-15.359506,145.7791,18,1.78,1,Moderate (1-50%),0.2046,0.671,0.1244,0.7954,4.79,1.14,300.3357
4,2025-05-11,117,-14.925742,145.68793,38,1.39,1,Moderate (1-50%),0.1643,0.6644,0.1713,0.8357,7.53,1.7828572,300.33713
4,2025-05-11,118,-15.02785,145.56805,2,0.81,1,Moderate (1-50%),0.2189,0.678,0.1032,0.7811,5.11,1.61,300.21
4,2025-05-11,119,-12.767325,143.42282,4,0.89,2,Severe (>50%),0.0048,0.4853,0.5099,0.9952,9.52,2.87,300.29858
4,2025-05-11,120,-11.997334,143.27243,6,2.5,1,Moderate (1-50%),0.0256,0.7692,0.2053,0.9744,7.35,1.16,300.50284
4,2025-05-11,121,-11.0088,142.98685,2,2.22,2,Severe (>50%),0.0016,0.3534,0.6449,0.9984,10.085714,2.81,300.80426
4,2025-05-11,122,-20.751085,149.4548,7,3.39,0,None (0%),0.5296,0.4532,0.0172,0.4704,3.5,0.0,299.1314
4,2025-05-11,123,-18.65635,147.71594,2,2.28,1,Moderate (1-50%),0.2197,0.6747,0.1056,0.7803,4.77,0.15,300.00143
4,2025-05-11,124,-12.470825,143.48958,4,1.65,1,Moderate (1-50%),0.0207,0.8449,0.1344,0.9793,6.73,1.59,300.53998
4,2025-05-11,125,-12.30835,143.37485,2,1.85,1,Moderate (1-50%),0.0197,0.7684,0.2118,0.9803,6.977143,1.72,300.4957
4,2025-05-11,126,-10.69155,142.73485,2,2.13,1,Moderate (1-50%),0.0013,0.5274,0.4714,0.9987,8.895715,2.85,300.97287
4,2025-05-11,127,-18.9561,146.9562,15,2.89,1,Moderate (1-50%),0.2845,0.6376,0.0779,0.7155,5.4,1.3957143,299.3243
4,2025-05-11,128,-13.844505,146.55128,41,3.35,1,Moderate (1-50%),0.005,0.5428,0.4522,0.995,11.441428,5.924286,300.92142
4,2025-05-11,129,-16.22582,146.00262,10,2.39,1,Moderate (1-50%),0.2398,0.6228,0.1374,0.7602,5.52,1.3314285,300.15283
4,2025-05-11,130,-15.51399,145.77756,20,1.25,1,Moderate (1-50%),0.2334,0.6764,0.0902,0.7666,4.37,1.2685714,300.32428
4,2025-05-11,131,-16.0,145.9667,2,2.92,1,Moderate (1-50%),0.2227,0.6487,0.1286,0.7773,5.44,1.2842857,300.2214
4,2025-05-11,132,-17.0,149.1,4,3.85,1,Moderate (1-50%),0.1062,0.7335,0.1603,0.8938,7.45,1.7314286,300.7443
5,2025-05-18,0,-19.166714,146.84863,209,2.65,1,Moderate (1-50%),0.0801,0.6035,0.3164,0.9199,7.397143,1.2385714,298.3029
5,2025-05-18,1,-18.646925,146.54514,149,3.23,1,Moderate (1-50%),0.1556,0.7317,0.1127,0.8444,5.13,0.16285715,298.83713
5,2025-05-18,2,-10.2196665,150.84866,3,2.66,1,Moderate (1-50%),0.0006,0.6247,0.3747,0.9994,18.6,13.881429,302.5357
5,2025-05-18,3,-23.443886,151.92134,187,2.13,1,Moderate (1-50%),0.0762,0.9167,0.0071,0.9238,0.78,0.0,298.0
5,2025-05-18,4,-18.75,146.25,2,3.83,1,Moderate (1-50%),0.0931,0.7392,0.1677,0.9069,6.5,0.64,298.5357
5,2025-05-18,5,-23.146168,150.95728,60,2.97,1,Moderate (1-50%),0.2547,0.7373,0.0079,0.7453,1.79,0.0,296.82285
5,2025-05-18,6,-19.760475,149.15018,69,3.06,1,Moderate (1-50%),0.4173,0.5112,0.0715,0.5827,3.23,0.0,299.1243
5,2025-05-18,7,-18.227266,146.74213,3,1.83,1,Moderate (1-50%),0.0906,0.6936,0.2157,0.9094,5.96,0.8657143,299.44574
5,2025-05-18,8,-19.020872,146.6052,11,2.13,1,Moderate (1-50%),0.0874,0.6511,0.2615,0.9126,7.2585716,0.86285716,298.5043
5,2025-05-18,9,-18.739391,147.2709,12,1.66,1,Moderate (1-50%),0.1349,0.6925,0.1726,0.8651,4.89,0.72,299.5757
5,2025-05-18,10,-17.885866,146.59,3,2.0,1,Moderate (1-50%),0.132,0.6683,0.1997,0.868,5.801429,0.5257143,299.4457
5,2025-05-18,11,-17.239176,146.34703,8,2.82,1,Moderate (1-50%),0.0411,0.6799,0.279,0.9589,7.08,0.9142857,299.60284
5,2025-05-18,12,-20.237434,148.9795,103,1.46,0,None (0%),0.5301,0.4254,0.0445,0.4699,3.87,0.0,298.3757
5,2025-05-18,13,-20.3759,150.17145,8,0.38,1,Moderate (1-50%),0.1761,0.7701,0.0538,0.8239,2.64,0.0,299.10858
5,2025-05-18,14,-20.251957,148.81541,23,2.75,0,None (0%),0.5313,0.4301,0.0386,0.4687,4.21,0.0,297.91714
5,2025-05-18,15,-20.090439,148.5869,23,2.12,1,Moderate (1-50%),0.4409,0.4685,0.0905,0.5591,5.16,0.0,298.16998
5,2025-05-18,16,-20.022484,148.28569,12,1.15,1,Moderate (1-50%),0.3074,0.5425,0.1501,0.6926,6.68,0.64,298.1486
5,2025-05-18,17,-19.86675,147.92262,4,0.95,1,Moderate (1-50%),0.1466,0.6688,0.1846,0.8534,6.5614285,0.48,298.28287
5,2025-05-18,18,-23.992844,151.69751,7,3.03,1,Moderate (1-50%),0.2413,0.7483,0.0105,0.7587,3.2,0.0,296.1643
5,2025-05-18,19,-23.520433,151.2612,3,1.5,1,Moderate (1-50%),0.1399,0.8511,0.009,0.8601,3.35,0.0,296.76144
5,2025-05-18,20,-23.408117,151.1666,6,2.06,1,Moderate (1-50%),0.1671,0.8178,0.0151,0.8329,3.59,0.0,296.67856
5,2025-05-18,21,-23.326,150.92995,2,0.52,1,Moderate (1-50%),0.1477,0.8354,0.0169,0.8523,3.8,0.0,296.41998
5,2025-05-18,22,-21.991533,152.46994,3,1.91,1,Moderate (1-50%),0.0914,0.8905,0.0181,0.9086,1.83,0.0,298.78427
5,2025-05-18,23,-20.911617,149.42245,11,1.51,1,Moderate (1-50%),0.2735,0.6758,0.0508,0.7265,2.99,0.0,298.25424
5,2025-05-18,24,-20.758585,150.43915,7,2.34,1,Moderate (1-50%),0.3091,0.6443,0.0466,0.6909,3.17,0.0,298.99567
5,2025-05-18,25,-19.7155,147.77403,7,1.06,1,Moderate (1-50%),0.1531,0.6364,0.2105,0.8469,6.2585716,0.51,298.5071
5,2025-05-18,26,-19.34095,148.0835,2,1.99,1,Moderate (1-50%),0.1929,0.6219,0.1852,0.8071,4.65,0.77,299.37997
5,2025-05-18,27,-19.32325,148.4333,2,0.89,1,Moderate (1-50%),0.2177,0.5778,0.2044,0.7823,4.01,0.5,299.3343
5,2025-05-18,28,-19.311234,148.34396,3,2.51,1,Moderate (1-50%),0.2054,0.599,0.1956,0.7946,4.31,0.52,299.3486
5,2025-05-18,29,-19.2076,148.8596,2,2.52,1,Moderate (1-50%),0.3576,0.4535,0.1889,0.6424,3.28,0.0,299.6943
5,2025-05-18,30,-19.11165,148.33365,6,1.74,1,Moderate (1-50%),0.1657,0.6299,0.2044,0.8343,3.45,0.15,299.54428
5,2025-05-18,31,-18.9913,148.06412,6,2.14,1,Moderate (1-50%),0.159,0.5792,0.2618,0.841,4.41,0.31,299.83286
5,2025-05-18,32,-18.847086,147.91052,7,2.89,1,Moderate (1-50%),0.1272,0.6266,0.2463,0.8728,4.46,0.15,300.01572
5,2025-05-18,33,-18.1497,146.28976,3,3.16,1,Moderate (1-50%),0.2004,0.5575,0.2421,0.7996,5.26,0.15,298.8714
5,2025-05-18,34,-17.6551,146.49199,6,2.85,1,Moderate (1-50%),0.0929,0.6037,0.3034,0.9071,5.7314286,0.57857144,299.3986
5,2025-05-18,35,-17.34235,146.52235,4,1.95,1,Moderate (1-50%),0.0414,0.642,0.3166,0.9586,6.66,0.91571426,299.67856
5,2025-05-18,36,-16.871353,146.21158,88,1.49,1,Moderate (1-50%),0.0503,0.6584,0.2913,0.9497,6.53,1.1014286,299.69998
5,2025-05-18,37,-16.935507,145.98845,13,1.85,1,Moderate (1-50%),0.0844,0.7281,0.1875,0.9156,6.825714,0.55857146,299.14285
5,2025-05-18,38,-16.52347,145.99037,108,1.65,1,Moderate (1-50%),0.0723,0.6974,0.2303,0.9277,6.03,0.89428574,299.66144
5,2025-05-18,39,-16.12418,145.83456,243,1.03,1,Moderate (1-50%),0.148,0.6804,0.1717,0.852,5.34,0.85571426,299.78427
5,2025-05-18,40,-15.77885,145.58086,2,0.76,1,Moderate (1-50%),0.1496,0.6908,0.1597,0.8504,4.23,0.82857144,299.56
5,2025-05-18,41,-15.499777,145.51018,13,3.18,1,Moderate (1-50%),0.102,0.7731,0.1249,0.898,3.27,0.55714285,299.65283
5,2025-05-18,42,-14.85125,145.27235,2,2.66,1,Moderate (1-50%),0.0345,0.7675,0.1981,0.9655,6.32,1.0157143,299.54288
5,2025-05-18,43,-14.728744,145.10814,16,1.86,1,Moderate (1-50%),0.0306,0.6846,0.2848,0.9694,6.98,1.0985714,299.59427
5,2025-05-18,44,-14.4546,144.90607,7,3.05,1,Moderate (1-50%),0.0291,0.7441,0.2268,0.9709,7.864286,1.09,299.68143
5,2025-05-18,45,-14.1632,144.26332,5,1.82,1,Moderate (1-50%),0.0554,0.7542,0.1904,0.9446,6.7714286,1.11,299.86572
5,2025-05-18,46,-14.13435,144.5049,2,2.4,1,Moderate (1-50%),0.0244,0.6642,0.3115,0.9756,8.452857,1.12,299.80713
5,2025-05-18,47,-14.07125,143.8833,2,0.99,1,Moderate (1-50%),0.0487,0.7086,0.2427,0.9513,7.1557145,1.25,300.2457
5,2025-05-18,48,-13.922125,143.78668,4,1.3,1,Moderate (1-50%),0.0295,0.5701,0.4004,0.9705,7.9428573,1.74,300.19855
5,2025-05-18,49,-23.6966,152.1829,2,2.53,1,Moderate (1-50%),0.0429,0.9495,0.0076,0.9571,0.77,0.0,298.18573
5,2025-05-18,50,-17.776623,146.45274,9,2.36,1,Moderate (1-50%),0.1149,0.689,0.1961,0.8851,5.6528573,0.41714287,299.3557
5,2025-05-18,51,-16.284166,145.4936,3,2.23,1,Moderate (1-50%),0.0673,0.7315,0.2012,0.9327,7.04,1.3557143,299.20572
5,2025-05-18,52,-15.71492,145.45647,5,2.28,1,Moderate (1-50%),0.1457,0.6591,0.1952,0.8543,4.14,0.75285715,299.45285
5,2025-05-18,53,-22.2081,150.33665,2,2.23,1,Moderate (1-50%),0.2653,0.7245,0.0101,0.7347,2.09,0.0,297.28
5,2025-05-18,54,-22.024067,150.66617,3,0.92,1,Moderate (1-50%),0.1,0.837,0.063,0.9,2.49,0.0,297.97858
5,2025-05-18,55,-22.018534,150.34753,3,2.43,1,Moderate (1-50%),0.162,0.8152,0.0229,0.838,2.18,0.0,297.6971
5,2025-05-18,56,-21.95394,150.1631,5,2.64,1,Moderate (1-50%),0.2423,0.7435,0.0142,0.7577,1.81,0.0,297.77713
5,2025-05-18,57,-21.6832,150.28384,4,1.29,1,Moderate (1-50%),0.1494,0.825,0.0256,0.8506,1.86,0.0,298.32144
5,2025-05-18,58,-21.455212,149.86604,8,2.39,1,Moderate (1-50%),0.1967,0.781,0.0223,0.8033,2.3,0.0,298.35568
5,2025-05-18,59,-18.062532,146.56087,3,2.04,1,Moderate (1-50%),0.1417,0.6814,0.1769,0.8583,6.0014286,0.5328571,299.3814
5,2025-05-18,60,-23.958666,151.47777,3,1.84,1,Moderate (1-50%),0.2599,0.7304,0.0097,0.7401,5.34,0.0,295.90286
5,2025-05-18,61,-23.767967,151.33594,3,1.36,1,Moderate (1-50%),0.3571,0.6348,0.0081,0.6429,4.85,0.0,296.26288
5,2025-05-18,62,-23.5347,151.73087,3,1.23,1,Moderate (1-50%),0.1522,0.8337,0.0141,0.8478,1.4,0.0,297.68283
5,2025-05-18,63,-19.2064,147.0493,3,3.28,1,Moderate (1-50%),0.0929,0.6446,0.2625,0.9071,5.73,0.92142856,298.3757
5,2025-05-18,64,-18.0518,146.78749,12,2.9,1,Moderate (1-50%),0.0699,0.7383,0.1918,0.9301,5.6514287,0.35428572,299.65427
5,2025-05-18,65,-18.008833,146.16989,9,1.88,1,Moderate (1-50%),0.2328,0.5819,0.1853,0.7672,4.35,0.15,298.78143
5,2025-05-18,66,-17.721071,146.1557,7,2.09,1,Moderate (1-50%),0.2465,0.5589,0.1946,0.7535,3.75,0.31,298.87857
5,2025-05-18,67,-17.467283,146.3924,6,2.04,1,Moderate (1-50%),0.0831,0.636,0.2809,0.9169,6.84,0.74,299.44287
5,2025-05-18,68,-17.20583,146.07251,10,2.15,1,Moderate (1-50%),0.1263,0.6685,0.2051,0.8737,6.4,0.5328571,299.08426
5,2025-05-18,69,-16.545633,145.52946,3,2.34,1,Moderate (1-50%),0.0506,0.7704,0.179,0.9494,7.7,1.3128572,299.1186
5,2025-05-18,70,-16.379562,145.56004,47,1.67,1,Moderate (1-50%),0.0739,0.7263,0.1998,0.9261,7.11,1.3414285,299.20572
5,2025-05-18,71,-15.9993,145.4327,3,2.82,1,Moderate (1-50%),0.1439,0.6221,0.234,0.8561,5.35,1.2814286,299.31427
5,2025-05-18,72,-15.156473,145.46036,11,2.59,1,Moderate (1-50%),0.0676,0.8208,0.1116,0.9324,3.27,0.73571426,299.71143
5,2025-05-18,73,-11.8956,143.1068,2,3.03,1,Moderate (1-50%),0.0289,0.7967,0.1744,0.9711,6.99,1.17,300.1257
5,2025-05-18,74,-10.14675,151.16306,2,3.4,1,Moderate (1-50%),0.0006,0.7365,0.2629,0.9994,18.661428,14.137143,302.20712
5,2025-05-18,75,-18.4208,147.34987,3,2.66,1,Moderate (1-50%),0.0552,0.7765,0.1683,0.9448,6.0728574,0.3,300.06143
5,2025-05-18,76,-19.54529,149.26216,28,2.63,1,Moderate (1-50%),0.2931,0.6629,0.044,0.7069,1.92,0.0,299.43143
5,2025-05-18,77,-18.665953,147.07942,15,1.11,1,Moderate (1-50%),0.1314,0.6778,0.1908,0.8686,5.39,0.75285715,299.44855
5,2025-05-18,78,-18.441046,146.99043,15,2.42,1,Moderate (1-50%),0.0805,0.7222,0.1973,0.9195,6.66,1.1728572,299.65
5,2025-05-18,79,-22.0,152.67,2,2.83,1,Moderate (1-50%),0.0802,0.9043,0.0155,0.9198,2.05,0.0,298.83713
5,2025-05-18,80,-18.402128,146.79951,11,3.63,1,Moderate (1-50%),0.0822,0.6984,0.2194,0.9178,6.07,1.2057143,299.40854
5,2025-05-18,81,-18.52425,147.1444,2,2.05,1,Moderate (1-50%),0.0606,0.7505,0.1889,0.9394,5.99,1.1,299.67572
5,2025-05-18,82,-21.3925,152.50706,5,2.69,1,Moderate (1-50%),0.2373,0.7431,0.0196,0.7627,1.91,0.0,299.04855
5,2025-05-18,83,-21.121021,152.48535,9,1.16,1,Moderate (1-50%),0.1784,0.7972,0.0243,0.8216,2.78,0.0,299.27713
5,2025-05-18,84,-21.106472,152.2254,11,2.06,1,Moderate (1-50%),0.1951,0.7845,0.0205,0.8049,2.89,0.0,299.37283
5,2025-05-18,85,-20.96795,149.75764,2,1.96,1,Moderate (1-50%),0.2643,0.681,0.0547,0.7357,3.56,0.0,298.89853
5,2025-05-18,86,-20.928566,150.04893,3,2.52,1,Moderate (1-50%),0.4286,0.4879,0.0835,0.5714,4.01,0.0,298.9343
5,2025-05-18,87,-19.68672,149.93729,5,1.83,1,Moderate (1-50%),0.144,0.8163,0.0396,0.856,2.35,0.0,299.67572
5,2025-05-18,88,-19.501034,148.7524,3,3.57,1,Moderate (1-50%),0.1511,0.7035,0.1454,0.8489,3.34,0.16,299.21573
5,2025-05-18,89,-19.3041,148.6315,4,2.42,1,Moderate (1-50%),0.2651,0.5593,0.1756,0.7349,3.26,0.0,299.36285
5,2025-05-18,90,-19.20995,148.542,2,2.45,1,Moderate (1-50%),0.2697,0.5367,0.1936,0.7303,3.12,0.0,299.47855
5,2025-05-18,91,-18.82149,147.65489,18,2.15,1,Moderate (1-50%),0.1486,0.6759,0.1755,0.8514,4.71,0.49,299.75287
5,2025-05-18,92,-17.5251,146.52454,3,0.05,1,Moderate (1-50%),0.0582,0.6188,0.323,0.9418,6.2914286,0.7442857,299.5357
5,2025-05-18,93,-14.88175,145.50227,6,2.56,1,Moderate (1-50%),0.0238,0.7849,0.1913,0.9762,6.65,1.1971428,299.88715
5,2025-05-18,94,-24.112192,152.71562,14,1.71,1,Moderate (1-50%),0.0931,0.9005,0.0064,0.9069,0.16,0.0,298.45572
5,2025-05-18,95,-19.449833,148.86703,3,2.89,1,Moderate (1-50%),0.3343,0.6005,0.0652,0.6657,2.96,0.0,299.32855
5,2025-05-18,96,-16.409634,145.74434,3,2.68,1,Moderate (1-50%),0.0759,0.7242,0.1999,0.9241,7.1,1.2114285,299.3557
5,2025-05-18,97,-12.67815,143.5829,2,0.93,1,Moderate (1-50%),0.0138,0.7921,0.1942,0.9862,7.3142858,2.21,300.05
5,2025-05-18,98,-12.2257,143.2841,2,0.99,1,Moderate (1-50%),0.0363,0.7257,0.238,0.9637,7.39,1.63,300.05716
5,2025-05-18,99,-11.782,142.95316,5,2.5,1,Moderate (1-50%),0.0401,0.6,0.3599,0.9599,7.794286,1.83,300.23145
5,2025-05-18,100,-11.7694,143.09245,2,2.0,1,Moderate (1-50%),0.0415,0.7555,0.203,0.9585,7.21,1.03,300.17856
5,2025-05-18,101,-11.482866,143.01598,9,1.32,1,Moderate (1-50%),0.0112,0.6624,0.3265,0.9888,9.171429,2.27,300.35
5,2025-05-18,102,-11.191144,142.98755,9,2.26,1,Moderate (1-50%),0.0064,0.5652,0.4285,0.9936,9.9328575,2.65,300.49286
5,2025-05-18,103,-14.610958,145.62405,19,1.56,1,Moderate (1-50%),0.0165,0.6762,0.3073,0.9835,7.85,1.2671429,300.06857
5,2025-05-18,104,-14.704066,145.44646,9,3.28,1,Moderate (1-50%),0.0219,0.7142,0.2639,0.9781,6.66,1.3828571,299.79428
5,2025-05-18,105,-23.32,151.98,2,0.75,1,Moderate (1-50%),0.08,0.9096,0.0104,0.92,1.08,0.0,298.1557
5,2025-05-18,106,-18.26362,147.38202,5,1.47,1,Moderate (1-50%),0.0691,0.7916,0.1393,0.9309,7.18,0.021428572,300.15573
5,2025-05-18,107,-14.0,146.0,2,3.87,2,Severe (>50%),0.0034,0.2497,0.7469,0.9966,9.374286,2.9057143,300.54282
5,2025-05-18,108,-21.87,152.19,2,1.64,1,Moderate (1-50%),0.2053,0.7715,0.0232,0.7947,2.22,0.0,298.75287
5,2025-05-18,109,-21.13605,150.77615,2,1.23,1,Moderate (1-50%),0.4087,0.5417,0.0496,0.5913,3.08,0.0,299.00143
5,2025-05-18,110,-20.66895,150.2588,2,1.81,1,Moderate (1-50%),0.3168,0.625,0.0582,0.6832,3.21,0.0,299.02142
5,2025-05-18,111,-20.08315,149.93718,4,1.56,1,Moderate (1-50%),0.249,0.7162,0.0348,0.751,1.61,0.0,299.23712
5,2025-05-18,112,-19.6179,149.67664,3,0.81,1,Moderate (1-50%),0.2199,0.7504,0.0297,0.7801,2.04,0.0,299.59
5,2025-05-18,113,-18.791527,147.52235,34,1.86,1,Moderate (1-50%),0.155,0.6848,0.1601,0.845,5.0542855,0.85,299.74142
5,2025-05-18,114,-18.53455,147.49355,4,2.22,1,Moderate (1-50%),0.0783,0.7589,0.1628,0.9217,5.2314286,0.3,300.0586
5,2025-05-18,115,-18.1362,146.9716,2,1.3,1,Moderate (1-50%),0.0783,0.7576,0.1641,0.9217,6.122857,0.6314286,299.97998
5,2025-05-18,116,-15.359506,145.7791,18,1.78,1,Moderate (1-50%),0.0919,0.7412,0.1669,0.9081,4.79,0.83285713,299.94998
5,2025-05-18,117,-14.925742,145.68793,38,1.39,1,Moderate (1-50%),0.0255,0.7089,0.2657,0.9745,7.53,1.2485714,299.99713
5,2025-05-18,118,-15.02785,145.56805,2,0.81,1,Moderate (1-50%),0.0842,0.7601,0.1557,0.9158,5.11,1.0742857,299.89716
5,2025-05-18,119,-12.767325,143.42282,4,0.89,1,Moderate (1-50%),0.0063,0.5208,0.4729,0.9937,9.52,2.87,299.9157
5,2025-05-18,120,-11.997334,143.27243,6,2.5,1,Moderate (1-50%),0.0308,0.6969,0.2724,0.9692,7.35,1.16,300.13284
5,2025-05-18,121,-11.0088,142.98685,2,2.22,2,Severe (>50%),0.0021,0.4269,0.571,0.9979,10.085714,2.81,300.5857
5,2025-05-18,122,-20.751085,149.4548,7,3.39,1,Moderate (1-50%),0.247,0.687,0.066,0.753,3.5,0.0,298.66284
5,2025-05-18,123,-18.65635,147.71594,2,2.28,1,Moderate (1-50%),0.1012,0.6914,0.2074,0.8988,4.77,0.15,300.0557
5,2025-05-18,124,-12.470825,143.48958,4,1.65,1,Moderate (1-50%),0.0254,0.7874,0.1872,0.9746,6.73,1.59,300.05713
5,2025-05-18,125,-12.30835,143.37485,2,1.85,1,Moderate (1-50%),0.0338,0.7127,0.2535,0.9662,6.977143,1.72,300.0457
5,2025-05-18,126,-10.69155,142.73485,2,2.13,2,Severe (>50%),0.0016,0.4389,0.5595,0.9984,8.895715,2.85,300.81857
5,2025-05-18,127,-18.9561,146.9562,15,2.89,1,Moderate (1-50%),0.1023,0.6178,0.2799,0.8977,5.4,0.8957143,298.9957
5,2025-05-18,128,-13.844505,146.55128,41,3.35,2,Severe (>50%),0.002,0.4009,0.5971,0.998,11.441428,5.0057144,300.76855
5,2025-05-18,129,-16.22582,146.00262,10,2.39,1,Moderate (1-50%),0.093,0.7023,0.2047,0.907,5.52,0.79571426,299.9086
5,2025-05-18,130,-15.51399,145.77756,20,1.25,1,Moderate (1-50%),0.1475,0.6267,0.2258,0.8525,4.37,0.81285715,299.8986
5,2025-05-18,131,-16.0,145.9667,2,2.92,1,Moderate (1-50%),0.1406,0.6275,0.2318,0.8594,5.44,0.80285716,299.94855
5,2025-05-18,132,-17.0,149.1,4,3.85,1,Moderate (1-50%),0.0423,0.6767,0.281,0.9577,7.45,0.86714286,300.63284
6,2025-05-25,0,-19.166714,146.84863,209,2.65,1,Moderate (1-50%),0.1519,0.8029,0.0452,0.8481,7.397143,1.17,297.93
6,2025-05-25,1,-18.646925,146.54514,149,3.23,1,Moderate (1-50%),0.3627,0.5729,0.0645,0.6373,5.13,0.14,298.59283
6,2025-05-25,2,-10.2196665,150.84866,3,2.66,1,Moderate (1-50%),0.0005,0.548,0.4516,0.9995,18.6,12.794286,302.26425
6,2025-05-25,3,-23.443886,151.92134,187,2.13,1,Moderate (1-50%),0.1421,0.8474,0.0105,0.8579,0.78,0.0,297.75424
6,2025-05-25,4,-18.75,146.25,2,3.83,1,Moderate (1-50%),0.3231,0.6186,0.0584,0.6769,6.5,0.64,298.0843
6,2025-05-25,5,-23.146168,150.95728,60,2.97,1,Moderate (1-50%),0.2634,0.7258,0.0107,0.7366,1.79,0.0,296.74
6,2025-05-25,6,-19.760475,149.15018,69,3.06,1,Moderate (1-50%),0.3023,0.6638,0.0338,0.6977,3.23,0.0,298.9157
6,2025-05-25,7,-18.227266,146.74213,3,1.83,1,Moderate (1-50%),0.1321,0.6854,0.1825,0.8679,5.96,0.84,299.24713
6,2025-05-25,8,-19.020872,146.6052,11,2.13,1,Moderate (1-50%),0.2083,0.7426,0.0491,0.7917,7.2585716,0.84,298.11716
6,2025-05-25,9,-18.739391,147.2709,12,1.66,1,Moderate (1-50%),0.1524,0.7917,0.0559,0.8476,4.89,0.72,299.46713
6,2025-05-25,10,-17.885866,146.59,3,2.0,1,Moderate (1-50%),0.187,0.7034,0.1096,0.813,5.801429,0.5,299.43857
6,2025-05-25,11,-17.239176,146.34703,8,2.82,1,Moderate (1-50%),0.0714,0.7887,0.1399,0.9286,7.08,0.84,299.32138
6,2025-05-25,12,-20.237434,148.9795,103,1.46,1,Moderate (1-50%),0.4539,0.5173,0.0288,0.5461,3.87,0.0,298.11572
6,2025-05-25,13,-20.3759,150.17145,8,0.38,1,Moderate (1-50%),0.2417,0.733,0.0253,0.7583,2.64,0.0,298.94858
6,2025-05-25,14,-20.251957,148.81541,23,2.75,0,None (0%),0.5582,0.4065,0.0354,0.4418,4.21,0.0,297.71286
6,2025-05-25,15,-20.090439,148.5869,23,2.12,1,Moderate (1-50%),0.3816,0.5696,0.0488,0.6184,5.16,0.0,298.12714
6,2025-05-25,16,-20.022484,148.28569,12,1.15,1,Moderate (1-50%),0.3064,0.6576,0.036,0.6936,6.68,0.64,297.76572
6,2025-05-25,17,-19.86675,147.92262,4,0.95,1,Moderate (1-50%),0.2605,0.7007,0.0389,0.7395,6.5614285,0.48,297.9371
6,2025-05-25,18,-23.992844,151.69751,7,3.03,1,Moderate (1-50%),0.226,0.7623,0.0117,0.774,3.2,0.0,296.19284
6,2025-05-25,19,-23.520433,151.2612,3,1.5,1,Moderate (1-50%),0.3258,0.6644,0.0098,0.6742,3.35,0.0,296.59427
6,2025-05-25,20,-23.408117,151.1666,6,2.06,1,Moderate (1-50%),0.275,0.7129,0.0121,0.725,3.59,0.0,296.50858
6,2025-05-25,21,-23.326,150.92995,2,0.52,1,Moderate (1-50%),0.2641,0.7288,0.0071,0.7359,3.8,0.0,296.29572
6,2025-05-25,22,-21.991533,152.46994,3,1.91,1,Moderate (1-50%),0.3622,0.6128,0.025,0.6378,1.83,0.0,298.65714
6,2025-05-25,23,-20.911617,149.42245,11,1.51,0,None (0%),0.6062,0.375,0.0187,0.3938,2.99,0.0,297.96143
6,2025-05-25,24,-20.758585,150.43915,7,2.34,1,Moderate (1-50%),0.3694,0.601,0.0297,0.6306,3.17,0.0,298.81284
6,2025-05-25,25,-19.7155,147.77403,7,1.06,1,Moderate (1-50%),0.3792,0.5473,0.0735,0.6208,6.2585716,0.51,298.19284
6,2025-05-25,26,-19.34095,148.0835,2,1.99,1,Moderate (1-50%),0.2454,0.6728,0.0818,0.7546,4.65,0.77,299.17715
6,2025-05-25,27,-19.32325,148.4333,2,0.89,1,Moderate (1-50%),0.3342,0.5639,0.1019,0.6658,4.01,0.5,299.1614
6,2025-05-25,28,-19.311234,148.34396,3,2.51,1,Moderate (1-50%),0.3281,0.5517,0.1202,0.6719,4.31,0.52,299.1486
6,2025-05-25,29,-19.2076,148.8596,2,2.52,1,Moderate (1-50%),0.3897,0.5444,0.0659,0.6103,3.28,0.0,299.59857
6,2025-05-25,30,-19.11165,148.33365,6,1.74,1,Moderate (1-50%),0.2778,0.6433,0.0789,0.7222,3.45,0.15,299.36713
6,2025-05-25,31,-18.9913,148.06412,6,2.14,1,Moderate (1-50%),0.2788,0.5747,0.1465,0.7212,4.41,0.31,299.76855
6,2025-05-25,32,-18.847086,147.91052,7,2.89,1,Moderate (1-50%),0.1947,0.5861,0.2192,0.8053,4.46,0.15,299.8857
6,2025-05-25,33,-18.1497,146.28976,3,3.16,1,Moderate (1-50%),0.1729,0.7819,0.0452,0.8271,5.26,0.15,298.58572
6,2025-05-25,34,-17.6551,146.49199,6,2.85,1,Moderate (1-50%),0.1696,0.6545,0.1758,0.8304,5.7314286,0.51,299.2757
6,2025-05-25,35,-17.34235,146.52235,4,1.95,1,Moderate (1-50%),0.0901,0.7754,0.1346,0.9099,6.66,0.84,299.62003
6,2025-05-25,36,-16.871353,146.21158,88,1.49,1,Moderate (1-50%),0.0955,0.7807,0.1237,0.9045,6.53,1.03,299.41
6,2025-05-25,37,-16.935507,145.98845,13,1.85,1,Moderate (1-50%),0.2531,0.6888,0.0581,0.7469,6.825714,0.53,298.75854
6,2025-05-25,38,-16.52347,145.99037,108,1.65,1,Moderate (1-50%),0.2,0.7118,0.0881,0.8,6.03,0.87,299.32285
6,2025-05-25,39,-16.12418,145.83456,243,1.03,1,Moderate (1-50%),0.2232,0.7064,0.0704,0.7768,5.34,0.83,299.5071
6,2025-05-25,40,-15.77885,145.58086,2,0.76,1,Moderate (1-50%),0.3177,0.6255,0.0568,0.6823,4.23,0.76,299.1957
6,2025-05-25,41,-15.499777,145.51018,13,3.18,1,Moderate (1-50%),0.2336,0.6974,0.069,0.7664,3.27,0.47,299.35284
6,2025-05-25,42,-14.85125,145.27235,2,2.66,1,Moderate (1-50%),0.0932,0.8394,0.0674,0.9068,6.32,0.87,299.04572
6,2025-05-25,43,-14.728744,145.10814,16,1.86,1,Moderate (1-50%),0.0543,0.8784,0.0673,0.9457,6.98,0.83,299.08856
6,2025-05-25,44,-14.4546,144.90607,7,3.05,1,Moderate (1-50%),0.073,0.7033,0.2236,0.927,7.864286,1.09,299.2543
6,2025-05-25,45,-14.1632,144.26332,5,1.82,1,Moderate (1-50%),0.0635,0.6922,0.2443,0.9365,6.7714286,1.11,299.7514
6,2025-05-25,46,-14.13435,144.5049,2,2.4,1,Moderate (1-50%),0.0949,0.6676,0.2375,0.9051,8.452857,1.12,299.55426
6,2025-05-25,47,-14.07125,143.8833,2,0.99,1,Moderate (1-50%),0.0314,0.766,0.2025,0.9686,7.1557145,1.25,300.1514
6,2025-05-25,48,-13.922125,143.78668,4,1.3,1,Moderate (1-50%),0.0544,0.6831,0.2626,0.9456,7.9428573,1.74,300.1957
6,2025-05-25,49,-23.6966,152.1829,2,2.53,1,Moderate (1-50%),0.14,0.8554,0.0046,0.86,0.77,0.0,297.9243
6,2025-05-25,50,-17.776623,146.45274,9,2.36,1,Moderate (1-50%),0.2128,0.6569,0.1303,0.7872,5.6528573,0.35,299.2
6,2025-05-25,51,-16.284166,145.4936,3,2.23,1,Moderate (1-50%),0.1602,0.775,0.0648,0.8398,7.04,1.28,298.88284
6,2025-05-25,52,-15.71492,145.45647,5,2.28,1,Moderate (1-50%),0.2702,0.6776,0.0523,0.7298,4.14,0.62,299.03
6,2025-05-25,53,-22.2081,150.33665,2,2.23,1,Moderate (1-50%),0.3313,0.6567,0.012,0.6687,2.09,0.0,297.01715
6,2025-05-25,54,-22.024067,150.66617,3,0.92,1,Moderate (1-50%),0.2457,0.7092,0.0451,0.7543,2.49,0.0,297.7143
6,2025-05-25,55,-22.018534,150.34753,3,2.43,1,Moderate (1-50%),0.2226,0.7509,0.0265,0.7774,2.18,0.0,297.48145
6,2025-05-25,56,-21.95394,150.1631,5,2.64,1,Moderate (1-50%),0.3107,0.6708,0.0185,0.6893,1.81,0.0,297.50287
6,2025-05-25,57,-21.6832,150.28384,4,1.29,1,Moderate (1-50%),0.3499,0.6264,0.0236,0.6501,1.86,0.0,298.16714
6,2025-05-25,58,-21.455212,149.86604,8,2.39,0,None (0%),0.5562,0.4175,0.0263,0.4438,2.3,0.0,298.08002
6,2025-05-25,59,-18.062532,146.56087,3,2.04,1,Moderate (1-50%),0.1979,0.7153,0.0868,0.8021,6.0014286,0.51,299.28714
6,2025-05-25,60,-23.958666,151.47777,3,1.84,1,Moderate (1-50%),0.4156,0.5728,0.0117,0.5844,5.34,0.0,295.97287
6,2025-05-25,61,-23.767967,151.33594,3,1.36,1,Moderate (1-50%),0.3903,0.5978,0.0119,0.6097,4.85,0.0,296.25714
6,2025-05-25,62,-23.5347,151.73087,3,1.23,1,Moderate (1-50%),0.1832,0.8,0.0169,0.8168,1.4,0.0,297.4157
6,2025-05-25,63,-19.2064,147.0493,3,3.28,1,Moderate (1-50%),0.403,0.5704,0.0266,0.597,5.73,0.9,297.92853
6,2025-05-25,64,-18.0518,146.78749,12,2.9,1,Moderate (1-50%),0.1145,0.7062,0.1793,0.8855,5.6514287,0.33,299.53
6,2025-05-25,65,-18.008833,146.16989,9,1.88,1,Moderate (1-50%),0.1955,0.7535,0.051,0.8045,4.35,0.15,298.45285
6,2025-05-25,66,-17.721071,146.1557,7,2.09,1,Moderate (1-50%),0.3583,0.5958,0.0459,0.6417,3.75,0.31,298.63858
6,2025-05-25,67,-17.467283,146.3924,6,2.04,1,Moderate (1-50%),0.1794,0.6679,0.1527,0.8206,6.84,0.67,299.2314
6,2025-05-25,68,-17.20583,146.07251,10,2.15,1,Moderate (1-50%),0.3835,0.571,0.0455,0.6165,6.4,0.51,298.76715
6,2025-05-25,69,-16.545633,145.52946,3,2.34,1,Moderate (1-50%),0.1645,0.7513,0.0842,0.8355,7.7,1.29,298.77002
6,2025-05-25,70,-16.379562,145.56004,47,1.67,1,Moderate (1-50%),0.1922,0.7534,0.0544,0.8078,7.11,1.27,298.90286
6,2025-05-25,71,-15.9993,145.4327,3,2.82,1,Moderate (1-50%),0.1883,0.7653,0.0464,0.8117,5.35,1.14,298.91574
6,2025-05-25,72,-15.156473,145.46036,11,2.59,1,Moderate (1-50%),0.1509,0.7437,0.1054,0.8491,3.27,0.65,299.32712
6,2025-05-25,73,-11.8956,143.1068,2,3.03,1,Moderate (1-50%),0.0647,0.7333,0.202,0.9353,6.99,1.17,300.1114
6,2025-05-25,74,-10.14675,151.16306,2,3.4,1,Moderate (1-50%),0.0008,0.5999,0.3993,0.9992,18.661428,12.938571,302.12143
6,2025-05-25,75,-18.4208,147.34987,3,2.66,1,Moderate (1-50%),0.1186,0.7349,0.1465,0.8814,6.0728574,0.3,299.81146
6,2025-05-25,76,-19.54529,149.26216,28,2.63,1,Moderate (1-50%),0.358,0.609,0.033,0.642,1.92,0.0,299.25287
6,2025-05-25,77,-18.665953,147.07942,15,1.11,1,Moderate (1-50%),0.1919,0.75,0.0581,0.8081,5.39,0.73,299.25
6,2025-05-25,78,-18.441046,146.99043,15,2.42,1,Moderate (1-50%),0.0768,0.7913,0.1319,0.9232,6.66,1.15,299.55716
6,2025-05-25,79,-22.0,152.67,2,2.83,1,Moderate (1-50%),0.3335,0.6504,0.0161,0.6665,2.05,0.0,298.70572
6,2025-05-25,80,-18.402128,146.79951,11,3.63,1,Moderate (1-50%),0.1317,0.7606,0.1077,0.8683,6.07,1.18,299.1971
6,2025-05-25,81,-18.52425,147.1444,2,2.05,1,Moderate (1-50%),0.1012,0.8177,0.0811,0.8988,5.99,1.1,299.5557
6,2025-05-25,82,-21.3925,152.50706,5,2.69,1,Moderate (1-50%),0.3959,0.5879,0.0162,0.6041,1.91,0.0,298.97144
6,2025-05-25,83,-21.121021,152.48535,9,1.16,1,Moderate (1-50%),0.3765,0.5947,0.0288,0.6235,2.78,0.0,299.19
6,2025-05-25,84,-21.106472,152.2254,11,2.06,1,Moderate (1-50%),0.416,0.5589,0.0251,0.584,2.89,0.0,299.26425
6,2025-05-25,85,-20.96795,149.75764,2,1.96,0,None (0%),0.5028,0.451,0.0461,0.4972,3.56,0.0,298.60284
6,2025-05-25,86,-20.928566,150.04893,3,2.52,0,None (0%),0.5021,0.4525,0.0453,0.4979,4.01,0.0,298.76285
6,2025-05-25,87,-19.68672,149.93729,5,1.83,1,Moderate (1-50%),0.3112,0.6392,0.0495,0.6888,2.35,0.0,299.46713
6,2025-05-25,88,-19.501034,148.7524,3,3.57,1,Moderate (1-50%),0.2921,0.6166,0.0913,0.7079,3.34,0.16,299.04858
6,2025-05-25,89,-19.3041,148.6315,4,2.42,1,Moderate (1-50%),0.3223,0.6007,0.077,0.6777,3.26,0.0,299.19574
6,2025-05-25,90,-19.20995,148.542,2,2.45,1,Moderate (1-50%),0.4076,0.5121,0.0803,0.5924,3.12,0.0,299.29428
6,2025-05-25,91,-18.82149,147.65489,18,2.15,1,Moderate (1-50%),0.1722,0.7297,0.0981,0.8278,4.71,0.49,299.6186
6,2025-05-25,92,-17.5251,146.52454,3,0.05,1,Moderate (1-50%),0.0847,0.7453,0.17,0.9153,6.2914286,0.67,299.51285
6,2025-05-25,93,-14.88175,145.50227,6,2.56,1,Moderate (1-50%),0.0547,0.7943,0.151,0.9453,6.65,1.07,299.5957
6,2025-05-25,94,-24.112192,152.71562,14,1.71,1,Moderate (1-50%),0.136,0.8599,0.0041,0.864,0.16,0.0,298.20712
6,2025-05-25,95,-19.449833,148.86703,3,2.89,1,Moderate (1-50%),0.4252,0.526,0.0488,0.5748,2.96,0.0,299.20856
6,2025-05-25,96,-16.409634,145.74434,3,2.68,1,Moderate (1-50%),0.1293,0.8307,0.0401,0.8707,7.1,1.14,298.9743
6,2025-05-25,97,-12.67815,143.5829,2,0.93,1,Moderate (1-50%),0.039,0.6023,0.3587,0.961,7.3142858,2.21,299.96573
6,2025-05-25,98,-12.2257,143.2841,2,0.99,1,Moderate (1-50%),0.035,0.6986,0.2664,0.965,7.39,1.63,300.03287
6,2025-05-25,99,-11.782,142.95316,5,2.5,1,Moderate (1-50%),0.0489,0.6632,0.2879,0.9511,7.794286,1.83,300.14996
6,2025-05-25,100,-11.7694,143.09245,2,2.0,1,Moderate (1-50%),0.0649,0.7808,0.1543,0.9351,7.21,1.03,300.1614
6,2025-05-25,101,-11.482866,143.01598,9,1.32,1,Moderate (1-50%),0.0425,0.724,0.2335,0.9575,9.171429,2.27,300.2857
6,2025-05-25,102,-11.191144,142.98755,9,2.26,1,Moderate (1-50%),0.0332,0.6515,0.3153,0.9668,9.9328575,2.65,300.34
6,2025-05-25,103,-14.610958,145.62405,19,1.56,1,Moderate (1-50%),0.0416,0.6544,0.304,0.9584,7.85,1.2,299.96854
6,2025-05-25,104,-14.704066,145.44646,9,3.28,1,Moderate (1-50%),0.0417,0.8173,0.1409,0.9583,6.66,1.36,299.4471
6,2025-05-25,105,-23.32,151.98,2,0.75,1,Moderate (1-50%),0.1471,0.8287,0.0241,0.8529,1.08,0.0,297.9471
6,2025-05-25,106,-18.26362,147.38202,5,1.47,1,Moderate (1-50%),0.1446,0.6581,0.1974,0.8554,7.18,0.0,299.86713
6,2025-05-25,107,-14.0,146.0,2,3.87,1,Moderate (1-50%),0.0151,0.5618,0.4231,0.9849,9.374286,2.77,300.59283
6,2025-05-25,108,-21.87,152.19,2,1.64,1,Moderate (1-50%),0.3419,0.6293,0.0287,0.6581,2.22,0.0,298.69287
6,2025-05-25,109,-21.13605,150.77615,2,1.23,1,Moderate (1-50%),0.42,0.5479,0.0321,0.58,3.08,0.0,298.80713
6,2025-05-25,110,-20.66895,150.2588,2,1.81,1,Moderate (1-50%),0.3326,0.6341,0.0333,0.6674,3.21,0.0,298.84283
6,2025-05-25,111,-20.08315,149.93718,4,1.56,1,Moderate (1-50%),0.3047,0.6662,0.0291,0.6953,1.61,0.0,299.0057
6,2025-05-25,112,-19.6179,149.67664,3,0.81,1,Moderate (1-50%),0.3709,0.6037,0.0254,0.6291,2.04,0.0,299.3857
6,2025-05-25,113,-18.791527,147.52235,34,1.86,1,Moderate (1-50%),0.1279,0.8133,0.0588,0.8721,5.0542855,0.85,299.61002
6,2025-05-25,114,-18.53455,147.49355,4,2.22,1,Moderate (1-50%),0.1781,0.7034,0.1185,0.8219,5.2314286,0.3,299.84427
6,2025-05-25,115,-18.1362,146.9716,2,1.3,1,Moderate (1-50%),0.073,0.7191,0.2079,0.927,6.122857,0.61,299.74
6,2025-05-25,116,-15.359506,145.7791,18,1.78,1,Moderate (1-50%),0.136,0.7165,0.1475,0.864,4.79,0.81,299.77856
6,2025-05-25,117,-14.925742,145.68793,38,1.39,1,Moderate (1-50%),0.0555,0.7735,0.171,0.9445,7.53,1.02,299.85284
6,2025-05-25,118,-15.02785,145.56805,2,0.81,1,Moderate (1-50%),0.0918,0.7886,0.1196,0.9082,5.11,0.99,299.62286
6,2025-05-25,119,-12.767325,143.42282,4,0.89,1,Moderate (1-50%),0.0592,0.6022,0.3385,0.9408,9.52,2.87,299.86572
6,2025-05-25,120,-11.997334,143.27243,6,2.5,1,Moderate (1-50%),0.0424,0.7176,0.2399,0.9576,7.35,1.16,300.15143
6,2025-05-25,121,-11.0088,142.98685,2,2.22,1,Moderate (1-50%),0.014,0.6281,0.3579,0.986,10.085714,2.81,300.45
6,2025-05-25,122,-20.751085,149.4548,7,3.39,0,None (0%),0.5282,0.4019,0.0698,0.4718,3.5,0.0,298.3686
6,2025-05-25,123,-18.65635,147.71594,2,2.28,1,Moderate (1-50%),0.1392,0.7367,0.1241,0.8608,4.77,0.15,299.85858
6,2025-05-25,124,-12.470825,143.48958,4,1.65,1,Moderate (1-50%),0.0549,0.6748,0.2703,0.9451,6.73,1.59,300.04144
6,2025-05-25,125,-12.30835,143.37485,2,1.85,1,Moderate (1-50%),0.0306,0.845,0.1244,0.9694,6.977143,1.72,300.05
6,2025-05-25,126,-10.69155,142.73485,2,2.13,2,Severe (>50%),0.0122,0.4381,0.5497,0.9878,8.895715,2.85,300.63428
6,2025-05-25,127,-18.9561,146.9562,15,2.89,1,Moderate (1-50%),0.2862,0.6665,0.0473,0.7138,5.4,0.87,298.60715
6,2025-05-25,128,-13.844505,146.55128,41,3.35,1,Moderate (1-50%),0.0064,0.6763,0.3173,0.9936,11.441428,4.77,300.92715
6,2025-05-25,129,-16.22582,146.00262,10,2.39,1,Moderate (1-50%),0.092,0.7847,0.1233,0.908,5.52,0.77,299.76855
6,2025-05-25,130,-15.51399,145.77756,20,1.25,1,Moderate (1-50%),0.1022,0.735,0.1629,0.8978,4.37,0.79,299.70996
6,2025-05-25,131,-16.0,145.9667,2,2.92,1,Moderate (1-50%),0.0895,0.7725,0.138,0.9105,5.44,0.78,299.80002
6,2025-05-25,132,-17.0,149.1,4,3.85,1,Moderate (1-50%),0.1243,0.7128,0.1629,0.8757,7.45,0.63,300.17572
7,2025-06-01,0,-19.166714,146.84863,209,2.65,1,Moderate (1-50%),0.2616,0.722,0.0165,0.7384,7.397143,1.02,298.03287
7,2025-06-01,1,-18.646925,146.54514,149,3.23,1,Moderate (1-50%),0.3084,0.6764,0.0152,0.6916,5.13,0.14,298.62997
7,2025-06-01,2,-10.2196665,150.84866,3,2.66,1,Moderate (1-50%),0.0013,0.6366,0.3622,0.9987,18.6,11.768572,301.77426
7,2025-06-01,3,-23.443886,151.92134,187,2.13,1,Moderate (1-50%),0.2298,0.7632,0.007,0.7702,0.78,0.0,297.72568
7,2025-06-01,4,-18.75,146.25,2,3.83,1,Moderate (1-50%),0.3333,0.6495,0.0172,0.6667,6.5,0.61714286,298.3743
7,2025-06-01,5,-23.146168,150.95728,60,2.97,1,Moderate (1-50%),0.2887,0.7051,0.0062,0.7113,1.79,0.0,296.56424
7,2025-06-01,6,-19.760475,149.15018,69,3.06,1,Moderate (1-50%),0.3446,0.6304,0.025,0.6554,3.23,0.0,298.67142
7,2025-06-01,7,-18.227266,146.74213,3,1.83,1,Moderate (1-50%),0.3444,0.637,0.0186,0.6556,5.96,0.70285714,299.29144
7,2025-06-01,8,-19.020872,146.6052,11,2.13,1,Moderate (1-50%),0.2266,0.7609,0.0126,0.7734,7.2585716,0.7714286,298.20142
7,2025-06-01,9,-18.739391,147.2709,12,1.66,1,Moderate (1-50%),0.3423,0.6375,0.0203,0.6577,4.89,0.64285713,299.26855
7,2025-06-01,10,-17.885866,146.59,3,2.0,1,Moderate (1-50%),0.3381,0.648,0.0138,0.6619,5.801429,0.41142857,299.45856
7,2025-06-01,11,-17.239176,146.34703,8,2.82,1,Moderate (1-50%),0.2107,0.7703,0.019,0.7893,7.08,0.70714283,299.6971
7,2025-06-01,12,-20.237434,148.9795,103,1.46,1,Moderate (1-50%),0.3972,0.5883,0.0145,0.6028,3.87,0.0,298.01
7,2025-06-01,13,-20.3759,150.17145,8,0.38,1,Moderate (1-50%),0.4456,0.5322,0.0222,0.5544,2.64,0.0,298.7314
7,2025-06-01,14,-20.251957,148.81541,23,2.75,1,Moderate (1-50%),0.4284,0.5644,0.0072,0.5716,4.21,0.0,297.65427
7,2025-06-01,15,-20.090439,148.5869,23,2.12,1,Moderate (1-50%),0.3126,0.6689,0.0184,0.6874,5.16,0.0,297.9743
7,2025-06-01,16,-20.022484,148.28569,12,1.15,1,Moderate (1-50%),0.3716,0.6169,0.0115,0.6284,6.68,0.61714286,297.58716
7,2025-06-01,17,-19.86675,147.92262,4,0.95,1,Moderate (1-50%),0.3211,0.6657,0.0132,0.6789,6.5614285,0.46,297.81427
7,2025-06-01,18,-23.992844,151.69751,7,3.03,1,Moderate (1-50%),0.2085,0.7802,0.0113,0.7915,3.2,0.0,296.20572
7,2025-06-01,19,-23.520433,151.2612,3,1.5,1,Moderate (1-50%),0.3388,0.6484,0.0128,0.6612,3.35,0.0,296.5557
7,2025-06-01,20,-23.408117,151.1666,6,2.06,1,Moderate (1-50%),0.2671,0.7236,0.0093,0.7329,3.59,0.0,296.46143
7,2025-06-01,21,-23.326,150.92995,2,0.52,1,Moderate (1-50%),0.3041,0.6867,0.0092,0.6959,3.8,0.0,296.1443
7,2025-06-01,22,-21.991533,152.46994,3,1.91,0,None (0%),0.5836,0.4079,0.0085,0.4164,1.83,0.0,298.48428
7,2025-06-01,23,-20.911617,149.42245,11,1.51,0,None (0%),0.567,0.423,0.0099,0.433,2.99,0.0,297.56
7,2025-06-01,24,-20.758585,150.43915,7,2.34,1,Moderate (1-50%),0.4616,0.5136,0.0249,0.5384,3.17,0.0,298.59857
7,2025-06-01,25,-19.7155,147.77403,7,1.06,1,Moderate (1-50%),0.307,0.6791,0.0139,0.693,6.2585716,0.4842857,298.1
7,2025-06-01,26,-19.34095,148.0835,2,1.99,0,None (0%),0.48,0.4788,0.0412,0.52,4.65,0.68857145,299.08145
7,2025-06-01,27,-19.32325,148.4333,2,0.89,1,Moderate (1-50%),0.3028,0.6629,0.0343,0.6972,4.01,0.42857143,298.94998
7,2025-06-01,28,-19.311234,148.34396,3,2.51,1,Moderate (1-50%),0.2699,0.7,0.0301,0.7301,4.31,0.44714287,298.96143
7,2025-06-01,29,-19.2076,148.8596,2,2.52,1,Moderate (1-50%),0.4162,0.5568,0.027,0.5838,3.28,0.0,299.37714
7,2025-06-01,30,-19.11165,148.33365,6,1.74,1,Moderate (1-50%),0.3554,0.62,0.0246,0.6446,3.45,0.15,299.22855
7,2025-06-01,31,-18.9913,148.06412,6,2.14,1,Moderate (1-50%),0.4689,0.493,0.0381,0.5311,4.41,0.28857142,299.50143
7,2025-06-01,32,-18.847086,147.91052,7,2.89,1,Moderate (1-50%),0.3944,0.529,0.0766,0.6056,4.46,0.15,299.63715
7,2025-06-01,33,-18.1497,146.28976,3,3.16,1,Moderate (1-50%),0.3025,0.6815,0.016,0.6975,5.26,0.15,298.6914
7,2025-06-01,34,-17.6551,146.49199,6,2.85,1,Moderate (1-50%),0.2866,0.6989,0.0145,0.7134,5.7314286,0.4842857,299.44
7,2025-06-01,35,-17.34235,146.52235,4,1.95,1,Moderate (1-50%),0.3068,0.6515,0.0418,0.6932,6.66,0.7014286,299.97714
7,2025-06-01,36,-16.871353,146.21158,88,1.49,1,Moderate (1-50%),0.2995,0.6785,0.022,0.7005,6.53,0.8842857,299.69855
7,2025-06-01,37,-16.935507,145.98845,13,1.85,1,Moderate (1-50%),0.3348,0.6529,0.0123,0.6652,6.825714,0.5042857,298.9643
7,2025-06-01,38,-16.52347,145.99037,108,1.65,0,None (0%),0.5994,0.387,0.0136,0.4006,6.03,0.73142856,299.45572
7,2025-06-01,39,-16.12418,145.83456,243,1.03,0,None (0%),0.6304,0.3583,0.0113,0.3696,5.34,0.6957143,299.76572
7,2025-06-01,40,-15.77885,145.58086,2,0.76,1,Moderate (1-50%),0.4698,0.5084,0.0217,0.5302,4.23,0.62857145,299.16855
7,2025-06-01,41,-15.499777,145.51018,13,3.18,1,Moderate (1-50%),0.3917,0.5815,0.0268,0.6083,3.27,0.40571427,299.38284
7,2025-06-01,42,-14.85125,145.27235,2,2.66,1,Moderate (1-50%),0.3744,0.5936,0.0319,0.6256,6.32,0.8457143,299.11856
7,2025-06-01,43,-14.728744,145.10814,16,1.86,1,Moderate (1-50%),0.4002,0.5634,0.0365,0.5998,6.98,0.80857146,299.19427
7,2025-06-01,44,-14.4546,144.90607,7,3.05,1,Moderate (1-50%),0.4324,0.5196,0.048,0.5676,7.864286,1.0271429,299.40717
7,2025-06-01,45,-14.1632,144.26332,5,1.82,1,Moderate (1-50%),0.3112,0.6177,0.0711,0.6888,6.7714286,1.0871428,299.68143
7,2025-06-01,46,-14.13435,144.5049,2,2.4,0,None (0%),0.4748,0.4631,0.0621,0.5252,8.452857,1.0985714,299.64142
7,2025-06-01,47,-14.07125,143.8833,2,0.99,1,Moderate (1-50%),0.2984,0.5942,0.1074,0.7016,7.1557145,1.1814286,300.13428
7,2025-06-01,48,-13.922125,143.78668,4,1.3,1,Moderate (1-50%),0.4128,0.457,0.1302,0.5872,7.9428573,1.6657143,300.15283
7,2025-06-01,49,-23.6966,152.1829,2,2.53,1,Moderate (1-50%),0.222,0.7737,0.0043,0.778,0.77,0.0,297.80856
7,2025-06-01,50,-17.776623,146.45274,9,2.36,1,Moderate (1-50%),0.3078,0.6786,0.0136,0.6922,5.6528573,0.3257143,299.33286
7,2025-06-01,51,-16.284166,145.4936,3,2.23,1,Moderate (1-50%),0.2969,0.6738,0.0293,0.7031,7.04,1.1371429,298.94717
7,2025-06-01,52,-15.71492,145.45647,5,2.28,1,Moderate (1-50%),0.3727,0.6138,0.0135,0.6273,4.14,0.55285716,299.0071
7,2025-06-01,53,-22.2081,150.33665,2,2.23,0,None (0%),0.5413,0.4485,0.0101,0.4587,2.09,0.0,296.89142
7,2025-06-01,54,-22.024067,150.66617,3,0.92,1,Moderate (1-50%),0.4546,0.5298,0.0156,0.5454,2.49,0.0,297.82
7,2025-06-01,55,-22.018534,150.34753,3,2.43,0,None (0%),0.5547,0.432,0.0132,0.4453,2.18,0.0,297.50143
7,2025-06-01,56,-21.95394,150.1631,5,2.64,0,None (0%),0.5429,0.451,0.0061,0.4571,1.81,0.0,297.28857
7,2025-06-01,57,-21.6832,150.28384,4,1.29,0,None (0%),0.512,0.4733,0.0147,0.488,1.86,0.0,298.0
7,2025-06-01,58,-21.455212,149.86604,8,2.39,0,None (0%),0.6007,0.3929,0.0065,0.3993,2.3,0.0,297.63284
7,2025-06-01,59,-18.062532,146.56087,3,2.04,1,Moderate (1-50%),0.3519,0.6329,0.0152,0.6481,6.0014286,0.4857143,299.3071
7,2025-06-01,60,-23.958666,151.47777,3,1.84,1,Moderate (1-50%),0.3473,0.6474,0.0053,0.6527,5.34,0.0,295.93716
7,2025-06-01,61,-23.767967,151.33594,3,1.36,1,Moderate (1-50%),0.3304,0.6631,0.0065,0.6696,4.85,0.0,296.2614
7,2025-06-01,62,-23.5347,151.73087,3,1.23,1,Moderate (1-50%),0.3159,0.6656,0.0184,0.6841,1.4,0.0,297.28857
7,2025-06-01,63,-19.2064,147.0493,3,3.28,1,Moderate (1-50%),0.3988,0.5912,0.01,0.6012,5.73,0.8314286,297.97574
7,2025-06-01,64,-18.0518,146.78749,12,2.9,1,Moderate (1-50%),0.3796,0.592,0.0284,0.6204,5.6514287,0.30571428,299.5728
7,2025-06-01,65,-18.008833,146.16989,9,1.88,1,Moderate (1-50%),0.2689,0.7137,0.0174,0.7311,4.35,0.15,298.64285
7,2025-06-01,66,-17.721071,146.1557,7,2.09,1,Moderate (1-50%),0.2704,0.7072,0.0224,0.7296,3.75,0.29,298.7914
7,2025-06-01,67,-17.467283,146.3924,6,2.04,1,Moderate (1-50%),0.3299,0.653,0.0171,0.6701,6.84,0.6042857,299.50143
7,2025-06-01,68,-17.20583,146.07251,10,2.15,1,Moderate (1-50%),0.3041,0.6862,0.0097,0.6959,6.4,0.4857143,298.9943
7,2025-06-01,69,-16.545633,145.52946,3,2.34,1,Moderate (1-50%),0.3142,0.6475,0.0383,0.6858,7.7,1.14,298.88287
7,2025-06-01,70,-16.379562,145.56004,47,1.67,1,Moderate (1-50%),0.372,0.6106,0.0174,0.628,7.11,1.1171429,298.90143
7,2025-06-01,71,-15.9993,145.4327,3,2.82,1,Moderate (1-50%),0.442,0.5466,0.0114,0.558,5.35,1.0114286,298.8957
7,2025-06-01,72,-15.156473,145.46036,11,2.59,1,Moderate (1-50%),0.4153,0.5516,0.0332,0.5847,3.27,0.65,299.3714
7,2025-06-01,73,-11.8956,143.1068,2,3.03,1,Moderate (1-50%),0.1891,0.7098,0.1011,0.8109,6.99,1.1471429,300.24857
7,2025-06-01,74,-10.14675,151.16306,2,3.4,1,Moderate (1-50%),0.0013,0.7291,0.2696,0.9987,18.661428,11.831429,301.99713
7,2025-06-01,75,-18.4208,147.34987,3,2.66,1,Moderate (1-50%),0.2822,0.6939,0.0239,0.7178,6.0728574,0.27857143,299.6357
7,2025-06-01,76,-19.54529,149.26216,28,2.63,1,Moderate (1-50%),0.434,0.5463,0.0197,0.566,1.92,0.0,299.02426
7,2025-06-01,77,-18.665953,147.07942,15,1.11,1,Moderate (1-50%),0.2932,0.6914,0.0154,0.7068,5.39,0.6557143,299.11142
7,2025-06-01,78,-18.441046,146.99043,15,2.42,1,Moderate (1-50%),0.3665,0.609,0.0245,0.6335,6.66,1.0114286,299.3514
7,2025-06-01,79,-22.0,152.67,2,2.83,1,Moderate (1-50%),0.4744,0.5193,0.0063,0.5256,2.05,0.0,298.57712
7,2025-06-01,80,-18.402128,146.79951,11,3.63,1,Moderate (1-50%),0.3022,0.6763,0.0215,0.6978,6.07,1.0414286,299.07568
7,2025-06-01,81,-18.52425,147.1444,2,2.05,1,Moderate (1-50%),0.4246,0.5565,0.0189,0.5754,5.99,0.9657143,299.36716
7,2025-06-01,82,-21.3925,152.50706,5,2.69,0,None (0%),0.6182,0.3747,0.0071,0.3818,1.91,0.0,298.8386
7,2025-06-01,83,-21.121021,152.48535,9,1.16,0,None (0%),0.5964,0.3961,0.0075,0.4036,2.78,0.0,299.05002
7,2025-06-01,84,-21.106472,152.2254,11,2.06,0,None (0%),0.5398,0.4514,0.0088,0.4602,2.89,0.0,299.10568
7,2025-06-01,85,-20.96795,149.75764,2,1.96,1,Moderate (1-50%),0.4197,0.5609,0.0194,0.5803,3.56,0.0,298.14145
7,2025-06-01,86,-20.928566,150.04893,3,2.52,1,Moderate (1-50%),0.4714,0.5092,0.0194,0.5286,4.01,0.0,298.3514
7,2025-06-01,87,-19.68672,149.93729,5,1.83,1,Moderate (1-50%),0.32,0.6696,0.0105,0.68,2.35,0.0,299.32
7,2025-06-01,88,-19.501034,148.7524,3,3.57,1,Moderate (1-50%),0.2511,0.7292,0.0197,0.7489,3.34,0.13714285,298.77
7,2025-06-01,89,-19.3041,148.6315,4,2.42,1,Moderate (1-50%),0.3226,0.6526,0.0249,0.6774,3.26,0.0,299.01425
7,2025-06-01,90,-19.20995,148.542,2,2.45,1,Moderate (1-50%),0.354,0.614,0.032,0.646,3.12,0.0,299.12717
7,2025-06-01,91,-18.82149,147.65489,18,2.15,1,Moderate (1-50%),0.4371,0.5424,0.0205,0.5629,4.71,0.4242857,299.46573
7,2025-06-01,92,-17.5251,146.52454,3,0.05,1,Moderate (1-50%),0.368,0.6032,0.0288,0.632,6.2914286,0.60142857,299.7457
7,2025-06-01,93,-14.88175,145.50227,6,2.56,1,Moderate (1-50%),0.1873,0.7614,0.0513,0.8127,6.65,1.0442857,299.61713
7,2025-06-01,94,-24.112192,152.71562,14,1.71,1,Moderate (1-50%),0.1296,0.8679,0.0025,0.8704,0.16,0.0,297.89572
7,2025-06-01,95,-19.449833,148.86703,3,2.89,1,Moderate (1-50%),0.3634,0.6131,0.0235,0.6366,2.96,0.0,298.98575
7,2025-06-01,96,-16.409634,145.74434,3,2.68,1,Moderate (1-50%),0.4565,0.5357,0.0077,0.5435,7.1,0.9771429,298.98712
7,2025-06-01,97,-12.67815,143.5829,2,0.93,1,Moderate (1-50%),0.1398,0.7153,0.1449,0.8602,7.3142858,2.0757143,300.01425
7,2025-06-01,98,-12.2257,143.2841,2,0.99,1,Moderate (1-50%),0.182,0.6507,0.1673,0.818,7.39,1.5328572,300.18286
7,2025-06-01,99,-11.782,142.95316,5,2.5,1,Moderate (1-50%),0.1774,0.7201,0.1025,0.8226,7.794286,1.6142857,300.31857
7,2025-06-01,100,-11.7694,143.09245,2,2.0,1,Moderate (1-50%),0.223,0.6835,0.0935,0.777,7.21,1.0071429,300.2757
7,2025-06-01,101,-11.482866,143.01598,9,1.32,1,Moderate (1-50%),0.2003,0.6598,0.1399,0.7997,9.171429,1.9271429,300.36716
7,2025-06-01,102,-11.191144,142.98755,9,2.26,1,Moderate (1-50%),0.0955,0.7829,0.1216,0.9045,9.9328575,2.1457143,300.4357
7,2025-06-01,103,-14.610958,145.62405,19,1.56,1,Moderate (1-50%),0.1783,0.6649,0.1567,0.8217,7.85,1.2,300.09003
7,2025-06-01,104,-14.704066,145.44646,9,3.28,1,Moderate (1-50%),0.2379,0.7355,0.0267,0.7621,6.66,1.3371428,299.5157
7,2025-06-01,105,-23.32,151.98,2,0.75,1,Moderate (1-50%),0.1839,0.8066,0.0095,0.8161,1.08,0.0,297.93
7,2025-06-01,106,-18.26362,147.38202,5,1.47,1,Moderate (1-50%),0.2426,0.7148,0.0427,0.7574,7.18,0.0,299.82138
7,2025-06-01,107,-14.0,146.0,2,3.87,1,Moderate (1-50%),0.0404,0.5511,0.4085,0.9596,9.374286,2.6385715,300.78427
7,2025-06-01,108,-21.87,152.19,2,1.64,0,None (0%),0.5218,0.4691,0.0091,0.4782,2.22,0.0,298.52286
7,2025-06-01,109,-21.13605,150.77615,2,1.23,0,None (0%),0.5555,0.4292,0.0152,0.4445,3.08,0.0,298.5357
7,2025-06-01,110,-20.66895,150.2588,2,1.81,0,None (0%),0.4918,0.4844,0.0238,0.5082,3.21,0.0,298.62997
7,2025-06-01,111,-20.08315,149.93718,4,1.56,1,Moderate (1-50%),0.3216,0.668,0.0104,0.6784,1.61,0.0,298.77
7,2025-06-01,112,-19.6179,149.67664,3,0.81,1,Moderate (1-50%),0.3777,0.6111,0.0112,0.6223,2.04,0.0,299.19287
7,2025-06-01,113,-18.791527,147.52235,34,1.86,1,Moderate (1-50%),0.401,0.5742,0.0249,0.599,5.0542855,0.7757143,299.42285
7,2025-06-01,114,-18.53455,147.49355,4,2.22,1,Moderate (1-50%),0.4266,0.5431,0.0303,0.5734,5.2314286,0.27857143,299.59427
7,2025-06-01,115,-18.1362,146.9716,2,1.3,1,Moderate (1-50%),0.2912,0.6785,0.0303,0.7088,6.122857,0.5885714,299.68427
7,2025-06-01,116,-15.359506,145.7791,18,1.78,1,Moderate (1-50%),0.3731,0.5859,0.0409,0.6269,4.79,0.81,300.01715
7,2025-06-01,117,-14.925742,145.68793,38,1.39,1,Moderate (1-50%),0.1893,0.739,0.0717,0.8107,7.53,0.99714285,299.9
7,2025-06-01,118,-15.02785,145.56805,2,0.81,1,Moderate (1-50%),0.3612,0.5893,0.0495,0.6388,5.11,0.9685714,299.68997
7,2025-06-01,119,-12.767325,143.42282,4,0.89,1,Moderate (1-50%),0.1569,0.7876,0.0555,0.8431,9.52,2.6242857,299.95856
7,2025-06-01,120,-11.997334,143.27243,6,2.5,1,Moderate (1-50%),0.1679,0.6796,0.1526,0.8321,7.35,1.1385714,300.28714
7,2025-06-01,121,-11.0088,142.98685,2,2.22,1,Moderate (1-50%),0.0526,0.7893,0.1581,0.9474,10.085714,2.2971427,300.50143
7,2025-06-01,122,-20.751085,149.4548,7,3.39,1,Moderate (1-50%),0.4784,0.5019,0.0197,0.5216,3.5,0.0,297.96002
7,2025-06-01,123,-18.65635,147.71594,2,2.28,1,Moderate (1-50%),0.4498,0.4896,0.0607,0.5502,4.77,0.12857144,299.61142
7,2025-06-01,124,-12.470825,143.48958,4,1.65,1,Moderate (1-50%),0.1407,0.7279,0.1314,0.8593,6.73,1.4857143,300.08713
7,2025-06-01,125,-12.30835,143.37485,2,1.85,1,Moderate (1-50%),0.1505,0.7154,0.1342,0.8495,6.977143,1.5985714,300.1943
7,2025-06-01,126,-10.69155,142.73485,2,2.13,1,Moderate (1-50%),0.1202,0.6371,0.2427,0.8798,8.895715,2.5057142,300.6243
7,2025-06-01,127,-18.9561,146.9562,15,2.89,1,Moderate (1-50%),0.4536,0.534,0.0124,0.5464,5.4,0.7985714,298.44284
7,2025-06-01,128,-13.844505,146.55128,41,3.35,1,Moderate (1-50%),0.0287,0.5583,0.4131,0.9713,11.441428,4.492857,300.90997
7,2025-06-01,129,-16.22582,146.00262,10,2.39,0,None (0%),0.609,0.361,0.03,0.391,5.52,0.70714283,300.09
7,2025-06-01,130,-15.51399,145.77756,20,1.25,1,Moderate (1-50%),0.3929,0.5596,0.0475,0.6071,4.37,0.74714285,299.98
7,2025-06-01,131,-16.0,145.9667,2,2.92,0,None (0%),0.5493,0.4182,0.0324,0.4507,5.44,0.71428573,300.24713
7,2025-06-01,132,-17.0,149.1,4,3.85,1,Moderate (1-50%),0.2877,0.603,0.1093,0.7123,7.45,0.47428572,300.0157
8,2025-06-08,0,-19.166714,146.84863,209,2.65,1,Moderate (1-50%),0.3173,0.6731,0.0096,0.6827,7.397143,0.08,297.21573
8,2025-06-08,1,-18.646925,146.54514,149,3.23,1,Moderate (1-50%),0.2764,0.7116,0.012,0.7236,5.13,0.0,298.02426
8,2025-06-08,2,-10.2196665,150.84866,3,2.66,1,Moderate (1-50%),0.0008,0.5962,0.4031,0.9992,18.6,10.205714,301.76144
8,2025-06-08,3,-23.443886,151.92134,187,2.13,1,Moderate (1-50%),0.3592,0.6277,0.0131,0.6408,0.78,0.0,297.03146
8,2025-06-08,4,-18.75,146.25,2,3.83,1,Moderate (1-50%),0.2354,0.7616,0.003,0.7646,6.5,0.06714286,297.78
8,2025-06-08,5,-23.146168,150.95728,60,2.97,0,None (0%),0.5104,0.4772,0.0124,0.4896,1.79,0.0,295.8357
8,2025-06-08,6,-19.760475,149.15018,69,3.06,1,Moderate (1-50%),0.3418,0.649,0.0092,0.6582,3.23,0.0,298.45572
8,2025-06-08,7,-18.227266,146.74213,3,1.83,1,Moderate (1-50%),0.2892,0.6979,0.0129,0.7108,5.96,0.021428572,298.86996
8,2025-06-08,8,-19.020872,146.6052,11,2.13,1,Moderate (1-50%),0.2346,0.7544,0.0111,0.7654,7.2585716,0.07,297.55713
8,2025-06-08,9,-18.739391,147.2709,12,1.66,1,Moderate (1-50%),0.2946,0.695,0.0104,0.7054,4.89,0.021428572,298.92715
8,2025-06-08,10,-17.885866,146.59,3,2.0,1,Moderate (1-50%),0.1641,0.8281,0.0078,0.8359,5.801429,0.0,299.09857
8,2025-06-08,11,-17.239176,146.34703,8,2.82,1,Moderate (1-50%),0.1106,0.8693,0.0201,0.8894,7.08,0.022857143,299.41284
8,2025-06-08,12,-20.237434,148.9795,103,1.46,1,Moderate (1-50%),0.281,0.7146,0.0043,0.719,3.87,0.0,297.73856
8,2025-06-08,13,-20.3759,150.17145,8,0.38,1,Moderate (1-50%),0.408,0.5845,0.0075,0.592,2.64,0.0,298.3514
8,2025-06-08,14,-20.251957,148.81541,23,2.75,1,Moderate (1-50%),0.304,0.6892,0.0068,0.696,4.21,0.0,297.33
8,2025-06-08,15,-20.090439,148.5869,23,2.12,1,Moderate (1-50%),0.2898,0.7023,0.0079,0.7102,5.16,0.0,297.6
8,2025-06-08,16,-20.022484,148.28569,12,1.15,1,Moderate (1-50%),0.1974,0.7998,0.0027,0.8026,6.68,0.065714285,297.2457
8,2025-06-08,17,-19.86675,147.92262,4,0.95,1,Moderate (1-50%),0.1461,0.8522,0.0017,0.8539,6.5614285,0.022857143,297.06143
8,2025-06-08,18,-23.992844,151.69751,7,3.03,0,None (0%),0.5336,0.4579,0.0085,0.4664,3.2,0.0,295.24713
8,2025-06-08,19,-23.520433,151.2612,3,1.5,0,None (0%),0.5039,0.4845,0.0115,0.4961,3.35,0.0,295.6
8,2025-06-08,20,-23.408117,151.1666,6,2.06,0,None (0%),0.4966,0.4957,0.0077,0.5034,3.59,0.0,295.56
8,2025-06-08,21,-23.326,150.92995,2,0.52,1,Moderate (1-50%),0.4821,0.5084,0.0095,0.5179,3.8,0.0,295.21283
8,2025-06-08,22,-21.991533,152.46994,3,1.91,0,None (0%),0.5149,0.4752,0.0098,0.4851,1.83,0.0,298.02426
8,2025-06-08,23,-20.911617,149.42245,11,1.51,1,Moderate (1-50%),0.2997,0.6949,0.0055,0.7003,2.99,0.0,297.0357
8,2025-06-08,24,-20.758585,150.43915,7,2.34,1,Moderate (1-50%),0.4455,0.5437,0.0108,0.5545,3.17,0.0,298.23428
8,2025-06-08,25,-19.7155,147.77403,7,1.06,1,Moderate (1-50%),0.1724,0.8243,0.0032,0.8276,6.2585716,0.022857143,297.47
8,2025-06-08,26,-19.34095,148.0835,2,1.99,1,Moderate (1-50%),0.2085,0.7807,0.0108,0.7915,4.65,0.024285715,298.80573
8,2025-06-08,27,-19.32325,148.4333,2,0.89,1,Moderate (1-50%),0.2578,0.7298,0.0124,0.7422,4.01,0.0,298.78427
8,2025-06-08,28,-19.311234,148.34396,3,2.51,1,Moderate (1-50%),0.2498,0.7365,0.0138,0.7502,4.31,0.0,298.79144
8,2025-06-08,29,-19.2076,148.8596,2,2.52,1,Moderate (1-50%),0.3714,0.6172,0.0114,0.6286,3.28,0.0,299.06714
8,2025-06-08,30,-19.11165,148.33365,6,1.74,1,Moderate (1-50%),0.3063,0.6831,0.0106,0.6937,3.45,0.0,299.05856
8,2025-06-08,31,-18.9913,148.06412,6,2.14,1,Moderate (1-50%),0.4659,0.5172,0.0169,0.5341,4.41,0.0,299.40854
8,2025-06-08,32,-18.847086,147.91052,7,2.89,0,None (0%),0.499,0.4735,0.0275,0.501,4.46,0.0,299.44998
8,2025-06-08,33,-18.1497,146.28976,3,3.16,1,Moderate (1-50%),0.2488,0.7385,0.0127,0.7512,5.26,0.0,298.23712
8,2025-06-08,34,-17.6551,146.49199,6,2.85,1,Moderate (1-50%),0.1527,0.8384,0.0089,0.8473,5.7314286,0.02,299.1314
8,2025-06-08,35,-17.34235,146.52235,4,1.95,1,Moderate (1-50%),0.0715,0.8883,0.0402,0.9285,6.66,0.021428572,299.63284
8,2025-06-08,36,-16.871353,146.21158,88,1.49,1,Moderate (1-50%),0.2018,0.7716,0.0266,0.7982,6.53,0.16285715,299.69284
8,2025-06-08,37,-16.935507,145.98845,13,1.85,1,Moderate (1-50%),0.2155,0.7717,0.0129,0.7845,6.825714,0.022857143,298.88998
8,2025-06-08,38,-16.52347,145.99037,108,1.65,1,Moderate (1-50%),0.3749,0.6015,0.0236,0.6251,6.03,0.024285715,299.47568
8,2025-06-08,39,-16.12418,145.83456,243,1.03,1,Moderate (1-50%),0.4647,0.5043,0.031,0.5353,5.34,0.024285715,299.64285
8,2025-06-08,40,-15.77885,145.58086,2,0.76,1,Moderate (1-50%),0.2123,0.7633,0.0244,0.7877,4.23,0.021428572,299.26712
8,2025-06-08,41,-15.499777,145.51018,13,3.18,1,Moderate (1-50%),0.2712,0.6906,0.0382,0.7288,3.27,0.0,299.39716
8,2025-06-08,42,-14.85125,145.27235,2,2.66,1,Moderate (1-50%),0.1872,0.775,0.0379,0.8128,6.32,0.38285714,298.88428
8,2025-06-08,43,-14.728744,145.10814,16,1.86,1,Moderate (1-50%),0.1941,0.7758,0.0301,0.8059,6.98,0.37285715,298.9471
8,2025-06-08,44,-14.4546,144.90607,7,3.05,1,Moderate (1-50%),0.159,0.8153,0.0257,0.841,7.864286,0.40571427,299.15854
8,2025-06-08,45,-14.1632,144.26332,5,1.82,1,Moderate (1-50%),0.1867,0.7951,0.0181,0.8133,6.7714286,0.5557143,299.48
8,2025-06-08,46,-14.13435,144.5049,2,2.4,1,Moderate (1-50%),0.2816,0.6736,0.0448,0.7184,8.452857,0.5757143,299.38428
8,2025-06-08,47,-14.07125,143.8833,2,0.99,1,Moderate (1-50%),0.3953,0.5569,0.0478,0.6047,7.1557145,0.42571428,299.92572
8,2025-06-08,48,-13.922125,143.78668,4,1.3,0,None (0%),0.5446,0.3806,0.0749,0.4554,7.9428573,0.73142856,300.01855
8,2025-06-08,49,-23.6966,152.1829,2,2.53,1,Moderate (1-50%),0.2816,0.7128,0.0056,0.7184,0.77,0.0,297.35284
8,2025-06-08,50,-17.776623,146.45274,9,2.36,1,Moderate (1-50%),0.2007,0.7894,0.0099,0.7993,5.6528573,0.0,299.01144
8,2025-06-08,51,-16.284166,145.4936,3,2.23,1,Moderate (1-50%),0.3412,0.639,0.0198,0.6588,7.04,0.15285714,298.71713
8,2025-06-08,52,-15.71492,145.45647,5,2.28,1,Moderate (1-50%),0.1916,0.782,0.0264,0.8084,4.14,0.021428572,298.96
8,2025-06-08,53,-22.2081,150.33665,2,2.23,1,Moderate (1-50%),0.3633,0.6252,0.0115,0.6367,2.09,0.0,296.1186
8,2025-06-08,54,-22.024067,150.66617,3,0.92,1,Moderate (1-50%),0.4415,0.5433,0.0153,0.5585,2.49,0.0,297.07
8,2025-06-08,55,-22.018534,150.34753,3,2.43,1,Moderate (1-50%),0.4401,0.5441,0.0159,0.5599,2.18,0.0,297.03714
8,2025-06-08,56,-21.95394,150.1631,5,2.64,1,Moderate (1-50%),0.4716,0.5221,0.0064,0.5284,1.81,0.0,296.65854
8,2025-06-08,57,-21.6832,150.28384,4,1.29,1,Moderate (1-50%),0.361,0.6341,0.0048,0.639,1.86,0.0,297.64285
8,2025-06-08,58,-21.455212,149.86604,8,2.39,1,Moderate (1-50%),0.3989,0.5972,0.0039,0.6011,2.3,0.0,297.07715
8,2025-06-08,59,-18.062532,146.56087,3,2.04,1,Moderate (1-50%),0.1955,0.7935,0.0111,0.8045,6.0014286,0.021428572,298.87857
8,2025-06-08,60,-23.958666,151.47777,3,1.84,0,None (0%),0.5032,0.4923,0.0045,0.4968,5.34,0.0,294.7471
8,2025-06-08,61,-23.767967,151.33594,3,1.36,1,Moderate (1-50%),0.4384,0.5451,0.0165,0.5616,4.85,0.0,295.10568
8,2025-06-08,62,-23.5347,151.73087,3,1.23,0,None (0%),0.5501,0.4331,0.0169,0.4499,1.4,0.0,296.57
8,2025-06-08,63,-19.2064,147.0493,3,3.28,1,Moderate (1-50%),0.2516,0.7436,0.0047,0.7484,5.73,0.074285716,297.2857
8,2025-06-08,64,-18.0518,146.78749,12,2.9,1,Moderate (1-50%),0.226,0.7584,0.0155,0.774,5.6514287,0.0,299.2357
8,2025-06-08,65,-18.008833,146.16989,9,1.88,1,Moderate (1-50%),0.3283,0.6563,0.0154,0.6717,4.35,0.0,298.18286
8,2025-06-08,66,-17.721071,146.1557,7,2.09,1,Moderate (1-50%),0.3043,0.6801,0.0157,0.6957,3.75,0.0,298.34283
8,2025-06-08,67,-17.467283,146.3924,6,2.04,1,Moderate (1-50%),0.1813,0.8081,0.0106,0.8187,6.84,0.022857143,299.12427
8,2025-06-08,68,-17.20583,146.07251,10,2.15,1,Moderate (1-50%),0.2299,0.763,0.007,0.7701,6.4,0.022857143,298.74716
8,2025-06-08,69,-16.545633,145.52946,3,2.34,1,Moderate (1-50%),0.3071,0.6676,0.0253,0.6929,7.7,0.14428571,298.64426
8,2025-06-08,70,-16.379562,145.56004,47,1.67,1,Moderate (1-50%),0.3305,0.6559,0.0136,0.6695,7.11,0.13571429,298.77002
8,2025-06-08,71,-15.9993,145.4327,3,2.82,1,Moderate (1-50%),0.2413,0.7372,0.0215,0.7587,5.35,0.14,298.74286
8,2025-06-08,72,-15.156473,145.46036,11,2.59,1,Moderate (1-50%),0.2539,0.702,0.0441,0.7461,3.27,0.35142857,299.30002
8,2025-06-08,73,-11.8956,143.1068,2,3.03,1,Moderate (1-50%),0.442,0.4882,0.0698,0.558,6.99,1.01,300.30853
8,2025-06-08,74,-10.14675,151.16306,2,3.4,2,Severe (>50%),0.0008,0.4192,0.5801,0.9992,18.661428,10.282857,301.80283
8,2025-06-08,75,-18.4208,147.34987,3,2.66,1,Moderate (1-50%),0.3792,0.5964,0.0243,0.6208,6.0728574,0.15,299.4014
8,2025-06-08,76,-19.54529,149.26216,28,2.63,1,Moderate (1-50%),0.3512,0.6429,0.0059,0.6488,1.92,0.0,298.82144
8,2025-06-08,77,-18.665953,147.07942,15,1.11,1,Moderate (1-50%),0.2943,0.6938,0.0119,0.7057,5.39,0.022857143,298.7043
8,2025-06-08,78,-18.441046,146.99043,15,2.42,1,Moderate (1-50%),0.2774,0.712,0.0106,0.7226,6.66,0.34142858,299.05142
8,2025-06-08,79,-22.0,152.67,2,2.83,0,None (0%),0.5259,0.4559,0.0182,0.4741,2.05,0.0,298.08286
8,2025-06-08,80,-18.402128,146.79951,11,3.63,1,Moderate (1-50%),0.2854,0.7039,0.0107,0.7146,6.07,0.34285715,298.62857
8,2025-06-08,81,-18.52425,147.1444,2,2.05,1,Moderate (1-50%),0.28,0.7094,0.0106,0.72,5.99,0.31142858,299.03287
8,2025-06-08,82,-21.3925,152.50706,5,2.69,0,None (0%),0.6885,0.3054,0.0061,0.3115,1.91,0.0,298.44855
8,2025-06-08,83,-21.121021,152.48535,9,1.16,0,None (0%),0.7241,0.2718,0.0041,0.2759,2.78,0.0,298.78
8,2025-06-08,84,-21.106472,152.2254,11,2.06,0,None (0%),0.7276,0.2682,0.0042,0.2724,2.89,0.0,298.90573
8,2025-06-08,85,-20.96795,149.75764,2,1.96,1,Moderate (1-50%),0.299,0.694,0.0071,0.701,3.56,0.0,297.70572
8,2025-06-08,86,-20.928566,150.04893,3,2.52,1,Moderate (1-50%),0.3391,0.6541,0.0069,0.6609,4.01,0.0,297.95856
8,2025-06-08,87,-19.68672,149.93729,5,1.83,1,Moderate (1-50%),0.4359,0.5584,0.0057,0.5641,2.35,0.0,299.05142
8,2025-06-08,88,-19.501034,148.7524,3,3.57,1,Moderate (1-50%),0.2996,0.6935,0.0069,0.7004,3.34,0.0,298.62003
8,2025-06-08,89,-19.3041,148.6315,4,2.42,1,Moderate (1-50%),0.3024,0.6894,0.0082,0.6976,3.26,0.0,298.76144
8,2025-06-08,90,-19.20995,148.542,2,2.45,1,Moderate (1-50%),0.2508,0.7404,0.0088,0.7492,3.12,0.0,298.8743
8,2025-06-08,91,-18.82149,147.65489,18,2.15,1,Moderate (1-50%),0.381,0.6066,0.0123,0.619,4.71,0.0,299.1971
8,2025-06-08,92,-17.5251,146.52454,3,0.05,1,Moderate (1-50%),0.0742,0.9049,0.0209,0.9258,6.2914286,0.021428572,299.3857
8,2025-06-08,93,-14.88175,145.50227,6,2.56,1,Moderate (1-50%),0.2117,0.7286,0.0596,0.7883,6.65,0.5557143,299.65143
8,2025-06-08,94,-24.112192,152.71562,14,1.71,1,Moderate (1-50%),0.2304,0.7624,0.0072,0.7696,0.16,0.0,297.6057
8,2025-06-08,95,-19.449833,148.86703,3,2.89,1,Moderate (1-50%),0.2994,0.6945,0.0061,0.7006,2.96,0.0,298.72144
8,2025-06-08,96,-16.409634,145.74434,3,2.68,1,Moderate (1-50%),0.2593,0.7259,0.0149,0.7407,7.1,0.07,298.92572
8,2025-06-08,97,-12.67815,143.5829,2,0.93,1,Moderate (1-50%),0.2029,0.7324,0.0647,0.7971,7.3142858,1.4757143,299.98712
8,2025-06-08,98,-12.2257,143.2841,2,0.99,1,Moderate (1-50%),0.3231,0.516,0.1609,0.6769,7.39,1.1757143,300.1586
8,2025-06-08,99,-11.782,142.95316,5,2.5,1,Moderate (1-50%),0.4224,0.4394,0.1382,0.5776,7.794286,0.94285715,300.40997
8,2025-06-08,100,-11.7694,143.09245,2,2.0,1,Moderate (1-50%),0.3925,0.5272,0.0803,0.6075,7.21,0.87,300.37717
8,2025-06-08,101,-11.482866,143.01598,9,1.32,0,None (0%),0.6076,0.3201,0.0724,0.3924,9.171429,0.94142854,300.52286
8,2025-06-08,102,-11.191144,142.98755,9,2.26,1,Moderate (1-50%),0.442,0.4455,0.1125,0.558,9.9328575,1.0285715,300.65283
8,2025-06-08,103,-14.610958,145.62405,19,1.56,1,Moderate (1-50%),0.2239,0.6108,0.1653,0.7761,7.85,0.8842857,300.33572
8,2025-06-08,104,-14.704066,145.44646,9,3.28,1,Moderate (1-50%),0.2016,0.7238,0.0746,0.7984,6.66,0.8742857,299.48712
8,2025-06-08,105,-23.32,151.98,2,0.75,1,Moderate (1-50%),0.3163,0.6449,0.0388,0.6837,1.08,0.0,297.32
8,2025-06-08,106,-18.26362,147.38202,5,1.47,1,Moderate (1-50%),0.2071,0.7612,0.0317,0.7929,7.18,0.0,299.59427
8,2025-06-08,107,-14.0,146.0,2,3.87,1,Moderate (1-50%),0.1652,0.7102,0.1245,0.8348,9.374286,2.0742857,300.83286
8,2025-06-08,108,-21.87,152.19,2,1.64,1,Moderate (1-50%),0.492,0.4998,0.0083,0.508,2.22,0.0,298.09283
8,2025-06-08,109,-21.13605,150.77615,2,1.23,0,None (0%),0.5709,0.4176,0.0115,0.4291,3.08,0.0,298.16287
8,2025-06-08,110,-20.66895,150.2588,2,1.81,1,Moderate (1-50%),0.4212,0.5696,0.0092,0.5788,3.21,0.0,298.26285
8,2025-06-08,111,-20.08315,149.93718,4,1.56,1,Moderate (1-50%),0.3815,0.6108,0.0076,0.6185,1.61,0.0,298.51
8,2025-06-08,112,-19.6179,149.67664,3,0.81,1,Moderate (1-50%),0.4439,0.5515,0.0046,0.5561,2.04,0.0,298.96573
8,2025-06-08,113,-18.791527,147.52235,34,1.86,1,Moderate (1-50%),0.3581,0.6245,0.0173,0.6419,5.0542855,0.17142858,299.10568
8,2025-06-08,114,-18.53455,147.49355,4,2.22,1,Moderate (1-50%),0.4457,0.5323,0.022,0.5543,5.2314286,0.15,299.29855
8,2025-06-08,115,-18.1362,146.9716,2,1.3,1,Moderate (1-50%),0.3046,0.6728,0.0226,0.6954,6.122857,0.31,299.46854
8,2025-06-08,116,-15.359506,145.7791,18,1.78,1,Moderate (1-50%),0.3177,0.5883,0.094,0.6823,4.79,0.5042857,300.17853
8,2025-06-08,117,-14.925742,145.68793,38,1.39,1,Moderate (1-50%),0.267,0.6188,0.1142,0.733,7.53,0.5542857,300.06137
8,2025-06-08,118,-15.02785,145.56805,2,0.81,1,Moderate (1-50%),0.2731,0.6641,0.0628,0.7269,5.11,0.54285717,299.74713
8,2025-06-08,119,-12.767325,143.42282,4,0.89,0,None (0%),0.4774,0.4589,0.0636,0.5226,9.52,1.4285715,299.95856
8,2025-06-08,120,-11.997334,143.27243,6,2.5,1,Moderate (1-50%),0.3388,0.5795,0.0817,0.6612,7.35,1.01,300.25714
8,2025-06-08,121,-11.0088,142.98685,2,2.22,1,Moderate (1-50%),0.2798,0.5735,0.1467,0.7202,10.085714,1.2114285,300.6843
8,2025-06-08,122,-20.751085,149.4548,7,3.39,1,Moderate (1-50%),0.3643,0.6296,0.0061,0.6357,3.5,0.0,297.49713
8,2025-06-08,123,-18.65635,147.71594,2,2.28,1,Moderate (1-50%),0.4198,0.5586,0.0216,0.5802,4.77,0.0,299.33713
8,2025-06-08,124,-12.470825,143.48958,4,1.65,1,Moderate (1-50%),0.2596,0.6747,0.0657,0.7404,6.73,1.24,300.04282
8,2025-06-08,125,-12.30835,143.37485,2,1.85,1,Moderate (1-50%),0.3749,0.5119,0.1132,0.6251,6.977143,1.2228571,300.1157
8,2025-06-08,126,-10.69155,142.73485,2,2.13,1,Moderate (1-50%),0.26,0.6385,0.1015,0.74,8.895715,1.5742857,300.62283
8,2025-06-08,127,-18.9561,146.9562,15,2.89,1,Moderate (1-50%),0.2458,0.7389,0.0154,0.7542,5.4,0.06714286,297.97427
8,2025-06-08,128,-13.844505,146.55128,41,3.35,1,Moderate (1-50%),0.064,0.762,0.174,0.936,11.441428,3.8114285,300.95428
8,2025-06-08,129,-16.22582,146.00262,10,2.39,1,Moderate (1-50%),0.1773,0.7465,0.0763,0.8227,5.52,0.17142858,299.9357
8,2025-06-08,130,-15.51399,145.77756,20,1.25,1,Moderate (1-50%),0.3502,0.5743,0.0755,0.6498,4.37,0.35285714,300.10428
8,2025-06-08,131,-16.0,145.9667,2,2.92,1,Moderate (1-50%),0.201,0.7086,0.0904,0.799,5.44,0.17285714,300.18286
8,2025-06-08,132,-17.0,149.1,4,3.85,1,Moderate (1-50%),0.2794,0.5549,0.1657,0.7206,7.45,0.0,299.99286
9,2025-06-15,0,-19.166714,146.84863,209,2.65,1,Moderate (1-50%),0.3239,0.6713,0.0049,0.6761,7.397143,0.0,296.12997
9,2025-06-15,1,-18.646925,146.54514,149,3.23,1,Moderate (1-50%),0.4607,0.536,0.0033,0.5393,5.13,0.0,297.22287
9,2025-06-15,2,-10.2196665,150.84866,3,2.66,1,Moderate (1-50%),0.0026,0.5757,0.4216,0.9974,18.6,8.767143,301.77426
9,2025-06-15,3,-23.443886,151.92134,187,2.13,1,Moderate (1-50%),0.3849,0.6122,0.0029,0.6151,0.78,0.0,296.49142
9,2025-06-15,4,-18.75,146.25,2,3.83,0,None (0%),0.5634,0.435,0.0015,0.4366,6.5,0.0,296.68143
9,2025-06-15,5,-23.146168,150.95728,60,2.97,1,Moderate (1-50%),0.4477,0.5488,0.0036,0.5523,1.79,0.0,294.9814
9,2025-06-15,6,-19.760475,149.15018,69,3.06,1,Moderate (1-50%),0.4126,0.5817,0.0057,0.5874,3.23,0.0,298.01715
9,2025-06-15,7,-18.227266,146.74213,3,1.83,0,None (0%),0.5488,0.4403,0.0109,0.4512,5.96,0.0,298.4414
9,2025-06-15,8,-19.020872,146.6052,11,2.13,1,Moderate (1-50%),0.3568,0.6392,0.0039,0.6432,7.2585716,0.0,296.46
9,2025-06-15,9,-18.739391,147.2709,12,1.66,1,Moderate (1-50%),0.4904,0.4985,0.0111,0.5096,4.89,0.0,298.40427
9,2025-06-15,10,-17.885866,146.59,3,2.0,0,None (0%),0.6231,0.3643,0.0126,0.3769,5.801429,0.0,298.46
9,2025-06-15,11,-17.239176,146.34703,8,2.82,1,Moderate (1-50%),0.3357,0.6369,0.0274,0.6643,7.08,0.0,298.65717
9,2025-06-15,12,-20.237434,148.9795,103,1.46,1,Moderate (1-50%),0.2215,0.7759,0.0026,0.7785,3.87,0.0,297.31427
9,2025-06-15,13,-20.3759,150.17145,8,0.38,1,Moderate (1-50%),0.4732,0.5227,0.0041,0.5268,2.64,0.0,297.9057
9,2025-06-15,14,-20.251957,148.81541,23,2.75,0,None (0%),0.6055,0.393,0.0016,0.3945,4.21,0.0,296.81714
9,2025-06-15,15,-20.090439,148.5869,23,2.12,1,Moderate (1-50%),0.4835,0.5154,0.0011,0.5165,5.16,0.0,296.89285
9,2025-06-15,16,-20.022484,148.28569,12,1.15,1,Moderate (1-50%),0.4121,0.5859,0.0021,0.5879,6.68,0.0,296.46143
9,2025-06-15,17,-19.86675,147.92262,4,0.95,1,Moderate (1-50%),0.4153,0.5831,0.0016,0.5847,6.5614285,0.0,296.13998
9,2025-06-15,18,-23.992844,151.69751,7,3.03,0,None (0%),0.7161,0.2791,0.0048,0.2839,3.2,0.0,294.44427
9,2025-06-15,19,-23.520433,151.2612,3,1.5,0,None (0%),0.5786,0.4192,0.0022,0.4214,3.35,0.0,294.6957
9,2025-06-15,20,-23.408117,151.1666,6,2.06,0,None (0%),0.551,0.4467,0.0023,0.449,3.59,0.0,294.68
9,2025-06-15,21,-23.326,150.92995,2,0.52,0,None (0%),0.6339,0.3637,0.0024,0.3661,3.8,0.0,294.14142
9,2025-06-15,22,-21.991533,152.46994,3,1.91,0,None (0%),0.6884,0.3071,0.0045,0.3116,1.83,0.0,297.48282
9,2025-06-15,23,-20.911617,149.42245,11,1.51,0,None (0%),0.7151,0.2821,0.0028,0.2849,2.99,0.0,296.25287
9,2025-06-15,24,-20.758585,150.43915,7,2.34,0,None (0%),0.5838,0.4107,0.0055,0.4162,3.17,0.0,297.78857
9,2025-06-15,25,-19.7155,147.77403,7,1.06,1,Moderate (1-50%),0.339,0.6598,0.0012,0.661,6.2585716,0.0,296.59714
9,2025-06-15,26,-19.34095,148.0835,2,1.99,0,None (0%),0.5102,0.4807,0.0091,0.4898,4.65,0.0,298.29855
9,2025-06-15,27,-19.32325,148.4333,2,0.89,0,None (0%),0.5238,0.4667,0.0095,0.4762,4.01,0.0,298.26855
9,2025-06-15,28,-19.311234,148.34396,3,2.51,0,None (0%),0.5144,0.4754,0.0102,0.4856,4.31,0.0,298.25998
9,2025-06-15,29,-19.2076,148.8596,2,2.52,0,None (0%),0.5448,0.4474,0.0079,0.4552,3.28,0.0,298.52286
9,2025-06-15,30,-19.11165,148.33365,6,1.74,0,None (0%),0.4991,0.4916,0.0093,0.5009,3.45,0.0,298.54855
9,2025-06-15,31,-18.9913,148.06412,6,2.14,1,Moderate (1-50%),0.3105,0.6612,0.0283,0.6895,4.41,0.0,298.93854
9,2025-06-15,32,-18.847086,147.91052,7,2.89,1,Moderate (1-50%),0.3683,0.6012,0.0304,0.6317,4.46,0.0,299.02286
9,2025-06-15,33,-18.1497,146.28976,3,3.16,1,Moderate (1-50%),0.2304,0.764,0.0055,0.7696,5.26,0.0,297.4957
9,2025-06-15,34,-17.6551,146.49199,6,2.85,0,None (0%),0.5871,0.3994,0.0135,0.4129,5.7314286,0.0,298.4457
9,2025-06-15,35,-17.34235,146.52235,4,1.95,1,Moderate (1-50%),0.2401,0.6972,0.0627,0.7599,6.66,0.0,298.96573
9,2025-06-15,36,-16.871353,146.21158,88,1.49,1,Moderate (1-50%),0.409,0.5617,0.0294,0.591,6.53,0.14,299.0043
9,2025-06-15,37,-16.935507,145.98845,13,1.85,1,Moderate (1-50%),0.4432,0.5483,0.0085,0.5568,6.825714,0.0,298.21143
9,2025-06-15,38,-16.52347,145.99037,108,1.65,1,Moderate (1-50%),0.3726,0.6165,0.0109,0.6274,6.03,0.0,299.0014
9,2025-06-15,39,-16.12418,145.83456,243,1.03,1,Moderate (1-50%),0.3641,0.6139,0.022,0.6359,5.34,0.0,299.0457
9,2025-06-15,40,-15.77885,145.58086,2,0.76,0,None (0%),0.5499,0.4397,0.0104,0.4501,4.23,0.0,298.6014
9,2025-06-15,41,-15.499777,145.51018,13,3.18,1,Moderate (1-50%),0.4097,0.5797,0.0107,0.5903,3.27,0.0,298.9
9,2025-06-15,42,-14.85125,145.27235,2,2.66,1,Moderate (1-50%),0.4117,0.5655,0.0229,0.5883,6.32,0.36,298.36142
9,2025-06-15,43,-14.728744,145.10814,16,1.86,1,Moderate (1-50%),0.3841,0.5906,0.0254,0.6159,6.98,0.35,298.33145
9,2025-06-15,44,-14.4546,144.90607,7,3.05,1,Moderate (1-50%),0.369,0.6038,0.0272,0.631,7.864286,0.34,298.57425
9,2025-06-15,45,-14.1632,144.26332,5,1.82,0,None (0%),0.5238,0.4485,0.0277,0.4762,6.7714286,0.49,299.13715
9,2025-06-15,46,-14.13435,144.5049,2,2.4,0,None (0%),0.5384,0.4372,0.0243,0.4616,8.452857,0.51,298.9957
9,2025-06-15,47,-14.07125,143.8833,2,0.99,0,None (0%),0.5225,0.4023,0.0752,0.4775,7.1557145,0.3,299.64716
9,2025-06-15,48,-13.922125,143.78668,4,1.3,1,Moderate (1-50%),0.4069,0.4881,0.1049,0.5931,7.9428573,0.5,299.70712
9,2025-06-15,49,-23.6966,152.1829,2,2.53,1,Moderate (1-50%),0.4109,0.5865,0.0026,0.5891,0.77,0.0,296.94284
9,2025-06-15,50,-17.776623,146.45274,9,2.36,0,None (0%),0.5106,0.4779,0.0115,0.4894,5.6528573,0.0,298.32144
9,2025-06-15,51,-16.284166,145.4936,3,2.23,1,Moderate (1-50%),0.4566,0.526,0.0174,0.5434,7.04,0.0,297.91428
9,2025-06-15,52,-15.71492,145.45647,5,2.28,1,Moderate (1-50%),0.484,0.5027,0.0133,0.516,4.14,0.0,298.35428
9,2025-06-15,53,-22.2081,150.33665,2,2.23,0,None (0%),0.5022,0.4921,0.0056,0.4978,2.09,0.0,295.47998
9,2025-06-15,54,-22.024067,150.66617,3,0.92,1,Moderate (1-50%),0.2613,0.7289,0.0098,0.7387,2.49,0.0,296.62427
9,2025-06-15,55,-22.018534,150.34753,3,2.43,1,Moderate (1-50%),0.2606,0.7316,0.0078,0.7394,2.18,0.0,296.5643
9,2025-06-15,56,-21.95394,150.1631,5,2.64,1,Moderate (1-50%),0.2946,0.7014,0.004,0.7054,1.81,0.0,296.05713
9,2025-06-15,57,-21.6832,150.28384,4,1.29,1,Moderate (1-50%),0.3646,0.6305,0.0049,0.6354,1.86,0.0,297.02713
9,2025-06-15,58,-21.455212,149.86604,8,2.39,0,None (0%),0.6788,0.3192,0.002,0.3212,2.3,0.0,296.2557
9,2025-06-15,59,-18.062532,146.56087,3,2.04,0,None (0%),0.5444,0.4448,0.0108,0.4556,6.0014286,0.0,298.29144
9,2025-06-15,60,-23.958666,151.47777,3,1.84,0,None (0%),0.7755,0.2231,0.0014,0.2245,5.34,0.0,293.65286
9,2025-06-15,61,-23.767967,151.33594,3,1.36,0,None (0%),0.7124,0.2859,0.0017,0.2876,4.85,0.0,293.96567
9,2025-06-15,62,-23.5347,151.73087,3,1.23,0,None (0%),0.5099,0.4801,0.01,0.4901,1.4,0.0,295.81714
9,2025-06-15,63,-19.2064,147.0493,3,3.28,1,Moderate (1-50%),0.2235,0.7723,0.0042,0.7765,5.73,0.0,296.23
9,2025-06-15,64,-18.0518,146.78749,12,2.9,0,None (0%),0.5842,0.4025,0.0133,0.4158,5.6514287,0.0,298.81284
9,2025-06-15,65,-18.008833,146.16989,9,1.88,1,Moderate (1-50%),0.2676,0.7264,0.006,0.7324,4.35,0.0,297.42142
9,2025-06-15,66,-17.721071,146.1557,7,2.09,1,Moderate (1-50%),0.4204,0.5756,0.004,0.5796,3.75,0.0,297.63428
9,2025-06-15,67,-17.467283,146.3924,6,2.04,0,None (0%),0.5959,0.3902,0.0138,0.4041,6.84,0.0,298.43716
9,2025-06-15,68,-17.20583,146.07251,10,2.15,1,Moderate (1-50%),0.3009,0.6938,0.0054,0.6991,6.4,0.0,297.94144
9,2025-06-15,69,-16.545633,145.52946,3,2.34,1,Moderate (1-50%),0.3685,0.6194,0.0121,0.6315,7.7,0.0,297.80573
9,2025-06-15,70,-16.379562,145.56004,47,1.67,1,Moderate (1-50%),0.4118,0.5725,0.0157,0.5882,7.11,0.0,298.04282
9,2025-06-15,71,-15.9993,145.4327,3,2.82,0,None (0%),0.5166,0.4697,0.0137,0.4834,5.35,0.0,297.9857
9,2025-06-15,72,-15.156473,145.46036,11,2.59,1,Moderate (1-50%),0.4158,0.5696,0.0146,0.5842,3.27,0.33,298.91714
9,2025-06-15,73,-11.8956,143.1068,2,3.03,0,None (0%),0.4949,0.4256,0.0794,0.5051,6.99,1.01,300.07712
9,2025-06-15,74,-10.14675,151.16306,2,3.4,1,Moderate (1-50%),0.0021,0.6436,0.3543,0.9979,18.661428,8.945714,301.70285
9,2025-06-15,75,-18.4208,147.34987,3,2.66,1,Moderate (1-50%),0.4871,0.5009,0.012,0.5129,6.0728574,0.15,298.90286
9,2025-06-15,76,-19.54529,149.26216,28,2.63,1,Moderate (1-50%),0.4343,0.5607,0.0051,0.5657,1.92,0.0,298.46426
9,2025-06-15,77,-18.665953,147.07942,15,1.11,0,None (0%),0.5402,0.4494,0.0103,0.4598,5.39,0.0,298.1957
9,2025-06-15,78,-18.441046,146.99043,15,2.42,1,Moderate (1-50%),0.483,0.5064,0.0106,0.517,6.66,0.32,298.62143
9,2025-06-15,79,-22.0,152.67,2,2.83,0,None (0%),0.5582,0.4353,0.0065,0.4418,2.05,0.0,297.65283
9,2025-06-15,80,-18.402128,146.79951,11,3.63,0,None (0%),0.5101,0.4821,0.0078,0.4899,6.07,0.32,298.1614
9,2025-06-15,81,-18.52425,147.1444,2,2.05,0,None (0%),0.5094,0.4792,0.0114,0.4906,5.99,0.29,298.54144
9,2025-06-15,82,-21.3925,152.50706,5,2.69,0,None (0%),0.6723,0.3174,0.0103,0.3277,1.91,0.0,297.93283
9,2025-06-15,83,-21.121021,152.48535,9,1.16,0,None (0%),0.6624,0.3307,0.0069,0.3376,2.78,0.0,298.32144
9,2025-06-15,84,-21.106472,152.2254,11,2.06,0,None (0%),0.6848,0.3072,0.008,0.3152,2.89,0.0,298.29572
9,2025-06-15,85,-20.96795,149.75764,2,1.96,0,None (0%),0.6682,0.3293,0.0024,0.3318,3.56,0.0,296.99
9,2025-06-15,86,-20.928566,150.04893,3,2.52,0,None (0%),0.619,0.3771,0.0039,0.381,4.01,0.0,297.39716
9,2025-06-15,87,-19.68672,149.93729,5,1.83,0,None (0%),0.5043,0.49,0.0057,0.4957,2.35,0.0,298.64285
9,2025-06-15,88,-19.501034,148.7524,3,3.57,1,Moderate (1-50%),0.4286,0.5628,0.0085,0.5714,3.34,0.0,298.14285
9,2025-06-15,89,-19.3041,148.6315,4,2.42,0,None (0%),0.5244,0.4671,0.0085,0.4756,3.26,0.0,298.26712
9,2025-06-15,90,-19.20995,148.542,2,2.45,0,None (0%),0.5841,0.4089,0.007,0.4159,3.12,0.0,298.37857
9,2025-06-15,91,-18.82149,147.65489,18,2.15,0,None (0%),0.5149,0.4724,0.0127,0.4851,4.71,0.0,298.77856
9,2025-06-15,92,-17.5251,146.52454,3,0.05,1,Moderate (1-50%),0.3888,0.5805,0.0307,0.6112,6.2914286,0.0,298.75287
9,2025-06-15,93,-14.88175,145.50227,6,2.56,1,Moderate (1-50%),0.4586,0.515,0.0264,0.5414,6.65,0.53,299.35855
9,2025-06-15,94,-24.112192,152.71562,14,1.71,1,Moderate (1-50%),0.3605,0.6331,0.0063,0.6395,0.16,0.0,297.36856
9,2025-06-15,95,-19.449833,148.86703,3,2.89,1,Moderate (1-50%),0.4483,0.5436,0.008,0.5517,2.96,0.0,298.2571
9,2025-06-15,96,-16.409634,145.74434,3,2.68,1,Moderate (1-50%),0.4732,0.512,0.0148,0.5268,7.1,0.0,298.34283
9,2025-06-15,97,-12.67815,143.5829,2,0.93,1,Moderate (1-50%),0.3682,0.5362,0.0956,0.6318,7.3142858,1.39,299.88144
9,2025-06-15,98,-12.2257,143.2841,2,0.99,1,Moderate (1-50%),0.3973,0.49,0.1126,0.6027,7.39,1.13,300.0414
9,2025-06-15,99,-11.782,142.95316,5,2.5,1,Moderate (1-50%),0.3134,0.5743,0.1122,0.6866,7.794286,0.9,300.15427
9,2025-06-15,100,-11.7694,143.09245,2,2.0,0,None (0%),0.4634,0.4553,0.0813,0.5366,7.21,0.87,300.11426
9,2025-06-15,101,-11.482866,143.01598,9,1.32,1,Moderate (1-50%),0.3032,0.5909,0.1058,0.6968,9.171429,0.81,300.24857
9,2025-06-15,102,-11.191144,142.98755,9,2.26,1,Moderate (1-50%),0.2641,0.64,0.0959,0.7359,9.9328575,0.73714286,300.41998
9,2025-06-15,103,-14.610958,145.62405,19,1.56,1,Moderate (1-50%),0.2634,0.6492,0.0874,0.7366,7.85,0.86,299.94855
9,2025-06-15,104,-14.704066,145.44646,9,3.28,1,Moderate (1-50%),0.43,0.5482,0.0218,0.57,6.66,0.85,299.10428
9,2025-06-15,105,-23.32,151.98,2,0.75,0,None (0%),0.5128,0.4793,0.0079,0.4872,1.08,0.0,296.85284
9,2025-06-15,106,-18.26362,147.38202,5,1.47,1,Moderate (1-50%),0.4748,0.4985,0.0267,0.5252,7.18,0.0,299.21286
9,2025-06-15,107,-14.0,146.0,2,3.87,1,Moderate (1-50%),0.2562,0.6612,0.0827,0.7438,9.374286,2.01,300.66714
9,2025-06-15,108,-21.87,152.19,2,1.64,0,None (0%),0.5433,0.4521,0.0045,0.4567,2.22,0.0,297.54572
9,2025-06-15,109,-21.13605,150.77615,2,1.23,0,None (0%),0.6322,0.3629,0.0049,0.3678,3.08,0.0,297.71143
9,2025-06-15,110,-20.66895,150.2588,2,1.81,0,None (0%),0.568,0.4266,0.0054,0.432,3.21,0.0,297.81998
9,2025-06-15,111,-20.08315,149.93718,4,1.56,1,Moderate (1-50%),0.3588,0.6338,0.0074,0.6412,1.61,0.0,298.08713
9,2025-06-15,112,-19.6179,149.67664,3,0.81,1,Moderate (1-50%),0.3969,0.5972,0.0058,0.6031,2.04,0.0,298.53857
9,2025-06-15,113,-18.791527,147.52235,34,1.86,1,Moderate (1-50%),0.4715,0.5197,0.0087,0.5285,5.0542855,0.15,298.65573
9,2025-06-15,114,-18.53455,147.49355,4,2.22,0,None (0%),0.5409,0.4451,0.014,0.4591,5.2314286,0.15,298.81427
9,2025-06-15,115,-18.1362,146.9716,2,1.3,1,Moderate (1-50%),0.2725,0.7024,0.0251,0.7275,6.122857,0.31,299.15573
9,2025-06-15,116,-15.359506,145.7791,18,1.78,1,Moderate (1-50%),0.207,0.72,0.073,0.793,4.79,0.48,299.65854
9,2025-06-15,117,-14.925742,145.68793,38,1.39,1,Moderate (1-50%),0.2045,0.706,0.0895,0.7955,7.53,0.53,299.80426
9,2025-06-15,118,-15.02785,145.56805,2,0.81,1,Moderate (1-50%),0.2996,0.6661,0.0343,0.7004,5.11,0.52,299.43854
9,2025-06-15,119,-12.767325,143.42282,4,0.89,0,None (0%),0.4929,0.4123,0.0948,0.5071,9.52,0.9,299.74857
9,2025-06-15,120,-11.997334,143.27243,6,2.5,0,None (0%),0.5041,0.3916,0.1043,0.4959,7.35,1.01,300.06998
9,2025-06-15,121,-11.0088,142.98685,2,2.22,1,Moderate (1-50%),0.292,0.6323,0.0757,0.708,10.085714,0.9242857,300.5114
9,2025-06-15,122,-20.751085,149.4548,7,3.39,1,Moderate (1-50%),0.3496,0.6473,0.0031,0.6504,3.5,0.0,296.81714
9,2025-06-15,123,-18.65635,147.71594,2,2.28,0,None (0%),0.5199,0.4626,0.0175,0.4801,4.77,0.0,298.92572
9,2025-06-15,124,-12.470825,143.48958,4,1.65,1,Moderate (1-50%),0.3678,0.5476,0.0846,0.6322,6.73,1.24,299.95712
9,2025-06-15,125,-12.30835,143.37485,2,1.85,1,Moderate (1-50%),0.3628,0.5463,0.0909,0.6372,6.977143,1.18,300.0057
9,2025-06-15,126,-10.69155,142.73485,2,2.13,1,Moderate (1-50%),0.351,0.5453,0.1037,0.649,8.895715,1.0485715,300.56427
9,2025-06-15,127,-18.9561,146.9562,15,2.89,1,Moderate (1-50%),0.4468,0.5489,0.0042,0.5532,5.4,0.0,297.2171
9,2025-06-15,128,-13.844505,146.55128,41,3.35,1,Moderate (1-50%),0.151,0.7313,0.1177,0.849,11.441428,3.6142857,300.7214
9,2025-06-15,129,-16.22582,146.00262,10,2.39,1,Moderate (1-50%),0.297,0.6335,0.0695,0.703,5.52,0.15,299.51144
9,2025-06-15,130,-15.51399,145.77756,20,1.25,1,Moderate (1-50%),0.1997,0.7351,0.0652,0.8003,4.37,0.33,299.48285
9,2025-06-15,131,-16.0,145.9667,2,2.92,1,Moderate (1-50%),0.2196,0.7181,0.0624,0.7804,5.44,0.15,299.49713
9,2025-06-15,132,-17.0,149.1,4,3.85,1,Moderate (1-50%),0.4599,0.4815,0.0585,0.5401,7.45,0.0,299.50287
10,2025-06-22,0,-19.166714,146.84863,209,2.65,1,Moderate (1-50%),0.2022,0.7946,0.0032,0.7978,7.397143,0.0,295.23575
10,2025-06-22,1,-18.646925,146.54514,149,3.23,1,Moderate (1-50%),0.4102,0.5876,0.0023,0.5898,5.13,0.0,296.3786
10,2025-06-22,2,-10.2196665,150.84866,3,2.66,1,Moderate (1-50%),0.0021,0.7,0.2979,0.9979,18.12,7.372857,301.48575
10,2025-06-22,3,-23.443886,151.92134,187,2.13,1,Moderate (1-50%),0.2572,0.7413,0.0014,0.7428,0.78,0.0,296.27856
10,2025-06-22,4,-18.75,146.25,2,3.83,1,Moderate (1-50%),0.2828,0.7154,0.0019,0.7172,6.4985714,0.0,295.74286
10,2025-06-22,5,-23.146168,150.95728,60,2.97,1,Moderate (1-50%),0.4748,0.5236,0.0016,0.5252,1.79,0.0,294.34717
10,2025-06-22,6,-19.760475,149.15018,69,3.06,1,Moderate (1-50%),0.4944,0.5021,0.0035,0.5056,3.23,0.0,297.3957
10,2025-06-22,7,-18.227266,146.74213,3,1.83,1,Moderate (1-50%),0.4568,0.5366,0.0066,0.5432,5.96,0.0,297.63284
10,2025-06-22,8,-19.020872,146.6052,11,2.13,1,Moderate (1-50%),0.2218,0.776,0.0022,0.7782,7.2585716,0.0,295.56
10,2025-06-22,9,-18.739391,147.2709,12,1.66,1,Moderate (1-50%),0.4266,0.5639,0.0095,0.5734,4.89,0.0,297.9014
10,2025-06-22,10,-17.885866,146.59,3,2.0,1,Moderate (1-50%),0.4854,0.5083,0.0063,0.5146,5.801429,0.0,297.87717
10,2025-06-22,11,-17.239176,146.34703,8,2.82,1,Moderate (1-50%),0.3855,0.6068,0.0077,0.6145,7.08,0.0,298.13287
10,2025-06-22,12,-20.237434,148.9795,103,1.46,1,Moderate (1-50%),0.4717,0.526,0.0023,0.5283,3.87,0.0,296.47574
10,2025-06-22,13,-20.3759,150.17145,8,0.38,0,None (0%),0.5353,0.462,0.0027,0.4647,2.64,0.0,297.38858
10,2025-06-22,14,-20.251957,148.81541,23,2.75,0,None (0%),0.5777,0.4194,0.0029,0.4223,4.21,0.0,295.84283
10,2025-06-22,15,-20.090439,148.5869,23,2.12,0,None (0%),0.5171,0.4813,0.0015,0.4829,5.16,0.0,296.31857
10,2025-06-22,16,-20.022484,148.28569,12,1.15,0,None (0%),0.5317,0.4649,0.0035,0.4683,6.68,0.0,296.07
10,2025-06-22,17,-19.86675,147.92262,4,0.95,1,Moderate (1-50%),0.4646,0.5327,0.0027,0.5354,6.5614285,0.0,295.7357
10,2025-06-22,18,-23.992844,151.69751,7,3.03,0,None (0%),0.5002,0.4964,0.0034,0.4998,3.2,0.0,293.8557
10,2025-06-22,19,-23.520433,151.2612,3,1.5,1,Moderate (1-50%),0.4255,0.5716,0.003,0.5745,3.35,0.0,294.07144
10,2025-06-22,20,-23.408117,151.1666,6,2.06,0,None (0%),0.5212,0.4766,0.0022,0.4788,3.59,0.0,293.96567
10,2025-06-22,21,-23.326,150.92995,2,0.52,0,None (0%),0.5397,0.4581,0.0022,0.4603,3.8,0.0,293.5314
10,2025-06-22,22,-21.991533,152.46994,3,1.91,0,None (0%),0.5264,0.4718,0.0018,0.4736,1.83,0.0,297.24857
10,2025-06-22,23,-20.911617,149.42245,11,1.51,0,None (0%),0.6057,0.3923,0.002,0.3943,2.99,0.0,295.6
10,2025-06-22,24,-20.758585,150.43915,7,2.34,0,None (0%),0.5673,0.4304,0.0024,0.4327,3.17,0.0,297.2857
10,2025-06-22,25,-19.7155,147.77403,7,1.06,1,Moderate (1-50%),0.4162,0.5819,0.0019,0.5838,6.2585716,0.0,296.04282
10,2025-06-22,26,-19.34095,148.0835,2,1.99,1,Moderate (1-50%),0.4344,0.5606,0.005,0.5656,4.65,0.0,297.57858
10,2025-06-22,27,-19.32325,148.4333,2,0.89,1,Moderate (1-50%),0.4637,0.5311,0.0052,0.5363,4.01,0.0,297.66
10,2025-06-22,28,-19.311234,148.34396,3,2.51,0,None (0%),0.5012,0.4936,0.0052,0.4988,4.31,0.0,297.65717
10,2025-06-22,29,-19.2076,148.8596,2,2.52,0,None (0%),0.5903,0.4028,0.007,0.4097,3.28,0.0,298.03287
10,2025-06-22,30,-19.11165,148.33365,6,1.74,1,Moderate (1-50%),0.4523,0.5406,0.0071,0.5477,3.45,0.0,297.81284
10,2025-06-22,31,-18.9913,148.06412,6,2.14,1,Moderate (1-50%),0.4274,0.5631,0.0095,0.5726,4.41,0.0,298.0757
10,2025-06-22,32,-18.847086,147.91052,7,2.89,0,None (0%),0.6355,0.3559,0.0085,0.3645,4.46,0.0,298.27856
10,2025-06-22,33,-18.1497,146.28976,3,3.16,1,Moderate (1-50%),0.4662,0.5311,0.0027,0.5338,5.2385716,0.0,296.59283
10,2025-06-22,34,-17.6551,146.49199,6,2.85,1,Moderate (1-50%),0.4963,0.4973,0.0064,0.5037,5.7314286,0.0,297.79855
10,2025-06-22,35,-17.34235,146.52235,4,1.95,1,Moderate (1-50%),0.4909,0.4935,0.0155,0.5091,6.66,0.0,298.47574
10,2025-06-22,36,-16.871353,146.21158,88,1.49,1,Moderate (1-50%),0.4173,0.5718,0.0108,0.5827,6.53,0.14,298.44427
10,2025-06-22,37,-16.935507,145.98845,13,1.85,1,Moderate (1-50%),0.4398,0.5573,0.0029,0.5602,6.825714,0.0,297.38715
10,2025-06-22,38,-16.52347,145.99037,108,1.65,1,Moderate (1-50%),0.3743,0.616,0.0096,0.6257,6.03,0.0,298.38715
10,2025-06-22,39,-16.12418,145.83456,243,1.03,0,None (0%),0.5206,0.4696,0.0098,0.4794,5.34,0.0,298.56714
10,2025-06-22,40,-15.77885,145.58086,2,0.76,1,Moderate (1-50%),0.4081,0.5853,0.0066,0.5919,4.23,0.0,297.99857
10,2025-06-22,41,-15.499777,145.51018,13,3.18,1,Moderate (1-50%),0.3884,0.6023,0.0093,0.6116,3.27,0.0,298.11996
10,2025-06-22,42,-14.85125,145.27235,2,2.66,1,Moderate (1-50%),0.2594,0.7359,0.0047,0.7406,6.32,0.36,297.52856
10,2025-06-22,43,-14.728744,145.10814,16,1.86,1,Moderate (1-50%),0.2222,0.7741,0.0036,0.7778,6.98,0.35,297.5157
10,2025-06-22,44,-14.4546,144.90607,7,3.05,1,Moderate (1-50%),0.3621,0.6262,0.0117,0.6379,7.864286,0.34,297.79282
10,2025-06-22,45,-14.1632,144.26332,5,1.82,1,Moderate (1-50%),0.3029,0.6811,0.0161,0.6971,6.7714286,0.49,298.12997
10,2025-06-22,46,-14.13435,144.5049,2,2.4,1,Moderate (1-50%),0.3588,0.6294,0.0118,0.6412,8.452857,0.51,298.13004
10,2025-06-22,47,-14.07125,143.8833,2,0.99,1,Moderate (1-50%),0.2374,0.7311,0.0315,0.7626,7.1557145,0.3,298.7643
10,2025-06-22,48,-13.922125,143.78668,4,1.3,1,Moderate (1-50%),0.3218,0.6296,0.0486,0.6782,7.9428573,0.47714287,298.82855
10,2025-06-22,49,-23.6966,152.1829,2,2.53,1,Moderate (1-50%),0.2745,0.7242,0.0013,0.7255,0.77,0.0,296.62857
10,2025-06-22,50,-17.776623,146.45274,9,2.36,1,Moderate (1-50%),0.4723,0.5234,0.0043,0.5277,5.6528573,0.0,297.6643
10,2025-06-22,51,-16.284166,145.4936,3,2.23,1,Moderate (1-50%),0.2569,0.7411,0.002,0.7431,7.04,0.0,297.06424
10,2025-06-22,52,-15.71492,145.45647,5,2.28,1,Moderate (1-50%),0.3455,0.6504,0.0042,0.6545,4.14,0.0,297.6143
10,2025-06-22,53,-22.2081,150.33665,2,2.23,1,Moderate (1-50%),0.2898,0.7085,0.0018,0.7102,2.09,0.0,295.04855
10,2025-06-22,54,-22.024067,150.66617,3,0.92,0,None (0%),0.6262,0.371,0.0028,0.3738,2.49,0.0,296.20575
10,2025-06-22,55,-22.018534,150.34753,3,2.43,0,None (0%),0.5904,0.4071,0.0025,0.4096,2.18,0.0,295.97714
10,2025-06-22,56,-21.95394,150.1631,5,2.64,0,None (0%),0.5408,0.458,0.0011,0.4592,1.81,0.0,295.5557
10,2025-06-22,57,-21.6832,150.28384,4,1.29,0,None (0%),0.6178,0.3807,0.0015,0.3822,1.86,0.0,296.44287
10,2025-06-22,58,-21.455212,149.86604,8,2.39,0,None (0%),0.6238,0.3748,0.0014,0.3762,2.3,0.0,295.70288
10,2025-06-22,59,-18.062532,146.56087,3,2.04,1,Moderate (1-50%),0.4919,0.5043,0.0038,0.5081,6.0014286,0.0,297.6114
10,2025-06-22,60,-23.958666,151.47777,3,1.84,0,None (0%),0.7508,0.2476,0.0017,0.2492,5.34,0.0,292.97427
10,2025-06-22,61,-23.767967,151.33594,3,1.36,0,None (0%),0.7202,0.2781,0.0017,0.2798,4.85,0.0,293.36002
10,2025-06-22,62,-23.5347,151.73087,3,1.23,1,Moderate (1-50%),0.372,0.6249,0.0032,0.628,1.4,0.0,295.38998
10,2025-06-22,63,-19.2064,147.0493,3,3.28,1,Moderate (1-50%),0.198,0.7999,0.0021,0.802,5.73,0.0,295.54
10,2025-06-22,64,-18.0518,146.78749,12,2.9,1,Moderate (1-50%),0.4783,0.5161,0.0056,0.5217,5.6514287,0.0,298.05002
10,2025-06-22,65,-18.008833,146.16989,9,1.88,1,Moderate (1-50%),0.4651,0.5334,0.0016,0.5349,4.35,0.0,296.52713
10,2025-06-22,66,-17.721071,146.1557,7,2.09,1,Moderate (1-50%),0.4655,0.5325,0.002,0.5345,3.75,0.0,296.77426
10,2025-06-22,67,-17.467283,146.3924,6,2.04,0,None (0%),0.4974,0.4968,0.0057,0.5026,6.84,0.0,297.82
10,2025-06-22,68,-17.20583,146.07251,10,2.15,1,Moderate (1-50%),0.4053,0.5919,0.0028,0.5947,6.4,0.0,297.12997
10,2025-06-22,69,-16.545633,145.52946,3,2.34,1,Moderate (1-50%),0.3429,0.6548,0.0023,0.6571,7.7,0.0,296.89716
10,2025-06-22,70,-16.379562,145.56004,47,1.67,1,Moderate (1-50%),0.3063,0.6919,0.0018,0.6937,7.11,0.0,297.2557
10,2025-06-22,71,-15.9993,145.4327,3,2.82,1,Moderate (1-50%),0.3708,0.6252,0.004,0.6292,5.35,0.0,297.20285
10,2025-06-22,72,-15.156473,145.46036,11,2.59,1,Moderate (1-50%),0.4204,0.5652,0.0144,0.5796,3.27,0.33,298.07715
10,2025-06-22,73,-11.8956,143.1068,2,3.03,1,Moderate (1-50%),0.409,0.5582,0.0328,0.591,6.904286,0.7128571,299.24857
10,2025-06-22,74,-10.14675,151.16306,2,3.4,1,Moderate (1-50%),0.0016,0.683,0.3154,0.9984,18.292856,7.6257143,301.39716
10,2025-06-22,75,-18.4208,147.34987,3,2.66,0,None (0%),0.5743,0.4184,0.0072,0.4257,6.0728574,0.15,298.35284
10,2025-06-22,76,-19.54529,149.26216,28,2.63,1,Moderate (1-50%),0.4263,0.5676,0.0061,0.5737,1.92,0.0,297.78857
10,2025-06-22,77,-18.665953,147.07942,15,1.11,1,Moderate (1-50%),0.3807,0.6149,0.0044,0.6193,5.39,0.0,297.74142
10,2025-06-22,78,-18.441046,146.99043,15,2.42,1,Moderate (1-50%),0.4043,0.5874,0.0083,0.5957,6.66,0.32,297.9471
10,2025-06-22,79,-22.0,152.67,2,2.83,1,Moderate (1-50%),0.4634,0.5338,0.0028,0.5366,2.05,0.0,297.58426
10,2025-06-22,80,-18.402128,146.79951,11,3.63,1,Moderate (1-50%),0.3303,0.6649,0.0048,0.6697,6.07,0.32,297.4943
10,2025-06-22,81,-18.52425,147.1444,2,2.05,1,Moderate (1-50%),0.4369,0.556,0.0071,0.5631,5.99,0.29,297.98428
10,2025-06-22,82,-21.3925,152.50706,5,2.69,0,None (0%),0.6154,0.3817,0.0028,0.3846,1.91,0.0,297.48145
10,2025-06-22,83,-21.121021,152.48535,9,1.16,0,None (0%),0.6343,0.3615,0.0042,0.3657,2.78,0.0,297.8986
10,2025-06-22,84,-21.106472,152.2254,11,2.06,0,None (0%),0.6536,0.3431,0.0032,0.3464,2.89,0.0,297.80002
10,2025-06-22,85,-20.96795,149.75764,2,1.96,0,None (0%),0.6194,0.3789,0.0016,0.3806,3.56,0.0,296.44998
10,2025-06-22,86,-20.928566,150.04893,3,2.52,0,None (0%),0.5378,0.4598,0.0023,0.4622,4.01,0.0,296.93143
10,2025-06-22,87,-19.68672,149.93729,5,1.83,1,Moderate (1-50%),0.4699,0.523,0.0071,0.5301,2.35,0.0,298.0557
10,2025-06-22,88,-19.501034,148.7524,3,3.57,1,Moderate (1-50%),0.4493,0.5461,0.0046,0.5507,3.34,0.0,297.5
10,2025-06-22,89,-19.3041,148.6315,4,2.42,1,Moderate (1-50%),0.4606,0.534,0.0054,0.5394,3.26,0.0,297.62857
10,2025-06-22,90,-19.20995,148.542,2,2.45,0,None (0%),0.5003,0.4946,0.0051,0.4997,3.12,0.0,297.73712
10,2025-06-22,91,-18.82149,147.65489,18,2.15,1,Moderate (1-50%),0.4132,0.5816,0.0052,0.5868,4.71,0.0,298.10284
10,2025-06-22,92,-17.5251,146.52454,3,0.05,1,Moderate (1-50%),0.4508,0.54,0.0092,0.5492,6.2914286,0.0,298.16998
10,2025-06-22,93,-14.88175,145.50227,6,2.56,0,None (0%),0.5576,0.429,0.0134,0.4424,6.65,0.53,298.5914
10,2025-06-22,94,-24.112192,152.71562,14,1.71,1,Moderate (1-50%),0.3293,0.6677,0.0029,0.6707,0.16,0.0,297.19144
10,2025-06-22,95,-19.449833,148.86703,3,2.89,0,None (0%),0.5124,0.4826,0.0051,0.4876,2.96,0.0,297.6414
10,2025-06-22,96,-16.409634,145.74434,3,2.68,1,Moderate (1-50%),0.2747,0.7221,0.0033,0.7253,7.1,0.0,297.6486
10,2025-06-22,97,-12.67815,143.5829,2,0.93,0,None (0%),0.4843,0.4536,0.0621,0.5157,7.3142858,1.2128571,299.3157
10,2025-06-22,98,-12.2257,143.2841,2,0.99,1,Moderate (1-50%),0.2032,0.7373,0.0595,0.7968,7.18,0.8957143,299.22287
10,2025-06-22,99,-11.782,142.95316,5,2.5,1,Moderate (1-50%),0.3186,0.5958,0.0856,0.6814,7.794286,0.6342857,299.27142
10,2025-06-22,100,-11.7694,143.09245,2,2.0,1,Moderate (1-50%),0.2888,0.6597,0.0515,0.7112,7.197143,0.62142855,299.28857
10,2025-06-22,101,-11.482866,143.01598,9,1.32,1,Moderate (1-50%),0.3658,0.5703,0.0639,0.6342,9.171429,0.58,299.47574
10,2025-06-22,102,-11.191144,142.98755,9,2.26,1,Moderate (1-50%),0.3312,0.6209,0.0479,0.6688,9.9328575,0.52,299.66998
10,2025-06-22,103,-14.610958,145.62405,19,1.56,1,Moderate (1-50%),0.3953,0.5137,0.0909,0.6047,7.85,0.8357143,299.31424
10,2025-06-22,104,-14.704066,145.44646,9,3.28,1,Moderate (1-50%),0.4784,0.5049,0.0167,0.5216,6.66,0.85,298.3557
10,2025-06-22,105,-23.32,151.98,2,0.75,1,Moderate (1-50%),0.2551,0.7426,0.0023,0.7449,1.08,0.0,296.6214
10,2025-06-22,106,-18.26362,147.38202,5,1.47,0,None (0%),0.6101,0.382,0.008,0.3899,7.16,0.0,298.58286
10,2025-06-22,107,-14.0,146.0,2,3.87,1,Moderate (1-50%),0.3038,0.6402,0.056,0.6962,9.374286,1.8785714,300.0757
10,2025-06-22,108,-21.87,152.19,2,1.64,0,None (0%),0.5344,0.464,0.0016,0.4656,2.22,0.0,297.03568
10,2025-06-22,109,-21.13605,150.77615,2,1.23,0,None (0%),0.6202,0.3784,0.0014,0.3798,3.08,0.0,297.11572
10,2025-06-22,110,-20.66895,150.2588,2,1.81,0,None (0%),0.5485,0.4487,0.0028,0.4515,3.21,0.0,297.25284
10,2025-06-22,111,-20.08315,149.93718,4,1.56,1,Moderate (1-50%),0.4175,0.579,0.0035,0.5825,1.61,0.0,297.5114
10,2025-06-22,112,-19.6179,149.67664,3,0.81,1,Moderate (1-50%),0.4775,0.5137,0.0087,0.5225,2.04,0.0,297.9114
10,2025-06-22,113,-18.791527,147.52235,34,1.86,1,Moderate (1-50%),0.4025,0.5857,0.0118,0.5975,5.0542855,0.15,298.06
10,2025-06-22,114,-18.53455,147.49355,4,2.22,0,None (0%),0.6297,0.3641,0.0062,0.3703,5.2314286,0.15,298.34717
10,2025-06-22,115,-18.1362,146.9716,2,1.3,1,Moderate (1-50%),0.2679,0.7046,0.0276,0.7321,6.122857,0.31,298.38852
10,2025-06-22,116,-15.359506,145.7791,18,1.78,1,Moderate (1-50%),0.4348,0.5227,0.0426,0.5652,4.79,0.48,299.00287
10,2025-06-22,117,-14.925742,145.68793,38,1.39,1,Moderate (1-50%),0.3764,0.5646,0.059,0.6236,7.53,0.53,299.11426
10,2025-06-22,118,-15.02785,145.56805,2,0.81,1,Moderate (1-50%),0.3794,0.5962,0.0244,0.6206,5.11,0.52,298.67285
10,2025-06-22,119,-12.767325,143.42282,4,0.89,0,None (0%),0.6162,0.3665,0.0174,0.3838,9.372857,0.8314286,298.99857
10,2025-06-22,120,-11.997334,143.27243,6,2.5,1,Moderate (1-50%),0.2378,0.6982,0.064,0.7622,7.114286,0.8371429,299.29
10,2025-06-22,121,-11.0088,142.98685,2,2.22,1,Moderate (1-50%),0.318,0.6165,0.0655,0.682,10.085714,0.6185714,299.77426
10,2025-06-22,122,-20.751085,149.4548,7,3.39,0,None (0%),0.5308,0.4677,0.0016,0.4692,3.5,0.0,296.14142
10,2025-06-22,123,-18.65635,147.71594,2,2.28,0,None (0%),0.5647,0.4283,0.007,0.4353,4.77,0.0,298.33282
10,2025-06-22,124,-12.470825,143.48958,4,1.65,1,Moderate (1-50%),0.2904,0.6374,0.0721,0.7096,6.7185717,1.1671429,299.31143
10,2025-06-22,125,-12.30835,143.37485,2,1.85,1,Moderate (1-50%),0.2278,0.7072,0.065,0.7722,6.977143,1.09,299.25714
10,2025-06-22,126,-10.69155,142.73485,2,2.13,1,Moderate (1-50%),0.325,0.595,0.08,0.675,8.895715,0.6742857,299.9
10,2025-06-22,127,-18.9561,146.9562,15,2.89,1,Moderate (1-50%),0.2596,0.7382,0.0021,0.7404,5.4,0.0,296.80426
10,2025-06-22,128,-13.844505,146.55128,41,3.35,1,Moderate (1-50%),0.1229,0.7529,0.1242,0.8771,11.441428,2.8985715,300.04428
10,2025-06-22,129,-16.22582,146.00262,10,2.39,1,Moderate (1-50%),0.3453,0.6332,0.0215,0.6547,5.52,0.15,299.0257
10,2025-06-22,130,-15.51399,145.77756,20,1.25,0,None (0%),0.5906,0.3769,0.0325,0.4094,4.37,0.33,298.90283
10,2025-06-22,131,-16.0,145.9667,2,2.92,0,None (0%),0.5856,0.393,0.0214,0.4144,5.44,0.15,299.12427
10,2025-06-22,132,-17.0,149.1,4,3.85,1,Moderate (1-50%),0.4608,0.5257,0.0135,0.5392,7.45,0.0,298.98575
11,2025-06-29,0,-19.166714,146.84863,209,2.65,1,Moderate (1-50%),0.2526,0.7456,0.0018,0.7474,7.397143,0.0,295.44855
11,2025-06-29,1,-18.646925,146.54514,149,3.23,1,Moderate (1-50%),0.2658,0.7324,0.0018,0.7342,4.8942857,0.0,296.4771
11,2025-06-29,2,-10.2196665,150.84866,3,2.66,1,Moderate (1-50%),0.002,0.6784,0.3196,0.998,18.12,5.852857,300.95856
11,2025-06-29,3,-23.443886,151.92134,187,2.13,1,Moderate (1-50%),0.2523,0.7464,0.0013,0.7477,0.78,0.0,296.3086
11,2025-06-29,4,-18.75,146.25,2,3.83,1,Moderate (1-50%),0.2985,0.7002,0.0013,0.7015,6.2871428,0.0,295.5529
11,2025-06-29,5,-23.146168,150.95728,60,2.97,1,Moderate (1-50%),0.1934,0.8051,0.0015,0.8066,1.79,0.0,294.1557
11,2025-06-29,6,-19.760475,149.15018,69,3.06,1,Moderate (1-50%),0.2626,0.7348,0.0027,0.7374,3.23,0.0,297.07712
11,2025-06-29,7,-18.227266,146.74213,3,1.83,1,Moderate (1-50%),0.2928,0.7024,0.0049,0.7072,5.96,0.0,297.45285
11,2025-06-29,8,-19.020872,146.6052,11,2.13,1,Moderate (1-50%),0.23,0.7687,0.0014,0.77,7.2585716,0.0,295.6
11,2025-06-29,9,-18.739391,147.2709,12,1.66,1,Moderate (1-50%),0.375,0.6186,0.0064,0.625,4.89,0.0,297.62997
11,2025-06-29,10,-17.885866,146.59,3,2.0,1,Moderate (1-50%),0.3154,0.6805,0.0041,0.6846,5.762857,0.0,297.4414
11,2025-06-29,11,-17.239176,146.34703,8,2.82,1,Moderate (1-50%),0.4962,0.5004,0.0034,0.5038,7.08,0.0,297.68997
11,2025-06-29,12,-20.237434,148.9795,103,1.46,1,Moderate (1-50%),0.2974,0.7011,0.0015,0.7026,3.87,0.0,296.04572
11,2025-06-29,13,-20.3759,150.17145,8,0.38,1,Moderate (1-50%),0.2856,0.7114,0.003,0.7144,2.64,0.0,297.28857
11,2025-06-29,14,-20.251957,148.81541,23,2.75,1,Moderate (1-50%),0.3121,0.6857,0.0022,0.6879,4.21,0.0,295.50998
11,2025-06-29,15,-20.090439,148.5869,23,2.12,1,Moderate (1-50%),0.2745,0.7243,0.0011,0.7255,5.16,0.0,295.97714
11,2025-06-29,16,-20.022484,148.28569,12,1.15,1,Moderate (1-50%),0.2997,0.6989,0.0014,0.7003,6.68,0.0,295.92285
11,2025-06-29,17,-19.86675,147.92262,4,0.95,1,Moderate (1-50%),0.3045,0.6939,0.0016,0.6955,6.55,0.0,295.9343
11,2025-06-29,18,-23.992844,151.69751,7,3.03,0,None (0%),0.511,0.4874,0.0016,0.489,3.2,0.0,294.3914
11,2025-06-29,19,-23.520433,151.2612,3,1.5,1,Moderate (1-50%),0.2682,0.7298,0.0019,0.7318,3.35,0.0,294.16855
11,2025-06-29,20,-23.408117,151.1666,6,2.06,1,Moderate (1-50%),0.3282,0.6701,0.0018,0.6718,3.59,0.0,294.03
11,2025-06-29,21,-23.326,150.92995,2,0.52,1,Moderate (1-50%),0.4625,0.5365,0.0011,0.5375,3.8,0.0,293.53424
11,2025-06-29,22,-21.991533,152.46994,3,1.91,1,Moderate (1-50%),0.4109,0.5869,0.0022,0.5891,1.83,0.0,297.31857
11,2025-06-29,23,-20.911617,149.42245,11,1.51,1,Moderate (1-50%),0.496,0.5027,0.0013,0.504,2.99,0.0,295.7271
11,2025-06-29,24,-20.758585,150.43915,7,2.34,1,Moderate (1-50%),0.3294,0.668,0.0026,0.6706,3.17,0.0,297.18573
11,2025-06-29,25,-19.7155,147.77403,7,1.06,1,Moderate (1-50%),0.3605,0.6379,0.0015,0.6395,6.2585716,0.0,296.19717
11,2025-06-29,26,-19.34095,148.0835,2,1.99,1,Moderate (1-50%),0.404,0.5907,0.0054,0.596,4.65,0.0,297.25143
11,2025-06-29,27,-19.32325,148.4333,2,0.89,1,Moderate (1-50%),0.423,0.571,0.0061,0.577,4.01,0.0,297.30573
11,2025-06-29,28,-19.311234,148.34396,3,2.51,1,Moderate (1-50%),0.4157,0.5782,0.0061,0.5843,4.31,0.0,297.27713
11,2025-06-29,29,-19.2076,148.8596,2,2.52,1,Moderate (1-50%),0.3104,0.6793,0.0103,0.6896,3.28,0.0,297.82568
11,2025-06-29,30,-19.11165,148.33365,6,1.74,1,Moderate (1-50%),0.3905,0.6022,0.0073,0.6095,3.45,0.0,297.58002
11,2025-06-29,31,-18.9913,148.06412,6,2.14,1,Moderate (1-50%),0.4008,0.5924,0.0068,0.5992,4.41,0.0,297.89142
11,2025-06-29,32,-18.847086,147.91052,7,2.89,1,Moderate (1-50%),0.4048,0.5877,0.0074,0.5952,4.46,0.0,298.1
11,2025-06-29,33,-18.1497,146.28976,3,3.16,1,Moderate (1-50%),0.2735,0.723,0.0035,0.7265,4.9157143,0.0,296.47287
11,2025-06-29,34,-17.6551,146.49199,6,2.85,1,Moderate (1-50%),0.3028,0.6937,0.0035,0.6972,5.7314286,0.0,297.4471
11,2025-06-29,35,-17.34235,146.52235,4,1.95,1,Moderate (1-50%),0.4407,0.5533,0.0061,0.5593,6.66,0.0,297.9771
11,2025-06-29,36,-16.871353,146.21158,88,1.49,1,Moderate (1-50%),0.4066,0.5869,0.0066,0.5934,6.53,0.1,297.93143
11,2025-06-29,37,-16.935507,145.98845,13,1.85,1,Moderate (1-50%),0.3437,0.6546,0.0016,0.6563,6.725714,0.0,296.8828
11,2025-06-29,38,-16.52347,145.99037,108,1.65,1,Moderate (1-50%),0.3698,0.6275,0.0027,0.6302,6.03,0.0,297.98285
11,2025-06-29,39,-16.12418,145.83456,243,1.03,1,Moderate (1-50%),0.4766,0.5191,0.0043,0.5234,5.34,0.0,298.1186
11,2025-06-29,40,-15.77885,145.58086,2,0.76,1,Moderate (1-50%),0.3062,0.6912,0.0026,0.6938,4.23,0.0,297.50568
11,2025-06-29,41,-15.499777,145.51018,13,3.18,1,Moderate (1-50%),0.2142,0.7822,0.0035,0.7858,3.27,0.0,297.72998
11,2025-06-29,42,-14.85125,145.27235,2,2.66,1,Moderate (1-50%),0.2389,0.759,0.002,0.7611,6.32,0.22857143,297.45572
11,2025-06-29,43,-14.728744,145.10814,16,1.86,1,Moderate (1-50%),0.1908,0.8067,0.0025,0.8092,6.98,0.22142857,297.37427
11,2025-06-29,44,-14.4546,144.90607,7,3.05,1,Moderate (1-50%),0.2313,0.7647,0.004,0.7687,7.864286,0.21571429,297.58856
11,2025-06-29,45,-14.1632,144.26332,5,1.82,1,Moderate (1-50%),0.1593,0.8347,0.006,0.8407,6.7714286,0.34714285,297.78
11,2025-06-29,46,-14.13435,144.5049,2,2.4,1,Moderate (1-50%),0.1968,0.7988,0.0043,0.8032,8.452857,0.35714287,297.95856
11,2025-06-29,47,-14.07125,143.8833,2,0.99,1,Moderate (1-50%),0.3973,0.5887,0.014,0.6027,7.1557145,0.21428572,298.22998
11,2025-06-29,48,-13.922125,143.78668,4,1.3,1,Moderate (1-50%),0.4315,0.55,0.0185,0.5685,7.9428573,0.24857143,298.29715
11,2025-06-29,49,-23.6966,152.1829,2,2.53,1,Moderate (1-50%),0.1751,0.824,0.0009,0.8249,0.77,0.0,296.49286
11,2025-06-29,50,-17.776623,146.45274,9,2.36,1,Moderate (1-50%),0.3014,0.6955,0.0031,0.6986,5.552857,0.0,297.3343
11,2025-06-29,51,-16.284166,145.4936,3,2.23,1,Moderate (1-50%),0.3098,0.6871,0.003,0.6902,7.04,0.0,296.76144
11,2025-06-29,52,-15.71492,145.45647,5,2.28,1,Moderate (1-50%),0.2648,0.7325,0.0027,0.7352,4.14,0.0,297.18
11,2025-06-29,53,-22.2081,150.33665,2,2.23,1,Moderate (1-50%),0.277,0.7218,0.0012,0.723,2.09,0.0,295.01285
11,2025-06-29,54,-22.024067,150.66617,3,0.92,1,Moderate (1-50%),0.2644,0.7336,0.002,0.7356,2.49,0.0,295.88858
11,2025-06-29,55,-22.018534,150.34753,3,2.43,1,Moderate (1-50%),0.2123,0.7864,0.0013,0.7877,2.18,0.0,295.45142
11,2025-06-29,56,-21.95394,150.1631,5,2.64,1,Moderate (1-50%),0.3069,0.6922,0.0008,0.6931,1.81,0.0,295.27426
11,2025-06-29,57,-21.6832,150.28384,4,1.29,1,Moderate (1-50%),0.3152,0.6837,0.0011,0.6848,1.86,0.0,295.99713
11,2025-06-29,58,-21.455212,149.86604,8,2.39,1,Moderate (1-50%),0.3918,0.6073,0.001,0.6082,2.3,0.0,295.74142
11,2025-06-29,59,-18.062532,146.56087,3,2.04,1,Moderate (1-50%),0.2976,0.6979,0.0045,0.7024,5.8757143,0.0,297.30856
11,2025-06-29,60,-23.958666,151.47777,3,1.84,0,None (0%),0.6312,0.3681,0.0007,0.3688,5.34,0.0,293.39142
11,2025-06-29,61,-23.767967,151.33594,3,1.36,0,None (0%),0.585,0.4142,0.0008,0.415,4.85,0.0,293.56857
11,2025-06-29,62,-23.5347,151.73087,3,1.23,1,Moderate (1-50%),0.2107,0.7879,0.0014,0.7893,1.4,0.0,295.53998
11,2025-06-29,63,-19.2064,147.0493,3,3.28,1,Moderate (1-50%),0.2894,0.7097,0.0009,0.7106,5.73,0.0,295.60428
11,2025-06-29,64,-18.0518,146.78749,12,2.9,0,None (0%),0.5027,0.4933,0.004,0.4973,5.6514287,0.0,297.66998
11,2025-06-29,65,-18.008833,146.16989,9,1.88,1,Moderate (1-50%),0.2397,0.7581,0.0022,0.7603,4.182857,0.0,296.1657
11,2025-06-29,66,-17.721071,146.1557,7,2.09,1,Moderate (1-50%),0.2636,0.733,0.0034,0.7364,3.602857,0.0,296.44855
11,2025-06-29,67,-17.467283,146.3924,6,2.04,1,Moderate (1-50%),0.4583,0.538,0.0037,0.5417,6.84,0.0,297.44427
11,2025-06-29,68,-17.20583,146.07251,10,2.15,1,Moderate (1-50%),0.393,0.6045,0.0024,0.607,6.3828573,0.0,296.65854
11,2025-06-29,69,-16.545633,145.52946,3,2.34,1,Moderate (1-50%),0.3511,0.6452,0.0037,0.6489,7.7,0.0,296.62997
11,2025-06-29,70,-16.379562,145.56004,47,1.67,1,Moderate (1-50%),0.3427,0.654,0.0034,0.6573,7.11,0.0,296.93857
11,2025-06-29,71,-15.9993,145.4327,3,2.82,1,Moderate (1-50%),0.2896,0.7075,0.0029,0.7104,5.35,0.0,296.8414
11,2025-06-29,72,-15.156473,145.46036,11,2.59,1,Moderate (1-50%),0.1979,0.799,0.0031,0.8021,3.27,0.21142857,297.86572
11,2025-06-29,73,-11.8956,143.1068,2,3.03,0,None (0%),0.6641,0.3247,0.0112,0.3359,6.8285713,0.23142858,298.6614
11,2025-06-29,74,-10.14675,151.16306,2,3.4,1,Moderate (1-50%),0.0042,0.632,0.3639,0.9958,18.19143,6.16,301.1014
11,2025-06-29,75,-18.4208,147.34987,3,2.66,1,Moderate (1-50%),0.3592,0.6346,0.0062,0.6408,5.9228573,0.08571429,298.03287
11,2025-06-29,76,-19.54529,149.26216,28,2.63,1,Moderate (1-50%),0.397,0.593,0.0101,0.603,1.92,0.0,297.55713
11,2025-06-29,77,-18.665953,147.07942,15,1.11,1,Moderate (1-50%),0.2973,0.6996,0.0031,0.7027,5.39,0.0,297.49
11,2025-06-29,78,-18.441046,146.99043,15,2.42,1,Moderate (1-50%),0.3754,0.6168,0.0078,0.6246,6.66,0.20714286,297.66714
11,2025-06-29,79,-22.0,152.67,2,2.83,1,Moderate (1-50%),0.3229,0.6753,0.0019,0.6771,2.05,0.0,297.6743
11,2025-06-29,80,-18.402128,146.79951,11,3.63,1,Moderate (1-50%),0.1826,0.8143,0.0031,0.8174,6.07,0.20714286,297.41714
11,2025-06-29,81,-18.52425,147.1444,2,2.05,1,Moderate (1-50%),0.3047,0.6872,0.0081,0.6953,5.99,0.18714286,297.71143
11,2025-06-29,82,-21.3925,152.50706,5,2.69,1,Moderate (1-50%),0.3967,0.6016,0.0017,0.6033,1.91,0.0,297.4057
11,2025-06-29,83,-21.121021,152.48535,9,1.16,0,None (0%),0.5166,0.4801,0.0034,0.4834,2.6314285,0.0,297.9943
11,2025-06-29,84,-21.106472,152.2254,11,2.06,0,None (0%),0.5573,0.4388,0.0039,0.4427,2.89,0.0,297.80573
11,2025-06-29,85,-20.96795,149.75764,2,1.96,0,None (0%),0.5347,0.4637,0.0016,0.4653,3.56,0.0,296.52713
11,2025-06-29,86,-20.928566,150.04893,3,2.52,1,Moderate (1-50%),0.3722,0.6262,0.0016,0.6278,4.01,0.0,296.8514
11,2025-06-29,87,-19.68672,149.93729,5,1.83,0,None (0%),0.5112,0.4787,0.0101,0.4888,2.35,0.0,297.95145
11,2025-06-29,88,-19.501034,148.7524,3,3.57,1,Moderate (1-50%),0.2925,0.7022,0.0053,0.7075,3.34,0.0,297.20856
11,2025-06-29,89,-19.3041,148.6315,4,2.42,1,Moderate (1-50%),0.3702,0.6205,0.0093,0.6298,3.26,0.0,297.40573
11,2025-06-29,90,-19.20995,148.542,2,2.45,1,Moderate (1-50%),0.355,0.6365,0.0085,0.645,3.12,0.0,297.50858
11,2025-06-29,91,-18.82149,147.65489,18,2.15,0,None (0%),0.5275,0.4656,0.0069,0.4725,4.71,0.0,297.77142
11,2025-06-29,92,-17.5251,146.52454,3,0.05,1,Moderate (1-50%),0.4798,0.5154,0.0048,0.5202,6.2914286,0.0,297.75
11,2025-06-29,93,-14.88175,145.50227,6,2.56,1,Moderate (1-50%),0.2698,0.7253,0.0049,0.7302,6.65,0.37,298.25287
11,2025-06-29,94,-24.112192,152.71562,14,1.71,1,Moderate (1-50%),0.3589,0.6393,0.0018,0.6411,0.16,0.0,296.75287
11,2025-06-29,95,-19.449833,148.86703,3,2.89,1,Moderate (1-50%),0.3094,0.6841,0.0065,0.6906,2.96,0.0,297.42572
11,2025-06-29,96,-16.409634,145.74434,3,2.68,1,Moderate (1-50%),0.3575,0.6396,0.0028,0.6425,7.1,0.0,297.36856
11,2025-06-29,97,-12.67815,143.5829,2,0.93,0,None (0%),0.5464,0.4308,0.0228,0.4536,7.3142858,0.67285717,298.7828
11,2025-06-29,98,-12.2257,143.2841,2,0.99,0,None (0%),0.5805,0.4043,0.0152,0.4195,7.067143,0.3857143,298.62427
11,2025-06-29,99,-11.782,142.95316,5,2.5,0,None (0%),0.6057,0.3742,0.0202,0.3943,7.794286,0.21857142,298.68997
11,2025-06-29,100,-11.7694,143.09245,2,2.0,0,None (0%),0.6938,0.2897,0.0165,0.3062,7.197143,0.2242857,298.74857
11,2025-06-29,101,-11.482866,143.01598,9,1.32,0,None (0%),0.6063,0.3739,0.0197,0.3937,9.171429,0.20571429,299.04712
11,2025-06-29,102,-11.191144,142.98755,9,2.26,0,None (0%),0.6487,0.3297,0.0217,0.3513,9.9328575,0.19857143,299.17996
11,2025-06-29,103,-14.610958,145.62405,19,1.56,0,None (0%),0.5804,0.3885,0.0311,0.4196,7.85,0.44714287,298.69427
11,2025-06-29,104,-14.704066,145.44646,9,3.28,1,Moderate (1-50%),0.162,0.8337,0.0043,0.838,6.66,0.49285713,298.04428
11,2025-06-29,105,-23.32,151.98,2,0.75,1,Moderate (1-50%),0.1778,0.8205,0.0016,0.8222,1.08,0.0,296.5271
11,2025-06-29,106,-18.26362,147.38202,5,1.47,1,Moderate (1-50%),0.3924,0.5989,0.0088,0.6076,6.5985713,0.0,298.23285
11,2025-06-29,107,-14.0,146.0,2,3.87,0,None (0%),0.606,0.3419,0.0521,0.394,9.374286,0.93714285,299.54428
11,2025-06-29,108,-21.87,152.19,2,1.64,1,Moderate (1-50%),0.4214,0.5773,0.0013,0.5786,2.22,0.0,296.86996
11,2025-06-29,109,-21.13605,150.77615,2,1.23,1,Moderate (1-50%),0.4735,0.5244,0.0021,0.5265,3.08,0.0,296.93143
11,2025-06-29,110,-20.66895,150.2588,2,1.81,1,Moderate (1-50%),0.3233,0.6745,0.0022,0.6767,3.21,0.0,297.20572
11,2025-06-29,111,-20.08315,149.93718,4,1.56,1,Moderate (1-50%),0.2221,0.7745,0.0034,0.7779,1.61,0.0,297.34146
11,2025-06-29,112,-19.6179,149.67664,3,0.81,1,Moderate (1-50%),0.4112,0.5783,0.0105,0.5888,2.04,0.0,297.80002
11,2025-06-29,113,-18.791527,147.52235,34,1.86,1,Moderate (1-50%),0.4917,0.5017,0.0066,0.5083,5.0542855,0.08571429,297.75
11,2025-06-29,114,-18.53455,147.49355,4,2.22,1,Moderate (1-50%),0.4457,0.5464,0.0079,0.5543,5.222857,0.10714286,298.08282
11,2025-06-29,115,-18.1362,146.9716,2,1.3,1,Moderate (1-50%),0.4521,0.5431,0.0048,0.5479,6.122857,0.19857143,297.9371
11,2025-06-29,116,-15.359506,145.7791,18,1.78,1,Moderate (1-50%),0.4023,0.5855,0.0122,0.5977,4.79,0.33857143,298.62857
11,2025-06-29,117,-14.925742,145.68793,38,1.39,1,Moderate (1-50%),0.4069,0.5794,0.0137,0.5931,7.53,0.37285715,298.61716
11,2025-06-29,118,-15.02785,145.56805,2,0.81,1,Moderate (1-50%),0.3223,0.6708,0.0069,0.6777,5.11,0.36285713,298.36002
11,2025-06-29,119,-12.767325,143.42282,4,0.89,0,None (0%),0.5984,0.3904,0.0113,0.4016,9.372857,0.42857143,298.44427
11,2025-06-29,120,-11.997334,143.27243,6,2.5,0,None (0%),0.55,0.4363,0.0137,0.45,6.89,0.26,298.75146
11,2025-06-29,121,-11.0088,142.98685,2,2.22,0,None (0%),0.5372,0.4447,0.0181,0.4628,10.085714,0.19714285,299.29712
11,2025-06-29,122,-20.751085,149.4548,7,3.39,1,Moderate (1-50%),0.4355,0.5629,0.0016,0.5645,3.5,0.0,296.23428
11,2025-06-29,123,-18.65635,147.71594,2,2.28,1,Moderate (1-50%),0.3323,0.6582,0.0094,0.6677,4.77,0.0,298.10715
11,2025-06-29,124,-12.470825,143.48958,4,1.65,0,None (0%),0.5872,0.392,0.0208,0.4128,6.58,0.6642857,298.7657
11,2025-06-29,125,-12.30835,143.37485,2,1.85,0,None (0%),0.62,0.3552,0.0248,0.38,6.977143,0.4857143,298.72855
11,2025-06-29,126,-10.69155,142.73485,2,2.13,0,None (0%),0.6502,0.3117,0.0381,0.3498,8.895715,0.32714286,299.47287
11,2025-06-29,127,-18.9561,146.9562,15,2.89,1,Moderate (1-50%),0.2853,0.7137,0.001,0.7147,5.4,0.0,296.39426
11,2025-06-29,128,-13.844505,146.55128,41,3.35,1,Moderate (1-50%),0.4294,0.516,0.0546,0.5706,11.441428,1.57,299.6557
11,2025-06-29,129,-16.22582,146.00262,10,2.39,1,Moderate (1-50%),0.4792,0.5119,0.0089,0.5208,5.52,0.08571429,298.5229
11,2025-06-29,130,-15.51399,145.77756,20,1.25,1,Moderate (1-50%),0.4214,0.5653,0.0133,0.5786,4.37,0.21,298.48145
11,2025-06-29,131,-16.0,145.9667,2,2.92,0,None (0%),0.5337,0.4569,0.0093,0.4663,5.44,0.08571429,298.61142
11,2025-06-29,132,-17.0,149.1,4,3.85,0,None (0%),0.5921,0.402,0.0059,0.4079,7.45,0.0,298.76425
12,2025-07-06,0,-19.166714,146.84863,209,2.65,1,Moderate (1-50%),0.139,0.8589,0.0021,0.861,7.1928573,0.0,294.7543
12,2025-07-06,1,-18.646925,146.54514,149,3.23,1,Moderate (1-50%),0.1974,0.8019,0.0007,0.8026,4.83,0.0,295.7314
12,2025-07-06,2,-10.2196665,150.84866,3,2.66,1,Moderate (1-50%),0.0093,0.8277,0.163,0.9907,18.12,4.2014284,300.7957
12,2025-07-06,3,-23.443886,151.92134,187,2.13,1,Moderate (1-50%),0.3276,0.6704,0.002,0.6724,0.78,0.0,295.3029
12,2025-07-06,4,-18.75,146.25,2,3.83,1,Moderate (1-50%),0.1666,0.8313,0.0022,0.8334,6.095714,0.0,295.0657
12,2025-07-06,5,-23.146168,150.95728,60,2.97,0,None (0%),0.5034,0.4936,0.003,0.4966,1.79,0.0,293.24142
12,2025-07-06,6,-19.760475,149.15018,69,3.06,1,Moderate (1-50%),0.3934,0.6056,0.001,0.6066,3.23,0.0,296.4857
12,2025-07-06,7,-18.227266,146.74213,3,1.83,1,Moderate (1-50%),0.2692,0.7295,0.0012,0.7308,5.96,0.0,296.9186
12,2025-07-06,8,-19.020872,146.6052,11,2.13,1,Moderate (1-50%),0.2455,0.7537,0.0008,0.7545,7.1,0.0,295.0314
12,2025-07-06,9,-18.739391,147.2709,12,1.66,1,Moderate (1-50%),0.4153,0.5828,0.0019,0.5847,4.89,0.0,297.13715
12,2025-07-06,10,-17.885866,146.59,3,2.0,1,Moderate (1-50%),0.2442,0.7548,0.001,0.7558,5.74,0.0,296.96854
12,2025-07-06,11,-17.239176,146.34703,8,2.82,1,Moderate (1-50%),0.3745,0.6237,0.0018,0.6255,7.055714,0.0,297.08713
12,2025-07-06,12,-20.237434,148.9795,103,1.46,1,Moderate (1-50%),0.4115,0.5874,0.0011,0.5885,3.87,0.0,295.5
12,2025-07-06,13,-20.3759,150.17145,8,0.38,1,Moderate (1-50%),0.4429,0.5564,0.0006,0.5571,2.64,0.0,296.64285
12,2025-07-06,14,-20.251957,148.81541,23,2.75,1,Moderate (1-50%),0.3639,0.6343,0.0018,0.6361,4.21,0.0,294.96286
12,2025-07-06,15,-20.090439,148.5869,23,2.12,1,Moderate (1-50%),0.4548,0.5444,0.0008,0.5452,5.16,0.0,295.41714
12,2025-07-06,16,-20.022484,148.28569,12,1.15,1,Moderate (1-50%),0.4984,0.5001,0.0015,0.5016,6.68,0.0,295.26
12,2025-07-06,17,-19.86675,147.92262,4,0.95,1,Moderate (1-50%),0.2913,0.7071,0.0015,0.7087,6.5,0.0,295.22714
12,2025-07-06,18,-23.992844,151.69751,7,3.03,1,Moderate (1-50%),0.294,0.7046,0.0014,0.706,3.2,0.0,293.25284
12,2025-07-06,19,-23.520433,151.2612,3,1.5,1,Moderate (1-50%),0.4515,0.5443,0.0042,0.5485,3.35,0.0,293.18143
12,2025-07-06,20,-23.408117,151.1666,6,2.06,1,Moderate (1-50%),0.4595,0.5378,0.0027,0.5405,3.59,0.0,293.01712
12,2025-07-06,21,-23.326,150.92995,2,0.52,1,Moderate (1-50%),0.4661,0.5322,0.0017,0.5339,3.8,0.0,292.46713
12,2025-07-06,22,-21.991533,152.46994,3,1.91,0,None (0%),0.6204,0.3791,0.0006,0.3796,1.83,0.0,296.88715
12,2025-07-06,23,-20.911617,149.42245,11,1.51,1,Moderate (1-50%),0.4859,0.513,0.0011,0.5141,2.99,0.0,295.12286
12,2025-07-06,24,-20.758585,150.43915,7,2.34,0,None (0%),0.5557,0.4437,0.0006,0.4443,3.17,0.0,296.5657
12,2025-07-06,25,-19.7155,147.77403,7,1.06,1,Moderate (1-50%),0.4118,0.5871,0.001,0.5882,6.14,0.0,295.51572
12,2025-07-06,26,-19.34095,148.0835,2,1.99,1,Moderate (1-50%),0.3589,0.6399,0.0012,0.6411,4.65,0.0,296.84714
12,2025-07-06,27,-19.32325,148.4333,2,0.89,1,Moderate (1-50%),0.3253,0.6731,0.0015,0.6747,4.01,0.0,296.86996
12,2025-07-06,28,-19.311234,148.34396,3,2.51,1,Moderate (1-50%),0.3767,0.6217,0.0016,0.6233,4.31,0.0,296.86002
12,2025-07-06,29,-19.2076,148.8596,2,2.52,1,Moderate (1-50%),0.3281,0.6701,0.0018,0.6719,3.28,0.0,297.45572
12,2025-07-06,30,-19.11165,148.33365,6,1.74,1,Moderate (1-50%),0.3853,0.6132,0.0015,0.6147,3.45,0.0,297.0914
12,2025-07-06,31,-18.9913,148.06412,6,2.14,1,Moderate (1-50%),0.4123,0.5852,0.0025,0.5877,4.41,0.0,297.45853
12,2025-07-06,32,-18.847086,147.91052,7,2.89,1,Moderate (1-50%),0.4143,0.5839,0.0018,0.5857,4.46,0.0,297.6971
12,2025-07-06,33,-18.1497,146.28976,3,3.16,1,Moderate (1-50%),0.2001,0.7987,0.0011,0.7999,4.89,0.0,295.83286
12,2025-07-06,34,-17.6551,146.49199,6,2.85,1,Moderate (1-50%),0.239,0.7601,0.0008,0.761,5.73,0.0,296.87427
12,2025-07-06,35,-17.34235,146.52235,4,1.95,1,Moderate (1-50%),0.4672,0.5305,0.0023,0.5328,6.66,0.0,297.46857
12,2025-07-06,36,-16.871353,146.21158,88,1.49,1,Moderate (1-50%),0.3126,0.6859,0.0014,0.6874,6.53,0.0,297.30426
12,2025-07-06,37,-16.935507,145.98845,13,1.85,1,Moderate (1-50%),0.2353,0.7639,0.0008,0.7647,6.6585712,0.0,296.2514
12,2025-07-06,38,-16.52347,145.99037,108,1.65,1,Moderate (1-50%),0.3552,0.6435,0.0013,0.6448,6.03,0.0,297.2043
12,2025-07-06,39,-16.12418,145.83456,243,1.03,1,Moderate (1-50%),0.3642,0.6338,0.002,0.6358,5.34,0.0,297.3643
12,2025-07-06,40,-15.77885,145.58086,2,0.76,1,Moderate (1-50%),0.1976,0.8017,0.0007,0.8024,4.23,0.0,296.92285
12,2025-07-06,41,-15.499777,145.51018,13,3.18,1,Moderate (1-50%),0.1872,0.8115,0.0013,0.8128,3.27,0.0,297.24857
12,2025-07-06,42,-14.85125,145.27235,2,2.66,1,Moderate (1-50%),0.1525,0.8461,0.0013,0.8475,6.32,0.0,296.67142
12,2025-07-06,43,-14.728744,145.10814,16,1.86,1,Moderate (1-50%),0.1237,0.8746,0.0017,0.8763,6.98,0.0,296.63004
12,2025-07-06,44,-14.4546,144.90607,7,3.05,1,Moderate (1-50%),0.1514,0.8464,0.0022,0.8486,7.765714,0.0,296.86002
12,2025-07-06,45,-14.1632,144.26332,5,1.82,1,Moderate (1-50%),0.1255,0.8727,0.0018,0.8745,6.447143,0.0,297.21
12,2025-07-06,46,-14.13435,144.5049,2,2.4,1,Moderate (1-50%),0.2336,0.7628,0.0036,0.7664,8.061429,0.0,297.31857
12,2025-07-06,47,-14.07125,143.8833,2,0.99,1,Moderate (1-50%),0.1983,0.7991,0.0026,0.8017,7.11,0.0,297.86856
12,2025-07-06,48,-13.922125,143.78668,4,1.3,1,Moderate (1-50%),0.253,0.744,0.003,0.747,7.865714,0.0,297.92572
12,2025-07-06,49,-23.6966,152.1829,2,2.53,1,Moderate (1-50%),0.2967,0.7013,0.002,0.7033,0.77,0.0,295.65143
12,2025-07-06,50,-17.776623,146.45274,9,2.36,1,Moderate (1-50%),0.2421,0.7571,0.0008,0.7579,5.53,0.0,296.79144
12,2025-07-06,51,-16.284166,145.4936,3,2.23,1,Moderate (1-50%),0.2643,0.7345,0.0012,0.7357,7.04,0.0,296.07715
12,2025-07-06,52,-15.71492,145.45647,5,2.28,1,Moderate (1-50%),0.222,0.7768,0.0012,0.778,4.14,0.0,296.55426
12,2025-07-06,53,-22.2081,150.33665,2,2.23,1,Moderate (1-50%),0.4896,0.5087,0.0017,0.5104,2.09,0.0,294.25
12,2025-07-06,54,-22.024067,150.66617,3,0.92,1,Moderate (1-50%),0.3121,0.686,0.0019,0.6879,2.49,0.0,295.23285
12,2025-07-06,55,-22.018534,150.34753,3,2.43,1,Moderate (1-50%),0.3328,0.6657,0.0015,0.6672,2.18,0.0,294.77716
12,2025-07-06,56,-21.95394,150.1631,5,2.64,1,Moderate (1-50%),0.479,0.5195,0.0016,0.521,1.81,0.0,294.47574
12,2025-07-06,57,-21.6832,150.28384,4,1.29,1,Moderate (1-50%),0.4024,0.5965,0.0012,0.5976,1.86,0.0,295.43286
12,2025-07-06,58,-21.455212,149.86604,8,2.39,0,None (0%),0.5297,0.4694,0.0009,0.4703,2.3,0.0,294.88284
12,2025-07-06,59,-18.062532,146.56087,3,2.04,1,Moderate (1-50%),0.25,0.7488,0.0012,0.75,5.83,0.0,296.82
12,2025-07-06,60,-23.958666,151.47777,3,1.84,0,None (0%),0.8057,0.194,0.0004,0.1943,5.34,0.0,292.48428
12,2025-07-06,61,-23.767967,151.33594,3,1.36,1,Moderate (1-50%),0.4861,0.5129,0.001,0.5139,4.85,0.0,292.55573
12,2025-07-06,62,-23.5347,151.73087,3,1.23,1,Moderate (1-50%),0.2462,0.7509,0.0029,0.7538,1.4,0.0,294.67285
12,2025-07-06,63,-19.2064,147.0493,3,3.28,1,Moderate (1-50%),0.1279,0.8705,0.0017,0.8721,5.73,0.0,295.01288
12,2025-07-06,64,-18.0518,146.78749,12,2.9,1,Moderate (1-50%),0.3028,0.695,0.0022,0.6972,5.63,0.0,297.19
12,2025-07-06,65,-18.008833,146.16989,9,1.88,1,Moderate (1-50%),0.2925,0.7065,0.001,0.7075,4.16,0.0,295.6486
12,2025-07-06,66,-17.721071,146.1557,7,2.09,1,Moderate (1-50%),0.2473,0.7515,0.0012,0.7527,3.58,0.0,295.9857
12,2025-07-06,67,-17.467283,146.3924,6,2.04,1,Moderate (1-50%),0.3112,0.6877,0.0011,0.6888,6.817143,0.0,296.8743
12,2025-07-06,68,-17.20583,146.07251,10,2.15,1,Moderate (1-50%),0.2046,0.7942,0.0012,0.7954,6.3585715,0.0,296.2314
12,2025-07-06,69,-16.545633,145.52946,3,2.34,1,Moderate (1-50%),0.2726,0.7257,0.0017,0.7274,7.7,0.0,295.88284
12,2025-07-06,70,-16.379562,145.56004,47,1.67,1,Moderate (1-50%),0.2104,0.7888,0.0009,0.7896,7.11,0.0,296.2243
12,2025-07-06,71,-15.9993,145.4327,3,2.82,1,Moderate (1-50%),0.2042,0.795,0.0008,0.7958,5.35,0.0,296.1486
12,2025-07-06,72,-15.156473,145.46036,11,2.59,1,Moderate (1-50%),0.145,0.8541,0.0009,0.855,3.27,0.0,297.20428
12,2025-07-06,73,-11.8956,143.1068,2,3.03,1,Moderate (1-50%),0.2719,0.7232,0.0048,0.7281,6.7,0.0,298.21573
12,2025-07-06,74,-10.14675,151.16306,2,3.4,1,Moderate (1-50%),0.0161,0.8565,0.1273,0.9839,18.158571,4.51,301.08286
12,2025-07-06,75,-18.4208,147.34987,3,2.66,1,Moderate (1-50%),0.4278,0.5708,0.0015,0.5722,5.9,0.0,297.70142
12,2025-07-06,76,-19.54529,149.26216,28,2.63,1,Moderate (1-50%),0.4135,0.585,0.0014,0.5865,1.92,0.0,297.15854
12,2025-07-06,77,-18.665953,147.07942,15,1.11,1,Moderate (1-50%),0.3754,0.6234,0.0012,0.6246,5.39,0.0,296.93716
12,2025-07-06,78,-18.441046,146.99043,15,2.42,1,Moderate (1-50%),0.2574,0.7407,0.0019,0.7426,6.66,0.0,297.16718
12,2025-07-06,79,-22.0,152.67,2,2.83,0,None (0%),0.5914,0.4071,0.0014,0.4086,2.05,0.0,297.17142
12,2025-07-06,80,-18.402128,146.79951,11,3.63,1,Moderate (1-50%),0.3196,0.6787,0.0017,0.6804,6.07,0.0,296.81427
12,2025-07-06,81,-18.52425,147.1444,2,2.05,1,Moderate (1-50%),0.2832,0.7153,0.0015,0.7168,5.99,0.0,297.21426
12,2025-07-06,82,-21.3925,152.50706,5,2.69,0,None (0%),0.5945,0.4048,0.0007,0.4055,1.91,0.0,297.0257
12,2025-07-06,83,-21.121021,152.48535,9,1.16,0,None (0%),0.5599,0.4394,0.0007,0.4401,2.48,0.0,297.30283
12,2025-07-06,84,-21.106472,152.2254,11,2.06,1,Moderate (1-50%),0.4414,0.5571,0.0015,0.5586,2.89,0.0,297.23712
12,2025-07-06,85,-20.96795,149.75764,2,1.96,1,Moderate (1-50%),0.4601,0.5386,0.0013,0.5399,3.56,0.0,295.86142
12,2025-07-06,86,-20.928566,150.04893,3,2.52,0,None (0%),0.6204,0.3789,0.0007,0.3796,4.01,0.0,296.19717
12,2025-07-06,87,-19.68672,149.93729,5,1.83,1,Moderate (1-50%),0.4833,0.5149,0.0018,0.5167,2.35,0.0,297.44998
12,2025-07-06,88,-19.501034,148.7524,3,3.57,1,Moderate (1-50%),0.3112,0.6877,0.0011,0.6888,3.34,0.0,296.71
12,2025-07-06,89,-19.3041,148.6315,4,2.42,1,Moderate (1-50%),0.2853,0.7135,0.0012,0.7147,3.26,0.0,296.89996
12,2025-07-06,90,-19.20995,148.542,2,2.45,1,Moderate (1-50%),0.3255,0.6732,0.0013,0.6745,3.12,0.0,297.0057
12,2025-07-06,91,-18.82149,147.65489,18,2.15,1,Moderate (1-50%),0.4133,0.5842,0.0025,0.5867,4.71,0.0,297.38004
12,2025-07-06,92,-17.5251,146.52454,3,0.05,1,Moderate (1-50%),0.2818,0.717,0.0013,0.7182,6.29,0.0,297.21713
12,2025-07-06,93,-14.88175,145.50227,6,2.56,1,Moderate (1-50%),0.2783,0.7203,0.0014,0.7217,6.65,0.0,297.71
12,2025-07-06,94,-24.112192,152.71562,14,1.71,1,Moderate (1-50%),0.3988,0.5988,0.0024,0.6012,0.16,0.0,295.83713
12,2025-07-06,95,-19.449833,148.86703,3,2.89,1,Moderate (1-50%),0.3754,0.6234,0.0013,0.6246,2.96,0.0,296.98285
12,2025-07-06,96,-16.409634,145.74434,3,2.68,1,Moderate (1-50%),0.1865,0.8127,0.0008,0.8135,7.1,0.0,296.52713
12,2025-07-06,97,-12.67815,143.5829,2,0.93,1,Moderate (1-50%),0.4202,0.5728,0.007,0.5798,7.3142858,0.0,298.3857
12,2025-07-06,98,-12.2257,143.2841,2,0.99,1,Moderate (1-50%),0.2617,0.7346,0.0038,0.7383,7.0457144,0.0,298.14716
12,2025-07-06,99,-11.782,142.95316,5,2.5,1,Moderate (1-50%),0.2661,0.7286,0.0053,0.7339,7.7,0.0,298.2657
12,2025-07-06,100,-11.7694,143.09245,2,2.0,1,Moderate (1-50%),0.3531,0.6424,0.0045,0.6469,7.06,0.0,298.3157
12,2025-07-06,101,-11.482866,143.01598,9,1.32,1,Moderate (1-50%),0.4183,0.5734,0.0083,0.5817,8.902857,0.0,298.6186
12,2025-07-06,102,-11.191144,142.98755,9,2.26,0,None (0%),0.5704,0.4205,0.009,0.4296,9.837143,0.0,298.79855
12,2025-07-06,103,-14.610958,145.62405,19,1.56,0,None (0%),0.6103,0.3841,0.0056,0.3897,7.85,0.0,298.40997
12,2025-07-06,104,-14.704066,145.44646,9,3.28,1,Moderate (1-50%),0.272,0.7255,0.0026,0.728,6.66,0.0,297.4957
12,2025-07-06,105,-23.32,151.98,2,0.75,1,Moderate (1-50%),0.2255,0.7704,0.004,0.7745,1.08,0.0,295.64142
12,2025-07-06,106,-18.26362,147.38202,5,1.47,1,Moderate (1-50%),0.3106,0.6876,0.0018,0.6894,6.51,0.0,297.92142
12,2025-07-06,107,-14.0,146.0,2,3.87,0,None (0%),0.6832,0.3041,0.0127,0.3168,9.374286,0.02,299.23566
12,2025-07-06,108,-21.87,152.19,2,1.64,0,None (0%),0.5416,0.458,0.0004,0.4584,2.22,0.0,296.40427
12,2025-07-06,109,-21.13605,150.77615,2,1.23,0,None (0%),0.5882,0.4113,0.0006,0.4118,3.08,0.0,296.3029
12,2025-07-06,110,-20.66895,150.2588,2,1.81,0,None (0%),0.5406,0.4587,0.0007,0.4594,3.21,0.0,296.58856
12,2025-07-06,111,-20.08315,149.93718,4,1.56,1,Moderate (1-50%),0.3855,0.6136,0.0008,0.6145,1.61,0.0,296.78
12,2025-07-06,112,-19.6179,149.67664,3,0.81,1,Moderate (1-50%),0.3938,0.6044,0.0017,0.6062,2.04,0.0,297.4
12,2025-07-06,113,-18.791527,147.52235,34,1.86,1,Moderate (1-50%),0.3666,0.6321,0.0013,0.6334,5.0542855,0.0,297.34
12,2025-07-06,114,-18.53455,147.49355,4,2.22,1,Moderate (1-50%),0.4306,0.5677,0.0017,0.5694,5.2,0.0,297.65714
12,2025-07-06,115,-18.1362,146.9716,2,1.3,1,Moderate (1-50%),0.351,0.6478,0.0012,0.649,6.1,0.0,297.65573
12,2025-07-06,116,-15.359506,145.7791,18,1.78,0,None (0%),0.5335,0.4645,0.0019,0.4665,4.79,0.0,298.00998
12,2025-07-06,117,-14.925742,145.68793,38,1.39,0,None (0%),0.6034,0.3945,0.0021,0.3966,7.53,0.0,298.1543
12,2025-07-06,118,-15.02785,145.56805,2,0.81,1,Moderate (1-50%),0.3537,0.6448,0.0015,0.6463,5.11,0.0,297.77713
12,2025-07-06,119,-12.767325,143.42282,4,0.89,1,Moderate (1-50%),0.2856,0.7083,0.0061,0.7144,9.2,0.0,297.95428
12,2025-07-06,120,-11.997334,143.27243,6,2.5,1,Moderate (1-50%),0.3349,0.6609,0.0042,0.6651,6.89,0.0,298.31284
12,2025-07-06,121,-11.0088,142.98685,2,2.22,0,None (0%),0.5158,0.4751,0.0092,0.4842,10.085714,0.0,298.9614
12,2025-07-06,122,-20.751085,149.4548,7,3.39,0,None (0%),0.5382,0.4603,0.0015,0.4618,3.5,0.0,295.70572
12,2025-07-06,123,-18.65635,147.71594,2,2.28,1,Moderate (1-50%),0.4336,0.5647,0.0016,0.5664,4.75,0.0,297.68854
12,2025-07-06,124,-12.470825,143.48958,4,1.65,1,Moderate (1-50%),0.4527,0.5399,0.0074,0.5473,6.515714,0.0,298.41855
12,2025-07-06,125,-12.30835,143.37485,2,1.85,1,Moderate (1-50%),0.33,0.6659,0.0041,0.67,6.955714,0.0,298.29288
12,2025-07-06,126,-10.69155,142.73485,2,2.13,0,None (0%),0.5834,0.3879,0.0287,0.4166,8.895715,0.0,299.09283
12,2025-07-06,127,-18.9561,146.9562,15,2.89,1,Moderate (1-50%),0.2233,0.7753,0.0014,0.7767,5.4,0.0,296.0143
12,2025-07-06,128,-13.844505,146.55128,41,3.35,1,Moderate (1-50%),0.4786,0.5062,0.0152,0.5214,11.441428,0.28428572,299.63858
12,2025-07-06,129,-16.22582,146.00262,10,2.39,0,None (0%),0.5066,0.4908,0.0026,0.4934,5.52,0.0,297.88715
12,2025-07-06,130,-15.51399,145.77756,20,1.25,1,Moderate (1-50%),0.46,0.5384,0.0017,0.54,4.37,0.0,297.8814
12,2025-07-06,131,-16.0,145.9667,2,2.92,1,Moderate (1-50%),0.4729,0.525,0.0022,0.5271,5.44,0.0,297.97144
12,2025-07-06,132,-17.0,149.1,4,3.85,0,None (0%),0.6419,0.3543,0.0038,0.3581,7.43,0.0,298.64285
13,2025-07-13,0,-19.166714,146.84863,209,2.65,0,None (0%),0.8759,0.1233,0.0008,0.1241,6.6571426,0.0,295.23712
13,2025-07-13,1,-18.646925,146.54514,149,3.23,0,None (0%),0.5022,0.4958,0.002,0.4978,4.5942855,0.0,295.95285
13,2025-07-13,2,-10.2196665,150.84866,3,2.66,1,Moderate (1-50%),0.0711,0.7463,0.1826,0.9289,18.12,2.9157143,300.86996
13,2025-07-13,3,-23.443886,151.92134,187,2.13,1,Moderate (1-50%),0.2187,0.7807,0.0006,0.7813,0.78,0.0,295.51572
13,2025-07-13,4,-18.75,146.25,2,3.83,0,None (0%),0.6373,0.3615,0.0012,0.3627,5.6657143,0.0,295.44427
13,2025-07-13,5,-23.146168,150.95728,60,2.97,0,None (0%),0.5474,0.4475,0.0051,0.4526,1.79,0.0,293.58286
13,2025-07-13,6,-19.760475,149.15018,69,3.06,1,Moderate (1-50%),0.3926,0.6061,0.0013,0.6074,3.23,0.0,296.75714
13,2025-07-13,7,-18.227266,146.74213,3,1.83,0,None (0%),0.6519,0.3467,0.0014,0.3481,5.7614284,0.0,297.14282
13,2025-07-13,8,-19.020872,146.6052,11,2.13,0,None (0%),0.7181,0.2812,0.0008,0.2819,6.4385715,0.0,295.4157
13,2025-07-13,9,-18.739391,147.2709,12,1.66,1,Moderate (1-50%),0.4807,0.5179,0.0014,0.5193,4.89,0.0,297.30426
13,2025-07-13,10,-17.885866,146.59,3,2.0,1,Moderate (1-50%),0.4891,0.5093,0.0016,0.5109,5.4614286,0.0,297.44574
13,2025-07-13,11,-17.239176,146.34703,8,2.82,1,Moderate (1-50%),0.416,0.5817,0.0024,0.584,6.3271427,0.0,297.33145
13,2025-07-13,12,-20.237434,148.9795,103,1.46,0,None (0%),0.5249,0.4742,0.0008,0.4751,3.87,0.0,295.67285
13,2025-07-13,13,-20.3759,150.17145,8,0.38,1,Moderate (1-50%),0.4944,0.504,0.0016,0.5056,2.64,0.0,296.79
13,2025-07-13,14,-20.251957,148.81541,23,2.75,0,None (0%),0.7702,0.2293,0.0005,0.2298,4.21,0.0,295.32712
13,2025-07-13,15,-20.090439,148.5869,23,2.12,0,None (0%),0.5753,0.4238,0.0009,0.4247,5.16,0.0,295.96854
13,2025-07-13,16,-20.022484,148.28569,12,1.15,0,None (0%),0.6131,0.3859,0.001,0.3869,6.551429,0.0,295.88715
13,2025-07-13,17,-19.86675,147.92262,4,0.95,0,None (0%),0.6367,0.3627,0.0006,0.3633,6.2214284,0.0,295.7543
13,2025-07-13,18,-23.992844,151.69751,7,3.03,1,Moderate (1-50%),0.2792,0.7197,0.0011,0.7208,3.2,0.0,293.4714
13,2025-07-13,19,-23.520433,151.2612,3,1.5,1,Moderate (1-50%),0.3131,0.6849,0.002,0.6869,3.35,0.0,293.4414
13,2025-07-13,20,-23.408117,151.1666,6,2.06,1,Moderate (1-50%),0.3035,0.6952,0.0013,0.6965,3.59,0.0,293.27142
13,2025-07-13,21,-23.326,150.92995,2,0.52,1,Moderate (1-50%),0.3958,0.6028,0.0014,0.6042,3.8,0.0,292.70145
13,2025-07-13,22,-21.991533,152.46994,3,1.91,1,Moderate (1-50%),0.485,0.5136,0.0014,0.515,1.83,0.0,297.00858
13,2025-07-13,23,-20.911617,149.42245,11,1.51,0,None (0%),0.5617,0.4375,0.0008,0.4383,2.99,0.0,295.19284
13,2025-07-13,24,-20.758585,150.43915,7,2.34,1,Moderate (1-50%),0.4927,0.5061,0.0012,0.5073,3.17,0.0,296.63852
13,2025-07-13,25,-19.7155,147.77403,7,1.06,0,None (0%),0.5669,0.432,0.001,0.4331,5.9057145,0.0,295.6843
13,2025-07-13,26,-19.34095,148.0835,2,1.99,0,None (0%),0.5626,0.4358,0.0016,0.4374,4.65,0.0,296.91
13,2025-07-13,27,-19.32325,148.4333,2,0.89,1,Moderate (1-50%),0.4457,0.5525,0.0018,0.5543,4.01,0.0,296.94717
13,2025-07-13,28,-19.311234,148.34396,3,2.51,1,Moderate (1-50%),0.4129,0.585,0.0021,0.5871,4.31,0.0,296.88004
13,2025-07-13,29,-19.2076,148.8596,2,2.52,0,None (0%),0.5103,0.4868,0.003,0.4897,3.28,0.0,297.6143
13,2025-07-13,30,-19.11165,148.33365,6,1.74,1,Moderate (1-50%),0.4071,0.5908,0.002,0.5929,3.45,0.0,297.20856
13,2025-07-13,31,-18.9913,148.06412,6,2.14,1,Moderate (1-50%),0.416,0.5801,0.0039,0.584,4.41,0.0,297.5728
13,2025-07-13,32,-18.847086,147.91052,7,2.89,1,Moderate (1-50%),0.4052,0.5916,0.0032,0.5948,4.3685713,0.0,297.77426
13,2025-07-13,33,-18.1497,146.28976,3,3.16,1,Moderate (1-50%),0.4247,0.5727,0.0026,0.5753,4.48,0.0,296.2243
13,2025-07-13,34,-17.6551,146.49199,6,2.85,1,Moderate (1-50%),0.4624,0.5354,0.0022,0.5376,5.452857,0.0,297.42572
13,2025-07-13,35,-17.34235,146.52235,4,1.95,1,Moderate (1-50%),0.4,0.5971,0.0029,0.6,6.0342855,0.0,297.85715
13,2025-07-13,36,-16.871353,146.21158,88,1.49,1,Moderate (1-50%),0.3876,0.6095,0.0029,0.6124,6.1457143,0.0,297.51855
13,2025-07-13,37,-16.935507,145.98845,13,1.85,0,None (0%),0.6858,0.3129,0.0012,0.3142,6.0085716,0.0,296.46567
13,2025-07-13,38,-16.52347,145.99037,108,1.65,0,None (0%),0.5565,0.4412,0.0023,0.4435,5.6642857,0.0,297.28714
13,2025-07-13,39,-16.12418,145.83456,243,1.03,0,None (0%),0.5368,0.4612,0.002,0.4632,5.01,0.0,297.53143
13,2025-07-13,40,-15.77885,145.58086,2,0.76,1,Moderate (1-50%),0.4549,0.5439,0.0012,0.5451,4.055714,0.0,297.07428
13,2025-07-13,41,-15.499777,145.51018,13,3.18,1,Moderate (1-50%),0.3453,0.6534,0.0013,0.6547,3.27,0.0,297.4043
13,2025-07-13,42,-14.85125,145.27235,2,2.66,1,Moderate (1-50%),0.3189,0.6786,0.0025,0.6811,5.6442857,0.0,296.85428
13,2025-07-13,43,-14.728744,145.10814,16,1.86,1,Moderate (1-50%),0.3389,0.6589,0.0022,0.6611,6.252857,0.0,296.85858
13,2025-07-13,44,-14.4546,144.90607,7,3.05,1,Moderate (1-50%),0.2894,0.7087,0.002,0.7106,6.7871428,0.0,297.17715
13,2025-07-13,45,-14.1632,144.26332,5,1.82,1,Moderate (1-50%),0.2669,0.7306,0.0025,0.7331,5.5685716,0.0,297.39716
13,2025-07-13,46,-14.13435,144.5049,2,2.4,1,Moderate (1-50%),0.2851,0.7128,0.0021,0.7149,7.227143,0.0,297.45712
13,2025-07-13,47,-14.07125,143.8833,2,0.99,1,Moderate (1-50%),0.2565,0.741,0.0025,0.7435,6.4142857,0.0,298.0357
13,2025-07-13,48,-13.922125,143.78668,4,1.3,1,Moderate (1-50%),0.2401,0.7565,0.0034,0.7599,7.1,0.0,298.0957
13,2025-07-13,49,-23.6966,152.1829,2,2.53,1,Moderate (1-50%),0.1742,0.825,0.0008,0.8258,0.77,0.0,295.59717
13,2025-07-13,50,-17.776623,146.45274,9,2.36,0,None (0%),0.5608,0.4374,0.0018,0.4392,5.252857,0.0,297.28714
13,2025-07-13,51,-16.284166,145.4936,3,2.23,1,Moderate (1-50%),0.3756,0.6189,0.0054,0.6244,6.3542857,0.0,296.4414
13,2025-07-13,52,-15.71492,145.45647,5,2.28,1,Moderate (1-50%),0.4356,0.5627,0.0017,0.5644,3.9685714,0.0,296.8228
13,2025-07-13,53,-22.2081,150.33665,2,2.23,0,None (0%),0.5767,0.4217,0.0016,0.4233,2.09,0.0,294.56143
13,2025-07-13,54,-22.024067,150.66617,3,0.92,0,None (0%),0.507,0.4915,0.0014,0.493,2.49,0.0,295.65717
13,2025-07-13,55,-22.018534,150.34753,3,2.43,1,Moderate (1-50%),0.4496,0.5488,0.0016,0.5504,2.18,0.0,295.16998
13,2025-07-13,56,-21.95394,150.1631,5,2.64,0,None (0%),0.6584,0.3409,0.0008,0.3416,1.81,0.0,294.78424
13,2025-07-13,57,-21.6832,150.28384,4,1.29,1,Moderate (1-50%),0.4599,0.5391,0.0009,0.5401,1.86,0.0,295.5586
13,2025-07-13,58,-21.455212,149.86604,8,2.39,0,None (0%),0.5804,0.419,0.0007,0.4196,2.3,0.0,295.05426
13,2025-07-13,59,-18.062532,146.56087,3,2.04,0,None (0%),0.6015,0.3974,0.0011,0.3985,5.41,0.0,297.07858
13,2025-07-13,60,-23.958666,151.47777,3,1.84,0,None (0%),0.676,0.323,0.001,0.324,5.2114286,0.0,292.68143
13,2025-07-13,61,-23.767967,151.33594,3,1.36,0,None (0%),0.5831,0.4154,0.0015,0.4169,4.7214284,0.0,292.84714
13,2025-07-13,62,-23.5347,151.73087,3,1.23,1,Moderate (1-50%),0.3589,0.6398,0.0013,0.6411,1.4,0.0,294.82715
13,2025-07-13,63,-19.2064,147.0493,3,3.28,0,None (0%),0.7216,0.2777,0.0007,0.2784,5.6014285,0.0,295.31998
13,2025-07-13,64,-18.0518,146.78749,12,2.9,1,Moderate (1-50%),0.3805,0.6168,0.0027,0.6195,5.39,0.0,297.46713
13,2025-07-13,65,-18.008833,146.16989,9,1.88,1,Moderate (1-50%),0.4707,0.5271,0.0022,0.5293,3.7771428,0.0,296.0057
13,2025-07-13,66,-17.721071,146.1557,7,2.09,0,None (0%),0.5022,0.4949,0.0028,0.4978,3.3942857,0.0,296.31284
13,2025-07-13,67,-17.467283,146.3924,6,2.04,0,None (0%),0.5126,0.4855,0.0018,0.4874,6.052857,0.0,297.25143
13,2025-07-13,68,-17.20583,146.07251,10,2.15,0,None (0%),0.5748,0.4231,0.0021,0.4252,5.5585713,0.0,296.43283
13,2025-07-13,69,-16.545633,145.52946,3,2.34,1,Moderate (1-50%),0.4298,0.5656,0.0046,0.5702,6.8271427,0.0,296.30283
13,2025-07-13,70,-16.379562,145.56004,47,1.67,0,None (0%),0.6456,0.3519,0.0025,0.3544,6.4228573,0.0,296.51712
13,2025-07-13,71,-15.9993,145.4327,3,2.82,1,Moderate (1-50%),0.4254,0.5711,0.0035,0.5746,5.0,0.0,296.47858
13,2025-07-13,72,-15.156473,145.46036,11,2.59,1,Moderate (1-50%),0.2983,0.7004,0.0013,0.7017,3.25,0.0,297.41428
13,2025-07-13,73,-11.8956,143.1068,2,3.03,1,Moderate (1-50%),0.229,0.7686,0.0024,0.771,6.4428573,0.0,298.04144
13,2025-07-13,74,-10.14675,151.16306,2,3.4,1,Moderate (1-50%),0.0596,0.6903,0.2501,0.9404,18.158571,3.107143,301.3514
13,2025-07-13,75,-18.4208,147.34987,3,2.66,1,Moderate (1-50%),0.4694,0.5287,0.0019,0.5306,5.3985715,0.0,297.84286
13,2025-07-13,76,-19.54529,149.26216,28,2.63,1,Moderate (1-50%),0.4359,0.5628,0.0013,0.5641,1.92,0.0,297.31857
13,2025-07-13,77,-18.665953,147.07942,15,1.11,0,None (0%),0.5596,0.4393,0.0011,0.4404,5.39,0.0,296.99432
13,2025-07-13,78,-18.441046,146.99043,15,2.42,0,None (0%),0.5418,0.4565,0.0017,0.4582,6.2842855,0.0,297.34857
13,2025-07-13,79,-22.0,152.67,2,2.83,1,Moderate (1-50%),0.3722,0.626,0.0018,0.6278,2.05,0.0,297.32144
13,2025-07-13,80,-18.402128,146.79951,11,3.63,0,None (0%),0.6088,0.3899,0.0013,0.3912,6.032857,0.0,297.0157
13,2025-07-13,81,-18.52425,147.1444,2,2.05,1,Moderate (1-50%),0.4768,0.5217,0.0015,0.5232,5.6771426,0.0,297.34857
13,2025-07-13,82,-21.3925,152.50706,5,2.69,0,None (0%),0.5276,0.4709,0.0015,0.4724,1.91,0.0,297.10138
13,2025-07-13,83,-21.121021,152.48535,9,1.16,0,None (0%),0.535,0.4627,0.0023,0.465,2.48,0.0,297.61572
13,2025-07-13,84,-21.106472,152.2254,11,2.06,0,None (0%),0.5913,0.407,0.0017,0.4087,2.89,0.0,297.6314
13,2025-07-13,85,-20.96795,149.75764,2,1.96,0,None (0%),0.5393,0.4598,0.0009,0.4607,3.56,0.0,295.9
13,2025-07-13,86,-20.928566,150.04893,3,2.52,0,None (0%),0.5685,0.4304,0.0011,0.4315,4.01,0.0,296.22574
13,2025-07-13,87,-19.68672,149.93729,5,1.83,1,Moderate (1-50%),0.4674,0.5314,0.0012,0.5326,2.35,0.0,297.63852
13,2025-07-13,88,-19.501034,148.7524,3,3.57,1,Moderate (1-50%),0.4081,0.5897,0.0023,0.5919,3.34,0.0,296.8757
13,2025-07-13,89,-19.3041,148.6315,4,2.42,1,Moderate (1-50%),0.3965,0.6016,0.0019,0.6035,3.26,0.0,297.0943
13,2025-07-13,90,-19.20995,148.542,2,2.45,1,Moderate (1-50%),0.3885,0.6096,0.0019,0.6115,3.12,0.0,297.19287
13,2025-07-13,91,-18.82149,147.65489,18,2.15,1,Moderate (1-50%),0.4128,0.5846,0.0026,0.5872,4.71,0.0,297.55002
13,2025-07-13,92,-17.5251,146.52454,3,0.05,1,Moderate (1-50%),0.3667,0.6304,0.0028,0.6333,5.9542856,0.0,297.70856
13,2025-07-13,93,-14.88175,145.50227,6,2.56,1,Moderate (1-50%),0.4535,0.5447,0.0019,0.5465,6.305714,0.0,297.9057
13,2025-07-13,94,-24.112192,152.71562,14,1.71,1,Moderate (1-50%),0.1338,0.865,0.0012,0.8662,0.16,0.0,295.63144
13,2025-07-13,95,-19.449833,148.86703,3,2.89,0,None (0%),0.5281,0.47,0.0019,0.4719,2.96,0.0,297.1486
13,2025-07-13,96,-16.409634,145.74434,3,2.68,0,None (0%),0.5538,0.4446,0.0015,0.4462,6.417143,0.0,296.73712
13,2025-07-13,97,-12.67815,143.5829,2,0.93,1,Moderate (1-50%),0.2941,0.7039,0.0019,0.7059,6.674286,0.0,298.25143
13,2025-07-13,98,-12.2257,143.2841,2,0.99,1,Moderate (1-50%),0.3507,0.647,0.0023,0.6493,6.45,0.0,298.1357
13,2025-07-13,99,-11.782,142.95316,5,2.5,1,Moderate (1-50%),0.2142,0.7832,0.0026,0.7858,7.225714,0.0,297.98285
13,2025-07-13,100,-11.7694,143.09245,2,2.0,1,Moderate (1-50%),0.2727,0.724,0.0033,0.7273,6.6042857,0.0,298.0914
13,2025-07-13,101,-11.482866,143.01598,9,1.32,1,Moderate (1-50%),0.2544,0.7393,0.0063,0.7456,8.231428,0.0,298.4857
13,2025-07-13,102,-11.191144,142.98755,9,2.26,1,Moderate (1-50%),0.2936,0.7012,0.0052,0.7064,9.148571,0.0,298.59714
13,2025-07-13,103,-14.610958,145.62405,19,1.56,1,Moderate (1-50%),0.3716,0.6249,0.0035,0.6284,7.495714,0.0,298.66855
13,2025-07-13,104,-14.704066,145.44646,9,3.28,1,Moderate (1-50%),0.2816,0.7158,0.0026,0.7184,6.29,0.0,297.65717
13,2025-07-13,105,-23.32,151.98,2,0.75,1,Moderate (1-50%),0.1693,0.8296,0.0011,0.8307,1.08,0.0,295.71857
13,2025-07-13,106,-18.26362,147.38202,5,1.47,0,None (0%),0.5102,0.4887,0.0012,0.4898,5.7,0.0,298.05713
13,2025-07-13,107,-14.0,146.0,2,3.87,1,Moderate (1-50%),0.3639,0.6223,0.0138,0.6361,8.852858,0.0,299.5057
13,2025-07-13,108,-21.87,152.19,2,1.64,1,Moderate (1-50%),0.465,0.5335,0.0015,0.535,2.22,0.0,296.38428
13,2025-07-13,109,-21.13605,150.77615,2,1.23,1,Moderate (1-50%),0.488,0.5109,0.0011,0.512,3.08,0.0,296.54715
13,2025-07-13,110,-20.66895,150.2588,2,1.81,0,None (0%),0.5029,0.4959,0.0011,0.4971,3.21,0.0,296.76
13,2025-07-13,111,-20.08315,149.93718,4,1.56,1,Moderate (1-50%),0.4708,0.528,0.0012,0.5292,1.61,0.0,296.96143
13,2025-07-13,112,-19.6179,149.67664,3,0.81,1,Moderate (1-50%),0.4297,0.569,0.0013,0.5703,2.04,0.0,297.54855
13,2025-07-13,113,-18.791527,147.52235,34,1.86,0,None (0%),0.5473,0.4508,0.0019,0.4527,5.0542855,0.0,297.52713
13,2025-07-13,114,-18.53455,147.49355,4,2.22,1,Moderate (1-50%),0.4601,0.5384,0.0015,0.5399,4.75,0.0,297.8314
13,2025-07-13,115,-18.1362,146.9716,2,1.3,1,Moderate (1-50%),0.2609,0.7352,0.0039,0.7391,5.634286,0.0,297.91855
13,2025-07-13,116,-15.359506,145.7791,18,1.78,0,None (0%),0.5909,0.4058,0.0033,0.4091,4.662857,0.0,298.4843
13,2025-07-13,117,-14.925742,145.68793,38,1.39,1,Moderate (1-50%),0.4836,0.5137,0.0027,0.5164,7.1842856,0.0,298.52713
13,2025-07-13,118,-15.02785,145.56805,2,0.81,0,None (0%),0.5229,0.475,0.0021,0.4771,4.9685717,0.0,298.06
13,2025-07-13,119,-12.767325,143.42282,4,0.89,1,Moderate (1-50%),0.4073,0.5885,0.0042,0.5927,8.127143,0.0,297.91284
13,2025-07-13,120,-11.997334,143.27243,6,2.5,1,Moderate (1-50%),0.4285,0.568,0.0035,0.5715,6.3714285,0.0,298.20142
13,2025-07-13,121,-11.0088,142.98685,2,2.22,1,Moderate (1-50%),0.3841,0.6073,0.0086,0.6159,9.55,0.0,298.79715
13,2025-07-13,122,-20.751085,149.4548,7,3.39,0,None (0%),0.564,0.4349,0.0011,0.436,3.5,0.0,295.82428
13,2025-07-13,123,-18.65635,147.71594,2,2.28,1,Moderate (1-50%),0.4118,0.5869,0.0013,0.5882,4.257143,0.0,297.8714
13,2025-07-13,124,-12.470825,143.48958,4,1.65,1,Moderate (1-50%),0.4006,0.5963,0.0032,0.5994,5.7642856,0.0,298.2614
13,2025-07-13,125,-12.30835,143.37485,2,1.85,1,Moderate (1-50%),0.4024,0.5944,0.0032,0.5976,6.198571,0.0,298.2614
13,2025-07-13,126,-10.69155,142.73485,2,2.13,1,Moderate (1-50%),0.3311,0.6584,0.0106,0.6689,8.565714,0.0,298.8343
13,2025-07-13,127,-18.9561,146.9562,15,2.89,1,Moderate (1-50%),0.4854,0.513,0.0015,0.5146,5.2714286,0.0,295.96
13,2025-07-13,128,-13.844505,146.55128,41,3.35,1,Moderate (1-50%),0.4178,0.5714,0.0108,0.5822,11.318571,0.0,299.7729
13,2025-07-13,129,-16.22582,146.00262,10,2.39,1,Moderate (1-50%),0.4881,0.5085,0.0033,0.5119,5.1485715,0.0,297.8857
13,2025-07-13,130,-15.51399,145.77756,20,1.25,0,None (0%),0.675,0.3229,0.0022,0.325,4.242857,0.0,298.2543
13,2025-07-13,131,-16.0,145.9667,2,2.92,1,Moderate (1-50%),0.4278,0.5694,0.0028,0.5722,5.0857143,0.0,298.0886
13,2025-07-13,132,-17.0,149.1,4,3.85,0,None (0%),0.5807,0.4143,0.005,0.4193,7.1528573,0.0,298.9771
14,2025-07-20,0,-19.166714,146.84863,209,2.65,1,Moderate (1-50%),0.4306,0.5664,0.003,0.5694,6.52,0.0,295.5
14,2025-07-20,1,-18.646925,146.54514,149,3.23,1,Moderate (1-50%),0.408,0.5904,0.0016,0.592,4.507143,0.0,296.09283
14,2025-07-20,2,-10.2196665,150.84866,3,2.66,1,Moderate (1-50%),0.0597,0.7416,0.1987,0.9403,18.12,2.0428572,301.07712
14,2025-07-20,3,-23.443886,151.92134,187,2.13,1,Moderate (1-50%),0.2397,0.7593,0.001,0.7603,0.78,0.0,295.31143
14,2025-07-20,4,-18.75,146.25,2,3.83,0,None (0%),0.5351,0.4637,0.0012,0.4649,5.182857,0.0,295.69574
14,2025-07-20,5,-23.146168,150.95728,60,2.97,0,None (0%),0.6325,0.3654,0.0021,0.3675,1.79,0.0,293.7457
14,2025-07-20,6,-19.760475,149.15018,69,3.06,1,Moderate (1-50%),0.3475,0.6503,0.0022,0.6525,3.23,0.0,296.66428
14,2025-07-20,7,-18.227266,146.74213,3,1.83,1,Moderate (1-50%),0.3819,0.6159,0.0023,0.6181,5.65,0.0,297.47
14,2025-07-20,8,-19.020872,146.6052,11,2.13,1,Moderate (1-50%),0.3754,0.6229,0.0016,0.6246,6.0771427,0.0,295.60858
14,2025-07-20,9,-18.739391,147.2709,12,1.66,1,Moderate (1-50%),0.4706,0.5276,0.0018,0.5294,4.89,0.0,297.16284
14,2025-07-20,10,-17.885866,146.59,3,2.0,1,Moderate (1-50%),0.3958,0.5999,0.0043,0.6042,5.26,0.0,297.90286
14,2025-07-20,11,-17.239176,146.34703,8,2.82,1,Moderate (1-50%),0.3458,0.6509,0.0032,0.6542,6.09,0.0,297.73712
14,2025-07-20,12,-20.237434,148.9795,103,1.46,1,Moderate (1-50%),0.3486,0.6501,0.0013,0.6514,3.87,0.0,295.70996
14,2025-07-20,13,-20.3759,150.17145,8,0.38,1,Moderate (1-50%),0.366,0.6312,0.0027,0.634,2.64,0.0,296.60004
14,2025-07-20,14,-20.251957,148.81541,23,2.75,0,None (0%),0.6103,0.3883,0.0014,0.3897,4.21,0.0,295.45712
14,2025-07-20,15,-20.090439,148.5869,23,2.12,1,Moderate (1-50%),0.3834,0.6152,0.0014,0.6166,5.16,0.0,295.9086
14,2025-07-20,16,-20.022484,148.28569,12,1.15,0,None (0%),0.6129,0.3858,0.0013,0.3871,6.53,0.0,295.58286
14,2025-07-20,17,-19.86675,147.92262,4,0.95,0,None (0%),0.5561,0.4414,0.0025,0.4439,6.05,0.0,295.5857
14,2025-07-20,18,-23.992844,151.69751,7,3.03,0,None (0%),0.6246,0.3743,0.0011,0.3754,3.2,0.0,293.13712
14,2025-07-20,19,-23.520433,151.2612,3,1.5,1,Moderate (1-50%),0.4088,0.5882,0.003,0.5912,3.35,0.0,293.43716
14,2025-07-20,20,-23.408117,151.1666,6,2.06,1,Moderate (1-50%),0.4084,0.5888,0.0028,0.5916,3.59,0.0,293.34283
14,2025-07-20,21,-23.326,150.92995,2,0.52,1,Moderate (1-50%),0.3697,0.6271,0.0032,0.6303,3.8,0.0,292.92285
14,2025-07-20,22,-21.991533,152.46994,3,1.91,1,Moderate (1-50%),0.4799,0.5175,0.0026,0.5201,1.83,0.0,296.82
14,2025-07-20,23,-20.911617,149.42245,11,1.51,0,None (0%),0.5235,0.4754,0.0011,0.4765,2.99,0.0,295.08856
14,2025-07-20,24,-20.758585,150.43915,7,2.34,0,None (0%),0.5172,0.4803,0.0025,0.4828,3.17,0.0,296.45285
14,2025-07-20,25,-19.7155,147.77403,7,1.06,1,Moderate (1-50%),0.4661,0.5326,0.0014,0.5339,5.82,0.0,295.71426
14,2025-07-20,26,-19.34095,148.0835,2,1.99,1,Moderate (1-50%),0.3637,0.6328,0.0034,0.6363,4.65,0.0,296.98712
14,2025-07-20,27,-19.32325,148.4333,2,0.89,0,None (0%),0.548,0.4496,0.0023,0.452,4.01,0.0,296.85284
14,2025-07-20,28,-19.311234,148.34396,3,2.51,1,Moderate (1-50%),0.432,0.5651,0.0028,0.568,4.31,0.0,296.83572
14,2025-07-20,29,-19.2076,148.8596,2,2.52,0,None (0%),0.5271,0.4699,0.0029,0.4729,3.28,0.0,297.51
14,2025-07-20,30,-19.11165,148.33365,6,1.74,1,Moderate (1-50%),0.3958,0.6006,0.0036,0.6042,3.45,0.0,297.1357
14,2025-07-20,31,-18.9913,148.06412,6,2.14,1,Moderate (1-50%),0.3442,0.648,0.0078,0.6558,4.41,0.0,297.54144
14,2025-07-20,32,-18.847086,147.91052,7,2.89,1,Moderate (1-50%),0.3338,0.6576,0.0086,0.6662,4.3,0.0,297.7857
14,2025-07-20,33,-18.1497,146.28976,3,3.16,1,Moderate (1-50%),0.4119,0.5865,0.0016,0.5881,4.23,0.0,296.49
14,2025-07-20,34,-17.6551,146.49199,6,2.85,1,Moderate (1-50%),0.4091,0.5868,0.0042,0.5909,5.25,0.0,297.93857
14,2025-07-20,35,-17.34235,146.52235,4,1.95,1,Moderate (1-50%),0.3285,0.6687,0.0028,0.6715,5.68,0.0,298.16998
14,2025-07-20,36,-16.871353,146.21158,88,1.49,1,Moderate (1-50%),0.3322,0.6645,0.0033,0.6678,5.68,0.0,298.1357
14,2025-07-20,37,-16.935507,145.98845,13,1.85,1,Moderate (1-50%),0.3579,0.6365,0.0055,0.6421,5.3271427,0.0,297.19998
14,2025-07-20,38,-16.52347,145.99037,108,1.65,1,Moderate (1-50%),0.492,0.5047,0.0033,0.508,5.18,0.0,298.1757
14,2025-07-20,39,-16.12418,145.83456,243,1.03,1,Moderate (1-50%),0.4046,0.5918,0.0037,0.5954,4.58,0.0,297.93716
14,2025-07-20,40,-15.77885,145.58086,2,0.76,0,None (0%),0.5797,0.4172,0.0031,0.4203,3.9071429,0.0,297.0357
14,2025-07-20,41,-15.499777,145.51018,13,3.18,1,Moderate (1-50%),0.345,0.6529,0.002,0.655,3.27,0.0,297.39285
14,2025-07-20,42,-14.85125,145.27235,2,2.66,1,Moderate (1-50%),0.4712,0.5264,0.0024,0.5288,4.754286,0.0,296.97144
14,2025-07-20,43,-14.728744,145.10814,16,1.86,0,None (0%),0.5347,0.462,0.0033,0.4653,5.2442856,0.0,297.00858
14,2025-07-20,44,-14.4546,144.90607,7,3.05,1,Moderate (1-50%),0.429,0.5679,0.0031,0.571,5.654286,0.0,297.3714
14,2025-07-20,45,-14.1632,144.26332,5,1.82,1,Moderate (1-50%),0.4821,0.5133,0.0046,0.5179,4.55,0.0,297.43716
14,2025-07-20,46,-14.13435,144.5049,2,2.4,1,Moderate (1-50%),0.4149,0.582,0.0032,0.5851,6.0657144,0.0,297.70142
14,2025-07-20,47,-14.07125,143.8833,2,0.99,1,Moderate (1-50%),0.2542,0.7427,0.003,0.7458,5.4414287,0.0,297.80002
14,2025-07-20,48,-13.922125,143.78668,4,1.3,1,Moderate (1-50%),0.1973,0.8005,0.0023,0.8027,6.067143,0.0,297.92715
14,2025-07-20,49,-23.6966,152.1829,2,2.53,1,Moderate (1-50%),0.1071,0.8923,0.0006,0.8929,0.77,0.0,295.53287
14,2025-07-20,50,-17.776623,146.45274,9,2.36,1,Moderate (1-50%),0.3892,0.6066,0.0042,0.6108,5.05,0.0,297.80716
14,2025-07-20,51,-16.284166,145.4936,3,2.23,1,Moderate (1-50%),0.2835,0.7127,0.0039,0.7165,5.607143,0.0,296.67572
14,2025-07-20,52,-15.71492,145.45647,5,2.28,1,Moderate (1-50%),0.2954,0.7007,0.0038,0.7046,3.817143,0.0,296.7857
14,2025-07-20,53,-22.2081,150.33665,2,2.23,0,None (0%),0.5777,0.4213,0.001,0.4223,2.09,0.0,294.4857
14,2025-07-20,54,-22.024067,150.66617,3,0.92,1,Moderate (1-50%),0.361,0.6358,0.0031,0.639,2.49,0.0,295.57285
14,2025-07-20,55,-22.018534,150.34753,3,2.43,1,Moderate (1-50%),0.3188,0.6796,0.0015,0.6812,2.18,0.0,294.9643
14,2025-07-20,56,-21.95394,150.1631,5,2.64,0,None (0%),0.5211,0.4779,0.0009,0.4789,1.81,0.0,294.5257
14,2025-07-20,57,-21.6832,150.28384,4,1.29,1,Moderate (1-50%),0.4562,0.5429,0.0009,0.5438,1.86,0.0,295.22998
14,2025-07-20,58,-21.455212,149.86604,8,2.39,0,None (0%),0.5702,0.4287,0.0011,0.4298,2.3,0.0,294.78287
14,2025-07-20,59,-18.062532,146.56087,3,2.04,1,Moderate (1-50%),0.3969,0.5995,0.0036,0.6031,5.18,0.0,297.44717
14,2025-07-20,60,-23.958666,151.47777,3,1.84,0,None (0%),0.7331,0.2658,0.0011,0.2669,5.19,0.0,292.59
14,2025-07-20,61,-23.767967,151.33594,3,1.36,0,None (0%),0.6637,0.3328,0.0035,0.3363,4.7,0.0,292.99713
14,2025-07-20,62,-23.5347,151.73087,3,1.23,1,Moderate (1-50%),0.3015,0.6968,0.0017,0.6985,1.4,0.0,294.7457
14,2025-07-20,63,-19.2064,147.0493,3,3.28,1,Moderate (1-50%),0.2941,0.704,0.002,0.7059,5.58,0.0,295.42572
14,2025-07-20,64,-18.0518,146.78749,12,2.9,1,Moderate (1-50%),0.4439,0.5516,0.0045,0.5561,5.18,0.0,298.00998
14,2025-07-20,65,-18.008833,146.16989,9,1.88,1,Moderate (1-50%),0.3419,0.6563,0.0018,0.6581,3.54,0.0,296.37997
14,2025-07-20,66,-17.721071,146.1557,7,2.09,1,Moderate (1-50%),0.3749,0.6232,0.0019,0.6251,3.26,0.0,296.51715
14,2025-07-20,67,-17.467283,146.3924,6,2.04,1,Moderate (1-50%),0.4391,0.557,0.0039,0.5609,5.69,0.0,297.6457
14,2025-07-20,68,-17.20583,146.07251,10,2.15,1,Moderate (1-50%),0.4161,0.5797,0.0042,0.5839,5.2,0.0,296.72998
14,2025-07-20,69,-16.545633,145.52946,3,2.34,1,Moderate (1-50%),0.251,0.7453,0.0037,0.749,6.0214286,0.0,296.6443
14,2025-07-20,70,-16.379562,145.56004,47,1.67,1,Moderate (1-50%),0.3975,0.5992,0.0033,0.6025,5.682857,0.0,296.80426
14,2025-07-20,71,-15.9993,145.4327,3,2.82,1,Moderate (1-50%),0.2517,0.7454,0.0028,0.7483,4.5185714,0.0,296.61572
14,2025-07-20,72,-15.156473,145.46036,11,2.59,1,Moderate (1-50%),0.3642,0.634,0.0018,0.6358,3.2485714,0.0,297.4857
14,2025-07-20,73,-11.8956,143.1068,2,3.03,1,Moderate (1-50%),0.21,0.7866,0.0035,0.79,5.3614287,0.0,298.43143
14,2025-07-20,74,-10.14675,151.16306,2,3.4,1,Moderate (1-50%),0.0335,0.8118,0.1547,0.9665,18.158571,2.1714287,301.4357
14,2025-07-20,75,-18.4208,147.34987,3,2.66,1,Moderate (1-50%),0.494,0.5024,0.0037,0.506,4.86,0.0,297.9814
14,2025-07-20,76,-19.54529,149.26216,28,2.63,1,Moderate (1-50%),0.4534,0.5429,0.0037,0.5466,1.92,0.0,297.15143
14,2025-07-20,77,-18.665953,147.07942,15,1.11,1,Moderate (1-50%),0.4786,0.5192,0.0022,0.5214,5.39,0.0,296.95428
14,2025-07-20,78,-18.441046,146.99043,15,2.42,0,None (0%),0.5115,0.4862,0.0022,0.4885,6.12,0.0,297.44855
14,2025-07-20,79,-22.0,152.67,2,2.83,1,Moderate (1-50%),0.4291,0.5661,0.0049,0.5709,2.05,0.0,296.97858
14,2025-07-20,80,-18.402128,146.79951,11,3.63,1,Moderate (1-50%),0.4295,0.5679,0.0026,0.5705,6.032857,0.0,297.06143
14,2025-07-20,81,-18.52425,147.1444,2,2.05,1,Moderate (1-50%),0.4962,0.5022,0.0016,0.5038,5.614286,0.0,297.34714
14,2025-07-20,82,-21.3925,152.50706,5,2.69,1,Moderate (1-50%),0.498,0.5004,0.0017,0.502,1.91,0.0,297.1314
14,2025-07-20,83,-21.121021,152.48535,9,1.16,1,Moderate (1-50%),0.4557,0.5419,0.0024,0.5443,2.48,0.0,297.56857
14,2025-07-20,84,-21.106472,152.2254,11,2.06,1,Moderate (1-50%),0.493,0.5044,0.0026,0.507,2.89,0.0,297.48712
14,2025-07-20,85,-20.96795,149.75764,2,1.96,0,None (0%),0.5196,0.4794,0.001,0.4804,3.56,0.0,295.82
14,2025-07-20,86,-20.928566,150.04893,3,2.52,0,None (0%),0.5928,0.4058,0.0015,0.4072,4.01,0.0,295.96857
14,2025-07-20,87,-19.68672,149.93729,5,1.83,0,None (0%),0.5851,0.4132,0.0017,0.4149,2.35,0.0,297.42856
14,2025-07-20,88,-19.501034,148.7524,3,3.57,1,Moderate (1-50%),0.3795,0.6181,0.0024,0.6205,3.34,0.0,296.80142
14,2025-07-20,89,-19.3041,148.6315,4,2.42,1,Moderate (1-50%),0.3991,0.5979,0.003,0.6009,3.26,0.0,296.98856
14,2025-07-20,90,-19.20995,148.542,2,2.45,0,None (0%),0.5044,0.4928,0.0028,0.4956,3.12,0.0,297.06714
14,2025-07-20,91,-18.82149,147.65489,18,2.15,1,Moderate (1-50%),0.3126,0.6843,0.0031,0.6874,4.71,0.0,297.53857
14,2025-07-20,92,-17.5251,146.52454,3,0.05,1,Moderate (1-50%),0.4126,0.5829,0.0045,0.5874,5.63,0.0,298.1586
14,2025-07-20,93,-14.88175,145.50227,6,2.56,1,Moderate (1-50%),0.2506,0.7462,0.0031,0.7494,5.5742855,0.0,297.92572
14,2025-07-20,94,-24.112192,152.71562,14,1.71,1,Moderate (1-50%),0.0942,0.9051,0.0007,0.9058,0.16,0.0,295.45856
14,2025-07-20,95,-19.449833,148.86703,3,2.89,1,Moderate (1-50%),0.4688,0.5287,0.0024,0.5312,2.96,0.0,297.1014
14,2025-07-20,96,-16.409634,145.74434,3,2.68,1,Moderate (1-50%),0.433,0.5648,0.0022,0.567,5.8357143,0.0,297.24854
14,2025-07-20,97,-12.67815,143.5829,2,0.93,1,Moderate (1-50%),0.3988,0.5971,0.0041,0.6012,5.952857,0.0,298.47858
14,2025-07-20,98,-12.2257,143.2841,2,0.99,1,Moderate (1-50%),0.2727,0.7224,0.0049,0.7273,5.5542855,0.0,298.37714
14,2025-07-20,99,-11.782,142.95316,5,2.5,1,Moderate (1-50%),0.1944,0.8021,0.0035,0.8056,6.0014286,0.0,298.46857
14,2025-07-20,100,-11.7694,143.09245,2,2.0,1,Moderate (1-50%),0.2057,0.7921,0.0022,0.7943,5.4228573,0.0,298.49286
14,2025-07-20,101,-11.482866,143.01598,9,1.32,1,Moderate (1-50%),0.1687,0.8268,0.0045,0.8313,7.0614285,0.0,298.67715
14,2025-07-20,102,-11.191144,142.98755,9,2.26,1,Moderate (1-50%),0.2413,0.7542,0.0045,0.7587,7.9614286,0.0,298.82568
14,2025-07-20,103,-14.610958,145.62405,19,1.56,1,Moderate (1-50%),0.2493,0.7467,0.004,0.7507,6.7714286,0.0,298.71143
14,2025-07-20,104,-14.704066,145.44646,9,3.28,1,Moderate (1-50%),0.3083,0.6886,0.0031,0.6917,5.6642857,0.0,297.78
14,2025-07-20,105,-23.32,151.98,2,0.75,1,Moderate (1-50%),0.1371,0.8613,0.0015,0.8629,1.08,0.0,295.46997
14,2025-07-20,106,-18.26362,147.38202,5,1.47,1,Moderate (1-50%),0.3206,0.6725,0.0069,0.6794,5.062857,0.0,298.33002
14,2025-07-20,107,-14.0,146.0,2,3.87,1,Moderate (1-50%),0.2592,0.727,0.0138,0.7408,8.475715,0.0,299.41
14,2025-07-20,108,-21.87,152.19,2,1.64,1,Moderate (1-50%),0.4396,0.5591,0.0013,0.5604,2.22,0.0,296.31857
14,2025-07-20,109,-21.13605,150.77615,2,1.23,0,None (0%),0.507,0.4905,0.0025,0.493,3.08,0.0,296.51144
14,2025-07-20,110,-20.66895,150.2588,2,1.81,1,Moderate (1-50%),0.4717,0.5255,0.0028,0.5283,3.21,0.0,296.58713
14,2025-07-20,111,-20.08315,149.93718,4,1.56,1,Moderate (1-50%),0.3444,0.6529,0.0027,0.6556,1.61,0.0,296.79
14,2025-07-20,112,-19.6179,149.67664,3,0.81,0,None (0%),0.5537,0.4443,0.002,0.4463,2.04,0.0,297.31717
14,2025-07-20,113,-18.791527,147.52235,34,1.86,1,Moderate (1-50%),0.4841,0.5136,0.0023,0.5159,5.0542855,0.0,297.43573
14,2025-07-20,114,-18.53455,147.49355,4,2.22,1,Moderate (1-50%),0.4783,0.5185,0.0032,0.5217,4.4028573,0.0,297.76712
14,2025-07-20,115,-18.1362,146.9716,2,1.3,1,Moderate (1-50%),0.3009,0.6933,0.0058,0.6991,5.397143,0.0,298.24002
14,2025-07-20,116,-15.359506,145.7791,18,1.78,1,Moderate (1-50%),0.3021,0.695,0.0029,0.6979,4.457143,0.0,298.26425
14,2025-07-20,117,-14.925742,145.68793,38,1.39,1,Moderate (1-50%),0.2929,0.7027,0.0044,0.7071,6.3557143,0.0,298.32285
14,2025-07-20,118,-15.02785,145.56805,2,0.81,1,Moderate (1-50%),0.3005,0.6958,0.0038,0.6995,4.627143,0.0,298.0357
14,2025-07-20,119,-12.767325,143.42282,4,0.89,1,Moderate (1-50%),0.3608,0.6354,0.0038,0.6392,7.277143,0.0,298.16284
14,2025-07-20,120,-11.997334,143.27243,6,2.5,1,Moderate (1-50%),0.2754,0.7212,0.0033,0.7246,5.475714,0.0,298.51285
14,2025-07-20,121,-11.0088,142.98685,2,2.22,1,Moderate (1-50%),0.1126,0.884,0.0034,0.8874,8.478572,0.0,298.98285
14,2025-07-20,122,-20.751085,149.4548,7,3.39,1,Moderate (1-50%),0.4437,0.555,0.0013,0.5563,3.5,0.0,295.72
14,2025-07-20,123,-18.65635,147.71594,2,2.28,0,None (0%),0.569,0.4275,0.0035,0.431,4.12,0.0,297.80716
14,2025-07-20,124,-12.470825,143.48958,4,1.65,1,Moderate (1-50%),0.3915,0.6054,0.003,0.6085,4.987143,0.0,298.44
14,2025-07-20,125,-12.30835,143.37485,2,1.85,1,Moderate (1-50%),0.3384,0.6588,0.0028,0.6616,5.4542856,0.0,298.39572
14,2025-07-20,126,-10.69155,142.73485,2,2.13,1,Moderate (1-50%),0.1757,0.8197,0.0046,0.8243,7.46,0.0,299.06
14,2025-07-20,127,-18.9561,146.9562,15,2.89,1,Moderate (1-50%),0.405,0.5937,0.0013,0.595,5.25,0.0,295.96573
14,2025-07-20,128,-13.844505,146.55128,41,3.35,1,Moderate (1-50%),0.2118,0.7757,0.0126,0.7882,11.147142,0.0,299.66998
14,2025-07-20,129,-16.22582,146.00262,10,2.39,1,Moderate (1-50%),0.2597,0.7375,0.0028,0.7403,4.702857,0.0,298.36996
14,2025-07-20,130,-15.51399,145.77756,20,1.25,1,Moderate (1-50%),0.2986,0.6994,0.002,0.7014,4.04,0.0,297.93286
14,2025-07-20,131,-16.0,145.9667,2,2.92,1,Moderate (1-50%),0.2449,0.7531,0.002,0.7551,4.6528573,0.0,298.24713
14,2025-07-20,132,-17.0,149.1,4,3.85,0,None (0%),0.5623,0.4336,0.0042,0.4377,6.0728574,0.0,299.00714
15,2025-07-27,0,-19.166714,146.84863,209,2.65,1,Moderate (1-50%),0.3661,0.6332,0.0007,0.6339,5.65,0.0,295.5957
15,2025-07-27,1,-18.646925,146.54514,149,3.23,1,Moderate (1-50%),0.1641,0.8351,0.0009,0.8359,3.91,0.0,296.24713
15,2025-07-27,2,-10.2196665,150.84866,3,2.66,1,Moderate (1-50%),0.0494,0.8139,0.1366,0.9506,18.12,0.9128571,301.15854
15,2025-07-27,3,-23.443886,151.92134,187,2.13,1,Moderate (1-50%),0.2741,0.7255,0.0004,0.7259,0.78,0.0,295.34
15,2025-07-27,4,-18.75,146.25,2,3.83,1,Moderate (1-50%),0.1973,0.8016,0.0011,0.8027,4.3628573,0.0,295.85858
15,2025-07-27,5,-23.146168,150.95728,60,2.97,1,Moderate (1-50%),0.4362,0.5629,0.0009,0.5638,1.6185714,0.0,293.8757
15,2025-07-27,6,-19.760475,149.15018,69,3.06,1,Moderate (1-50%),0.2944,0.7041,0.0016,0.7056,2.9628572,0.0,296.8714
15,2025-07-27,7,-18.227266,146.74213,3,1.83,1,Moderate (1-50%),0.3452,0.6527,0.0021,0.6548,5.0928574,0.0,297.80142
15,2025-07-27,8,-19.020872,146.6052,11,2.13,1,Moderate (1-50%),0.2901,0.709,0.0009,0.7099,5.0614285,0.0,295.71143
15,2025-07-27,9,-18.739391,147.2709,12,1.66,1,Moderate (1-50%),0.2805,0.7179,0.0016,0.7195,4.16,0.0,297.66998
15,2025-07-27,10,-17.885866,146.59,3,2.0,1,Moderate (1-50%),0.2943,0.7031,0.0026,0.7057,4.757143,0.0,298.05713
15,2025-07-27,11,-17.239176,146.34703,8,2.82,1,Moderate (1-50%),0.2097,0.788,0.0024,0.7903,5.5457144,0.0,298.35284
15,2025-07-27,12,-20.237434,148.9795,103,1.46,1,Moderate (1-50%),0.1755,0.8236,0.0009,0.8245,3.7014287,0.0,295.95285
15,2025-07-27,13,-20.3759,150.17145,8,0.38,1,Moderate (1-50%),0.2739,0.7232,0.0028,0.7261,2.3814285,0.0,296.70288
15,2025-07-27,14,-20.251957,148.81541,23,2.75,1,Moderate (1-50%),0.2829,0.715,0.0021,0.7171,3.9885714,0.0,295.67142
15,2025-07-27,15,-20.090439,148.5869,23,2.12,1,Moderate (1-50%),0.2394,0.7588,0.0018,0.7606,4.63,0.0,295.95856
15,2025-07-27,16,-20.022484,148.28569,12,1.15,1,Moderate (1-50%),0.2682,0.7306,0.0012,0.7318,5.7885714,0.0,295.8057
15,2025-07-27,17,-19.86675,147.92262,4,0.95,1,Moderate (1-50%),0.3603,0.6386,0.0012,0.6397,5.457143,0.0,295.73575
15,2025-07-27,18,-23.992844,151.69751,7,3.03,0,None (0%),0.5874,0.4117,0.0009,0.4126,3.0714285,0.0,293.18
15,2025-07-27,19,-23.520433,151.2612,3,1.5,1,Moderate (1-50%),0.4805,0.5188,0.0007,0.5195,3.18,0.0,293.74002
15,2025-07-27,20,-23.408117,151.1666,6,2.06,1,Moderate (1-50%),0.4038,0.5952,0.001,0.5962,3.34,0.0,293.53287
15,2025-07-27,21,-23.326,150.92995,2,0.52,0,None (0%),0.6121,0.3868,0.0011,0.3879,3.5,0.0,293.21143
15,2025-07-27,22,-21.991533,152.46994,3,1.91,1,Moderate (1-50%),0.2444,0.7532,0.0024,0.7556,1.83,0.0,296.68143
15,2025-07-27,23,-20.911617,149.42245,11,1.51,1,Moderate (1-50%),0.4008,0.5987,0.0004,0.5992,2.8814285,0.0,295.2271
15,2025-07-27,24,-20.758585,150.43915,7,2.34,1,Moderate (1-50%),0.3365,0.6615,0.0019,0.6635,3.147143,0.0,296.49142
15,2025-07-27,25,-19.7155,147.77403,7,1.06,1,Moderate (1-50%),0.2664,0.7326,0.0011,0.7336,5.282857,0.0,295.8314
15,2025-07-27,26,-19.34095,148.0835,2,1.99,1,Moderate (1-50%),0.3248,0.6731,0.002,0.6752,4.28,0.0,297.14142
15,2025-07-27,27,-19.32325,148.4333,2,0.89,1,Moderate (1-50%),0.4106,0.5874,0.002,0.5894,3.7671428,0.0,296.99142
15,2025-07-27,28,-19.311234,148.34396,3,2.51,1,Moderate (1-50%),0.3586,0.6389,0.0025,0.6414,3.9485714,0.0,296.9771
15,2025-07-27,29,-19.2076,148.8596,2,2.52,0,None (0%),0.5697,0.4261,0.0042,0.4303,3.0742857,0.0,297.56714
15,2025-07-27,30,-19.11165,148.33365,6,1.74,1,Moderate (1-50%),0.4502,0.5471,0.0026,0.5498,3.2385714,0.0,297.42142
15,2025-07-27,31,-18.9913,148.06412,6,2.14,1,Moderate (1-50%),0.3857,0.611,0.0033,0.6143,4.032857,0.0,297.90143
15,2025-07-27,32,-18.847086,147.91052,7,2.89,1,Moderate (1-50%),0.3539,0.6402,0.0059,0.6461,3.9242857,0.0,298.12714
15,2025-07-27,33,-18.1497,146.28976,3,3.16,1,Moderate (1-50%),0.1531,0.846,0.0008,0.8469,3.8314285,0.0,296.85428
15,2025-07-27,34,-17.6551,146.49199,6,2.85,1,Moderate (1-50%),0.2643,0.7324,0.0033,0.7357,4.817143,0.0,297.98856
15,2025-07-27,35,-17.34235,146.52235,4,1.95,1,Moderate (1-50%),0.3925,0.6046,0.003,0.6075,5.1657143,0.0,298.65427
15,2025-07-27,36,-16.871353,146.21158,88,1.49,1,Moderate (1-50%),0.3043,0.6916,0.0041,0.6957,5.08,0.0,298.5957
15,2025-07-27,37,-16.935507,145.98845,13,1.85,1,Moderate (1-50%),0.1824,0.8161,0.0015,0.8176,4.602857,0.0,297.7443
15,2025-07-27,38,-16.52347,145.99037,108,1.65,1,Moderate (1-50%),0.3453,0.651,0.0037,0.6547,4.595714,0.0,298.69855
15,2025-07-27,39,-16.12418,145.83456,243,1.03,1,Moderate (1-50%),0.3466,0.6514,0.002,0.6534,4.067143,0.0,298.70572
15,2025-07-27,40,-15.77885,145.58086,2,0.76,1,Moderate (1-50%),0.1857,0.8124,0.0019,0.8143,3.2357142,0.0,297.97
15,2025-07-27,41,-15.499777,145.51018,13,3.18,1,Moderate (1-50%),0.2376,0.7605,0.0019,0.7624,2.7814286,0.0,298.04715
15,2025-07-27,42,-14.85125,145.27235,2,2.66,1,Moderate (1-50%),0.3986,0.5978,0.0035,0.6014,4.0114284,0.0,297.93286
15,2025-07-27,43,-14.728744,145.10814,16,1.86,1,Moderate (1-50%),0.3068,0.6901,0.0031,0.6932,4.2642856,0.0,297.98715
15,2025-07-27,44,-14.4546,144.90607,7,3.05,1,Moderate (1-50%),0.2362,0.7596,0.0042,0.7638,4.6285715,0.0,298.30573
15,2025-07-27,45,-14.1632,144.26332,5,1.82,1,Moderate (1-50%),0.4,0.5962,0.0037,0.6,3.72,0.0,298.36713
15,2025-07-27,46,-14.13435,144.5049,2,2.4,1,Moderate (1-50%),0.3597,0.6372,0.0031,0.6403,5.2914286,0.0,298.58572
15,2025-07-27,47,-14.07125,143.8833,2,0.99,1,Moderate (1-50%),0.2024,0.7947,0.0028,0.7976,4.2157145,0.0,298.52142
15,2025-07-27,48,-13.922125,143.78668,4,1.3,1,Moderate (1-50%),0.2112,0.7858,0.0031,0.7888,4.7871428,0.0,298.62857
15,2025-07-27,49,-23.6966,152.1829,2,2.53,1,Moderate (1-50%),0.2439,0.7555,0.0007,0.7561,0.77,0.0,295.50858
15,2025-07-27,50,-17.776623,146.45274,9,2.36,1,Moderate (1-50%),0.1935,0.8037,0.0028,0.8065,4.634286,0.0,297.90717
15,2025-07-27,51,-16.284166,145.4936,3,2.23,1,Moderate (1-50%),0.159,0.8383,0.0026,0.841,4.8785715,0.0,297.9643
15,2025-07-27,52,-15.71492,145.45647,5,2.28,1,Moderate (1-50%),0.2574,0.7411,0.0014,0.7426,3.18,0.0,297.77856
15,2025-07-27,53,-22.2081,150.33665,2,2.23,1,Moderate (1-50%),0.4821,0.5168,0.0011,0.5179,1.9528571,0.0,294.74857
15,2025-07-27,54,-22.024067,150.66617,3,0.92,1,Moderate (1-50%),0.2123,0.7863,0.0014,0.7877,2.4042857,0.0,295.48856
15,2025-07-27,55,-22.018534,150.34753,3,2.43,1,Moderate (1-50%),0.213,0.7844,0.0026,0.787,2.0485713,0.0,295.04
15,2025-07-27,56,-21.95394,150.1631,5,2.64,0,None (0%),0.5056,0.4936,0.0008,0.4944,1.7128571,0.0,294.77716
15,2025-07-27,57,-21.6832,150.28384,4,1.29,1,Moderate (1-50%),0.1951,0.8041,0.0008,0.8049,1.7685714,0.0,295.23428
15,2025-07-27,58,-21.455212,149.86604,8,2.39,1,Moderate (1-50%),0.4649,0.5344,0.0006,0.5351,2.2028573,0.0,294.86716
15,2025-07-27,59,-18.062532,146.56087,3,2.04,1,Moderate (1-50%),0.2565,0.7414,0.0021,0.7435,4.6528573,0.0,297.8157
15,2025-07-27,60,-23.958666,151.47777,3,1.84,0,None (0%),0.6795,0.3201,0.0004,0.3205,4.8228574,0.0,292.76855
15,2025-07-27,61,-23.767967,151.33594,3,1.36,0,None (0%),0.6326,0.3662,0.0012,0.3674,4.4414287,0.0,293.14142
15,2025-07-27,62,-23.5347,151.73087,3,1.23,1,Moderate (1-50%),0.2994,0.6997,0.0008,0.7006,1.4,0.0,294.70572
15,2025-07-27,63,-19.2064,147.0493,3,3.28,1,Moderate (1-50%),0.2245,0.7749,0.0006,0.7755,5.004286,0.0,295.76425
15,2025-07-27,64,-18.0518,146.78749,12,2.9,1,Moderate (1-50%),0.4757,0.5213,0.003,0.5243,4.4985714,0.0,298.22714
15,2025-07-27,65,-18.008833,146.16989,9,1.88,1,Moderate (1-50%),0.1355,0.8635,0.001,0.8645,3.2028573,0.0,296.81714
15,2025-07-27,66,-17.721071,146.1557,7,2.09,1,Moderate (1-50%),0.1317,0.8673,0.001,0.8683,3.26,0.0,297.1514
15,2025-07-27,67,-17.467283,146.3924,6,2.04,1,Moderate (1-50%),0.28,0.7163,0.0037,0.72,5.197143,0.0,298.0
15,2025-07-27,68,-17.20583,146.07251,10,2.15,1,Moderate (1-50%),0.1486,0.8489,0.0025,0.8514,4.6914287,0.0,297.50287
15,2025-07-27,69,-16.545633,145.52946,3,2.34,1,Moderate (1-50%),0.1535,0.8442,0.0023,0.8465,5.042857,0.0,297.79425
15,2025-07-27,70,-16.379562,145.56004,47,1.67,1,Moderate (1-50%),0.1512,0.847,0.0018,0.8488,4.93,0.0,298.02286
15,2025-07-27,71,-15.9993,145.4327,3,2.82,1,Moderate (1-50%),0.2896,0.7083,0.0021,0.7104,3.8485715,0.0,297.83713
15,2025-07-27,72,-15.156473,145.46036,11,2.59,1,Moderate (1-50%),0.2746,0.7237,0.0018,0.7254,2.9485714,0.0,298.13998
15,2025-07-27,73,-11.8956,143.1068,2,3.03,1,Moderate (1-50%),0.1935,0.8028,0.0037,0.8065,4.1171427,0.0,298.99142
15,2025-07-27,74,-10.14675,151.16306,2,3.4,1,Moderate (1-50%),0.0649,0.7821,0.153,0.9351,18.158571,1.0457143,301.56284
15,2025-07-27,75,-18.4208,147.34987,3,2.66,0,None (0%),0.5342,0.4643,0.0015,0.4658,4.02,0.0,298.5657
15,2025-07-27,76,-19.54529,149.26216,28,2.63,1,Moderate (1-50%),0.4707,0.5263,0.003,0.5293,1.92,0.0,297.32
15,2025-07-27,77,-18.665953,147.07942,15,1.11,1,Moderate (1-50%),0.2586,0.7401,0.0013,0.7414,4.6057143,0.0,297.45142
15,2025-07-27,78,-18.441046,146.99043,15,2.42,1,Moderate (1-50%),0.4031,0.5952,0.0017,0.5969,5.4314284,0.0,297.82428
15,2025-07-27,79,-22.0,152.67,2,2.83,1,Moderate (1-50%),0.277,0.7197,0.0033,0.723,2.05,0.0,296.9114
15,2025-07-27,80,-18.402128,146.79951,11,3.63,1,Moderate (1-50%),0.2734,0.7255,0.0011,0.7266,5.504286,0.0,297.3457
15,2025-07-27,81,-18.52425,147.1444,2,2.05,1,Moderate (1-50%),0.4206,0.578,0.0014,0.5794,4.9428573,0.0,297.9343
15,2025-07-27,82,-21.3925,152.50706,5,2.69,1,Moderate (1-50%),0.2862,0.7109,0.003,0.7138,1.91,0.0,297.05856
15,2025-07-27,83,-21.121021,152.48535,9,1.16,1,Moderate (1-50%),0.4557,0.5414,0.0029,0.5443,2.4585714,0.0,297.43427
15,2025-07-27,84,-21.106472,152.2254,11,2.06,0,None (0%),0.5543,0.4429,0.0028,0.4457,2.7457142,0.0,297.4157
15,2025-07-27,85,-20.96795,149.75764,2,1.96,1,Moderate (1-50%),0.4207,0.5786,0.0007,0.5793,3.4514287,0.0,295.9157
15,2025-07-27,86,-20.928566,150.04893,3,2.52,1,Moderate (1-50%),0.3773,0.6216,0.0012,0.6227,3.8985715,0.0,296.0657
15,2025-07-27,87,-19.68672,149.93729,5,1.83,0,None (0%),0.6156,0.3817,0.0028,0.3844,2.2828572,0.0,297.50143
15,2025-07-27,88,-19.501034,148.7524,3,3.57,1,Moderate (1-50%),0.2724,0.7258,0.0018,0.7276,3.1014285,0.0,296.93854
15,2025-07-27,89,-19.3041,148.6315,4,2.42,1,Moderate (1-50%),0.3571,0.6405,0.0024,0.6429,3.05,0.0,297.1114
15,2025-07-27,90,-19.20995,148.542,2,2.45,1,Moderate (1-50%),0.452,0.546,0.0021,0.548,3.0014286,0.0,297.22287
15,2025-07-27,91,-18.82149,147.65489,18,2.15,1,Moderate (1-50%),0.4042,0.5937,0.0021,0.5958,4.29,0.0,297.80573
15,2025-07-27,92,-17.5251,146.52454,3,0.05,1,Moderate (1-50%),0.436,0.5614,0.0026,0.564,5.0928574,0.0,298.2657
15,2025-07-27,93,-14.88175,145.50227,6,2.56,1,Moderate (1-50%),0.2497,0.7466,0.0037,0.7503,5.2957144,0.0,298.41855
15,2025-07-27,94,-24.112192,152.71562,14,1.71,1,Moderate (1-50%),0.1719,0.827,0.001,0.8281,0.16,0.0,296.1214
15,2025-07-27,95,-19.449833,148.86703,3,2.89,1,Moderate (1-50%),0.3764,0.6205,0.0031,0.6236,2.7542858,0.0,297.15
15,2025-07-27,96,-16.409634,145.74434,3,2.68,1,Moderate (1-50%),0.1073,0.8911,0.0016,0.8927,5.012857,0.0,298.3057
15,2025-07-27,97,-12.67815,143.5829,2,0.93,1,Moderate (1-50%),0.2071,0.7901,0.0027,0.7929,5.2085714,0.0,298.9414
15,2025-07-27,98,-12.2257,143.2841,2,0.99,1,Moderate (1-50%),0.157,0.84,0.0029,0.843,4.5542855,0.0,299.03427
15,2025-07-27,99,-11.782,142.95316,5,2.5,1,Moderate (1-50%),0.2195,0.7761,0.0044,0.7805,4.801429,0.0,299.09
15,2025-07-27,100,-11.7694,143.09245,2,2.0,1,Moderate (1-50%),0.2227,0.7743,0.003,0.7773,4.21,0.0,298.97144
15,2025-07-27,101,-11.482866,143.01598,9,1.32,1,Moderate (1-50%),0.2543,0.742,0.0037,0.7457,5.7885714,0.0,299.10428
15,2025-07-27,102,-11.191144,142.98755,9,2.26,1,Moderate (1-50%),0.2859,0.7086,0.0055,0.7141,6.5457144,0.0,299.2443
15,2025-07-27,103,-14.610958,145.62405,19,1.56,1,Moderate (1-50%),0.2868,0.7095,0.0037,0.7132,6.1728573,0.0,299.10284
15,2025-07-27,104,-14.704066,145.44646,9,3.28,1,Moderate (1-50%),0.4826,0.5147,0.0027,0.5174,5.345714,0.0,298.4
15,2025-07-27,105,-23.32,151.98,2,0.75,1,Moderate (1-50%),0.2465,0.7527,0.0009,0.7535,1.08,0.0,295.54288
15,2025-07-27,106,-18.26362,147.38202,5,1.47,0,None (0%),0.5476,0.4483,0.0041,0.4524,4.107143,0.0,298.82712
15,2025-07-27,107,-14.0,146.0,2,3.87,1,Moderate (1-50%),0.3938,0.598,0.0081,0.6062,7.95,0.0,299.7357
15,2025-07-27,108,-21.87,152.19,2,1.64,1,Moderate (1-50%),0.2403,0.7587,0.001,0.7597,2.22,0.0,296.40283
15,2025-07-27,109,-21.13605,150.77615,2,1.23,1,Moderate (1-50%),0.4677,0.5299,0.0024,0.5323,3.0585713,0.0,296.47858
15,2025-07-27,110,-20.66895,150.2588,2,1.81,1,Moderate (1-50%),0.3286,0.6696,0.0018,0.6714,3.1885715,0.0,296.61282
15,2025-07-27,111,-20.08315,149.93718,4,1.56,1,Moderate (1-50%),0.2757,0.722,0.0022,0.7243,1.5871428,0.0,296.88715
15,2025-07-27,112,-19.6179,149.67664,3,0.81,0,None (0%),0.5712,0.4253,0.0035,0.4288,2.0185714,0.0,297.4443
15,2025-07-27,113,-18.791527,147.52235,34,1.86,1,Moderate (1-50%),0.3768,0.6208,0.0023,0.6232,4.5771427,0.0,297.79144
15,2025-07-27,114,-18.53455,147.49355,4,2.22,0,None (0%),0.5556,0.4431,0.0013,0.4444,3.8942857,0.0,298.32
15,2025-07-27,115,-18.1362,146.9716,2,1.3,1,Moderate (1-50%),0.2795,0.7158,0.0047,0.7205,4.837143,0.0,298.51144
15,2025-07-27,116,-15.359506,145.7791,18,1.78,1,Moderate (1-50%),0.2699,0.7279,0.0022,0.7301,4.0971427,0.0,298.55142
15,2025-07-27,117,-14.925742,145.68793,38,1.39,1,Moderate (1-50%),0.2705,0.7275,0.0021,0.7295,5.8242855,0.0,298.7043
15,2025-07-27,118,-15.02785,145.56805,2,0.81,1,Moderate (1-50%),0.2777,0.7197,0.0026,0.7223,4.42,0.0,298.42715
15,2025-07-27,119,-12.767325,143.42282,4,0.89,1,Moderate (1-50%),0.2827,0.7132,0.0041,0.7173,6.217143,0.0,298.9857
15,2025-07-27,120,-11.997334,143.27243,6,2.5,1,Moderate (1-50%),0.234,0.7613,0.0048,0.766,4.2485714,0.0,299.13998
15,2025-07-27,121,-11.0088,142.98685,2,2.22,1,Moderate (1-50%),0.3099,0.6818,0.0083,0.6901,6.9942856,0.0,299.35428
15,2025-07-27,122,-20.751085,149.4548,7,3.39,1,Moderate (1-50%),0.3579,0.6411,0.001,0.6421,3.2857144,0.0,295.78427
15,2025-07-27,123,-18.65635,147.71594,2,2.28,1,Moderate (1-50%),0.4957,0.5027,0.0016,0.5043,3.7257142,0.0,298.12143
15,2025-07-27,124,-12.470825,143.48958,4,1.65,1,Moderate (1-50%),0.1892,0.8081,0.0027,0.8108,4.26,0.0,299.0257
15,2025-07-27,125,-12.30835,143.37485,2,1.85,1,Moderate (1-50%),0.194,0.8019,0.0041,0.806,4.5942855,0.0,299.08145
15,2025-07-27,126,-10.69155,142.73485,2,2.13,1,Moderate (1-50%),0.3578,0.6281,0.0141,0.6422,6.1328573,0.0,299.6743
15,2025-07-27,127,-18.9561,146.9562,15,2.89,1,Moderate (1-50%),0.2962,0.703,0.0008,0.7038,4.4785714,0.0,296.17142
15,2025-07-27,128,-13.844505,146.55128,41,3.35,1,Moderate (1-50%),0.2789,0.7065,0.0146,0.7211,10.772857,0.0,299.83572
15,2025-07-27,129,-16.22582,146.00262,10,2.39,1,Moderate (1-50%),0.3529,0.6451,0.002,0.6471,4.11,0.0,298.98712
15,2025-07-27,130,-15.51399,145.77756,20,1.25,1,Moderate (1-50%),0.2576,0.7396,0.0028,0.7424,3.72,0.0,298.47287
15,2025-07-27,131,-16.0,145.9667,2,2.92,1,Moderate (1-50%),0.315,0.6833,0.0017,0.685,4.042857,0.0,298.8514
15,2025-07-27,132,-17.0,149.1,4,3.85,0,None (0%),0.5782,0.4196,0.0022,0.4218,4.9514284,0.0,299.09283
16,2025-08-03,0,-19.166714,146.84863,209,2.65,1,Moderate (1-50%),0.3818,0.6167,0.0016,0.6182,3.9085715,0.0,295.88998
16,2025-08-03,1,-18.646925,146.54514,149,3.23,1,Moderate (1-50%),0.1796,0.82,0.0004,0.8204,2.7871428,0.0,296.50858
16,2025-08-03,2,-10.2196665,150.84866,3,2.66,1,Moderate (1-50%),0.0552,0.8853,0.0596,0.9448,17.737143,0.068571426,301.02856
16,2025-08-03,3,-23.443886,151.92134,187,2.13,1,Moderate (1-50%),0.3827,0.6169,0.0004,0.6173,0.6242857,0.0,294.9457
16,2025-08-03,4,-18.75,146.25,2,3.83,1,Moderate (1-50%),0.3123,0.6872,0.0006,0.6877,3.0642858,0.0,296.1257
16,2025-08-03,5,-23.146168,150.95728,60,2.97,0,None (0%),0.8303,0.1694,0.0003,0.1697,0.8757143,0.0,293.68283
16,2025-08-03,6,-19.760475,149.15018,69,3.06,1,Moderate (1-50%),0.2235,0.776,0.0005,0.7765,1.6628572,0.0,296.78287
16,2025-08-03,7,-18.227266,146.74213,3,1.83,1,Moderate (1-50%),0.2638,0.7347,0.0015,0.7362,3.6914287,0.0,297.68857
16,2025-08-03,8,-19.020872,146.6052,11,2.13,1,Moderate (1-50%),0.4428,0.5565,0.0007,0.5572,3.4542856,0.0,295.91287
16,2025-08-03,9,-18.739391,147.2709,12,1.66,1,Moderate (1-50%),0.389,0.6094,0.0017,0.611,2.7057142,0.0,297.69284
16,2025-08-03,10,-17.885866,146.59,3,2.0,1,Moderate (1-50%),0.1643,0.8341,0.0016,0.8357,3.4057143,0.0,297.94144
16,2025-08-03,11,-17.239176,146.34703,8,2.82,1,Moderate (1-50%),0.1525,0.8449,0.0026,0.8475,4.1385713,0.0,298.26144
16,2025-08-03,12,-20.237434,148.9795,103,1.46,1,Moderate (1-50%),0.2134,0.7862,0.0003,0.7866,2.647143,0.0,295.98712
16,2025-08-03,13,-20.3759,150.17145,8,0.38,1,Moderate (1-50%),0.3012,0.6978,0.001,0.6988,1.2957143,0.0,296.57428
16,2025-08-03,14,-20.251957,148.81541,23,2.75,1,Moderate (1-50%),0.3075,0.6909,0.0016,0.6925,2.8028572,0.0,295.77426
16,2025-08-03,15,-20.090439,148.5869,23,2.12,1,Moderate (1-50%),0.2112,0.7879,0.0009,0.7888,3.1514285,0.0,295.85858
16,2025-08-03,16,-20.022484,148.28569,12,1.15,1,Moderate (1-50%),0.2836,0.7146,0.0018,0.7164,4.127143,0.0,295.6657
16,2025-08-03,17,-19.86675,147.92262,4,0.95,1,Moderate (1-50%),0.2276,0.7712,0.0011,0.7724,3.8685715,0.0,295.68854
16,2025-08-03,18,-23.992844,151.69751,7,3.03,0,None (0%),0.6242,0.3749,0.0009,0.3758,2.3185713,0.0,292.9957
16,2025-08-03,19,-23.520433,151.2612,3,1.5,0,None (0%),0.558,0.4409,0.0011,0.442,2.1457143,0.0,293.64572
16,2025-08-03,20,-23.408117,151.1666,6,2.06,0,None (0%),0.5677,0.4313,0.001,0.4323,2.1685715,0.0,293.38998
16,2025-08-03,21,-23.326,150.92995,2,0.52,1,Moderate (1-50%),0.4825,0.5164,0.0011,0.5175,2.13,0.0,293.07712
16,2025-08-03,22,-21.991533,152.46994,3,1.91,1,Moderate (1-50%),0.2612,0.7375,0.0013,0.7388,1.4971429,0.0,296.3557
16,2025-08-03,23,-20.911617,149.42245,11,1.51,1,Moderate (1-50%),0.3607,0.6388,0.0005,0.6393,2.112857,0.0,295.26285
16,2025-08-03,24,-20.758585,150.43915,7,2.34,1,Moderate (1-50%),0.3384,0.661,0.0006,0.6616,2.4528573,0.0,296.38718
16,2025-08-03,25,-19.7155,147.77403,7,1.06,1,Moderate (1-50%),0.2303,0.7693,0.0004,0.7697,3.7642858,0.0,295.9943
16,2025-08-03,26,-19.34095,148.0835,2,1.99,1,Moderate (1-50%),0.2154,0.7833,0.0013,0.7846,2.9657142,0.0,297.37714
16,2025-08-03,27,-19.32325,148.4333,2,0.89,1,Moderate (1-50%),0.2581,0.7405,0.0013,0.7419,2.6614287,0.0,297.2457
16,2025-08-03,28,-19.311234,148.34396,3,2.51,1,Moderate (1-50%),0.2404,0.7585,0.0012,0.7596,2.67,0.0,297.29288
16,2025-08-03,29,-19.2076,148.8596,2,2.52,1,Moderate (1-50%),0.3326,0.6659,0.0015,0.6674,1.9828571,0.0,297.9
16,2025-08-03,30,-19.11165,148.33365,6,1.74,1,Moderate (1-50%),0.3024,0.6957,0.0019,0.6976,2.1542857,0.0,297.48428
16,2025-08-03,31,-18.9913,148.06412,6,2.14,1,Moderate (1-50%),0.378,0.6182,0.0038,0.622,2.5928571,0.0,297.91998
16,2025-08-03,32,-18.847086,147.91052,7,2.89,0,None (0%),0.5374,0.4592,0.0034,0.4626,2.4942858,0.0,298.07144
16,2025-08-03,33,-18.1497,146.28976,3,3.16,1,Moderate (1-50%),0.1811,0.818,0.0009,0.8189,2.932857,0.0,297.0914
16,2025-08-03,34,-17.6551,146.49199,6,2.85,1,Moderate (1-50%),0.2966,0.7019,0.0015,0.7034,3.557143,0.0,297.9943
16,2025-08-03,35,-17.34235,146.52235,4,1.95,1,Moderate (1-50%),0.1566,0.8412,0.0022,0.8434,3.7871428,0.0,298.61142
16,2025-08-03,36,-16.871353,146.21158,88,1.49,1,Moderate (1-50%),0.1497,0.8473,0.003,0.8503,3.6414285,0.0,298.62997
16,2025-08-03,37,-16.935507,145.98845,13,1.85,1,Moderate (1-50%),0.159,0.8398,0.0012,0.841,3.2114286,0.0,297.95572
16,2025-08-03,38,-16.52347,145.99037,108,1.65,1,Moderate (1-50%),0.2553,0.7412,0.0036,0.7447,3.1857142,0.0,298.6743
16,2025-08-03,39,-16.12418,145.83456,243,1.03,1,Moderate (1-50%),0.1549,0.8419,0.0032,0.8451,2.7814286,0.0,298.88998
16,2025-08-03,40,-15.77885,145.58086,2,0.76,1,Moderate (1-50%),0.1944,0.8031,0.0025,0.8056,2.05,0.0,298.39285
16,2025-08-03,41,-15.499777,145.51018,13,3.18,1,Moderate (1-50%),0.3019,0.6964,0.0017,0.6981,1.6585715,0.0,298.4457
16,2025-08-03,42,-14.85125,145.27235,2,2.66,1,Moderate (1-50%),0.1754,0.8198,0.0048,0.8246,2.6414285,0.0,298.35428
16,2025-08-03,43,-14.728744,145.10814,16,1.86,1,Moderate (1-50%),0.2077,0.7874,0.0049,0.7923,2.827143,0.0,298.5143
16,2025-08-03,44,-14.4546,144.90607,7,3.05,1,Moderate (1-50%),0.1007,0.8946,0.0047,0.8993,3.29,0.0,298.82
16,2025-08-03,45,-14.1632,144.26332,5,1.82,1,Moderate (1-50%),0.176,0.8173,0.0067,0.824,2.2314286,0.0,298.9114
16,2025-08-03,46,-14.13435,144.5049,2,2.4,1,Moderate (1-50%),0.1732,0.8203,0.0066,0.8268,3.8328571,0.0,298.96567
16,2025-08-03,47,-14.07125,143.8833,2,0.99,1,Moderate (1-50%),0.379,0.6135,0.0076,0.621,2.8028572,0.0,299.05713
16,2025-08-03,48,-13.922125,143.78668,4,1.3,1,Moderate (1-50%),0.1622,0.8283,0.0095,0.8378,3.367143,0.0,299.12427
16,2025-08-03,49,-23.6966,152.1829,2,2.53,1,Moderate (1-50%),0.3792,0.6202,0.0007,0.6208,0.60571426,0.0,295.31427
16,2025-08-03,50,-17.776623,146.45274,9,2.36,1,Moderate (1-50%),0.22,0.779,0.0009,0.78,3.4057143,0.0,297.90286
16,2025-08-03,51,-16.284166,145.4936,3,2.23,1,Moderate (1-50%),0.0976,0.8996,0.0028,0.9024,3.632857,0.0,298.45428
16,2025-08-03,52,-15.71492,145.45647,5,2.28,1,Moderate (1-50%),0.1209,0.8762,0.0029,0.8791,2.0542858,0.0,298.31427
16,2025-08-03,53,-22.2081,150.33665,2,2.23,0,None (0%),0.5608,0.4384,0.0008,0.4392,1.2228571,0.0,294.52286
16,2025-08-03,54,-22.024067,150.66617,3,0.92,1,Moderate (1-50%),0.3021,0.6963,0.0016,0.6979,1.8557143,0.0,295.1743
16,2025-08-03,55,-22.018534,150.34753,3,2.43,1,Moderate (1-50%),0.4729,0.5257,0.0013,0.5271,1.3628571,0.0,294.73285
16,2025-08-03,56,-21.95394,150.1631,5,2.64,0,None (0%),0.6367,0.3627,0.0006,0.3633,1.0885714,0.0,294.42572
16,2025-08-03,57,-21.6832,150.28384,4,1.29,1,Moderate (1-50%),0.3907,0.6089,0.0003,0.6093,1.3085715,0.0,294.89285
16,2025-08-03,58,-21.455212,149.86604,8,2.39,0,None (0%),0.6953,0.3044,0.0004,0.3047,1.55,0.0,294.60855
16,2025-08-03,59,-18.062532,146.56087,3,2.04,1,Moderate (1-50%),0.214,0.7851,0.0009,0.786,3.3085713,0.0,297.71143
16,2025-08-03,60,-23.958666,151.47777,3,1.84,0,None (0%),0.6192,0.3797,0.0011,0.3808,3.4828572,0.0,292.56143
16,2025-08-03,61,-23.767967,151.33594,3,1.36,0,None (0%),0.5957,0.4034,0.0009,0.4043,3.1871428,0.0,293.03857
16,2025-08-03,62,-23.5347,151.73087,3,1.23,0,None (0%),0.5029,0.4966,0.0004,0.4971,1.2,0.0,294.5757
16,2025-08-03,63,-19.2064,147.0493,3,3.28,1,Moderate (1-50%),0.3868,0.6115,0.0017,0.6132,3.46,0.0,295.94858
16,2025-08-03,64,-18.0518,146.78749,12,2.9,1,Moderate (1-50%),0.2051,0.7908,0.0042,0.7949,3.1042857,0.0,298.07428
16,2025-08-03,65,-18.008833,146.16989,9,1.88,1,Moderate (1-50%),0.1852,0.814,0.0008,0.8148,2.4957142,0.0,297.04288
16,2025-08-03,66,-17.721071,146.1557,7,2.09,1,Moderate (1-50%),0.1433,0.8551,0.0016,0.8567,2.6642857,0.0,297.47574
16,2025-08-03,67,-17.467283,146.3924,6,2.04,1,Moderate (1-50%),0.1278,0.8708,0.0014,0.8722,3.8657143,0.0,298.14142
16,2025-08-03,68,-17.20583,146.07251,10,2.15,1,Moderate (1-50%),0.1159,0.8823,0.0017,0.8841,3.3285713,0.0,297.68857
16,2025-08-03,69,-16.545633,145.52946,3,2.34,1,Moderate (1-50%),0.0902,0.9068,0.0029,0.9098,3.8042858,0.0,298.32568
16,2025-08-03,70,-16.379562,145.56004,47,1.67,1,Moderate (1-50%),0.1458,0.8521,0.0021,0.8542,3.6585715,0.0,298.50143
16,2025-08-03,71,-15.9993,145.4327,3,2.82,1,Moderate (1-50%),0.1431,0.8545,0.0024,0.8569,2.6542857,0.0,298.34427
16,2025-08-03,72,-15.156473,145.46036,11,2.59,1,Moderate (1-50%),0.2936,0.7042,0.0022,0.7064,1.7657143,0.0,298.37143
16,2025-08-03,73,-11.8956,143.1068,2,3.03,1,Moderate (1-50%),0.4268,0.5622,0.011,0.5732,2.6971428,0.0,299.45285
16,2025-08-03,74,-10.14675,151.16306,2,3.4,1,Moderate (1-50%),0.0987,0.7826,0.1186,0.9013,17.858572,0.15428571,301.42715
16,2025-08-03,75,-18.4208,147.34987,3,2.66,1,Moderate (1-50%),0.219,0.7784,0.0026,0.781,2.5128572,0.0,298.39285
16,2025-08-03,76,-19.54529,149.26216,28,2.63,1,Moderate (1-50%),0.258,0.7399,0.0022,0.742,1.4042857,0.0,297.19427
16,2025-08-03,77,-18.665953,147.07942,15,1.11,1,Moderate (1-50%),0.301,0.6975,0.0015,0.699,3.127143,0.0,297.46286
16,2025-08-03,78,-18.441046,146.99043,15,2.42,1,Moderate (1-50%),0.4436,0.5548,0.0017,0.5564,3.94,0.0,297.78
16,2025-08-03,79,-22.0,152.67,2,2.83,1,Moderate (1-50%),0.2562,0.7408,0.003,0.7438,1.59,0.0,296.56003
16,2025-08-03,80,-18.402128,146.79951,11,3.63,1,Moderate (1-50%),0.372,0.6269,0.0011,0.628,4.055714,0.0,297.4714
16,2025-08-03,81,-18.52425,147.1444,2,2.05,1,Moderate (1-50%),0.3961,0.6016,0.0023,0.6039,3.442857,0.0,297.89572
16,2025-08-03,82,-21.3925,152.50706,5,2.69,1,Moderate (1-50%),0.3135,0.6856,0.0009,0.6865,1.4342858,0.0,296.9057
16,2025-08-03,83,-21.121021,152.48535,9,1.16,1,Moderate (1-50%),0.2917,0.7072,0.0012,0.7083,1.6514286,0.0,297.4014
16,2025-08-03,84,-21.106472,152.2254,11,2.06,1,Moderate (1-50%),0.3071,0.6917,0.0011,0.6929,1.8057142,0.0,297.43427
16,2025-08-03,85,-20.96795,149.75764,2,1.96,1,Moderate (1-50%),0.4006,0.599,0.0004,0.5994,2.52,0.0,295.76715
16,2025-08-03,86,-20.928566,150.04893,3,2.52,1,Moderate (1-50%),0.2789,0.7206,0.0005,0.7211,2.9042857,0.0,296.03143
16,2025-08-03,87,-19.68672,149.93729,5,1.83,1,Moderate (1-50%),0.3077,0.691,0.0013,0.6923,1.2214285,0.0,297.35
16,2025-08-03,88,-19.501034,148.7524,3,3.57,1,Moderate (1-50%),0.2347,0.7644,0.0008,0.7653,2.0342858,0.0,296.9857
16,2025-08-03,89,-19.3041,148.6315,4,2.42,1,Moderate (1-50%),0.2148,0.7842,0.001,0.7852,2.0271428,0.0,297.3157
16,2025-08-03,90,-19.20995,148.542,2,2.45,1,Moderate (1-50%),0.2861,0.7122,0.0017,0.7139,2.0242858,0.0,297.43283
16,2025-08-03,91,-18.82149,147.65489,18,2.15,1,Moderate (1-50%),0.4628,0.535,0.0023,0.5372,2.8214285,0.0,297.7729
16,2025-08-03,92,-17.5251,146.52454,3,0.05,1,Moderate (1-50%),0.1673,0.8305,0.0021,0.8327,3.6985714,0.0,298.29712
16,2025-08-03,93,-14.88175,145.50227,6,2.56,1,Moderate (1-50%),0.3553,0.6399,0.0048,0.6447,3.9614286,0.0,298.53143
16,2025-08-03,94,-24.112192,152.71562,14,1.71,1,Moderate (1-50%),0.4058,0.5932,0.001,0.5942,0.16,0.0,295.34717
16,2025-08-03,95,-19.449833,148.86703,3,2.89,1,Moderate (1-50%),0.2553,0.7434,0.0012,0.7447,1.7957143,0.0,297.36713
16,2025-08-03,96,-16.409634,145.74434,3,2.68,1,Moderate (1-50%),0.1131,0.8841,0.0028,0.8869,3.63,0.0,298.51712
16,2025-08-03,97,-12.67815,143.5829,2,0.93,1,Moderate (1-50%),0.4339,0.5583,0.0078,0.5661,3.7285714,0.0,299.36426
16,2025-08-03,98,-12.2257,143.2841,2,0.99,1,Moderate (1-50%),0.2473,0.7441,0.0087,0.7527,3.2514286,0.0,299.51144
16,2025-08-03,99,-11.782,142.95316,5,2.5,1,Moderate (1-50%),0.271,0.7151,0.0138,0.729,3.3314285,0.0,299.55142
16,2025-08-03,100,-11.7694,143.09245,2,2.0,1,Moderate (1-50%),0.3962,0.5942,0.0096,0.6038,2.7242856,0.0,299.4243
16,2025-08-03,101,-11.482866,143.01598,9,1.32,1,Moderate (1-50%),0.2839,0.707,0.0092,0.7161,4.2,0.0,299.48856
16,2025-08-03,102,-11.191144,142.98755,9,2.26,1,Moderate (1-50%),0.3774,0.6151,0.0076,0.6226,4.9057145,0.0,299.5457
16,2025-08-03,103,-14.610958,145.62405,19,1.56,1,Moderate (1-50%),0.2475,0.7453,0.0072,0.7525,4.7642856,0.0,298.94284
16,2025-08-03,104,-14.704066,145.44646,9,3.28,1,Moderate (1-50%),0.2799,0.7149,0.0052,0.7201,4.01,0.0,298.5886
16,2025-08-03,105,-23.32,151.98,2,0.75,1,Moderate (1-50%),0.3298,0.6696,0.0006,0.6702,0.75285715,0.0,295.15854
16,2025-08-03,106,-18.26362,147.38202,5,1.47,1,Moderate (1-50%),0.2918,0.7044,0.0038,0.7082,2.5714285,0.0,298.70572
16,2025-08-03,107,-14.0,146.0,2,3.87,1,Moderate (1-50%),0.463,0.5304,0.0067,0.537,6.3671427,0.0,299.73145
16,2025-08-03,108,-21.87,152.19,2,1.64,1,Moderate (1-50%),0.3147,0.6847,0.0005,0.6853,1.8614286,0.0,296.23712
16,2025-08-03,109,-21.13605,150.77615,2,1.23,1,Moderate (1-50%),0.3163,0.6828,0.0008,0.6837,2.5442858,0.0,296.43
16,2025-08-03,110,-20.66895,150.2588,2,1.81,1,Moderate (1-50%),0.3172,0.682,0.0008,0.6828,2.49,0.0,296.4471
16,2025-08-03,111,-20.08315,149.93718,4,1.56,1,Moderate (1-50%),0.3214,0.6776,0.001,0.6786,0.9257143,0.0,296.70142
16,2025-08-03,112,-19.6179,149.67664,3,0.81,1,Moderate (1-50%),0.3354,0.6627,0.002,0.6646,1.1514286,0.0,297.29715
16,2025-08-03,113,-18.791527,147.52235,34,1.86,1,Moderate (1-50%),0.4411,0.5571,0.0017,0.5589,3.0914285,0.0,297.85428
16,2025-08-03,114,-18.53455,147.49355,4,2.22,1,Moderate (1-50%),0.2286,0.7698,0.0016,0.7714,2.4485714,0.0,298.25287
16,2025-08-03,115,-18.1362,146.9716,2,1.3,1,Moderate (1-50%),0.2296,0.7661,0.0043,0.7704,3.357143,0.0,298.43
16,2025-08-03,116,-15.359506,145.7791,18,1.78,1,Moderate (1-50%),0.2548,0.7419,0.0032,0.7452,2.7828572,0.0,299.1443
16,2025-08-03,117,-14.925742,145.68793,38,1.39,1,Moderate (1-50%),0.4898,0.5055,0.0047,0.5102,4.397143,0.0,298.85568
16,2025-08-03,118,-15.02785,145.56805,2,0.81,1,Moderate (1-50%),0.4207,0.5751,0.0042,0.5793,3.0842857,0.0,298.58286
16,2025-08-03,119,-12.767325,143.42282,4,0.89,1,Moderate (1-50%),0.3143,0.6745,0.0112,0.6857,4.7557144,0.0,299.51855
16,2025-08-03,120,-11.997334,143.27243,6,2.5,1,Moderate (1-50%),0.1733,0.8155,0.0112,0.8267,2.8542857,0.0,299.51712
16,2025-08-03,121,-11.0088,142.98685,2,2.22,1,Moderate (1-50%),0.2702,0.7184,0.0114,0.7298,5.3628573,0.0,299.59857
16,2025-08-03,122,-20.751085,149.4548,7,3.39,1,Moderate (1-50%),0.3332,0.666,0.0008,0.6668,2.4842858,0.0,295.80426
16,2025-08-03,123,-18.65635,147.71594,2,2.28,1,Moderate (1-50%),0.4069,0.5919,0.0012,0.5931,2.2785714,0.0,297.97858
16,2025-08-03,124,-12.470825,143.48958,4,1.65,1,Moderate (1-50%),0.2137,0.7785,0.0078,0.7863,2.8785715,0.0,299.45145
16,2025-08-03,125,-12.30835,143.37485,2,1.85,1,Moderate (1-50%),0.2213,0.7696,0.0091,0.7787,3.2971427,0.0,299.53427
16,2025-08-03,126,-10.69155,142.73485,2,2.13,1,Moderate (1-50%),0.2862,0.6931,0.0207,0.7138,4.507143,0.0,299.78143
16,2025-08-03,127,-18.9561,146.9562,15,2.89,1,Moderate (1-50%),0.3203,0.6794,0.0004,0.6797,3.0042858,0.0,296.33426
16,2025-08-03,128,-13.844505,146.55128,41,3.35,0,None (0%),0.5081,0.4743,0.0176,0.4919,9.364285,0.0,299.92996
16,2025-08-03,129,-16.22582,146.00262,10,2.39,1,Moderate (1-50%),0.2613,0.7338,0.0049,0.7387,2.7485714,0.0,299.1657
16,2025-08-03,130,-15.51399,145.77756,20,1.25,1,Moderate (1-50%),0.2879,0.7092,0.0029,0.7121,2.4957142,0.0,299.06857
16,2025-08-03,131,-16.0,145.9667,2,2.92,1,Moderate (1-50%),0.3684,0.6274,0.0042,0.6316,2.6842856,0.0,299.24
16,2025-08-03,132,-17.0,149.1,4,3.85,1,Moderate (1-50%),0.4691,0.5279,0.0029,0.5309,3.6714287,0.0,298.98715
17,2025-08-10,0,-19.166714,146.84863,209,2.65,1,Moderate (1-50%),0.3383,0.6604,0.0013,0.6617,2.3785715,0.0,295.39285
17,2025-08-10,1,-18.646925,146.54514,149,3.23,1,Moderate (1-50%),0.4336,0.5651,0.0013,0.5664,1.3514286,0.0,296.4086
17,2025-08-10,2,-10.2196665,150.84866,3,2.66,1,Moderate (1-50%),0.2349,0.7137,0.0514,0.7651,16.705715,0.0,300.94284
17,2025-08-10,3,-23.443886,151.92134,187,2.13,0,None (0%),0.5753,0.4241,0.0006,0.4247,0.108571425,0.0,294.78714
17,2025-08-10,4,-18.75,146.25,2,3.83,1,Moderate (1-50%),0.3423,0.6565,0.0011,0.6577,1.5171429,0.0,295.80856
17,2025-08-10,5,-23.146168,150.95728,60,2.97,0,None (0%),0.6448,0.3539,0.0013,0.3552,0.21571429,0.0,293.33145
17,2025-08-10,6,-19.760475,149.15018,69,3.06,1,Moderate (1-50%),0.3586,0.6401,0.0014,0.6414,0.24142857,0.0,296.63284
17,2025-08-10,7,-18.227266,146.74213,3,1.83,1,Moderate (1-50%),0.3901,0.6072,0.0027,0.6099,2.1642857,0.0,297.4343
17,2025-08-10,8,-19.020872,146.6052,11,2.13,1,Moderate (1-50%),0.379,0.6197,0.0013,0.621,1.9871428,0.0,295.56284
17,2025-08-10,9,-18.739391,147.2709,12,1.66,1,Moderate (1-50%),0.3009,0.6957,0.0033,0.6991,1.4028572,0.0,297.52856
17,2025-08-10,10,-17.885866,146.59,3,2.0,1,Moderate (1-50%),0.4377,0.5598,0.0025,0.5623,1.88,0.0,297.61716
17,2025-08-10,11,-17.239176,146.34703,8,2.82,1,Moderate (1-50%),0.2548,0.7397,0.0056,0.7452,2.652857,0.0,297.74713
17,2025-08-10,12,-20.237434,148.9795,103,1.46,1,Moderate (1-50%),0.4709,0.5282,0.0009,0.5291,0.99714285,0.0,295.83856
17,2025-08-10,13,-20.3759,150.17145,8,0.38,1,Moderate (1-50%),0.4111,0.5877,0.0012,0.5889,0.08,0.0,296.20856
17,2025-08-10,14,-20.251957,148.81541,23,2.75,1,Moderate (1-50%),0.466,0.5324,0.0016,0.534,1.16,0.0,295.49857
17,2025-08-10,15,-20.090439,148.5869,23,2.12,1,Moderate (1-50%),0.3478,0.6508,0.0014,0.6522,1.3,0.0,295.65286
17,2025-08-10,16,-20.022484,148.28569,12,1.15,1,Moderate (1-50%),0.3138,0.6846,0.0016,0.6862,2.1571429,0.0,295.29428
17,2025-08-10,17,-19.86675,147.92262,4,0.95,1,Moderate (1-50%),0.3134,0.6856,0.001,0.6866,2.0057142,0.0,295.45428
17,2025-08-10,18,-23.992844,151.69751,7,3.03,1,Moderate (1-50%),0.3634,0.6355,0.0012,0.6366,0.9342857,0.0,292.89285
17,2025-08-10,19,-23.520433,151.2612,3,1.5,1,Moderate (1-50%),0.3803,0.6189,0.0008,0.6197,0.7242857,0.0,293.34857
17,2025-08-10,20,-23.408117,151.1666,6,2.06,1,Moderate (1-50%),0.3433,0.6559,0.0008,0.6567,0.81857145,0.0,293.0143
17,2025-08-10,21,-23.326,150.92995,2,0.52,1,Moderate (1-50%),0.3546,0.644,0.0014,0.6454,0.7,0.0,292.66998
17,2025-08-10,22,-21.991533,152.46994,3,1.91,0,None (0%),0.5266,0.4719,0.0015,0.4734,0.35285714,0.0,295.85147
17,2025-08-10,23,-20.911617,149.42245,11,1.51,0,None (0%),0.7244,0.2751,0.0006,0.2756,0.8042857,0.0,295.27002
17,2025-08-10,24,-20.758585,150.43915,7,2.34,0,None (0%),0.518,0.4809,0.0011,0.482,0.9085714,0.0,296.04144
17,2025-08-10,25,-19.7155,147.77403,7,1.06,1,Moderate (1-50%),0.4288,0.5699,0.0013,0.5712,2.0514286,0.0,295.65714
17,2025-08-10,26,-19.34095,148.0835,2,1.99,1,Moderate (1-50%),0.3091,0.6885,0.0025,0.6909,1.4785714,0.0,297.08713
17,2025-08-10,27,-19.32325,148.4333,2,0.89,1,Moderate (1-50%),0.2408,0.7568,0.0024,0.7592,1.2314286,0.0,297.0657
17,2025-08-10,28,-19.311234,148.34396,3,2.51,1,Moderate (1-50%),0.2833,0.714,0.0026,0.7167,1.2214285,0.0,297.07
17,2025-08-10,29,-19.2076,148.8596,2,2.52,1,Moderate (1-50%),0.4885,0.5095,0.002,0.5115,0.42571428,0.0,297.41714
17,2025-08-10,30,-19.11165,148.33365,6,1.74,1,Moderate (1-50%),0.2422,0.7552,0.0026,0.7578,0.7,0.0,297.44287
17,2025-08-10,31,-18.9913,148.06412,6,2.14,1,Moderate (1-50%),0.4919,0.5062,0.0019,0.5081,1.03,0.0,297.71573
17,2025-08-10,32,-18.847086,147.91052,7,2.89,1,Moderate (1-50%),0.4765,0.5214,0.0021,0.5235,0.8857143,0.0,297.7643
17,2025-08-10,33,-18.1497,146.28976,3,3.16,1,Moderate (1-50%),0.2798,0.7185,0.0017,0.7202,1.39,0.0,296.7443
17,2025-08-10,34,-17.6551,146.49199,6,2.85,1,Moderate (1-50%),0.251,0.7446,0.0044,0.749,2.03,0.0,297.6743
17,2025-08-10,35,-17.34235,146.52235,4,1.95,1,Moderate (1-50%),0.3964,0.5962,0.0074,0.6036,2.3557143,0.0,298.30573
17,2025-08-10,36,-16.871353,146.21158,88,1.49,1,Moderate (1-50%),0.2519,0.7433,0.0048,0.7481,2.3328571,0.0,298.2429
17,2025-08-10,37,-16.935507,145.98845,13,1.85,1,Moderate (1-50%),0.1506,0.8477,0.0017,0.8494,1.78,0.0,297.07285
17,2025-08-10,38,-16.52347,145.99037,108,1.65,1,Moderate (1-50%),0.3203,0.675,0.0048,0.6797,1.9414285,0.0,298.33572
17,2025-08-10,39,-16.12418,145.83456,243,1.03,1,Moderate (1-50%),0.3399,0.6561,0.0041,0.6601,1.7357143,0.0,298.65854
17,2025-08-10,40,-15.77885,145.58086,2,0.76,1,Moderate (1-50%),0.1108,0.8855,0.0037,0.8892,1.6257143,0.0,297.98712
17,2025-08-10,41,-15.499777,145.51018,13,3.18,1,Moderate (1-50%),0.2231,0.7736,0.0033,0.7769,1.2657143,0.0,298.05856
17,2025-08-10,42,-14.85125,145.27235,2,2.66,1,Moderate (1-50%),0.0989,0.8983,0.0027,0.9011,1.96,0.0,297.6957
17,2025-08-10,43,-14.728744,145.10814,16,1.86,1,Moderate (1-50%),0.1002,0.8967,0.0031,0.8998,2.09,0.0,297.71997
17,2025-08-10,44,-14.4546,144.90607,7,3.05,1,Moderate (1-50%),0.2552,0.7392,0.0055,0.7448,2.0628572,0.0,297.8457
17,2025-08-10,45,-14.1632,144.26332,5,1.82,1,Moderate (1-50%),0.3128,0.6806,0.0067,0.6872,1.78,0.0,298.1443
17,2025-08-10,46,-14.13435,144.5049,2,2.4,1,Moderate (1-50%),0.336,0.6589,0.0051,0.664,2.5114286,0.0,298.20142
17,2025-08-10,47,-14.07125,143.8833,2,0.99,1,Moderate (1-50%),0.3156,0.6823,0.0021,0.6844,1.7257143,0.0,298.48285
17,2025-08-10,48,-13.922125,143.78668,4,1.3,1,Moderate (1-50%),0.3506,0.6477,0.0017,0.6494,2.142857,0.0,298.54144
17,2025-08-10,49,-23.6966,152.1829,2,2.53,0,None (0%),0.5486,0.4508,0.0006,0.4514,0.021428572,0.0,295.39572
17,2025-08-10,50,-17.776623,146.45274,9,2.36,1,Moderate (1-50%),0.3873,0.6091,0.0036,0.6127,1.8828571,0.0,297.52286
17,2025-08-10,51,-16.284166,145.4936,3,2.23,1,Moderate (1-50%),0.0882,0.9087,0.003,0.9118,2.3957143,0.0,297.58
17,2025-08-10,52,-15.71492,145.45647,5,2.28,1,Moderate (1-50%),0.095,0.9006,0.0045,0.905,1.6428572,0.0,297.68997
17,2025-08-10,53,-22.2081,150.33665,2,2.23,1,Moderate (1-50%),0.4803,0.5187,0.001,0.5197,0.17142858,0.0,294.15997
17,2025-08-10,54,-22.024067,150.66617,3,0.92,0,None (0%),0.6013,0.3979,0.0008,0.3987,0.62,0.0,294.99857
17,2025-08-10,55,-22.018534,150.34753,3,2.43,0,None (0%),0.7294,0.2701,0.0005,0.2706,0.21285714,0.0,294.49142
17,2025-08-10,56,-21.95394,150.1631,5,2.64,0,None (0%),0.7413,0.2581,0.0006,0.2587,0.087142855,0.0,294.20142
17,2025-08-10,57,-21.6832,150.28384,4,1.29,0,None (0%),0.6549,0.3446,0.0005,0.3451,0.21571429,0.0,294.7757
17,2025-08-10,58,-21.455212,149.86604,8,2.39,0,None (0%),0.7674,0.2324,0.0002,0.2326,0.33571428,0.0,294.49146
17,2025-08-10,59,-18.062532,146.56087,3,2.04,1,Moderate (1-50%),0.3903,0.6081,0.0016,0.6097,1.7971429,0.0,297.3943
17,2025-08-10,60,-23.958666,151.47777,3,1.84,0,None (0%),0.805,0.1938,0.0012,0.195,1.7442857,0.0,292.29288
17,2025-08-10,61,-23.767967,151.33594,3,1.36,1,Moderate (1-50%),0.4412,0.5577,0.001,0.5588,1.4985714,0.0,292.83286
17,2025-08-10,62,-23.5347,151.73087,3,1.23,1,Moderate (1-50%),0.4416,0.5576,0.0008,0.5584,0.3257143,0.0,294.1914
17,2025-08-10,63,-19.2064,147.0493,3,3.28,1,Moderate (1-50%),0.3779,0.6203,0.0018,0.6221,2.0271428,0.0,295.40143
17,2025-08-10,64,-18.0518,146.78749,12,2.9,0,None (0%),0.5272,0.4699,0.0028,0.4728,1.6285714,0.0,297.87286
17,2025-08-10,65,-18.008833,146.16989,9,1.88,1,Moderate (1-50%),0.3497,0.6485,0.0018,0.6503,1.0528572,0.0,296.59286
17,2025-08-10,66,-17.721071,146.1557,7,2.09,1,Moderate (1-50%),0.2132,0.786,0.0009,0.7868,1.2414286,0.0,296.81143
17,2025-08-10,67,-17.467283,146.3924,6,2.04,1,Moderate (1-50%),0.2267,0.7698,0.0035,0.7733,2.3228571,0.0,297.62714
17,2025-08-10,68,-17.20583,146.07251,10,2.15,1,Moderate (1-50%),0.1688,0.83,0.0011,0.8312,1.7785715,0.0,296.97287
17,2025-08-10,69,-16.545633,145.52946,3,2.34,1,Moderate (1-50%),0.1585,0.8391,0.0024,0.8415,2.4585714,0.0,297.41428
17,2025-08-10,70,-16.379562,145.56004,47,1.67,1,Moderate (1-50%),0.0908,0.9067,0.0025,0.9092,2.37,0.0,297.65143
17,2025-08-10,71,-15.9993,145.4327,3,2.82,1,Moderate (1-50%),0.1592,0.8376,0.0032,0.8408,2.2228572,0.0,297.62857
17,2025-08-10,72,-15.156473,145.46036,11,2.59,1,Moderate (1-50%),0.2084,0.7889,0.0027,0.7916,1.3471428,0.0,298.06427
17,2025-08-10,73,-11.8956,143.1068,2,3.03,1,Moderate (1-50%),0.3395,0.6551,0.0054,0.6605,1.4485714,0.0,299.09714
17,2025-08-10,74,-10.14675,151.16306,2,3.4,1,Moderate (1-50%),0.1617,0.7661,0.0722,0.8383,16.938572,0.0,301.37427
17,2025-08-10,75,-18.4208,147.34987,3,2.66,0,None (0%),0.5067,0.491,0.0023,0.4933,0.9942857,0.0,298.48712
17,2025-08-10,76,-19.54529,149.26216,28,2.63,1,Moderate (1-50%),0.2996,0.6981,0.0023,0.7004,0.21714285,0.0,297.10858
17,2025-08-10,77,-18.665953,147.07942,15,1.11,1,Moderate (1-50%),0.3597,0.6378,0.0024,0.6403,1.7642857,0.0,297.21286
17,2025-08-10,78,-18.441046,146.99043,15,2.42,1,Moderate (1-50%),0.4824,0.5145,0.0032,0.5176,2.4085715,0.0,297.75858
17,2025-08-10,79,-22.0,152.67,2,2.83,1,Moderate (1-50%),0.4639,0.5339,0.0021,0.5361,0.37,0.0,296.0857
17,2025-08-10,80,-18.402128,146.79951,11,3.63,1,Moderate (1-50%),0.3218,0.6756,0.0026,0.6782,2.51,0.0,297.23145
17,2025-08-10,81,-18.52425,147.1444,2,2.05,1,Moderate (1-50%),0.4718,0.5248,0.0034,0.5282,1.9657143,0.0,297.77713
17,2025-08-10,82,-21.3925,152.50706,5,2.69,1,Moderate (1-50%),0.4859,0.5124,0.0016,0.5141,0.36142856,0.0,296.5457
17,2025-08-10,83,-21.121021,152.48535,9,1.16,0,None (0%),0.5939,0.4042,0.0019,0.4061,0.36714286,0.0,296.96857
17,2025-08-10,84,-21.106472,152.2254,11,2.06,0,None (0%),0.5854,0.4128,0.0018,0.4146,0.52,0.0,296.93573
17,2025-08-10,85,-20.96795,149.75764,2,1.96,1,Moderate (1-50%),0.4883,0.511,0.0007,0.5117,1.0885714,0.0,295.82
17,2025-08-10,86,-20.928566,150.04893,3,2.52,1,Moderate (1-50%),0.4845,0.5141,0.0014,0.5155,1.33,0.0,295.9643
17,2025-08-10,87,-19.68672,149.93729,5,1.83,1,Moderate (1-50%),0.375,0.6231,0.0019,0.625,0.07714286,0.0,297.2314
17,2025-08-10,88,-19.501034,148.7524,3,3.57,1,Moderate (1-50%),0.2632,0.7348,0.002,0.7368,0.56,0.0,296.87143
17,2025-08-10,89,-19.3041,148.6315,4,2.42,1,Moderate (1-50%),0.3505,0.6469,0.0026,0.6495,0.56285715,0.0,297.03287
17,2025-08-10,90,-19.20995,148.542,2,2.45,1,Moderate (1-50%),0.3496,0.6481,0.0024,0.6504,0.56285715,0.0,297.21143
17,2025-08-10,91,-18.82149,147.65489,18,2.15,1,Moderate (1-50%),0.4412,0.5563,0.0025,0.5588,1.3457143,0.0,297.3386
17,2025-08-10,92,-17.5251,146.52454,3,0.05,1,Moderate (1-50%),0.2846,0.7123,0.0031,0.7154,2.1957142,0.0,298.07144
17,2025-08-10,93,-14.88175,145.50227,6,2.56,1,Moderate (1-50%),0.2899,0.7058,0.0043,0.7101,2.8942857,0.0,298.31857
17,2025-08-10,94,-24.112192,152.71562,14,1.71,0,None (0%),0.5799,0.4193,0.0008,0.4201,0.0,0.0,295.31857
17,2025-08-10,95,-19.449833,148.86703,3,2.89,1,Moderate (1-50%),0.395,0.6024,0.0026,0.605,0.38857144,0.0,297.08572
17,2025-08-10,96,-16.409634,145.74434,3,2.68,1,Moderate (1-50%),0.1414,0.8566,0.002,0.8586,2.3042858,0.0,297.70856
17,2025-08-10,97,-12.67815,143.5829,2,0.93,1,Moderate (1-50%),0.2936,0.7038,0.0027,0.7064,2.4514287,0.0,299.02426
17,2025-08-10,98,-12.2257,143.2841,2,0.99,1,Moderate (1-50%),0.3898,0.6082,0.002,0.6102,2.0785713,0.0,299.01144
17,2025-08-10,99,-11.782,142.95316,5,2.5,1,Moderate (1-50%),0.3973,0.5992,0.0036,0.6027,2.1757143,0.0,299.13287
17,2025-08-10,100,-11.7694,143.09245,2,2.0,1,Moderate (1-50%),0.3275,0.6696,0.0029,0.6725,1.4485714,0.0,299.1443
17,2025-08-10,101,-11.482866,143.01598,9,1.32,1,Moderate (1-50%),0.2342,0.7598,0.006,0.7658,2.8157144,0.0,299.1914
17,2025-08-10,102,-11.191144,142.98755,9,2.26,1,Moderate (1-50%),0.1861,0.8066,0.0074,0.8139,3.34,0.0,299.25287
17,2025-08-10,103,-14.610958,145.62405,19,1.56,1,Moderate (1-50%),0.2965,0.6942,0.0092,0.7035,3.2585714,0.0,299.09283
17,2025-08-10,104,-14.704066,145.44646,9,3.28,1,Moderate (1-50%),0.2391,0.7567,0.0041,0.7609,2.9171429,0.0,298.1543
17,2025-08-10,105,-23.32,151.98,2,0.75,0,None (0%),0.5214,0.4778,0.0008,0.4786,0.20857143,0.0,294.92715
17,2025-08-10,106,-18.26362,147.38202,5,1.47,1,Moderate (1-50%),0.2775,0.7205,0.002,0.7225,1.0228572,0.0,298.78714
17,2025-08-10,107,-14.0,146.0,2,3.87,1,Moderate (1-50%),0.3328,0.6557,0.0115,0.6672,4.757143,0.0,299.57144
17,2025-08-10,108,-21.87,152.19,2,1.64,0,None (0%),0.5493,0.4496,0.0011,0.4507,0.67142856,0.0,295.80145
17,2025-08-10,109,-21.13605,150.77615,2,1.23,0,None (0%),0.5849,0.414,0.0011,0.4151,1.1685715,0.0,296.0314
17,2025-08-10,110,-20.66895,150.2588,2,1.81,0,None (0%),0.5353,0.4637,0.0009,0.4647,0.9071429,0.0,296.06857
17,2025-08-10,111,-20.08315,149.93718,4,1.56,1,Moderate (1-50%),0.4121,0.5868,0.0011,0.5879,0.027142856,0.0,296.37714
17,2025-08-10,112,-19.6179,149.67664,3,0.81,1,Moderate (1-50%),0.339,0.659,0.002,0.661,0.074285716,0.0,297.2614
17,2025-08-10,113,-18.791527,147.52235,34,1.86,1,Moderate (1-50%),0.4815,0.5151,0.0035,0.5185,1.6971428,0.0,297.3143
17,2025-08-10,114,-18.53455,147.49355,4,2.22,0,None (0%),0.5103,0.4883,0.0014,0.4897,0.9885714,0.0,298.07858
17,2025-08-10,115,-18.1362,146.9716,2,1.3,1,Moderate (1-50%),0.3448,0.6498,0.0054,0.6552,1.8342857,0.0,298.27713
17,2025-08-10,116,-15.359506,145.7791,18,1.78,1,Moderate (1-50%),0.3186,0.6784,0.003,0.6814,1.7628572,0.0,299.03998
17,2025-08-10,117,-14.925742,145.68793,38,1.39,1,Moderate (1-50%),0.4134,0.5833,0.0033,0.5866,3.057143,0.0,298.89716
17,2025-08-10,118,-15.02785,145.56805,2,0.81,1,Moderate (1-50%),0.3472,0.6495,0.0033,0.6528,2.17,0.0,298.5529
17,2025-08-10,119,-12.767325,143.42282,4,0.89,1,Moderate (1-50%),0.3398,0.6579,0.0024,0.6602,3.3614285,0.0,298.84857
17,2025-08-10,120,-11.997334,143.27243,6,2.5,1,Moderate (1-50%),0.313,0.6841,0.0029,0.687,1.5342857,0.0,299.06424
17,2025-08-10,121,-11.0088,142.98685,2,2.22,1,Moderate (1-50%),0.1546,0.8367,0.0087,0.8454,3.7857144,0.0,299.30856
17,2025-08-10,122,-20.751085,149.4548,7,3.39,0,None (0%),0.5412,0.4579,0.0009,0.4588,1.0657142,0.0,295.79712
17,2025-08-10,123,-18.65635,147.71594,2,2.28,0,None (0%),0.5618,0.4369,0.0013,0.4382,0.73,0.0,297.62283
17,2025-08-10,124,-12.470825,143.48958,4,1.65,1,Moderate (1-50%),0.2567,0.7401,0.0032,0.7433,1.7228571,0.0,299.03857
17,2025-08-10,125,-12.30835,143.37485,2,1.85,1,Moderate (1-50%),0.2507,0.7465,0.0029,0.7493,2.1242857,0.0,299.02426
17,2025-08-10,126,-10.69155,142.73485,2,2.13,1,Moderate (1-50%),0.2085,0.7787,0.0128,0.7915,3.087143,0.0,299.40717
17,2025-08-10,127,-18.9561,146.9562,15,2.89,1,Moderate (1-50%),0.333,0.6661,0.0009,0.667,1.75,0.0,295.95142
17,2025-08-10,128,-13.844505,146.55128,41,3.35,1,Moderate (1-50%),0.268,0.7083,0.0237,0.732,7.6657143,0.0,299.6686
17,2025-08-10,129,-16.22582,146.00262,10,2.39,1,Moderate (1-50%),0.3516,0.6447,0.0036,0.6484,1.6771429,0.0,299.08002
17,2025-08-10,130,-15.51399,145.77756,20,1.25,1,Moderate (1-50%),0.2966,0.701,0.0024,0.7034,1.6228571,0.0,298.9114
17,2025-08-10,131,-16.0,145.9667,2,2.92,1,Moderate (1-50%),0.4347,0.5612,0.0042,0.5653,1.6328571,0.0,299.14426
17,2025-08-10,132,-17.0,149.1,4,3.85,0,None (0%),0.5459,0.4503,0.0038,0.4541,2.3614285,0.0,298.57285
18,2025-08-17,0,-19.166714,146.84863,209,2.65,1,Moderate (1-50%),0.4011,0.598,0.0009,0.5989,1.89,0.0,295.4343
18,2025-08-17,1,-18.646925,146.54514,149,3.23,1,Moderate (1-50%),0.4022,0.5971,0.0007,0.5978,0.64,0.0,296.08713
18,2025-08-17,2,-10.2196665,150.84866,3,2.66,1,Moderate (1-50%),0.1311,0.8194,0.0495,0.8689,16.184286,0.0,300.85
18,2025-08-17,3,-23.443886,151.92134,187,2.13,1,Moderate (1-50%),0.3041,0.6948,0.0011,0.6959,0.0,0.0,294.9643
18,2025-08-17,4,-18.75,146.25,2,3.83,1,Moderate (1-50%),0.3893,0.6098,0.0009,0.6107,0.81,0.0,295.82144
18,2025-08-17,5,-23.146168,150.95728,60,2.97,0,None (0%),0.7212,0.2774,0.0014,0.2788,0.0,0.0,293.13998
18,2025-08-17,6,-19.760475,149.15018,69,3.06,1,Moderate (1-50%),0.3555,0.643,0.0015,0.6445,0.0,0.0,296.33002
18,2025-08-17,7,-18.227266,146.74213,3,1.83,1,Moderate (1-50%),0.3068,0.6892,0.0039,0.6932,1.41,0.0,297.44855
18,2025-08-17,8,-19.020872,146.6052,11,2.13,1,Moderate (1-50%),0.4066,0.5919,0.0015,0.5934,1.34,0.0,295.52713
18,2025-08-17,9,-18.739391,147.2709,12,1.66,1,Moderate (1-50%),0.3976,0.6003,0.0022,0.6024,1.06,0.0,297.14853
18,2025-08-17,10,-17.885866,146.59,3,2.0,1,Moderate (1-50%),0.2914,0.7059,0.0027,0.7086,1.1,0.0,297.54712
18,2025-08-17,11,-17.239176,146.34703,8,2.82,1,Moderate (1-50%),0.48,0.5174,0.0025,0.52,1.94,0.0,297.7728
18,2025-08-17,12,-20.237434,148.9795,103,1.46,0,None (0%),0.5824,0.4163,0.0014,0.4176,0.022857143,0.0,295.61285
18,2025-08-17,13,-20.3759,150.17145,8,0.38,1,Moderate (1-50%),0.4468,0.5523,0.0009,0.5532,0.0,0.0,295.93573
18,2025-08-17,14,-20.251957,148.81541,23,2.75,1,Moderate (1-50%),0.4764,0.52,0.0035,0.5236,0.06714286,0.0,295.30713
18,2025-08-17,15,-20.090439,148.5869,23,2.12,1,Moderate (1-50%),0.4397,0.5584,0.0019,0.5603,0.074285716,0.0,295.44855
18,2025-08-17,16,-20.022484,148.28569,12,1.15,1,Moderate (1-50%),0.3549,0.6434,0.0017,0.6451,0.7871429,0.0,295.09427
18,2025-08-17,17,-19.86675,147.92262,4,0.95,1,Moderate (1-50%),0.4143,0.5842,0.0016,0.5857,0.64,0.0,295.20145
18,2025-08-17,18,-23.992844,151.69751,7,3.03,1,Moderate (1-50%),0.441,0.5572,0.0018,0.559,0.02,0.0,292.56427
18,2025-08-17,19,-23.520433,151.2612,3,1.5,0,None (0%),0.6897,0.3093,0.001,0.3103,0.0,0.0,292.9643
18,2025-08-17,20,-23.408117,151.1666,6,2.06,0,None (0%),0.6936,0.3052,0.0012,0.3064,0.14,0.0,292.9343
18,2025-08-17,21,-23.326,150.92995,2,0.52,1,Moderate (1-50%),0.4992,0.5004,0.0004,0.5008,0.17,0.0,292.66998
18,2025-08-17,22,-21.991533,152.46994,3,1.91,1,Moderate (1-50%),0.4879,0.5107,0.0014,0.5121,0.0,0.0,295.75998
18,2025-08-17,23,-20.911617,149.42245,11,1.51,0,None (0%),0.7098,0.2896,0.0007,0.2902,0.021428572,0.0,294.9114
18,2025-08-17,24,-20.758585,150.43915,7,2.34,0,None (0%),0.5442,0.4548,0.001,0.4558,0.022857143,0.0,295.83282
18,2025-08-17,25,-19.7155,147.77403,7,1.06,1,Moderate (1-50%),0.4363,0.5623,0.0014,0.5637,0.81285715,0.0,295.44144
18,2025-08-17,26,-19.34095,148.0835,2,1.99,1,Moderate (1-50%),0.3849,0.6137,0.0014,0.6151,0.77,0.0,296.8686
18,2025-08-17,27,-19.32325,148.4333,2,0.89,1,Moderate (1-50%),0.4679,0.5311,0.001,0.5321,0.71,0.0,296.7214
18,2025-08-17,28,-19.311234,148.34396,3,2.51,1,Moderate (1-50%),0.4091,0.5899,0.0011,0.5909,0.7,0.0,296.7457
18,2025-08-17,29,-19.2076,148.8596,2,2.52,1,Moderate (1-50%),0.3218,0.6763,0.0019,0.6782,0.0,0.0,297.49286
18,2025-08-17,30,-19.11165,148.33365,6,1.74,1,Moderate (1-50%),0.4118,0.5865,0.0016,0.5882,0.15,0.0,297.09
18,2025-08-17,31,-18.9913,148.06412,6,2.14,1,Moderate (1-50%),0.3287,0.6686,0.0027,0.6713,0.46,0.0,297.73288
18,2025-08-17,32,-18.847086,147.91052,7,2.89,1,Moderate (1-50%),0.4629,0.5357,0.0014,0.5371,0.3,0.0,297.9471
18,2025-08-17,33,-18.1497,146.28976,3,3.16,1,Moderate (1-50%),0.4371,0.5623,0.0006,0.5629,0.47142857,0.0,296.34857
18,2025-08-17,34,-17.6551,146.49199,6,2.85,1,Moderate (1-50%),0.2629,0.7337,0.0034,0.7371,1.26,0.0,297.4157
18,2025-08-17,35,-17.34235,146.52235,4,1.95,1,Moderate (1-50%),0.3554,0.6411,0.0035,0.6446,1.67,0.0,298.18716
18,2025-08-17,36,-16.871353,146.21158,88,1.49,1,Moderate (1-50%),0.4442,0.5516,0.0042,0.5558,1.97,0.0,298.15573
18,2025-08-17,37,-16.935507,145.98845,13,1.85,1,Moderate (1-50%),0.3149,0.6835,0.0015,0.6851,1.1,0.0,296.97998
18,2025-08-17,38,-16.52347,145.99037,108,1.65,1,Moderate (1-50%),0.3367,0.6588,0.0045,0.6633,1.59,0.0,298.2543
18,2025-08-17,39,-16.12418,145.83456,243,1.03,1,Moderate (1-50%),0.1816,0.8129,0.0055,0.8184,1.4,0.0,298.5057
18,2025-08-17,40,-15.77885,145.58086,2,0.76,1,Moderate (1-50%),0.2694,0.7284,0.0022,0.7306,1.49,0.0,297.84427
18,2025-08-17,41,-15.499777,145.51018,13,3.18,1,Moderate (1-50%),0.1701,0.8246,0.0052,0.8299,1.13,0.0,297.93286
18,2025-08-17,42,-14.85125,145.27235,2,2.66,1,Moderate (1-50%),0.2542,0.7418,0.004,0.7458,1.9357142,0.0,297.41144
18,2025-08-17,43,-14.728744,145.10814,16,1.86,1,Moderate (1-50%),0.301,0.6961,0.0029,0.699,2.0657144,0.0,297.36996
18,2025-08-17,44,-14.4546,144.90607,7,3.05,1,Moderate (1-50%),0.2817,0.7114,0.0069,0.7183,1.2957143,0.0,297.5971
18,2025-08-17,45,-14.1632,144.26332,5,1.82,1,Moderate (1-50%),0.2598,0.728,0.0122,0.7402,1.3185714,0.0,297.69858
18,2025-08-17,46,-14.13435,144.5049,2,2.4,1,Moderate (1-50%),0.2517,0.739,0.0093,0.7483,1.4071429,0.0,297.93
18,2025-08-17,47,-14.07125,143.8833,2,0.99,1,Moderate (1-50%),0.4089,0.5847,0.0064,0.5911,1.3414285,0.0,298.17142
18,2025-08-17,48,-13.922125,143.78668,4,1.3,1,Moderate (1-50%),0.3547,0.6386,0.0067,0.6453,1.74,0.0,298.24142
18,2025-08-17,49,-23.6966,152.1829,2,2.53,1,Moderate (1-50%),0.4408,0.5582,0.001,0.5592,0.0,0.0,295.40427
18,2025-08-17,50,-17.776623,146.45274,9,2.36,1,Moderate (1-50%),0.2236,0.7735,0.0029,0.7764,1.1,0.0,297.3386
18,2025-08-17,51,-16.284166,145.4936,3,2.23,1,Moderate (1-50%),0.2309,0.7677,0.0014,0.7691,2.02,0.0,297.0057
18,2025-08-17,52,-15.71492,145.45647,5,2.28,1,Moderate (1-50%),0.195,0.8018,0.0032,0.805,1.5,0.0,297.46143
18,2025-08-17,53,-22.2081,150.33665,2,2.23,0,None (0%),0.6938,0.305,0.0013,0.3062,0.0,0.0,294.1443
18,2025-08-17,54,-22.024067,150.66617,3,0.92,0,None (0%),0.5755,0.4226,0.0019,0.4245,0.0,0.0,294.71713
18,2025-08-17,55,-22.018534,150.34753,3,2.43,0,None (0%),0.706,0.2932,0.0009,0.294,0.0,0.0,294.3786
18,2025-08-17,56,-21.95394,150.1631,5,2.64,0,None (0%),0.7365,0.2625,0.0009,0.2635,0.0,0.0,294.16714
18,2025-08-17,57,-21.6832,150.28384,4,1.29,0,None (0%),0.7567,0.2428,0.0005,0.2433,0.0,0.0,294.62427
18,2025-08-17,58,-21.455212,149.86604,8,2.39,0,None (0%),0.6543,0.3453,0.0003,0.3457,0.0,0.0,294.33572
18,2025-08-17,59,-18.062532,146.56087,3,2.04,1,Moderate (1-50%),0.4074,0.5913,0.0013,0.5926,1.02,0.0,297.26288
18,2025-08-17,60,-23.958666,151.47777,3,1.84,0,None (0%),0.7448,0.2547,0.0004,0.2552,0.43285716,0.0,292.05856
18,2025-08-17,61,-23.767967,151.33594,3,1.36,0,None (0%),0.7941,0.2042,0.0017,0.2059,0.35285714,0.0,292.47284
18,2025-08-17,62,-23.5347,151.73087,3,1.23,0,None (0%),0.6293,0.3699,0.0008,0.3707,0.0,0.0,294.18143
18,2025-08-17,63,-19.2064,147.0493,3,3.28,1,Moderate (1-50%),0.4783,0.5188,0.0028,0.5217,1.39,0.0,295.4057
18,2025-08-17,64,-18.0518,146.78749,12,2.9,1,Moderate (1-50%),0.2162,0.7814,0.0024,0.7838,0.89,0.0,297.85284
18,2025-08-17,65,-18.008833,146.16989,9,1.88,1,Moderate (1-50%),0.3891,0.6103,0.0006,0.6109,0.17,0.0,296.23715
18,2025-08-17,66,-17.721071,146.1557,7,2.09,1,Moderate (1-50%),0.3312,0.6683,0.0006,0.6688,0.33142856,0.0,296.47144
18,2025-08-17,67,-17.467283,146.3924,6,2.04,1,Moderate (1-50%),0.2207,0.7748,0.0044,0.7793,1.56,0.0,297.37997
18,2025-08-17,68,-17.20583,146.07251,10,2.15,1,Moderate (1-50%),0.4025,0.597,0.0005,0.5975,0.8814286,0.0,296.70572
18,2025-08-17,69,-16.545633,145.52946,3,2.34,1,Moderate (1-50%),0.2882,0.7103,0.0015,0.7118,1.79,0.0,296.62283
18,2025-08-17,70,-16.379562,145.56004,47,1.67,1,Moderate (1-50%),0.3014,0.6968,0.0018,0.6986,1.99,0.0,297.0557
18,2025-08-17,71,-15.9993,145.4327,3,2.82,1,Moderate (1-50%),0.1426,0.8562,0.0011,0.8574,2.08,0.0,297.1971
18,2025-08-17,72,-15.156473,145.46036,11,2.59,1,Moderate (1-50%),0.1447,0.8503,0.0049,0.8553,1.24,0.0,297.85855
18,2025-08-17,73,-11.8956,143.1068,2,3.03,1,Moderate (1-50%),0.2868,0.7056,0.0076,0.7132,1.17,0.0,298.8943
18,2025-08-17,74,-10.14675,151.16306,2,3.4,1,Moderate (1-50%),0.091,0.8335,0.0755,0.909,16.427143,0.0,301.29428
18,2025-08-17,75,-18.4208,147.34987,3,2.66,1,Moderate (1-50%),0.2264,0.7714,0.0022,0.7736,0.45,0.0,298.08002
18,2025-08-17,76,-19.54529,149.26216,28,2.63,1,Moderate (1-50%),0.4086,0.589,0.0024,0.5914,0.0,0.0,296.82285
18,2025-08-17,77,-18.665953,147.07942,15,1.11,1,Moderate (1-50%),0.3503,0.6479,0.0018,0.6497,1.28,0.0,297.03854
18,2025-08-17,78,-18.441046,146.99043,15,2.42,1,Moderate (1-50%),0.14,0.856,0.004,0.86,1.67,0.0,297.6414
18,2025-08-17,79,-22.0,152.67,2,2.83,1,Moderate (1-50%),0.3441,0.6527,0.0031,0.6559,0.0,0.0,296.2357
18,2025-08-17,80,-18.402128,146.79951,11,3.63,1,Moderate (1-50%),0.3165,0.6813,0.0022,0.6835,1.77,0.0,297.15286
18,2025-08-17,81,-18.52425,147.1444,2,2.05,1,Moderate (1-50%),0.2177,0.7786,0.0037,0.7823,1.42,0.0,297.5043
18,2025-08-17,82,-21.3925,152.50706,5,2.69,1,Moderate (1-50%),0.3871,0.6107,0.0022,0.6129,0.06,0.0,296.27713
18,2025-08-17,83,-21.121021,152.48535,9,1.16,1,Moderate (1-50%),0.3725,0.6256,0.0019,0.6275,0.0,0.0,296.88428
18,2025-08-17,84,-21.106472,152.2254,11,2.06,1,Moderate (1-50%),0.4147,0.5835,0.0017,0.5853,0.06,0.0,296.94427
18,2025-08-17,85,-20.96795,149.75764,2,1.96,0,None (0%),0.5029,0.4965,0.0007,0.4971,0.07,0.0,295.52142
18,2025-08-17,86,-20.928566,150.04893,3,2.52,1,Moderate (1-50%),0.4676,0.5312,0.0012,0.5324,0.13857143,0.0,295.67285
18,2025-08-17,87,-19.68672,149.93729,5,1.83,1,Moderate (1-50%),0.29,0.709,0.0011,0.71,0.0,0.0,297.09857
18,2025-08-17,88,-19.501034,148.7524,3,3.57,1,Moderate (1-50%),0.4645,0.5341,0.0014,0.5355,0.16,0.0,296.56143
18,2025-08-17,89,-19.3041,148.6315,4,2.42,1,Moderate (1-50%),0.3799,0.6185,0.0016,0.6201,0.0,0.0,296.80573
18,2025-08-17,90,-19.20995,148.542,2,2.45,1,Moderate (1-50%),0.4062,0.5925,0.0013,0.5938,0.0,0.0,296.94427
18,2025-08-17,91,-18.82149,147.65489,18,2.15,1,Moderate (1-50%),0.1755,0.8228,0.0016,0.8245,0.8,0.0,297.4943
18,2025-08-17,92,-17.5251,146.52454,3,0.05,1,Moderate (1-50%),0.4217,0.5757,0.0026,0.5783,1.46,0.0,297.7514
18,2025-08-17,93,-14.88175,145.50227,6,2.56,1,Moderate (1-50%),0.2309,0.765,0.0041,0.7691,2.2514286,0.0,298.22574
18,2025-08-17,94,-24.112192,152.71562,14,1.71,1,Moderate (1-50%),0.4141,0.5854,0.0006,0.5859,0.0,0.0,295.68854
18,2025-08-17,95,-19.449833,148.86703,3,2.89,1,Moderate (1-50%),0.3189,0.6789,0.0021,0.6811,0.0,0.0,296.86285
18,2025-08-17,96,-16.409634,145.74434,3,2.68,1,Moderate (1-50%),0.3653,0.6329,0.0017,0.6347,1.93,0.0,297.38284
18,2025-08-17,97,-12.67815,143.5829,2,0.93,1,Moderate (1-50%),0.2161,0.7772,0.0067,0.7839,2.21,0.0,298.7557
18,2025-08-17,98,-12.2257,143.2841,2,0.99,1,Moderate (1-50%),0.2061,0.7835,0.0103,0.7939,1.7442857,0.0,298.81
18,2025-08-17,99,-11.782,142.95316,5,2.5,1,Moderate (1-50%),0.2596,0.7336,0.0067,0.7404,1.83,0.0,298.97574
18,2025-08-17,100,-11.7694,143.09245,2,2.0,1,Moderate (1-50%),0.2856,0.7103,0.004,0.7144,1.03,0.0,298.96857
18,2025-08-17,101,-11.482866,143.01598,9,1.32,1,Moderate (1-50%),0.2479,0.7382,0.0139,0.7521,2.3157144,0.0,299.06284
18,2025-08-17,102,-11.191144,142.98755,9,2.26,1,Moderate (1-50%),0.3092,0.6718,0.019,0.6908,2.7014287,0.0,299.13858
18,2025-08-17,103,-14.610958,145.62405,19,1.56,1,Moderate (1-50%),0.3163,0.6777,0.006,0.6837,2.0414286,0.0,298.93286
18,2025-08-17,104,-14.704066,145.44646,9,3.28,1,Moderate (1-50%),0.2507,0.7443,0.005,0.7493,2.1157143,0.0,298.0586
18,2025-08-17,105,-23.32,151.98,2,0.75,1,Moderate (1-50%),0.4272,0.5716,0.0012,0.5728,0.0,0.0,295.1757
18,2025-08-17,106,-18.26362,147.38202,5,1.47,1,Moderate (1-50%),0.224,0.7732,0.0028,0.776,0.47,0.0,298.35
18,2025-08-17,107,-14.0,146.0,2,3.87,1,Moderate (1-50%),0.3334,0.6561,0.0105,0.6666,3.7628572,0.0,299.37714
18,2025-08-17,108,-21.87,152.19,2,1.64,1,Moderate (1-50%),0.4076,0.5911,0.0013,0.5924,0.084285714,0.0,295.54572
18,2025-08-17,109,-21.13605,150.77615,2,1.23,1,Moderate (1-50%),0.462,0.5373,0.0007,0.538,0.22285715,0.0,295.69
18,2025-08-17,110,-20.66895,150.2588,2,1.81,0,None (0%),0.5042,0.4949,0.001,0.4958,0.022857143,0.0,295.86002
18,2025-08-17,111,-20.08315,149.93718,4,1.56,1,Moderate (1-50%),0.4228,0.5755,0.0017,0.5772,0.0,0.0,296.1814
18,2025-08-17,112,-19.6179,149.67664,3,0.81,1,Moderate (1-50%),0.4443,0.5543,0.0015,0.5557,0.0,0.0,296.91714
18,2025-08-17,113,-18.791527,147.52235,34,1.86,1,Moderate (1-50%),0.1648,0.8325,0.0027,0.8352,1.19,0.0,297.32715
18,2025-08-17,114,-18.53455,147.49355,4,2.22,1,Moderate (1-50%),0.3325,0.6663,0.0012,0.6675,0.45,0.0,297.76425
18,2025-08-17,115,-18.1362,146.9716,2,1.3,1,Moderate (1-50%),0.4765,0.5215,0.002,0.5235,1.11,0.0,298.11572
18,2025-08-17,116,-15.359506,145.7791,18,1.78,1,Moderate (1-50%),0.2029,0.7909,0.0062,0.7971,1.2814286,0.0,298.83713
18,2025-08-17,117,-14.925742,145.68793,38,1.39,1,Moderate (1-50%),0.3236,0.6715,0.0048,0.6764,2.1957142,0.0,298.76572
18,2025-08-17,118,-15.02785,145.56805,2,0.81,1,Moderate (1-50%),0.1854,0.8095,0.0051,0.8146,1.8885714,0.0,298.36716
18,2025-08-17,119,-12.767325,143.42282,4,0.89,1,Moderate (1-50%),0.2244,0.7596,0.016,0.7756,2.87,0.0,298.5414
18,2025-08-17,120,-11.997334,143.27243,6,2.5,1,Moderate (1-50%),0.2903,0.6977,0.012,0.7097,1.16,0.0,298.87714
18,2025-08-17,121,-11.0088,142.98685,2,2.22,1,Moderate (1-50%),0.3934,0.5914,0.0152,0.6066,2.8814285,0.0,299.15714
18,2025-08-17,122,-20.751085,149.4548,7,3.39,0,None (0%),0.6244,0.375,0.0006,0.3756,0.06714286,0.0,295.43143
18,2025-08-17,123,-18.65635,147.71594,2,2.28,1,Moderate (1-50%),0.3725,0.6265,0.001,0.6275,0.15,0.0,297.83716
18,2025-08-17,124,-12.470825,143.48958,4,1.65,1,Moderate (1-50%),0.2236,0.7682,0.0083,0.7764,1.59,0.0,298.83713
18,2025-08-17,125,-12.30835,143.37485,2,1.85,1,Moderate (1-50%),0.1952,0.7928,0.012,0.8048,1.82,0.0,298.85
18,2025-08-17,126,-10.69155,142.73485,2,2.13,1,Moderate (1-50%),0.3272,0.6548,0.018,0.6728,2.85,0.0,299.21573
18,2025-08-17,127,-18.9561,146.9562,15,2.89,1,Moderate (1-50%),0.3186,0.6802,0.0012,0.6814,1.42,0.0,295.94858
18,2025-08-17,128,-13.844505,146.55128,41,3.35,1,Moderate (1-50%),0.442,0.5401,0.0178,0.558,6.475714,0.0,299.46
18,2025-08-17,129,-16.22582,146.00262,10,2.39,1,Moderate (1-50%),0.2458,0.748,0.0063,0.7542,1.36,0.0,298.87283
18,2025-08-17,130,-15.51399,145.77756,20,1.25,1,Moderate (1-50%),0.1637,0.8297,0.0066,0.8363,1.29,0.0,298.72568
18,2025-08-17,131,-16.0,145.9667,2,2.92,1,Moderate (1-50%),0.2427,0.7504,0.0069,0.7573,1.31,0.0,298.89716
18,2025-08-17,132,-17.0,149.1,4,3.85,0,None (0%),0.501,0.4955,0.0035,0.499,1.8542857,0.0,298.4443
19,2025-08-24,0,-19.166714,146.84863,209,2.65,1,Moderate (1-50%),0.3757,0.622,0.0023,0.6243,1.8628571,0.0,295.99713
19,2025-08-24,1,-18.646925,146.54514,149,3.23,1,Moderate (1-50%),0.3689,0.6304,0.0007,0.6311,0.61714286,0.0,296.48856
19,2025-08-24,2,-10.2196665,150.84866,3,2.66,1,Moderate (1-50%),0.203,0.7652,0.0318,0.797,15.454286,0.0,300.8686
19,2025-08-24,3,-23.443886,151.92134,187,2.13,1,Moderate (1-50%),0.4085,0.5911,0.0004,0.5915,0.0,0.0,294.8314
19,2025-08-24,4,-18.75,146.25,2,3.83,1,Moderate (1-50%),0.3564,0.6427,0.0009,0.6436,0.81,0.0,296.3757
19,2025-08-24,5,-23.146168,150.95728,60,2.97,0,None (0%),0.8157,0.1835,0.0008,0.1843,0.0,0.0,293.40286
19,2025-08-24,6,-19.760475,149.15018,69,3.06,1,Moderate (1-50%),0.4646,0.5339,0.0015,0.5354,0.0,0.0,296.55426
19,2025-08-24,7,-18.227266,146.74213,3,1.83,1,Moderate (1-50%),0.1845,0.8129,0.0027,0.8155,1.3842857,0.0,297.65143
19,2025-08-24,8,-19.020872,146.6052,11,2.13,1,Moderate (1-50%),0.3626,0.6361,0.0013,0.6374,1.3157142,0.0,295.96573
19,2025-08-24,9,-18.739391,147.2709,12,1.66,1,Moderate (1-50%),0.3253,0.6737,0.001,0.6747,1.0342857,0.0,297.55856
19,2025-08-24,10,-17.885866,146.59,3,2.0,1,Moderate (1-50%),0.2185,0.7796,0.0019,0.7815,1.0742857,0.0,297.65714
19,2025-08-24,11,-17.239176,146.34703,8,2.82,1,Moderate (1-50%),0.2069,0.79,0.003,0.7931,1.8042858,0.0,297.7914
19,2025-08-24,12,-20.237434,148.9795,103,1.46,1,Moderate (1-50%),0.4763,0.522,0.0017,0.5237,0.0,0.0,295.9443
19,2025-08-24,13,-20.3759,150.17145,8,0.38,1,Moderate (1-50%),0.4151,0.5841,0.0008,0.5849,0.0,0.0,296.20285
19,2025-08-24,14,-20.251957,148.81541,23,2.75,0,None (0%),0.5151,0.4839,0.001,0.4849,0.0,0.0,295.6914
19,2025-08-24,15,-20.090439,148.5869,23,2.12,0,None (0%),0.5247,0.4735,0.0018,0.4753,0.0,0.0,295.75287
19,2025-08-24,16,-20.022484,148.28569,12,1.15,0,None (0%),0.6841,0.3148,0.0012,0.3159,0.64,0.0,295.58145
19,2025-08-24,17,-19.86675,147.92262,4,0.95,0,None (0%),0.5926,0.4067,0.0007,0.4074,0.48,0.0,295.73428
19,2025-08-24,18,-23.992844,151.69751,7,3.03,0,None (0%),0.6612,0.3373,0.0015,0.3388,0.0,0.0,293.12283
19,2025-08-24,19,-23.520433,151.2612,3,1.5,0,None (0%),0.8017,0.1978,0.0006,0.1983,0.0,0.0,293.13715
19,2025-08-24,20,-23.408117,151.1666,6,2.06,0,None (0%),0.7442,0.2551,0.0006,0.2558,0.12,0.0,293.11716
19,2025-08-24,21,-23.326,150.92995,2,0.52,0,None (0%),0.8213,0.1782,0.0004,0.1787,0.14571428,0.0,293.07715
19,2025-08-24,22,-21.991533,152.46994,3,1.91,0,None (0%),0.535,0.464,0.001,0.465,0.0,0.0,295.7614
19,2025-08-24,23,-20.911617,149.42245,11,1.51,0,None (0%),0.7347,0.2649,0.0005,0.2653,0.0,0.0,295.3514
19,2025-08-24,24,-20.758585,150.43915,7,2.34,0,None (0%),0.6078,0.3916,0.0006,0.3922,0.0,0.0,296.0
19,2025-08-24,25,-19.7155,147.77403,7,1.06,1,Moderate (1-50%),0.4869,0.5123,0.0008,0.5131,0.67,0.0,295.88995
19,2025-08-24,26,-19.34095,148.0835,2,1.99,1,Moderate (1-50%),0.3012,0.6976,0.0013,0.6988,0.77,0.0,297.28857
19,2025-08-24,27,-19.32325,148.4333,2,0.89,1,Moderate (1-50%),0.4022,0.5964,0.0014,0.5978,0.68,0.0,297.06143
19,2025-08-24,28,-19.311234,148.34396,3,2.51,1,Moderate (1-50%),0.3528,0.6458,0.0013,0.6472,0.6742857,0.0,297.13998
19,2025-08-24,29,-19.2076,148.8596,2,2.52,1,Moderate (1-50%),0.3183,0.6805,0.0012,0.6817,0.0,0.0,297.55713
19,2025-08-24,30,-19.11165,148.33365,6,1.74,1,Moderate (1-50%),0.3118,0.6871,0.0011,0.6882,0.15,0.0,297.41855
19,2025-08-24,31,-18.9913,148.06412,6,2.14,1,Moderate (1-50%),0.1987,0.8002,0.0011,0.8013,0.43857142,0.0,297.77713
19,2025-08-24,32,-18.847086,147.91052,7,2.89,1,Moderate (1-50%),0.1693,0.8295,0.0011,0.8307,0.27857143,0.0,297.82715
19,2025-08-24,33,-18.1497,146.28976,3,3.16,1,Moderate (1-50%),0.2285,0.7706,0.0009,0.7715,0.42857143,0.0,296.62003
19,2025-08-24,34,-17.6551,146.49199,6,2.85,1,Moderate (1-50%),0.2061,0.791,0.0029,0.7939,1.2342857,0.0,297.6743
19,2025-08-24,35,-17.34235,146.52235,4,1.95,1,Moderate (1-50%),0.2985,0.6984,0.0031,0.7015,1.6428572,0.0,298.17145
19,2025-08-24,36,-16.871353,146.21158,88,1.49,1,Moderate (1-50%),0.3127,0.6829,0.0044,0.6873,1.8757143,0.0,298.06857
19,2025-08-24,37,-16.935507,145.98845,13,1.85,1,Moderate (1-50%),0.3393,0.6597,0.001,0.6607,1.08,0.0,297.17285
19,2025-08-24,38,-16.52347,145.99037,108,1.65,1,Moderate (1-50%),0.3874,0.6088,0.0037,0.6126,1.5171429,0.0,298.11002
19,2025-08-24,39,-16.12418,145.83456,243,1.03,1,Moderate (1-50%),0.1924,0.8037,0.004,0.8076,1.3728571,0.0,298.34
19,2025-08-24,40,-15.77885,145.58086,2,0.76,1,Moderate (1-50%),0.2602,0.7352,0.0046,0.7398,1.4642857,0.0,297.78287
19,2025-08-24,41,-15.499777,145.51018,13,3.18,1,Moderate (1-50%),0.2536,0.7417,0.0047,0.7464,1.1085714,0.0,297.89142
19,2025-08-24,42,-14.85125,145.27235,2,2.66,1,Moderate (1-50%),0.204,0.7939,0.0022,0.796,1.63,0.0,297.20428
19,2025-08-24,43,-14.728744,145.10814,16,1.86,1,Moderate (1-50%),0.1759,0.8223,0.0018,0.8241,1.7528571,0.0,297.1743
19,2025-08-24,44,-14.4546,144.90607,7,3.05,1,Moderate (1-50%),0.2594,0.7369,0.0037,0.7406,1.09,0.0,297.3714
19,2025-08-24,45,-14.1632,144.26332,5,1.82,1,Moderate (1-50%),0.2416,0.7519,0.0065,0.7584,1.11,0.0,297.50858
19,2025-08-24,46,-14.13435,144.5049,2,2.4,1,Moderate (1-50%),0.2102,0.784,0.0058,0.7898,1.12,0.0,297.72855
19,2025-08-24,47,-14.07125,143.8833,2,0.99,1,Moderate (1-50%),0.4516,0.5437,0.0047,0.5484,1.25,0.0,297.98712
19,2025-08-24,48,-13.922125,143.78668,4,1.3,1,Moderate (1-50%),0.4487,0.5487,0.0026,0.5513,1.74,0.0,298.0657
19,2025-08-24,49,-23.6966,152.1829,2,2.53,0,None (0%),0.5652,0.4344,0.0004,0.4348,0.0,0.0,295.15997
19,2025-08-24,50,-17.776623,146.45274,9,2.36,1,Moderate (1-50%),0.1789,0.8182,0.0029,0.8211,1.0742857,0.0,297.57428
19,2025-08-24,51,-16.284166,145.4936,3,2.23,1,Moderate (1-50%),0.2969,0.7016,0.0015,0.7031,1.9942857,0.0,297.1357
19,2025-08-24,52,-15.71492,145.45647,5,2.28,1,Moderate (1-50%),0.1367,0.8606,0.0027,0.8633,1.4742857,0.0,297.48285
19,2025-08-24,53,-22.2081,150.33665,2,2.23,0,None (0%),0.7131,0.2856,0.0013,0.2869,0.0,0.0,294.47998
19,2025-08-24,54,-22.024067,150.66617,3,0.92,0,None (0%),0.5764,0.4223,0.0013,0.4236,0.0,0.0,294.94858
19,2025-08-24,55,-22.018534,150.34753,3,2.43,0,None (0%),0.6932,0.3059,0.0009,0.3068,0.0,0.0,294.6443
19,2025-08-24,56,-21.95394,150.1631,5,2.64,0,None (0%),0.7981,0.2013,0.0006,0.2019,0.0,0.0,294.50287
19,2025-08-24,57,-21.6832,150.28384,4,1.29,0,None (0%),0.6666,0.3329,0.0005,0.3334,0.0,0.0,294.86572
19,2025-08-24,58,-21.455212,149.86604,8,2.39,0,None (0%),0.6849,0.3149,0.0002,0.3151,0.0,0.0,294.7357
19,2025-08-24,59,-18.062532,146.56087,3,2.04,1,Moderate (1-50%),0.2159,0.7827,0.0014,0.7841,0.99714285,0.0,297.5257
19,2025-08-24,60,-23.958666,151.47777,3,1.84,0,None (0%),0.7676,0.2319,0.0004,0.2324,0.14571428,0.0,292.56287
19,2025-08-24,61,-23.767967,151.33594,3,1.36,0,None (0%),0.7718,0.2273,0.0009,0.2282,0.13714285,0.0,292.8757
19,2025-08-24,62,-23.5347,151.73087,3,1.23,0,None (0%),0.587,0.4124,0.0006,0.413,0.0,0.0,294.16855
19,2025-08-24,63,-19.2064,147.0493,3,3.28,1,Moderate (1-50%),0.3386,0.6604,0.001,0.6614,1.3671429,0.0,295.87714
19,2025-08-24,64,-18.0518,146.78749,12,2.9,1,Moderate (1-50%),0.222,0.7764,0.0016,0.778,0.8642857,0.0,297.94284
19,2025-08-24,65,-18.008833,146.16989,9,1.88,1,Moderate (1-50%),0.2982,0.7009,0.0009,0.7018,0.15,0.0,296.54004
19,2025-08-24,66,-17.721071,146.1557,7,2.09,1,Moderate (1-50%),0.3862,0.6129,0.0009,0.6138,0.31,0.0,296.74142
19,2025-08-24,67,-17.467283,146.3924,6,2.04,1,Moderate (1-50%),0.1929,0.8036,0.0035,0.8071,1.4928571,0.0,297.63428
19,2025-08-24,68,-17.20583,146.07251,10,2.15,1,Moderate (1-50%),0.4202,0.5792,0.0007,0.5798,0.86,0.0,296.96143
19,2025-08-24,69,-16.545633,145.52946,3,2.34,1,Moderate (1-50%),0.3109,0.6878,0.0013,0.6891,1.7657143,0.0,296.8357
19,2025-08-24,70,-16.379562,145.56004,47,1.67,1,Moderate (1-50%),0.2638,0.7351,0.0011,0.7362,1.9642857,0.0,297.21286
19,2025-08-24,71,-15.9993,145.4327,3,2.82,1,Moderate (1-50%),0.2548,0.7436,0.0016,0.7452,2.0528572,0.0,297.23856
19,2025-08-24,72,-15.156473,145.46036,11,2.59,1,Moderate (1-50%),0.2605,0.7355,0.004,0.7395,1.2185714,0.0,297.8057
19,2025-08-24,73,-11.8956,143.1068,2,3.03,1,Moderate (1-50%),0.4477,0.5437,0.0086,0.5523,1.17,0.0,298.41855
19,2025-08-24,74,-10.14675,151.16306,2,3.4,1,Moderate (1-50%),0.0545,0.88,0.0655,0.9455,15.684286,0.0,301.20572
19,2025-08-24,75,-18.4208,147.34987,3,2.66,1,Moderate (1-50%),0.3226,0.6758,0.0016,0.6774,0.45,0.0,298.18857
19,2025-08-24,76,-19.54529,149.26216,28,2.63,1,Moderate (1-50%),0.3866,0.6124,0.001,0.6134,0.0,0.0,296.98285
19,2025-08-24,77,-18.665953,147.07942,15,1.11,1,Moderate (1-50%),0.2949,0.7037,0.0014,0.7051,1.2528571,0.0,297.14285
19,2025-08-24,78,-18.441046,146.99043,15,2.42,1,Moderate (1-50%),0.1897,0.8086,0.0017,0.8103,1.6457143,0.0,297.5143
19,2025-08-24,79,-22.0,152.67,2,2.83,0,None (0%),0.5013,0.497,0.0017,0.4987,0.0,0.0,295.95856
19,2025-08-24,80,-18.402128,146.79951,11,3.63,1,Moderate (1-50%),0.246,0.7518,0.0022,0.754,1.7428571,0.0,297.30856
19,2025-08-24,81,-18.52425,147.1444,2,2.05,1,Moderate (1-50%),0.221,0.7777,0.0014,0.779,1.3985714,0.0,297.5457
19,2025-08-24,82,-21.3925,152.50706,5,2.69,0,None (0%),0.54,0.4585,0.0015,0.46,0.0,0.0,296.6057
19,2025-08-24,83,-21.121021,152.48535,9,1.16,0,None (0%),0.5839,0.4151,0.001,0.4161,0.0,0.0,297.1871
19,2025-08-24,84,-21.106472,152.2254,11,2.06,0,None (0%),0.6042,0.3952,0.0007,0.3958,0.0,0.0,297.11572
19,2025-08-24,85,-20.96795,149.75764,2,1.96,0,None (0%),0.6023,0.3972,0.0004,0.3977,0.0,0.0,295.90717
19,2025-08-24,86,-20.928566,150.04893,3,2.52,0,None (0%),0.6197,0.3798,0.0005,0.3803,0.0,0.0,295.96854
19,2025-08-24,87,-19.68672,149.93729,5,1.83,1,Moderate (1-50%),0.3512,0.648,0.0007,0.6488,0.0,0.0,297.11713
19,2025-08-24,88,-19.501034,148.7524,3,3.57,1,Moderate (1-50%),0.4627,0.5361,0.0011,0.5373,0.16,0.0,296.78
19,2025-08-24,89,-19.3041,148.6315,4,2.42,1,Moderate (1-50%),0.4717,0.5271,0.0012,0.5283,0.0,0.0,297.02856
19,2025-08-24,90,-19.20995,148.542,2,2.45,1,Moderate (1-50%),0.3285,0.6701,0.0013,0.6715,0.0,0.0,297.22284
19,2025-08-24,91,-18.82149,147.65489,18,2.15,1,Moderate (1-50%),0.1776,0.8214,0.001,0.8224,0.7771429,0.0,297.57858
19,2025-08-24,92,-17.5251,146.52454,3,0.05,1,Moderate (1-50%),0.2411,0.7549,0.004,0.7589,1.4342858,0.0,297.96143
19,2025-08-24,93,-14.88175,145.50227,6,2.56,1,Moderate (1-50%),0.3118,0.6851,0.0032,0.6882,1.8228571,0.0,298.03427
19,2025-08-24,94,-24.112192,152.71562,14,1.71,0,None (0%),0.5151,0.4845,0.0004,0.4849,0.0,0.0,295.76715
19,2025-08-24,95,-19.449833,148.86703,3,2.89,1,Moderate (1-50%),0.4315,0.5674,0.0011,0.5685,0.0,0.0,297.04
19,2025-08-24,96,-16.409634,145.74434,3,2.68,1,Moderate (1-50%),0.1439,0.8532,0.0028,0.8561,1.9,0.0,297.47714
19,2025-08-24,97,-12.67815,143.5829,2,0.93,0,None (0%),0.5161,0.4774,0.0065,0.4839,2.21,0.0,298.3714
19,2025-08-24,98,-12.2257,143.2841,2,0.99,0,None (0%),0.5206,0.4711,0.0083,0.4794,1.63,0.0,298.41287
19,2025-08-24,99,-11.782,142.95316,5,2.5,1,Moderate (1-50%),0.4213,0.5712,0.0075,0.5787,1.83,0.0,298.47284
19,2025-08-24,100,-11.7694,143.09245,2,2.0,1,Moderate (1-50%),0.4362,0.5601,0.0037,0.5638,1.03,0.0,298.46854
19,2025-08-24,101,-11.482866,143.01598,9,1.32,1,Moderate (1-50%),0.4956,0.4998,0.0046,0.5044,2.27,0.0,298.64572
19,2025-08-24,102,-11.191144,142.98755,9,2.26,0,None (0%),0.6889,0.3076,0.0035,0.3111,2.65,0.0,298.68
19,2025-08-24,103,-14.610958,145.62405,19,1.56,1,Moderate (1-50%),0.2415,0.7517,0.0068,0.7585,1.5414286,0.0,298.7643
19,2025-08-24,104,-14.704066,145.44646,9,3.28,1,Moderate (1-50%),0.2237,0.7722,0.0041,0.7763,1.6714286,0.0,297.81857
19,2025-08-24,105,-23.32,151.98,2,0.75,0,None (0%),0.5536,0.4458,0.0005,0.4464,0.0,0.0,295.14285
19,2025-08-24,106,-18.26362,147.38202,5,1.47,1,Moderate (1-50%),0.2203,0.7778,0.0019,0.7797,0.4485714,0.0,298.36142
19,2025-08-24,107,-14.0,146.0,2,3.87,1,Moderate (1-50%),0.4238,0.5717,0.0045,0.5762,3.5657144,0.0,299.2386
19,2025-08-24,108,-21.87,152.19,2,1.64,0,None (0%),0.6041,0.3953,0.0006,0.3959,0.0,0.0,295.6657
19,2025-08-24,109,-21.13605,150.77615,2,1.23,0,None (0%),0.6009,0.3986,0.0006,0.3991,0.022857143,0.0,295.99286
19,2025-08-24,110,-20.66895,150.2588,2,1.81,0,None (0%),0.5858,0.4136,0.0006,0.4142,0.0,0.0,296.0757
19,2025-08-24,111,-20.08315,149.93718,4,1.56,1,Moderate (1-50%),0.4685,0.5309,0.0007,0.5315,0.0,0.0,296.36285
19,2025-08-24,112,-19.6179,149.67664,3,0.81,1,Moderate (1-50%),0.3708,0.6286,0.0006,0.6292,0.0,0.0,297.04288
19,2025-08-24,113,-18.791527,147.52235,34,1.86,1,Moderate (1-50%),0.2873,0.7116,0.0011,0.7127,1.1642857,0.0,297.57568
19,2025-08-24,114,-18.53455,147.49355,4,2.22,1,Moderate (1-50%),0.206,0.7928,0.0012,0.794,0.45,0.0,298.01715
19,2025-08-24,115,-18.1362,146.9716,2,1.3,1,Moderate (1-50%),0.2434,0.7545,0.0021,0.7566,1.0871428,0.0,298.17715
19,2025-08-24,116,-15.359506,145.7791,18,1.78,1,Moderate (1-50%),0.2674,0.7246,0.008,0.7326,1.14,0.0,298.70712
19,2025-08-24,117,-14.925742,145.68793,38,1.39,1,Moderate (1-50%),0.342,0.6502,0.0077,0.658,1.7828572,0.0,298.57712
19,2025-08-24,118,-15.02785,145.56805,2,0.81,0,None (0%),0.583,0.4138,0.0033,0.417,1.61,0.0,298.29288
19,2025-08-24,119,-12.767325,143.42282,4,0.89,1,Moderate (1-50%),0.3608,0.6286,0.0106,0.6392,2.87,0.0,298.2143
19,2025-08-24,120,-11.997334,143.27243,6,2.5,0,None (0%),0.5583,0.4352,0.0065,0.4417,1.16,0.0,298.4814
19,2025-08-24,121,-11.0088,142.98685,2,2.22,0,None (0%),0.6395,0.3543,0.0063,0.3605,2.81,0.0,298.6971
19,2025-08-24,122,-20.751085,149.4548,7,3.39,0,None (0%),0.586,0.4136,0.0004,0.414,0.0,0.0,295.8986
19,2025-08-24,123,-18.65635,147.71594,2,2.28,1,Moderate (1-50%),0.2334,0.7654,0.0012,0.7666,0.15,0.0,297.77
19,2025-08-24,124,-12.470825,143.48958,4,1.65,1,Moderate (1-50%),0.4817,0.5112,0.0072,0.5183,1.59,0.0,298.4343
19,2025-08-24,125,-12.30835,143.37485,2,1.85,0,None (0%),0.5101,0.4834,0.0065,0.4899,1.72,0.0,298.44144
19,2025-08-24,126,-10.69155,142.73485,2,2.13,0,None (0%),0.606,0.3882,0.0058,0.394,2.85,0.0,298.86282
19,2025-08-24,127,-18.9561,146.9562,15,2.89,1,Moderate (1-50%),0.4165,0.5827,0.0008,0.5835,1.3957143,0.0,296.27286
19,2025-08-24,128,-13.844505,146.55128,41,3.35,0,None (0%),0.7655,0.2312,0.0033,0.2345,5.924286,0.0,299.23428
19,2025-08-24,129,-16.22582,146.00262,10,2.39,1,Moderate (1-50%),0.1327,0.8618,0.0055,0.8673,1.3314285,0.0,298.63858
19,2025-08-24,130,-15.51399,145.77756,20,1.25,1,Moderate (1-50%),0.3076,0.6859,0.0065,0.6924,1.2685714,0.0,298.6314
19,2025-08-24,131,-16.0,145.9667,2,2.92,1,Moderate (1-50%),0.147,0.8475,0.0055,0.853,1.2842857,0.0,298.71567
19,2025-08-24,132,-17.0,149.1,4,3.85,0,None (0%),0.5582,0.4346,0.0071,0.4418,1.7314286,0.0,298.5886
20,2025-08-31,0,-19.166714,146.84863,209,2.65,1,Moderate (1-50%),0.4333,0.5648,0.0019,0.5667,1.2385714,0.0,297.05142
20,2025-08-31,1,-18.646925,146.54514,149,3.23,1,Moderate (1-50%),0.4125,0.5871,0.0004,0.5875,0.16285715,0.0,297.17996
20,2025-08-31,2,-10.2196665,150.84866,3,2.66,1,Moderate (1-50%),0.175,0.7924,0.0326,0.825,13.881429,0.0,300.71
20,2025-08-31,3,-23.443886,151.92134,187,2.13,1,Moderate (1-50%),0.4255,0.5743,0.0002,0.5745,0.0,0.0,294.87143
20,2025-08-31,4,-18.75,146.25,2,3.83,1,Moderate (1-50%),0.4092,0.5904,0.0003,0.5908,0.64,0.0,297.2214
20,2025-08-31,5,-23.146168,150.95728,60,2.97,0,None (0%),0.7193,0.2803,0.0004,0.2807,0.0,0.0,294.08
20,2025-08-31,6,-19.760475,149.15018,69,3.06,1,Moderate (1-50%),0.4019,0.597,0.0012,0.5981,0.0,0.0,296.88287
20,2025-08-31,7,-18.227266,146.74213,3,1.83,1,Moderate (1-50%),0.2974,0.7016,0.001,0.7026,0.8657143,0.0,298.03857
20,2025-08-31,8,-19.020872,146.6052,11,2.13,0,None (0%),0.6251,0.3746,0.0003,0.3749,0.86285716,0.0,297.0157
20,2025-08-31,9,-18.739391,147.2709,12,1.66,1,Moderate (1-50%),0.3733,0.6253,0.0015,0.6267,0.72,0.0,297.75858
20,2025-08-31,10,-17.885866,146.59,3,2.0,1,Moderate (1-50%),0.3244,0.6744,0.0013,0.6756,0.5257143,0.0,298.04
20,2025-08-31,11,-17.239176,146.34703,8,2.82,1,Moderate (1-50%),0.1861,0.8127,0.0012,0.8139,0.9142857,0.0,298.06
20,2025-08-31,12,-20.237434,148.9795,103,1.46,1,Moderate (1-50%),0.4979,0.5011,0.001,0.5021,0.0,0.0,296.19144
20,2025-08-31,13,-20.3759,150.17145,8,0.38,1,Moderate (1-50%),0.4645,0.5348,0.0007,0.5355,0.0,0.0,296.4114
20,2025-08-31,14,-20.251957,148.81541,23,2.75,0,None (0%),0.738,0.2602,0.0018,0.262,0.0,0.0,295.99713
20,2025-08-31,15,-20.090439,148.5869,23,2.12,0,None (0%),0.5113,0.487,0.0017,0.4887,0.0,0.0,296.17142
20,2025-08-31,16,-20.022484,148.28569,12,1.15,0,None (0%),0.5805,0.4176,0.0019,0.4195,0.64,0.0,296.12143
20,2025-08-31,17,-19.86675,147.92262,4,0.95,0,None (0%),0.7195,0.2791,0.0014,0.2805,0.48,0.0,296.39716
20,2025-08-31,18,-23.992844,151.69751,7,3.03,0,None (0%),0.7177,0.2798,0.0024,0.2823,0.0,0.0,293.7857
20,2025-08-31,19,-23.520433,151.2612,3,1.5,0,None (0%),0.7438,0.2556,0.0005,0.2562,0.0,0.0,293.81146
20,2025-08-31,20,-23.408117,151.1666,6,2.06,0,None (0%),0.7335,0.266,0.0005,0.2665,0.0,0.0,293.83002
20,2025-08-31,21,-23.326,150.92995,2,0.52,0,None (0%),0.8594,0.1399,0.0007,0.1406,0.0,0.0,294.07285
20,2025-08-31,22,-21.991533,152.46994,3,1.91,0,None (0%),0.6726,0.3268,0.0006,0.3274,0.0,0.0,295.84
20,2025-08-31,23,-20.911617,149.42245,11,1.51,0,None (0%),0.6,0.3994,0.0006,0.4,0.0,0.0,295.85715
20,2025-08-31,24,-20.758585,150.43915,7,2.34,0,None (0%),0.5862,0.4135,0.0003,0.4138,0.0,0.0,296.28143
20,2025-08-31,25,-19.7155,147.77403,7,1.06,1,Moderate (1-50%),0.4599,0.5392,0.0009,0.5401,0.51,0.0,296.6014
20,2025-08-31,26,-19.34095,148.0835,2,1.99,1,Moderate (1-50%),0.2731,0.7256,0.0013,0.7269,0.77,0.0,297.4457
20,2025-08-31,27,-19.32325,148.4333,2,0.89,1,Moderate (1-50%),0.2698,0.729,0.0012,0.7302,0.5,0.0,297.4343
20,2025-08-31,28,-19.311234,148.34396,3,2.51,1,Moderate (1-50%),0.2827,0.716,0.0012,0.7173,0.52,0.0,297.42285
20,2025-08-31,29,-19.2076,148.8596,2,2.52,1,Moderate (1-50%),0.2636,0.7353,0.0011,0.7364,0.0,0.0,297.93854
20,2025-08-31,30,-19.11165,148.33365,6,1.74,1,Moderate (1-50%),0.2596,0.7388,0.0017,0.7404,0.15,0.0,297.67572
20,2025-08-31,31,-18.9913,148.06412,6,2.14,1,Moderate (1-50%),0.2006,0.798,0.0014,0.7994,0.31,0.0,297.82144
20,2025-08-31,32,-18.847086,147.91052,7,2.89,1,Moderate (1-50%),0.151,0.8475,0.0015,0.849,0.15,0.0,297.8314
20,2025-08-31,33,-18.1497,146.28976,3,3.16,1,Moderate (1-50%),0.2667,0.7328,0.0005,0.7333,0.15,0.0,297.34283
20,2025-08-31,34,-17.6551,146.49199,6,2.85,1,Moderate (1-50%),0.2006,0.7974,0.002,0.7994,0.57857144,0.0,298.01572
20,2025-08-31,35,-17.34235,146.52235,4,1.95,1,Moderate (1-50%),0.268,0.7301,0.0019,0.732,0.91571426,0.0,298.26855
20,2025-08-31,36,-16.871353,146.21158,88,1.49,1,Moderate (1-50%),0.1485,0.8492,0.0023,0.8515,1.1014286,0.0,298.45288
20,2025-08-31,37,-16.935507,145.98845,13,1.85,1,Moderate (1-50%),0.2281,0.7712,0.0007,0.7719,0.55857146,0.0,297.65714
20,2025-08-31,38,-16.52347,145.99037,108,1.65,1,Moderate (1-50%),0.3252,0.6731,0.0017,0.6748,0.89428574,0.0,298.3386
20,2025-08-31,39,-16.12418,145.83456,243,1.03,1,Moderate (1-50%),0.2553,0.7429,0.0018,0.7447,0.85571426,0.0,298.42715
20,2025-08-31,40,-15.77885,145.58086,2,0.76,1,Moderate (1-50%),0.1568,0.8411,0.0021,0.8432,0.82857144,0.0,298.0371
20,2025-08-31,41,-15.499777,145.51018,13,3.18,1,Moderate (1-50%),0.1405,0.8581,0.0014,0.8595,0.55714285,0.0,298.04572
20,2025-08-31,42,-14.85125,145.27235,2,2.66,1,Moderate (1-50%),0.2102,0.7875,0.0023,0.7898,1.0157143,0.0,297.66855
20,2025-08-31,43,-14.728744,145.10814,16,1.86,1,Moderate (1-50%),0.1778,0.8209,0.0013,0.8222,1.0985714,0.0,297.52
20,2025-08-31,44,-14.4546,144.90607,7,3.05,1,Moderate (1-50%),0.1381,0.8602,0.0017,0.8619,1.09,0.0,297.79428
20,2025-08-31,45,-14.1632,144.26332,5,1.82,1,Moderate (1-50%),0.082,0.9163,0.0018,0.918,1.11,0.0,297.9057
20,2025-08-31,46,-14.13435,144.5049,2,2.4,1,Moderate (1-50%),0.113,0.8847,0.0023,0.887,1.12,0.0,298.11002
20,2025-08-31,47,-14.07125,143.8833,2,0.99,1,Moderate (1-50%),0.142,0.8559,0.0021,0.858,1.25,0.0,298.22284
20,2025-08-31,48,-13.922125,143.78668,4,1.3,1,Moderate (1-50%),0.2171,0.7811,0.0018,0.7829,1.74,0.0,298.33282
20,2025-08-31,49,-23.6966,152.1829,2,2.53,1,Moderate (1-50%),0.3741,0.6255,0.0004,0.6259,0.0,0.0,295.18716
20,2025-08-31,50,-17.776623,146.45274,9,2.36,1,Moderate (1-50%),0.3283,0.6706,0.0011,0.6717,0.41714287,0.0,297.99
20,2025-08-31,51,-16.284166,145.4936,3,2.23,1,Moderate (1-50%),0.1186,0.8804,0.001,0.8814,1.3557143,0.0,297.77
20,2025-08-31,52,-15.71492,145.45647,5,2.28,1,Moderate (1-50%),0.1883,0.8105,0.0012,0.8117,0.75285715,0.0,297.81143
20,2025-08-31,53,-22.2081,150.33665,2,2.23,0,None (0%),0.6069,0.3924,0.0007,0.3931,0.0,0.0,295.02142
20,2025-08-31,54,-22.024067,150.66617,3,0.92,0,None (0%),0.6507,0.3488,0.0005,0.3493,0.0,0.0,295.34
20,2025-08-31,55,-22.018534,150.34753,3,2.43,0,None (0%),0.6038,0.3956,0.0006,0.3962,0.0,0.0,295.05283
20,2025-08-31,56,-21.95394,150.1631,5,2.64,0,None (0%),0.6061,0.3935,0.0004,0.3939,0.0,0.0,294.97287
20,2025-08-31,57,-21.6832,150.28384,4,1.29,0,None (0%),0.6043,0.3952,0.0005,0.3957,0.0,0.0,295.15997
20,2025-08-31,58,-21.455212,149.86604,8,2.39,0,None (0%),0.7473,0.2523,0.0004,0.2527,0.0,0.0,295.21713
20,2025-08-31,59,-18.062532,146.56087,3,2.04,1,Moderate (1-50%),0.3759,0.6231,0.001,0.6241,0.5328571,0.0,297.9157
20,2025-08-31,60,-23.958666,151.47777,3,1.84,0,None (0%),0.741,0.2581,0.0008,0.259,0.0,0.0,293.62717
20,2025-08-31,61,-23.767967,151.33594,3,1.36,0,None (0%),0.6868,0.3123,0.001,0.3132,0.0,0.0,293.78287
20,2025-08-31,62,-23.5347,151.73087,3,1.23,1,Moderate (1-50%),0.4565,0.5432,0.0002,0.5435,0.0,0.0,294.4414
20,2025-08-31,63,-19.2064,147.0493,3,3.28,0,None (0%),0.708,0.2914,0.0006,0.292,0.92142856,0.0,296.71857
20,2025-08-31,64,-18.0518,146.78749,12,2.9,1,Moderate (1-50%),0.2538,0.7448,0.0014,0.7462,0.35428572,0.0,298.1971
20,2025-08-31,65,-18.008833,146.16989,9,1.88,1,Moderate (1-50%),0.2466,0.7531,0.0003,0.7534,0.15,0.0,297.33282
20,2025-08-31,66,-17.721071,146.1557,7,2.09,1,Moderate (1-50%),0.2606,0.739,0.0004,0.7394,0.31,0.0,297.44998
20,2025-08-31,67,-17.467283,146.3924,6,2.04,1,Moderate (1-50%),0.2974,0.7012,0.0014,0.7026,0.74,0.0,297.92142
20,2025-08-31,68,-17.20583,146.07251,10,2.15,1,Moderate (1-50%),0.255,0.7444,0.0006,0.745,0.5328571,0.0,297.56714
20,2025-08-31,69,-16.545633,145.52946,3,2.34,1,Moderate (1-50%),0.1396,0.8598,0.0006,0.8604,1.3128572,0.0,297.72
20,2025-08-31,70,-16.379562,145.56004,47,1.67,1,Moderate (1-50%),0.1622,0.836,0.0017,0.8378,1.3414285,0.0,297.85858
20,2025-08-31,71,-15.9993,145.4327,3,2.82,1,Moderate (1-50%),0.2703,0.7284,0.0013,0.7297,1.2814286,0.0,297.63998
20,2025-08-31,72,-15.156473,145.46036,11,2.59,1,Moderate (1-50%),0.1465,0.8517,0.0018,0.8535,0.73571426,0.0,298.03714
20,2025-08-31,73,-11.8956,143.1068,2,3.03,1,Moderate (1-50%),0.3427,0.6536,0.0036,0.6573,1.17,0.0,298.58856
20,2025-08-31,74,-10.14675,151.16306,2,3.4,1,Moderate (1-50%),0.1023,0.8141,0.0836,0.8977,14.137143,0.0,300.97855
20,2025-08-31,75,-18.4208,147.34987,3,2.66,1,Moderate (1-50%),0.1583,0.84,0.0017,0.8417,0.3,0.0,298.3986
20,2025-08-31,76,-19.54529,149.26216,28,2.63,1,Moderate (1-50%),0.3337,0.6646,0.0017,0.6663,0.0,0.0,297.2357
20,2025-08-31,77,-18.665953,147.07942,15,1.11,1,Moderate (1-50%),0.3349,0.6643,0.0008,0.6651,0.75285715,0.0,297.59714
20,2025-08-31,78,-18.441046,146.99043,15,2.42,1,Moderate (1-50%),0.1555,0.8427,0.0019,0.8445,1.1728572,0.0,297.93143
20,2025-08-31,79,-22.0,152.67,2,2.83,0,None (0%),0.6268,0.3725,0.0007,0.3732,0.0,0.0,295.78714
20,2025-08-31,80,-18.402128,146.79951,11,3.63,1,Moderate (1-50%),0.2903,0.7083,0.0014,0.7097,1.2057143,0.0,297.87573
20,2025-08-31,81,-18.52425,147.1444,2,2.05,1,Moderate (1-50%),0.2217,0.7763,0.002,0.7783,1.1,0.0,297.8657
20,2025-08-31,82,-21.3925,152.50706,5,2.69,1,Moderate (1-50%),0.4847,0.5145,0.0008,0.5153,0.0,0.0,296.80573
20,2025-08-31,83,-21.121021,152.48535,9,1.16,0,None (0%),0.582,0.4164,0.0016,0.418,0.0,0.0,297.22574
20,2025-08-31,84,-21.106472,152.2254,11,2.06,1,Moderate (1-50%),0.4636,0.535,0.0015,0.5364,0.0,0.0,297.3343
20,2025-08-31,85,-20.96795,149.75764,2,1.96,0,None (0%),0.5865,0.4127,0.0007,0.4135,0.0,0.0,296.32144
20,2025-08-31,86,-20.928566,150.04893,3,2.52,0,None (0%),0.5274,0.4718,0.0007,0.4726,0.0,0.0,296.3514
20,2025-08-31,87,-19.68672,149.93729,5,1.83,1,Moderate (1-50%),0.3978,0.6011,0.001,0.6022,0.0,0.0,297.29282
20,2025-08-31,88,-19.501034,148.7524,3,3.57,1,Moderate (1-50%),0.3635,0.6355,0.001,0.6365,0.16,0.0,297.22998
20,2025-08-31,89,-19.3041,148.6315,4,2.42,1,Moderate (1-50%),0.295,0.7036,0.0014,0.705,0.0,0.0,297.47855
20,2025-08-31,90,-19.20995,148.542,2,2.45,1,Moderate (1-50%),0.2663,0.7326,0.0011,0.7337,0.0,0.0,297.60858
20,2025-08-31,91,-18.82149,147.65489,18,2.15,1,Moderate (1-50%),0.2376,0.7614,0.001,0.7624,0.49,0.0,297.79855
20,2025-08-31,92,-17.5251,146.52454,3,0.05,1,Moderate (1-50%),0.1544,0.8436,0.002,0.8456,0.7442857,0.0,298.13998
20,2025-08-31,93,-14.88175,145.50227,6,2.56,1,Moderate (1-50%),0.1283,0.8691,0.0026,0.8717,1.1971428,0.0,298.37143
20,2025-08-31,94,-24.112192,152.71562,14,1.71,1,Moderate (1-50%),0.4431,0.5567,0.0002,0.5569,0.0,0.0,295.56
20,2025-08-31,95,-19.449833,148.86703,3,2.89,1,Moderate (1-50%),0.2946,0.7042,0.0012,0.7054,0.0,0.0,297.4957
20,2025-08-31,96,-16.409634,145.74434,3,2.68,1,Moderate (1-50%),0.2052,0.7908,0.004,0.7948,1.2114285,0.0,298.02
20,2025-08-31,97,-12.67815,143.5829,2,0.93,1,Moderate (1-50%),0.3833,0.6144,0.0024,0.6167,2.21,0.0,298.44287
20,2025-08-31,98,-12.2257,143.2841,2,0.99,1,Moderate (1-50%),0.3288,0.6673,0.0039,0.6712,1.63,0.0,298.56714
20,2025-08-31,99,-11.782,142.95316,5,2.5,1,Moderate (1-50%),0.4338,0.5633,0.0029,0.5662,1.83,0.0,298.61572
20,2025-08-31,100,-11.7694,143.09245,2,2.0,1,Moderate (1-50%),0.3359,0.6621,0.002,0.6641,1.03,0.0,298.62286
20,2025-08-31,101,-11.482866,143.01598,9,1.32,1,Moderate (1-50%),0.3457,0.6522,0.0021,0.6543,2.27,0.0,298.92142
20,2025-08-31,102,-11.191144,142.98755,9,2.26,1,Moderate (1-50%),0.3079,0.6894,0.0027,0.6921,2.65,0.0,299.00858
20,2025-08-31,103,-14.610958,145.62405,19,1.56,1,Moderate (1-50%),0.3602,0.6374,0.0024,0.6398,1.2671429,0.0,298.8857
20,2025-08-31,104,-14.704066,145.44646,9,3.28,1,Moderate (1-50%),0.1649,0.8321,0.003,0.8351,1.3828571,0.0,298.33716
20,2025-08-31,105,-23.32,151.98,2,0.75,1,Moderate (1-50%),0.4459,0.5539,0.0002,0.5541,0.0,0.0,295.02713
20,2025-08-31,106,-18.26362,147.38202,5,1.47,1,Moderate (1-50%),0.1535,0.8443,0.0022,0.8465,0.021428572,0.0,298.58002
20,2025-08-31,107,-14.0,146.0,2,3.87,0,None (0%),0.5971,0.4001,0.0029,0.4029,2.9057143,0.0,299.17142
20,2025-08-31,108,-21.87,152.19,2,1.64,0,None (0%),0.5423,0.4573,0.0004,0.4577,0.0,0.0,296.00858
20,2025-08-31,109,-21.13605,150.77615,2,1.23,0,None (0%),0.5548,0.4449,0.0003,0.4452,0.0,0.0,296.25714
20,2025-08-31,110,-20.66895,150.2588,2,1.81,0,None (0%),0.5273,0.4722,0.0005,0.4727,0.0,0.0,296.31
20,2025-08-31,111,-20.08315,149.93718,4,1.56,1,Moderate (1-50%),0.4304,0.5687,0.0009,0.5696,0.0,0.0,296.54855
20,2025-08-31,112,-19.6179,149.67664,3,0.81,1,Moderate (1-50%),0.4067,0.5919,0.0014,0.5933,0.0,0.0,297.27426
20,2025-08-31,113,-18.791527,147.52235,34,1.86,1,Moderate (1-50%),0.2615,0.737,0.0015,0.7385,0.85,0.0,297.95142
20,2025-08-31,114,-18.53455,147.49355,4,2.22,1,Moderate (1-50%),0.2044,0.7936,0.0019,0.7956,0.3,0.0,298.2857
20,2025-08-31,115,-18.1362,146.9716,2,1.3,1,Moderate (1-50%),0.1635,0.8348,0.0018,0.8365,0.6314286,0.0,298.40717
20,2025-08-31,116,-15.359506,145.7791,18,1.78,1,Moderate (1-50%),0.2066,0.7916,0.0018,0.7934,0.83285713,0.0,298.77286
20,2025-08-31,117,-14.925742,145.68793,38,1.39,1,Moderate (1-50%),0.2342,0.7624,0.0033,0.7658,1.2485714,0.0,298.70996
20,2025-08-31,118,-15.02785,145.56805,2,0.81,1,Moderate (1-50%),0.1777,0.8202,0.0021,0.8223,1.0742857,0.0,298.40427
20,2025-08-31,119,-12.767325,143.42282,4,0.89,1,Moderate (1-50%),0.2748,0.7224,0.0028,0.7252,2.87,0.0,298.34
20,2025-08-31,120,-11.997334,143.27243,6,2.5,1,Moderate (1-50%),0.3381,0.6596,0.0023,0.6619,1.16,0.0,298.64572
20,2025-08-31,121,-11.0088,142.98685,2,2.22,1,Moderate (1-50%),0.3326,0.6645,0.0029,0.6674,2.81,0.0,299.07
20,2025-08-31,122,-20.751085,149.4548,7,3.39,0,None (0%),0.5012,0.4982,0.0006,0.4988,0.0,0.0,296.24
20,2025-08-31,123,-18.65635,147.71594,2,2.28,1,Moderate (1-50%),0.1595,0.8394,0.0011,0.8405,0.15,0.0,297.94
20,2025-08-31,124,-12.470825,143.48958,4,1.65,1,Moderate (1-50%),0.3823,0.6141,0.0036,0.6177,1.59,0.0,298.4957
20,2025-08-31,125,-12.30835,143.37485,2,1.85,1,Moderate (1-50%),0.3094,0.6876,0.0029,0.6906,1.72,0.0,298.5457
20,2025-08-31,126,-10.69155,142.73485,2,2.13,0,None (0%),0.5485,0.4484,0.0031,0.4515,2.85,0.0,299.16714
20,2025-08-31,127,-18.9561,146.9562,15,2.89,1,Moderate (1-50%),0.4353,0.5644,0.0002,0.5647,0.8957143,0.0,296.8857
20,2025-08-31,128,-13.844505,146.55128,41,3.35,0,None (0%),0.6633,0.3338,0.0029,0.3367,5.0057144,0.0,299.21854
20,2025-08-31,129,-16.22582,146.00262,10,2.39,1,Moderate (1-50%),0.3083,0.6892,0.0026,0.6917,0.79571426,0.0,298.69144
20,2025-08-31,130,-15.51399,145.77756,20,1.25,1,Moderate (1-50%),0.1753,0.8227,0.002,0.8247,0.81285715,0.0,298.6957
20,2025-08-31,131,-16.0,145.9667,2,2.92,1,Moderate (1-50%),0.2577,0.74,0.0023,0.7423,0.80285716,0.0,298.75858
20,2025-08-31,132,-17.0,149.1,4,3.85,1,Moderate (1-50%),0.283,0.7132,0.0038,0.717,0.86714286,0.0,298.54858
21,2025-09-07,0,-19.166714,146.84863,209,2.65,0,None (0%),0.6551,0.3437,0.0012,0.3449,1.17,0.0,296.93716
21,2025-09-07,1,-18.646925,146.54514,149,3.23,1,Moderate (1-50%),0.3758,0.6238,0.0003,0.6242,0.14,0.0,297.32
21,2025-09-07,2,-10.2196665,150.84866,3,2.66,1,Moderate (1-50%),0.2796,0.6851,0.0353,0.7204,12.794286,0.0,300.66714
21,2025-09-07,3,-23.443886,151.92134,187,2.13,1,Moderate (1-50%),0.4618,0.5379,0.0003,0.5382,0.0,0.0,294.79144
21,2025-09-07,4,-18.75,146.25,2,3.83,0,None (0%),0.5493,0.4501,0.0006,0.4507,0.64,0.0,297.45
21,2025-09-07,5,-23.146168,150.95728,60,2.97,0,None (0%),0.6592,0.3402,0.0006,0.3408,0.0,0.0,294.05
21,2025-09-07,6,-19.760475,149.15018,69,3.06,1,Moderate (1-50%),0.3737,0.6257,0.0005,0.6263,0.0,0.0,297.06714
21,2025-09-07,7,-18.227266,146.74213,3,1.83,1,Moderate (1-50%),0.4578,0.541,0.0012,0.5422,0.84,0.0,298.16718
21,2025-09-07,8,-19.020872,146.6052,11,2.13,0,None (0%),0.6733,0.3262,0.0005,0.3267,0.84,0.0,297.0957
21,2025-09-07,9,-18.739391,147.2709,12,1.66,1,Moderate (1-50%),0.3245,0.6741,0.0015,0.6755,0.72,0.0,298.14142
21,2025-09-07,10,-17.885866,146.59,3,2.0,1,Moderate (1-50%),0.3339,0.6647,0.0014,0.6661,0.5,0.0,298.11716
21,2025-09-07,11,-17.239176,146.34703,8,2.82,1,Moderate (1-50%),0.3185,0.6799,0.0016,0.6815,0.84,0.0,298.18143
21,2025-09-07,12,-20.237434,148.9795,103,1.46,1,Moderate (1-50%),0.4001,0.5996,0.0003,0.5999,0.0,0.0,296.39142
21,2025-09-07,13,-20.3759,150.17145,8,0.38,1,Moderate (1-50%),0.492,0.507,0.001,0.508,0.0,0.0,296.55145
21,2025-09-07,14,-20.251957,148.81541,23,2.75,0,None (0%),0.5332,0.4663,0.0005,0.4668,0.0,0.0,296.12427
21,2025-09-07,15,-20.090439,148.5869,23,2.12,0,None (0%),0.6515,0.348,0.0005,0.3485,0.0,0.0,296.38428
21,2025-09-07,16,-20.022484,148.28569,12,1.15,0,None (0%),0.5199,0.4793,0.0008,0.4801,0.64,0.0,296.33713
21,2025-09-07,17,-19.86675,147.92262,4,0.95,0,None (0%),0.5761,0.4232,0.0007,0.4239,0.48,0.0,296.57712
21,2025-09-07,18,-23.992844,151.69751,7,3.03,0,None (0%),0.6216,0.3775,0.0009,0.3784,0.0,0.0,293.5886
21,2025-09-07,19,-23.520433,151.2612,3,1.5,0,None (0%),0.6025,0.397,0.0005,0.3975,0.0,0.0,293.7643
21,2025-09-07,20,-23.408117,151.1666,6,2.06,0,None (0%),0.5936,0.4058,0.0006,0.4064,0.0,0.0,293.86996
21,2025-09-07,21,-23.326,150.92995,2,0.52,0,None (0%),0.7367,0.2627,0.0006,0.2633,0.0,0.0,294.0257
21,2025-09-07,22,-21.991533,152.46994,3,1.91,0,None (0%),0.6705,0.3288,0.0007,0.3295,0.0,0.0,295.91428
21,2025-09-07,23,-20.911617,149.42245,11,1.51,0,None (0%),0.7445,0.2551,0.0004,0.2555,0.0,0.0,295.8657
21,2025-09-07,24,-20.758585,150.43915,7,2.34,0,None (0%),0.624,0.3756,0.0004,0.376,0.0,0.0,296.4457
21,2025-09-07,25,-19.7155,147.77403,7,1.06,0,None (0%),0.7407,0.2588,0.0005,0.2593,0.51,0.0,296.6586
21,2025-09-07,26,-19.34095,148.0835,2,1.99,1,Moderate (1-50%),0.4259,0.5727,0.0013,0.5741,0.77,0.0,297.39285
21,2025-09-07,27,-19.32325,148.4333,2,0.89,1,Moderate (1-50%),0.4388,0.5595,0.0016,0.5612,0.5,0.0,297.58713
21,2025-09-07,28,-19.311234,148.34396,3,2.51,1,Moderate (1-50%),0.3994,0.5989,0.0017,0.6006,0.52,0.0,297.52856
21,2025-09-07,29,-19.2076,148.8596,2,2.52,1,Moderate (1-50%),0.4294,0.5679,0.0027,0.5706,0.0,0.0,297.99713
21,2025-09-07,30,-19.11165,148.33365,6,1.74,1,Moderate (1-50%),0.31,0.6886,0.0014,0.69,0.15,0.0,297.7457
21,2025-09-07,31,-18.9913,148.06412,6,2.14,1,Moderate (1-50%),0.2227,0.7753,0.002,0.7773,0.31,0.0,297.88715
21,2025-09-07,32,-18.847086,147.91052,7,2.89,1,Moderate (1-50%),0.1539,0.8436,0.0025,0.8461,0.15,0.0,297.9243
21,2025-09-07,33,-18.1497,146.28976,3,3.16,1,Moderate (1-50%),0.3611,0.6384,0.0005,0.6389,0.15,0.0,297.59857
21,2025-09-07,34,-17.6551,146.49199,6,2.85,1,Moderate (1-50%),0.301,0.6975,0.0015,0.699,0.51,0.0,297.95572
21,2025-09-07,35,-17.34235,146.52235,4,1.95,1,Moderate (1-50%),0.1595,0.8389,0.0017,0.8405,0.84,0.0,298.32568
21,2025-09-07,36,-16.871353,146.21158,88,1.49,1,Moderate (1-50%),0.1265,0.8717,0.0018,0.8735,1.03,0.0,298.54855
21,2025-09-07,37,-16.935507,145.98845,13,1.85,0,None (0%),0.5641,0.4353,0.0006,0.4359,0.53,0.0,298.0114
21,2025-09-07,38,-16.52347,145.99037,108,1.65,1,Moderate (1-50%),0.1563,0.8419,0.0018,0.8437,0.87,0.0,298.58713
21,2025-09-07,39,-16.12418,145.83456,243,1.03,1,Moderate (1-50%),0.1535,0.8447,0.0018,0.8465,0.83,0.0,298.64285
21,2025-09-07,40,-15.77885,145.58086,2,0.76,1,Moderate (1-50%),0.3633,0.6361,0.0005,0.6367,0.76,0.0,298.27286
21,2025-09-07,41,-15.499777,145.51018,13,3.18,1,Moderate (1-50%),0.2203,0.779,0.0008,0.7797,0.47,0.0,298.25998
21,2025-09-07,42,-14.85125,145.27235,2,2.66,1,Moderate (1-50%),0.3559,0.6435,0.0006,0.6441,0.87,0.0,298.07715
21,2025-09-07,43,-14.728744,145.10814,16,1.86,1,Moderate (1-50%),0.3705,0.6289,0.0006,0.6295,0.83,0.0,298.14142
21,2025-09-07,44,-14.4546,144.90607,7,3.05,1,Moderate (1-50%),0.1348,0.8639,0.0012,0.8652,1.09,0.0,298.30142
21,2025-09-07,45,-14.1632,144.26332,5,1.82,1,Moderate (1-50%),0.1024,0.8962,0.0014,0.8976,1.11,0.0,298.30145
21,2025-09-07,46,-14.13435,144.5049,2,2.4,1,Moderate (1-50%),0.0912,0.9073,0.0015,0.9088,1.12,0.0,298.40143
21,2025-09-07,47,-14.07125,143.8833,2,0.99,1,Moderate (1-50%),0.0454,0.9529,0.0016,0.9546,1.25,0.0,298.54572
21,2025-09-07,48,-13.922125,143.78668,4,1.3,1,Moderate (1-50%),0.0498,0.9486,0.0016,0.9502,1.74,0.0,298.5814
21,2025-09-07,49,-23.6966,152.1829,2,2.53,0,None (0%),0.5182,0.4816,0.0003,0.4818,0.0,0.0,295.06
21,2025-09-07,50,-17.776623,146.45274,9,2.36,1,Moderate (1-50%),0.2711,0.7277,0.0012,0.7289,0.35,0.0,297.95428
21,2025-09-07,51,-16.284166,145.4936,3,2.23,1,Moderate (1-50%),0.3352,0.6623,0.0025,0.6648,1.28,0.0,298.17856
21,2025-09-07,52,-15.71492,145.45647,5,2.28,1,Moderate (1-50%),0.4548,0.5442,0.001,0.5452,0.62,0.0,298.11002
21,2025-09-07,53,-22.2081,150.33665,2,2.23,0,None (0%),0.6754,0.3241,0.0005,0.3246,0.0,0.0,294.99857
21,2025-09-07,54,-22.024067,150.66617,3,0.92,0,None (0%),0.7201,0.2793,0.0007,0.2799,0.0,0.0,295.45285
21,2025-09-07,55,-22.018534,150.34753,3,2.43,0,None (0%),0.6491,0.3505,0.0004,0.3509,0.0,0.0,295.0757
21,2025-09-07,56,-21.95394,150.1631,5,2.64,0,None (0%),0.6065,0.3932,0.0003,0.3935,0.0,0.0,294.96857
21,2025-09-07,57,-21.6832,150.28384,4,1.29,0,None (0%),0.6403,0.3592,0.0005,0.3597,0.0,0.0,295.32858
21,2025-09-07,58,-21.455212,149.86604,8,2.39,0,None (0%),0.6799,0.3198,0.0003,0.3201,0.0,0.0,295.3514
21,2025-09-07,59,-18.062532,146.56087,3,2.04,1,Moderate (1-50%),0.2653,0.7337,0.001,0.7347,0.51,0.0,298.12143
21,2025-09-07,60,-23.958666,151.47777,3,1.84,0,None (0%),0.7509,0.2464,0.0027,0.2491,0.0,0.0,293.46
21,2025-09-07,61,-23.767967,151.33594,3,1.36,0,None (0%),0.6797,0.3192,0.0011,0.3203,0.0,0.0,293.61002
21,2025-09-07,62,-23.5347,151.73087,3,1.23,1,Moderate (1-50%),0.4444,0.5553,0.0003,0.5556,0.0,0.0,294.31857
21,2025-09-07,63,-19.2064,147.0493,3,3.28,0,None (0%),0.7183,0.2813,0.0004,0.2817,0.9,0.0,296.69858
21,2025-09-07,64,-18.0518,146.78749,12,2.9,1,Moderate (1-50%),0.211,0.7875,0.0015,0.789,0.33,0.0,298.38284
21,2025-09-07,65,-18.008833,146.16989,9,1.88,1,Moderate (1-50%),0.4658,0.5338,0.0004,0.5342,0.15,0.0,297.5728
21,2025-09-07,66,-17.721071,146.1557,7,2.09,1,Moderate (1-50%),0.4901,0.5093,0.0006,0.5099,0.31,0.0,297.6
21,2025-09-07,67,-17.467283,146.3924,6,2.04,1,Moderate (1-50%),0.2908,0.7081,0.0011,0.7092,0.67,0.0,297.90997
21,2025-09-07,68,-17.20583,146.07251,10,2.15,0,None (0%),0.5642,0.4354,0.0003,0.4358,0.51,0.0,297.78
21,2025-09-07,69,-16.545633,145.52946,3,2.34,1,Moderate (1-50%),0.2976,0.7005,0.0018,0.7024,1.29,0.0,298.08145
21,2025-09-07,70,-16.379562,145.56004,47,1.67,1,Moderate (1-50%),0.2932,0.7055,0.0013,0.7068,1.27,0.0,298.24857
21,2025-09-07,71,-15.9993,145.4327,3,2.82,1,Moderate (1-50%),0.4211,0.5774,0.0015,0.5789,1.14,0.0,298.12717
21,2025-09-07,72,-15.156473,145.46036,11,2.59,1,Moderate (1-50%),0.2697,0.7297,0.0006,0.7303,0.65,0.0,298.2457
21,2025-09-07,73,-11.8956,143.1068,2,3.03,1,Moderate (1-50%),0.0824,0.9143,0.0032,0.9176,1.17,0.0,298.61716
21,2025-09-07,74,-10.14675,151.16306,2,3.4,1,Moderate (1-50%),0.1383,0.8124,0.0493,0.8617,12.938571,0.0,300.97287
21,2025-09-07,75,-18.4208,147.34987,3,2.66,1,Moderate (1-50%),0.2071,0.7901,0.0028,0.7929,0.3,0.0,298.60284
21,2025-09-07,76,-19.54529,149.26216,28,2.63,1,Moderate (1-50%),0.2946,0.7039,0.0015,0.7054,0.0,0.0,297.44998
21,2025-09-07,77,-18.665953,147.07942,15,1.11,1,Moderate (1-50%),0.499,0.4998,0.0012,0.501,0.73,0.0,297.84283
21,2025-09-07,78,-18.441046,146.99043,15,2.42,1,Moderate (1-50%),0.2737,0.7242,0.0021,0.7263,1.15,0.0,298.16287
21,2025-09-07,79,-22.0,152.67,2,2.83,0,None (0%),0.6179,0.3811,0.001,0.3821,0.0,0.0,296.0371
21,2025-09-07,80,-18.402128,146.79951,11,3.63,1,Moderate (1-50%),0.3577,0.6401,0.0022,0.6423,1.18,0.0,297.93716
21,2025-09-07,81,-18.52425,147.1444,2,2.05,1,Moderate (1-50%),0.1678,0.8299,0.0023,0.8322,1.1,0.0,298.13998
21,2025-09-07,82,-21.3925,152.50706,5,2.69,0,None (0%),0.5539,0.4454,0.0007,0.4461,0.0,0.0,297.06714
21,2025-09-07,83,-21.121021,152.48535,9,1.16,0,None (0%),0.5231,0.4762,0.0007,0.4769,0.0,0.0,297.6214
21,2025-09-07,84,-21.106472,152.2254,11,2.06,1,Moderate (1-50%),0.4785,0.5208,0.0007,0.5215,0.0,0.0,297.65427
21,2025-09-07,85,-20.96795,149.75764,2,1.96,0,None (0%),0.6894,0.31,0.0006,0.3106,0.0,0.0,296.31
21,2025-09-07,86,-20.928566,150.04893,3,2.52,0,None (0%),0.6735,0.326,0.0005,0.3265,0.0,0.0,296.45712
21,2025-09-07,87,-19.68672,149.93729,5,1.83,1,Moderate (1-50%),0.1984,0.8004,0.0012,0.8016,0.0,0.0,297.58713
21,2025-09-07,88,-19.501034,148.7524,3,3.57,1,Moderate (1-50%),0.3414,0.658,0.0006,0.6586,0.16,0.0,297.42285
21,2025-09-07,89,-19.3041,148.6315,4,2.42,1,Moderate (1-50%),0.4556,0.5429,0.0015,0.5444,0.0,0.0,297.63998
21,2025-09-07,90,-19.20995,148.542,2,2.45,1,Moderate (1-50%),0.4313,0.5665,0.0022,0.5687,0.0,0.0,297.74857
21,2025-09-07,91,-18.82149,147.65489,18,2.15,1,Moderate (1-50%),0.3369,0.6616,0.0015,0.6631,0.49,0.0,297.92142
21,2025-09-07,92,-17.5251,146.52454,3,0.05,1,Moderate (1-50%),0.3226,0.676,0.0014,0.6774,0.67,0.0,298.0957
21,2025-09-07,93,-14.88175,145.50227,6,2.56,1,Moderate (1-50%),0.1345,0.8631,0.0024,0.8655,1.07,0.0,298.5257
21,2025-09-07,94,-24.112192,152.71562,14,1.71,1,Moderate (1-50%),0.4683,0.5315,0.0002,0.5317,0.0,0.0,295.47287
21,2025-09-07,95,-19.449833,148.86703,3,2.89,1,Moderate (1-50%),0.3596,0.6387,0.0017,0.6404,0.0,0.0,297.58145
21,2025-09-07,96,-16.409634,145.74434,3,2.68,1,Moderate (1-50%),0.1448,0.8543,0.0008,0.8552,1.14,0.0,298.37143
21,2025-09-07,97,-12.67815,143.5829,2,0.93,1,Moderate (1-50%),0.104,0.8914,0.0047,0.896,2.21,0.0,298.55856
21,2025-09-07,98,-12.2257,143.2841,2,0.99,1,Moderate (1-50%),0.0805,0.9169,0.0026,0.9195,1.63,0.0,298.67572
21,2025-09-07,99,-11.782,142.95316,5,2.5,1,Moderate (1-50%),0.0854,0.9118,0.0028,0.9146,1.83,0.0,298.6143
21,2025-09-07,100,-11.7694,143.09245,2,2.0,1,Moderate (1-50%),0.1007,0.8974,0.0019,0.8993,1.03,0.0,298.63858
21,2025-09-07,101,-11.482866,143.01598,9,1.32,1,Moderate (1-50%),0.1891,0.8075,0.0035,0.8109,2.27,0.0,298.75
21,2025-09-07,102,-11.191144,142.98755,9,2.26,1,Moderate (1-50%),0.2278,0.7678,0.0044,0.7722,2.65,0.0,298.89142
21,2025-09-07,103,-14.610958,145.62405,19,1.56,1,Moderate (1-50%),0.0793,0.9166,0.0041,0.9207,1.2,0.0,298.94284
21,2025-09-07,104,-14.704066,145.44646,9,3.28,1,Moderate (1-50%),0.1184,0.879,0.0026,0.8816,1.36,0.0,298.47855
21,2025-09-07,105,-23.32,151.98,2,0.75,0,None (0%),0.5271,0.4725,0.0003,0.4729,0.0,0.0,294.99713
21,2025-09-07,106,-18.26362,147.38202,5,1.47,1,Moderate (1-50%),0.1231,0.875,0.002,0.8769,0.0,0.0,298.72427
21,2025-09-07,107,-14.0,146.0,2,3.87,1,Moderate (1-50%),0.223,0.7725,0.0045,0.777,2.77,0.0,299.03714
21,2025-09-07,108,-21.87,152.19,2,1.64,0,None (0%),0.5498,0.4498,0.0003,0.4502,0.0,0.0,296.17142
21,2025-09-07,109,-21.13605,150.77615,2,1.23,0,None (0%),0.6882,0.3115,0.0003,0.3118,0.0,0.0,296.30283
21,2025-09-07,110,-20.66895,150.2588,2,1.81,0,None (0%),0.5709,0.4286,0.0005,0.4291,0.0,0.0,296.44427
21,2025-09-07,111,-20.08315,149.93718,4,1.56,1,Moderate (1-50%),0.3955,0.6037,0.0008,0.6045,0.0,0.0,296.66284
21,2025-09-07,112,-19.6179,149.67664,3,0.81,1,Moderate (1-50%),0.2992,0.6994,0.0014,0.7008,0.0,0.0,297.56143
21,2025-09-07,113,-18.791527,147.52235,34,1.86,1,Moderate (1-50%),0.351,0.6463,0.0027,0.649,0.85,0.0,298.15143
21,2025-09-07,114,-18.53455,147.49355,4,2.22,1,Moderate (1-50%),0.1615,0.837,0.0015,0.8385,0.3,0.0,298.52142
21,2025-09-07,115,-18.1362,146.9716,2,1.3,1,Moderate (1-50%),0.1572,0.8409,0.0019,0.8428,0.61,0.0,298.54282
21,2025-09-07,116,-15.359506,145.7791,18,1.78,1,Moderate (1-50%),0.2872,0.7111,0.0017,0.7128,0.81,0.0,298.82
21,2025-09-07,117,-14.925742,145.68793,38,1.39,1,Moderate (1-50%),0.2831,0.7149,0.002,0.7169,1.02,0.0,298.82715
21,2025-09-07,118,-15.02785,145.56805,2,0.81,1,Moderate (1-50%),0.2248,0.7736,0.0016,0.7752,0.99,0.0,298.58426
21,2025-09-07,119,-12.767325,143.42282,4,0.89,1,Moderate (1-50%),0.0751,0.9235,0.0014,0.9249,2.87,0.0,298.61002
21,2025-09-07,120,-11.997334,143.27243,6,2.5,1,Moderate (1-50%),0.0687,0.9286,0.0027,0.9313,1.16,0.0,298.67572
21,2025-09-07,121,-11.0088,142.98685,2,2.22,1,Moderate (1-50%),0.1521,0.8444,0.0035,0.8479,2.81,0.0,298.99142
21,2025-09-07,122,-20.751085,149.4548,7,3.39,0,None (0%),0.6466,0.3529,0.0005,0.3534,0.0,0.0,296.31857
21,2025-09-07,123,-18.65635,147.71594,2,2.28,1,Moderate (1-50%),0.1423,0.8558,0.0019,0.8577,0.15,0.0,298.1143
21,2025-09-07,124,-12.470825,143.48958,4,1.65,1,Moderate (1-50%),0.1032,0.8919,0.0049,0.8968,1.59,0.0,298.59714
21,2025-09-07,125,-12.30835,143.37485,2,1.85,1,Moderate (1-50%),0.0754,0.921,0.0036,0.9246,1.72,0.0,298.66714
21,2025-09-07,126,-10.69155,142.73485,2,2.13,1,Moderate (1-50%),0.1688,0.8287,0.0025,0.8312,2.85,0.0,299.00714
21,2025-09-07,127,-18.9561,146.9562,15,2.89,1,Moderate (1-50%),0.4443,0.5552,0.0005,0.5557,0.87,0.0,297.18716
21,2025-09-07,128,-13.844505,146.55128,41,3.35,1,Moderate (1-50%),0.3854,0.6063,0.0083,0.6146,4.77,0.0,299.1657
21,2025-09-07,129,-16.22582,146.00262,10,2.39,1,Moderate (1-50%),0.1019,0.8962,0.0019,0.8981,0.77,0.0,298.7857
21,2025-09-07,130,-15.51399,145.77756,20,1.25,1,Moderate (1-50%),0.2672,0.7315,0.0013,0.7328,0.79,0.0,298.73712
21,2025-09-07,131,-16.0,145.9667,2,2.92,1,Moderate (1-50%),0.1696,0.8288,0.0016,0.8304,0.78,0.0,298.79144
21,2025-09-07,132,-17.0,149.1,4,3.85,1,Moderate (1-50%),0.2143,0.7845,0.0012,0.7857,0.63,0.0,298.76
22,2025-09-14,0,-19.166714,146.84863,209,2.65,0,None (0%),0.7531,0.2453,0.0016,0.2469,1.02,0.0,297.15
22,2025-09-14,1,-18.646925,146.54514,149,3.23,0,None (0%),0.5821,0.4169,0.001,0.4179,0.14,0.0,297.54425
22,2025-09-14,2,-10.2196665,150.84866,3,2.66,1,Moderate (1-50%),0.3373,0.6384,0.0243,0.6627,11.768572,0.0,300.74857
22,2025-09-14,3,-23.443886,151.92134,187,2.13,1,Moderate (1-50%),0.3904,0.609,0.0005,0.6096,0.0,0.0,295.09857
22,2025-09-14,4,-18.75,146.25,2,3.83,0,None (0%),0.6649,0.3339,0.0011,0.3351,0.61714286,0.0,297.64282
22,2025-09-14,5,-23.146168,150.95728,60,2.97,0,None (0%),0.6955,0.3038,0.0007,0.3045,0.0,0.0,294.5843
22,2025-09-14,6,-19.760475,149.15018,69,3.06,1,Moderate (1-50%),0.4965,0.5027,0.0008,0.5035,0.0,0.0,297.08716
22,2025-09-14,7,-18.227266,146.74213,3,1.83,1,Moderate (1-50%),0.4087,0.5897,0.0016,0.5913,0.70285714,0.0,298.21857
22,2025-09-14,8,-19.020872,146.6052,11,2.13,0,None (0%),0.7535,0.2456,0.0009,0.2465,0.7714286,0.0,297.21286
22,2025-09-14,9,-18.739391,147.2709,12,1.66,1,Moderate (1-50%),0.4394,0.5578,0.0028,0.5606,0.64285713,0.0,298.21
22,2025-09-14,10,-17.885866,146.59,3,2.0,1,Moderate (1-50%),0.2965,0.7014,0.0021,0.7035,0.41142857,0.0,298.32715
22,2025-09-14,11,-17.239176,146.34703,8,2.82,1,Moderate (1-50%),0.1974,0.8012,0.0014,0.8026,0.70714283,0.0,298.29572
22,2025-09-14,12,-20.237434,148.9795,103,1.46,0,None (0%),0.5356,0.4639,0.0006,0.4644,0.0,0.0,296.62427
22,2025-09-14,13,-20.3759,150.17145,8,0.38,1,Moderate (1-50%),0.4387,0.56,0.0012,0.5613,0.0,0.0,296.78
22,2025-09-14,14,-20.251957,148.81541,23,2.75,1,Moderate (1-50%),0.4819,0.5175,0.0005,0.5181,0.0,0.0,296.4571
22,2025-09-14,15,-20.090439,148.5869,23,2.12,0,None (0%),0.6975,0.3018,0.0008,0.3025,0.0,0.0,296.76855
22,2025-09-14,16,-20.022484,148.28569,12,1.15,0,None (0%),0.5175,0.481,0.0014,0.4825,0.61714286,0.0,296.70856
22,2025-09-14,17,-19.86675,147.92262,4,0.95,0,None (0%),0.564,0.4338,0.0022,0.436,0.46,0.0,296.85284
22,2025-09-14,18,-23.992844,151.69751,7,3.03,0,None (0%),0.6407,0.357,0.0023,0.3593,0.0,0.0,294.11142
22,2025-09-14,19,-23.520433,151.2612,3,1.5,0,None (0%),0.5949,0.4037,0.0014,0.4051,0.0,0.0,294.30573
22,2025-09-14,20,-23.408117,151.1666,6,2.06,1,Moderate (1-50%),0.4828,0.5163,0.0009,0.5172,0.0,0.0,294.33716
22,2025-09-14,21,-23.326,150.92995,2,0.52,1,Moderate (1-50%),0.4491,0.5498,0.0011,0.5509,0.0,0.0,294.60284
22,2025-09-14,22,-21.991533,152.46994,3,1.91,0,None (0%),0.7248,0.2745,0.0007,0.2752,0.0,0.0,296.19427
22,2025-09-14,23,-20.911617,149.42245,11,1.51,0,None (0%),0.6997,0.2997,0.0006,0.3003,0.0,0.0,296.15286
22,2025-09-14,24,-20.758585,150.43915,7,2.34,0,None (0%),0.553,0.4465,0.0006,0.447,0.0,0.0,296.63284
22,2025-09-14,25,-19.7155,147.77403,7,1.06,0,None (0%),0.5066,0.4923,0.0011,0.4934,0.4842857,0.0,296.8986
22,2025-09-14,26,-19.34095,148.0835,2,1.99,1,Moderate (1-50%),0.377,0.6219,0.0011,0.623,0.68857145,0.0,297.60715
22,2025-09-14,27,-19.32325,148.4333,2,0.89,1,Moderate (1-50%),0.3907,0.607,0.0022,0.6093,0.42857143,0.0,297.57
22,2025-09-14,28,-19.311234,148.34396,3,2.51,1,Moderate (1-50%),0.3725,0.6255,0.002,0.6275,0.44714287,0.0,297.56143
22,2025-09-14,29,-19.2076,148.8596,2,2.52,1,Moderate (1-50%),0.3365,0.6608,0.0026,0.6635,0.0,0.0,297.9471
22,2025-09-14,30,-19.11165,148.33365,6,1.74,1,Moderate (1-50%),0.462,0.5363,0.0017,0.538,0.15,0.0,297.93002
22,2025-09-14,31,-18.9913,148.06412,6,2.14,1,Moderate (1-50%),0.2018,0.7958,0.0024,0.7982,0.28857142,0.0,298.2857
22,2025-09-14,32,-18.847086,147.91052,7,2.89,1,Moderate (1-50%),0.2356,0.7622,0.0022,0.7644,0.15,0.0,298.3357
22,2025-09-14,33,-18.1497,146.28976,3,3.16,0,None (0%),0.5055,0.4932,0.0012,0.4945,0.15,0.0,297.69
22,2025-09-14,34,-17.6551,146.49199,6,2.85,1,Moderate (1-50%),0.314,0.6842,0.0018,0.686,0.4842857,0.0,298.22855
22,2025-09-14,35,-17.34235,146.52235,4,1.95,1,Moderate (1-50%),0.1802,0.8187,0.0011,0.8198,0.7014286,0.0,298.59857
22,2025-09-14,36,-16.871353,146.21158,88,1.49,1,Moderate (1-50%),0.2315,0.7673,0.0012,0.7685,0.8842857,0.0,298.70428
22,2025-09-14,37,-16.935507,145.98845,13,1.85,1,Moderate (1-50%),0.4482,0.55,0.0018,0.5518,0.5042857,0.0,298.1486
22,2025-09-14,38,-16.52347,145.99037,108,1.65,1,Moderate (1-50%),0.3197,0.6793,0.001,0.6803,0.73142856,0.0,298.6557
22,2025-09-14,39,-16.12418,145.83456,243,1.03,1,Moderate (1-50%),0.2303,0.7684,0.0012,0.7697,0.6957143,0.0,298.71143
22,2025-09-14,40,-15.77885,145.58086,2,0.76,1,Moderate (1-50%),0.3528,0.6459,0.0013,0.6472,0.62857145,0.0,298.56
22,2025-09-14,41,-15.499777,145.51018,13,3.18,1,Moderate (1-50%),0.1532,0.846,0.0007,0.8468,0.40571427,0.0,298.51144
22,2025-09-14,42,-14.85125,145.27235,2,2.66,1,Moderate (1-50%),0.3155,0.6822,0.0023,0.6845,0.8457143,0.0,298.40286
22,2025-09-14,43,-14.728744,145.10814,16,1.86,1,Moderate (1-50%),0.3973,0.5996,0.0031,0.6027,0.80857146,0.0,298.43716
22,2025-09-14,44,-14.4546,144.90607,7,3.05,1,Moderate (1-50%),0.2134,0.7837,0.0029,0.7866,1.0271429,0.0,298.46857
22,2025-09-14,45,-14.1632,144.26332,5,1.82,1,Moderate (1-50%),0.1,0.8976,0.0024,0.9,1.0871428,0.0,298.6028
22,2025-09-14,46,-14.13435,144.5049,2,2.4,1,Moderate (1-50%),0.1185,0.8786,0.0028,0.8815,1.0985714,0.0,298.67572
22,2025-09-14,47,-14.07125,143.8833,2,0.99,1,Moderate (1-50%),0.0755,0.9225,0.002,0.9245,1.1814286,0.0,298.76572
22,2025-09-14,48,-13.922125,143.78668,4,1.3,1,Moderate (1-50%),0.0679,0.9304,0.0017,0.9321,1.6657143,0.0,298.78714
22,2025-09-14,49,-23.6966,152.1829,2,2.53,1,Moderate (1-50%),0.3791,0.6204,0.0005,0.6209,0.0,0.0,295.6914
22,2025-09-14,50,-17.776623,146.45274,9,2.36,1,Moderate (1-50%),0.3047,0.6933,0.002,0.6953,0.3257143,0.0,298.20285
22,2025-09-14,51,-16.284166,145.4936,3,2.23,1,Moderate (1-50%),0.1233,0.8733,0.0034,0.8767,1.1371429,0.0,298.44427
22,2025-09-14,52,-15.71492,145.45647,5,2.28,1,Moderate (1-50%),0.3739,0.6237,0.0024,0.6261,0.55285716,0.0,298.4857
22,2025-09-14,53,-22.2081,150.33665,2,2.23,0,None (0%),0.6391,0.3601,0.0008,0.3609,0.0,0.0,295.3129
22,2025-09-14,54,-22.024067,150.66617,3,0.92,0,None (0%),0.7089,0.2906,0.0005,0.2911,0.0,0.0,295.67142
22,2025-09-14,55,-22.018534,150.34753,3,2.43,0,None (0%),0.525,0.4746,0.0004,0.475,0.0,0.0,295.46
22,2025-09-14,56,-21.95394,150.1631,5,2.64,0,None (0%),0.6071,0.3925,0.0005,0.3929,0.0,0.0,295.32858
22,2025-09-14,57,-21.6832,150.28384,4,1.29,0,None (0%),0.5492,0.4503,0.0005,0.4508,0.0,0.0,295.67715
22,2025-09-14,58,-21.455212,149.86604,8,2.39,0,None (0%),0.6814,0.318,0.0005,0.3186,0.0,0.0,295.59283
22,2025-09-14,59,-18.062532,146.56087,3,2.04,1,Moderate (1-50%),0.4072,0.5909,0.0019,0.5928,0.4857143,0.0,298.1871
22,2025-09-14,60,-23.958666,151.47777,3,1.84,1,Moderate (1-50%),0.3827,0.6162,0.0011,0.6173,0.0,0.0,294.05713
22,2025-09-14,61,-23.767967,151.33594,3,1.36,1,Moderate (1-50%),0.3375,0.6608,0.0018,0.6625,0.0,0.0,294.34857
22,2025-09-14,62,-23.5347,151.73087,3,1.23,1,Moderate (1-50%),0.3538,0.6457,0.0005,0.6462,0.0,0.0,294.73285
22,2025-09-14,63,-19.2064,147.0493,3,3.28,0,None (0%),0.7453,0.2536,0.001,0.2547,0.8314286,0.0,297.04858
22,2025-09-14,64,-18.0518,146.78749,12,2.9,1,Moderate (1-50%),0.4064,0.5921,0.0014,0.5936,0.30571428,0.0,298.47574
22,2025-09-14,65,-18.008833,146.16989,9,1.88,0,None (0%),0.6098,0.389,0.0011,0.3902,0.15,0.0,297.71713
22,2025-09-14,66,-17.721071,146.1557,7,2.09,0,None (0%),0.5128,0.4846,0.0026,0.4872,0.29,0.0,297.86285
22,2025-09-14,67,-17.467283,146.3924,6,2.04,1,Moderate (1-50%),0.2292,0.7694,0.0014,0.7708,0.6042857,0.0,298.18573
22,2025-09-14,68,-17.20583,146.07251,10,2.15,0,None (0%),0.5206,0.4775,0.0019,0.4794,0.4857143,0.0,298.0543
22,2025-09-14,69,-16.545633,145.52946,3,2.34,1,Moderate (1-50%),0.1255,0.8705,0.004,0.8745,1.14,0.0,298.2857
22,2025-09-14,70,-16.379562,145.56004,47,1.67,1,Moderate (1-50%),0.2029,0.7934,0.0038,0.7971,1.1171429,0.0,298.40997
22,2025-09-14,71,-15.9993,145.4327,3,2.82,1,Moderate (1-50%),0.332,0.6663,0.0017,0.668,1.0114286,0.0,298.41855
22,2025-09-14,72,-15.156473,145.46036,11,2.59,1,Moderate (1-50%),0.2028,0.7958,0.0014,0.7972,0.65,0.0,298.54715
22,2025-09-14,73,-11.8956,143.1068,2,3.03,1,Moderate (1-50%),0.0835,0.9147,0.0018,0.9165,1.1471429,0.0,299.10284
22,2025-09-14,74,-10.14675,151.16306,2,3.4,1,Moderate (1-50%),0.0918,0.8808,0.0274,0.9082,11.831429,0.0,301.03143
22,2025-09-14,75,-18.4208,147.34987,3,2.66,1,Moderate (1-50%),0.2858,0.7121,0.0021,0.7142,0.27857143,0.0,298.6414
22,2025-09-14,76,-19.54529,149.26216,28,2.63,1,Moderate (1-50%),0.4496,0.5488,0.0015,0.5504,0.0,0.0,297.45285
22,2025-09-14,77,-18.665953,147.07942,15,1.11,1,Moderate (1-50%),0.3464,0.651,0.0026,0.6536,0.6557143,0.0,298.15
22,2025-09-14,78,-18.441046,146.99043,15,2.42,1,Moderate (1-50%),0.3525,0.6462,0.0013,0.6475,1.0114286,0.0,298.34003
22,2025-09-14,79,-22.0,152.67,2,2.83,0,None (0%),0.6961,0.3024,0.0014,0.3039,0.0,0.0,296.3643
22,2025-09-14,80,-18.402128,146.79951,11,3.63,1,Moderate (1-50%),0.3405,0.6563,0.0031,0.6595,1.0414286,0.0,298.02713
22,2025-09-14,81,-18.52425,147.1444,2,2.05,1,Moderate (1-50%),0.332,0.6655,0.0025,0.668,0.9657143,0.0,298.35425
22,2025-09-14,82,-21.3925,152.50706,5,2.69,0,None (0%),0.64,0.3588,0.0012,0.36,0.0,0.0,297.11142
22,2025-09-14,83,-21.121021,152.48535,9,1.16,0,None (0%),0.643,0.3552,0.0018,0.357,0.0,0.0,297.68997
22,2025-09-14,84,-21.106472,152.2254,11,2.06,0,None (0%),0.602,0.3954,0.0025,0.398,0.0,0.0,297.75714
22,2025-09-14,85,-20.96795,149.75764,2,1.96,0,None (0%),0.6108,0.3886,0.0007,0.3892,0.0,0.0,296.47998
22,2025-09-14,86,-20.928566,150.04893,3,2.52,0,None (0%),0.6776,0.3215,0.0009,0.3224,0.0,0.0,296.53
22,2025-09-14,87,-19.68672,149.93729,5,1.83,1,Moderate (1-50%),0.416,0.5825,0.0015,0.584,0.0,0.0,297.66998
22,2025-09-14,88,-19.501034,148.7524,3,3.57,1,Moderate (1-50%),0.3906,0.6081,0.0013,0.6094,0.13714285,0.0,297.3414
22,2025-09-14,89,-19.3041,148.6315,4,2.42,1,Moderate (1-50%),0.4047,0.5924,0.0029,0.5953,0.0,0.0,297.6257
22,2025-09-14,90,-19.20995,148.542,2,2.45,1,Moderate (1-50%),0.4839,0.5142,0.0019,0.5161,0.0,0.0,297.77002
22,2025-09-14,91,-18.82149,147.65489,18,2.15,1,Moderate (1-50%),0.4297,0.5691,0.0012,0.5703,0.4242857,0.0,298.0071
22,2025-09-14,92,-17.5251,146.52454,3,0.05,1,Moderate (1-50%),0.2279,0.7706,0.0015,0.7721,0.60142857,0.0,298.44858
22,2025-09-14,93,-14.88175,145.50227,6,2.56,1,Moderate (1-50%),0.1488,0.8496,0.0016,0.8512,1.0442857,0.0,298.67142
22,2025-09-14,94,-24.112192,152.71562,14,1.71,1,Moderate (1-50%),0.2742,0.7255,0.0003,0.7258,0.0,0.0,296.06146
22,2025-09-14,95,-19.449833,148.86703,3,2.89,1,Moderate (1-50%),0.4547,0.5438,0.0015,0.5453,0.0,0.0,297.4471
22,2025-09-14,96,-16.409634,145.74434,3,2.68,1,Moderate (1-50%),0.2569,0.7414,0.0017,0.7431,0.9771429,0.0,298.45285
22,2025-09-14,97,-12.67815,143.5829,2,0.93,1,Moderate (1-50%),0.0379,0.9593,0.0028,0.9621,2.0757143,0.0,298.8943
22,2025-09-14,98,-12.2257,143.2841,2,0.99,1,Moderate (1-50%),0.0603,0.9374,0.0022,0.9397,1.5328572,0.0,299.07428
22,2025-09-14,99,-11.782,142.95316,5,2.5,1,Moderate (1-50%),0.084,0.9141,0.0019,0.916,1.6142857,0.0,299.10715
22,2025-09-14,100,-11.7694,143.09245,2,2.0,1,Moderate (1-50%),0.0866,0.9122,0.0012,0.9134,1.0071429,0.0,299.07428
22,2025-09-14,101,-11.482866,143.01598,9,1.32,1,Moderate (1-50%),0.0705,0.9275,0.002,0.9295,1.9271429,0.0,299.0957
22,2025-09-14,102,-11.191144,142.98755,9,2.26,1,Moderate (1-50%),0.0747,0.9229,0.0025,0.9253,2.1457143,0.0,299.18
22,2025-09-14,103,-14.610958,145.62405,19,1.56,1,Moderate (1-50%),0.0892,0.9069,0.0039,0.9108,1.2,0.0,298.95996
22,2025-09-14,104,-14.704066,145.44646,9,3.28,1,Moderate (1-50%),0.1027,0.895,0.0023,0.8973,1.3371428,0.0,298.6014
22,2025-09-14,105,-23.32,151.98,2,0.75,1,Moderate (1-50%),0.4384,0.5611,0.0005,0.5616,0.0,0.0,295.23285
22,2025-09-14,106,-18.26362,147.38202,5,1.47,1,Moderate (1-50%),0.1757,0.8219,0.0024,0.8243,0.0,0.0,298.6914
22,2025-09-14,107,-14.0,146.0,2,3.87,1,Moderate (1-50%),0.2948,0.6968,0.0084,0.7052,2.6385715,0.0,299.13428
22,2025-09-14,108,-21.87,152.19,2,1.64,0,None (0%),0.5369,0.4624,0.0006,0.4631,0.0,0.0,296.35
22,2025-09-14,109,-21.13605,150.77615,2,1.23,0,None (0%),0.558,0.4415,0.0005,0.442,0.0,0.0,296.55713
22,2025-09-14,110,-20.66895,150.2588,2,1.81,0,None (0%),0.5797,0.4197,0.0005,0.4203,0.0,0.0,296.63998
22,2025-09-14,111,-20.08315,149.93718,4,1.56,1,Moderate (1-50%),0.4779,0.521,0.0012,0.5221,0.0,0.0,296.9
22,2025-09-14,112,-19.6179,149.67664,3,0.81,1,Moderate (1-50%),0.4407,0.5574,0.0018,0.5593,0.0,0.0,297.6657
22,2025-09-14,113,-18.791527,147.52235,34,1.86,1,Moderate (1-50%),0.4966,0.5018,0.0015,0.5034,0.7757143,0.0,298.13428
22,2025-09-14,114,-18.53455,147.49355,4,2.22,1,Moderate (1-50%),0.3623,0.6349,0.0028,0.6377,0.27857143,0.0,298.45428
22,2025-09-14,115,-18.1362,146.9716,2,1.3,1,Moderate (1-50%),0.2296,0.7686,0.0018,0.7704,0.5885714,0.0,298.60428
22,2025-09-14,116,-15.359506,145.7791,18,1.78,1,Moderate (1-50%),0.0792,0.919,0.0018,0.9208,0.81,0.0,298.7786
22,2025-09-14,117,-14.925742,145.68793,38,1.39,1,Moderate (1-50%),0.0799,0.918,0.002,0.9201,0.99714285,0.0,298.86142
22,2025-09-14,118,-15.02785,145.56805,2,0.81,1,Moderate (1-50%),0.1988,0.7996,0.0016,0.8012,0.9685714,0.0,298.7457
22,2025-09-14,119,-12.767325,143.42282,4,0.89,1,Moderate (1-50%),0.0604,0.9369,0.0027,0.9396,2.6242857,0.0,298.90283
22,2025-09-14,120,-11.997334,143.27243,6,2.5,1,Moderate (1-50%),0.0647,0.9331,0.0023,0.9353,1.1385714,0.0,299.0957
22,2025-09-14,121,-11.0088,142.98685,2,2.22,1,Moderate (1-50%),0.0843,0.9124,0.0033,0.9157,2.2971427,0.0,299.19855
22,2025-09-14,122,-20.751085,149.4548,7,3.39,0,None (0%),0.6835,0.3159,0.0006,0.3165,0.0,0.0,296.51144
22,2025-09-14,123,-18.65635,147.71594,2,2.28,0,None (0%),0.5238,0.4748,0.0015,0.4762,0.12857144,0.0,298.22287
22,2025-09-14,124,-12.470825,143.48958,4,1.65,1,Moderate (1-50%),0.0463,0.9511,0.0026,0.9537,1.4857143,0.0,298.95285
22,2025-09-14,125,-12.30835,143.37485,2,1.85,1,Moderate (1-50%),0.0493,0.948,0.0027,0.9507,1.5985714,0.0,299.00998
22,2025-09-14,126,-10.69155,142.73485,2,2.13,1,Moderate (1-50%),0.1278,0.8688,0.0034,0.8722,2.5057142,0.0,299.25
22,2025-09-14,127,-18.9561,146.9562,15,2.89,0,None (0%),0.5133,0.4859,0.0008,0.4867,0.7985714,0.0,297.49002
22,2025-09-14,128,-13.844505,146.55128,41,3.35,1,Moderate (1-50%),0.4074,0.5856,0.007,0.5926,4.492857,0.0,299.27856
22,2025-09-14,129,-16.22582,146.00262,10,2.39,1,Moderate (1-50%),0.1414,0.8566,0.002,0.8586,0.70714283,0.0,298.81284
22,2025-09-14,130,-15.51399,145.77756,20,1.25,1,Moderate (1-50%),0.0722,0.9264,0.0014,0.9278,0.74714285,0.0,298.70142
22,2025-09-14,131,-16.0,145.9667,2,2.92,1,Moderate (1-50%),0.1256,0.8714,0.003,0.8744,0.71428573,0.0,298.77286
22,2025-09-14,132,-17.0,149.1,4,3.85,1,Moderate (1-50%),0.3752,0.6207,0.0041,0.6248,0.47428572,0.0,299.11285
23,2025-09-21,0,-19.166714,146.84863,209,2.65,1,Moderate (1-50%),0.3868,0.6096,0.0036,0.6132,0.08,0.0,297.48428
23,2025-09-21,1,-18.646925,146.54514,149,3.23,0,None (0%),0.6256,0.3714,0.003,0.3744,0.0,0.0,297.67572
23,2025-09-21,2,-10.2196665,150.84866,3,2.66,1,Moderate (1-50%),0.3283,0.6341,0.0377,0.6717,10.205714,0.0,300.99142
23,2025-09-21,3,-23.443886,151.92134,187,2.13,1,Moderate (1-50%),0.2732,0.7264,0.0004,0.7268,0.0,0.0,295.75714
23,2025-09-21,4,-18.75,146.25,2,3.83,0,None (0%),0.5322,0.4636,0.0042,0.4678,0.06714286,0.0,297.8157
23,2025-09-21,5,-23.146168,150.95728,60,2.97,0,None (0%),0.6036,0.3944,0.002,0.3964,0.0,0.0,294.99713
23,2025-09-21,6,-19.760475,149.15018,69,3.06,1,Moderate (1-50%),0.4457,0.5524,0.0019,0.5543,0.0,0.0,297.51572
23,2025-09-21,7,-18.227266,146.74213,3,1.83,1,Moderate (1-50%),0.3999,0.5936,0.0065,0.6001,0.021428572,0.0,298.31284
23,2025-09-21,8,-19.020872,146.6052,11,2.13,1,Moderate (1-50%),0.4266,0.5694,0.0041,0.5734,0.07,0.0,297.47855
23,2025-09-21,9,-18.739391,147.2709,12,1.66,1,Moderate (1-50%),0.3972,0.5991,0.0037,0.6028,0.021428572,0.0,298.37714
23,2025-09-21,10,-17.885866,146.59,3,2.0,1,Moderate (1-50%),0.3472,0.6495,0.0033,0.6528,0.0,0.0,298.41
23,2025-09-21,11,-17.239176,146.34703,8,2.82,1,Moderate (1-50%),0.4075,0.5904,0.0021,0.5925,0.022857143,0.0,298.5557
23,2025-09-21,12,-20.237434,148.9795,103,1.46,1,Moderate (1-50%),0.3611,0.6379,0.001,0.6389,0.0,0.0,296.87857
23,2025-09-21,13,-20.3759,150.17145,8,0.38,1,Moderate (1-50%),0.4498,0.5493,0.0008,0.5502,0.0,0.0,297.1443
23,2025-09-21,14,-20.251957,148.81541,23,2.75,1,Moderate (1-50%),0.33,0.6688,0.0012,0.67,0.0,0.0,296.74857
23,2025-09-21,15,-20.090439,148.5869,23,2.12,1,Moderate (1-50%),0.403,0.5958,0.0012,0.597,0.0,0.0,297.11426
23,2025-09-21,16,-20.022484,148.28569,12,1.15,1,Moderate (1-50%),0.3067,0.6905,0.0028,0.6933,0.065714285,0.0,297.17285
23,2025-09-21,17,-19.86675,147.92262,4,0.95,1,Moderate (1-50%),0.3054,0.6902,0.0045,0.6946,0.022857143,0.0,297.27426
23,2025-09-21,18,-23.992844,151.69751,7,3.03,0,None (0%),0.8199,0.1783,0.0018,0.1801,0.0,0.0,294.70288
23,2025-09-21,19,-23.520433,151.2612,3,1.5,0,None (0%),0.6573,0.3405,0.0022,0.3427,0.0,0.0,294.73856
23,2025-09-21,20,-23.408117,151.1666,6,2.06,0,None (0%),0.6289,0.369,0.0021,0.3711,0.0,0.0,294.7314
23,2025-09-21,21,-23.326,150.92995,2,0.52,0,None (0%),0.6569,0.3409,0.0022,0.3431,0.0,0.0,295.0057
23,2025-09-21,22,-21.991533,152.46994,3,1.91,0,None (0%),0.7557,0.2438,0.0006,0.2443,0.0,0.0,296.44284
23,2025-09-21,23,-20.911617,149.42245,11,1.51,0,None (0%),0.5105,0.4888,0.0007,0.4895,0.0,0.0,296.4457
23,2025-09-21,24,-20.758585,150.43915,7,2.34,0,None (0%),0.5504,0.4489,0.0008,0.4496,0.0,0.0,296.95712
23,2025-09-21,25,-19.7155,147.77403,7,1.06,1,Moderate (1-50%),0.2736,0.7243,0.0022,0.7264,0.022857143,0.0,297.25854
23,2025-09-21,26,-19.34095,148.0835,2,1.99,0,None (0%),0.5082,0.4889,0.0029,0.4918,0.024285715,0.0,297.9157
23,2025-09-21,27,-19.32325,148.4333,2,0.89,0,None (0%),0.5073,0.4905,0.0022,0.4927,0.0,0.0,297.81146
23,2025-09-21,28,-19.311234,148.34396,3,2.51,0,None (0%),0.561,0.4362,0.0028,0.439,0.0,0.0,297.80713
23,2025-09-21,29,-19.2076,148.8596,2,2.52,1,Moderate (1-50%),0.4749,0.5209,0.0042,0.5251,0.0,0.0,298.20712
23,2025-09-21,30,-19.11165,148.33365,6,1.74,1,Moderate (1-50%),0.4435,0.5535,0.003,0.5565,0.0,0.0,298.14142
23,2025-09-21,31,-18.9913,148.06412,6,2.14,1,Moderate (1-50%),0.4649,0.5316,0.0035,0.5351,0.0,0.0,298.41284
23,2025-09-21,32,-18.847086,147.91052,7,2.89,0,None (0%),0.587,0.4099,0.0031,0.413,0.0,0.0,298.47427
23,2025-09-21,33,-18.1497,146.28976,3,3.16,0,None (0%),0.5313,0.4651,0.0036,0.4687,0.0,0.0,297.8743
23,2025-09-21,34,-17.6551,146.49199,6,2.85,1,Moderate (1-50%),0.4191,0.5751,0.0059,0.5809,0.02,0.0,298.47287
23,2025-09-21,35,-17.34235,146.52235,4,1.95,1,Moderate (1-50%),0.402,0.5954,0.0026,0.598,0.021428572,0.0,298.7429
23,2025-09-21,36,-16.871353,146.21158,88,1.49,1,Moderate (1-50%),0.4297,0.5686,0.0018,0.5703,0.16285715,0.0,298.79288
23,2025-09-21,37,-16.935507,145.98845,13,1.85,0,None (0%),0.7064,0.2888,0.0049,0.2936,0.022857143,0.0,298.32712
23,2025-09-21,38,-16.52347,145.99037,108,1.65,1,Moderate (1-50%),0.4828,0.5157,0.0014,0.5172,0.024285715,0.0,298.84427
23,2025-09-21,39,-16.12418,145.83456,243,1.03,1,Moderate (1-50%),0.316,0.6822,0.0019,0.684,0.024285715,0.0,298.83572
23,2025-09-21,40,-15.77885,145.58086,2,0.76,1,Moderate (1-50%),0.4076,0.589,0.0034,0.5924,0.021428572,0.0,298.72574
23,2025-09-21,41,-15.499777,145.51018,13,3.18,1,Moderate (1-50%),0.2711,0.7246,0.0044,0.7289,0.0,0.0,298.78143
23,2025-09-21,42,-14.85125,145.27235,2,2.66,1,Moderate (1-50%),0.4053,0.5862,0.0085,0.5947,0.38285714,0.0,298.74142
23,2025-09-21,43,-14.728744,145.10814,16,1.86,1,Moderate (1-50%),0.4485,0.5418,0.0097,0.5515,0.37285715,0.0,298.81857
23,2025-09-21,44,-14.4546,144.90607,7,3.05,1,Moderate (1-50%),0.3799,0.6134,0.0067,0.6201,0.40571427,0.0,298.83713
23,2025-09-21,45,-14.1632,144.26332,5,1.82,1,Moderate (1-50%),0.3772,0.6176,0.0053,0.6228,0.5557143,0.0,298.9457
23,2025-09-21,46,-14.13435,144.5049,2,2.4,1,Moderate (1-50%),0.3215,0.6735,0.005,0.6785,0.5757143,0.0,298.90283
23,2025-09-21,47,-14.07125,143.8833,2,0.99,1,Moderate (1-50%),0.1913,0.8052,0.0035,0.8087,0.42571428,0.0,299.17142
23,2025-09-21,48,-13.922125,143.78668,4,1.3,1,Moderate (1-50%),0.1594,0.8377,0.0029,0.8406,0.73142856,0.0,299.25858
23,2025-09-21,49,-23.6966,152.1829,2,2.53,1,Moderate (1-50%),0.3788,0.6208,0.0004,0.6212,0.0,0.0,296.2828
23,2025-09-21,50,-17.776623,146.45274,9,2.36,1,Moderate (1-50%),0.385,0.6099,0.0051,0.615,0.0,0.0,298.3814
23,2025-09-21,51,-16.284166,145.4936,3,2.23,0,None (0%),0.5776,0.4136,0.0088,0.4224,0.15285714,0.0,298.56427
23,2025-09-21,52,-15.71492,145.45647,5,2.28,0,None (0%),0.5729,0.4216,0.0055,0.4271,0.021428572,0.0,298.66428
23,2025-09-21,53,-22.2081,150.33665,2,2.23,1,Moderate (1-50%),0.4721,0.5271,0.0008,0.5279,0.0,0.0,295.60715
23,2025-09-21,54,-22.024067,150.66617,3,0.92,0,None (0%),0.6095,0.39,0.0006,0.3905,0.0,0.0,295.91855
23,2025-09-21,55,-22.018534,150.34753,3,2.43,1,Moderate (1-50%),0.4721,0.5272,0.0007,0.5279,0.0,0.0,295.72998
23,2025-09-21,56,-21.95394,150.1631,5,2.64,1,Moderate (1-50%),0.4869,0.5126,0.0004,0.5131,0.0,0.0,295.65854
23,2025-09-21,57,-21.6832,150.28384,4,1.29,0,None (0%),0.5635,0.436,0.0005,0.4365,0.0,0.0,295.95856
23,2025-09-21,58,-21.455212,149.86604,8,2.39,0,None (0%),0.6126,0.3869,0.0004,0.3874,0.0,0.0,295.9414
23,2025-09-21,59,-18.062532,146.56087,3,2.04,0,None (0%),0.515,0.4794,0.0057,0.485,0.021428572,0.0,298.23715
23,2025-09-21,60,-23.958666,151.47777,3,1.84,0,None (0%),0.6144,0.3842,0.0014,0.3856,0.0,0.0,294.6
23,2025-09-21,61,-23.767967,151.33594,3,1.36,0,None (0%),0.7277,0.2691,0.0032,0.2723,0.0,0.0,294.84283
23,2025-09-21,62,-23.5347,151.73087,3,1.23,1,Moderate (1-50%),0.3973,0.602,0.0007,0.6027,0.0,0.0,295.36713
23,2025-09-21,63,-19.2064,147.0493,3,3.28,1,Moderate (1-50%),0.4907,0.5067,0.0026,0.5093,0.074285716,0.0,297.3986
23,2025-09-21,64,-18.0518,146.78749,12,2.9,1,Moderate (1-50%),0.4172,0.5789,0.0039,0.5828,0.0,0.0,298.51144
23,2025-09-21,65,-18.008833,146.16989,9,1.88,1,Moderate (1-50%),0.4696,0.527,0.0034,0.5304,0.0,0.0,297.86856
23,2025-09-21,66,-17.721071,146.1557,7,2.09,1,Moderate (1-50%),0.4618,0.5313,0.0069,0.5382,0.0,0.0,298.06143
23,2025-09-21,67,-17.467283,146.3924,6,2.04,0,None (0%),0.506,0.491,0.003,0.494,0.022857143,0.0,298.46143
23,2025-09-21,68,-17.20583,146.07251,10,2.15,0,None (0%),0.6983,0.2978,0.0039,0.3017,0.022857143,0.0,298.20856
23,2025-09-21,69,-16.545633,145.52946,3,2.34,0,None (0%),0.5071,0.4842,0.0087,0.4929,0.14428571,0.0,298.45288
23,2025-09-21,70,-16.379562,145.56004,47,1.67,0,None (0%),0.6256,0.3696,0.0048,0.3744,0.13571429,0.0,298.53427
23,2025-09-21,71,-15.9993,145.4327,3,2.82,1,Moderate (1-50%),0.4392,0.5541,0.0066,0.5608,0.14,0.0,298.5257
23,2025-09-21,72,-15.156473,145.46036,11,2.59,1,Moderate (1-50%),0.3042,0.6912,0.0046,0.6958,0.35142857,0.0,298.75143
23,2025-09-21,73,-11.8956,143.1068,2,3.03,1,Moderate (1-50%),0.131,0.8638,0.0052,0.869,1.01,0.0,299.24
23,2025-09-21,74,-10.14675,151.16306,2,3.4,1,Moderate (1-50%),0.0879,0.8603,0.0519,0.9121,10.282857,0.0,301.32428
23,2025-09-21,75,-18.4208,147.34987,3,2.66,1,Moderate (1-50%),0.3408,0.6552,0.004,0.6592,0.15,0.0,298.75714
23,2025-09-21,76,-19.54529,149.26216,28,2.63,0,None (0%),0.5131,0.4854,0.0016,0.4869,0.0,0.0,297.89716
23,2025-09-21,77,-18.665953,147.07942,15,1.11,1,Moderate (1-50%),0.371,0.6241,0.0049,0.629,0.022857143,0.0,298.28427
23,2025-09-21,78,-18.441046,146.99043,15,2.42,1,Moderate (1-50%),0.3323,0.6647,0.0029,0.6677,0.34142858,0.0,298.41574
23,2025-09-21,79,-22.0,152.67,2,2.83,0,None (0%),0.6369,0.3625,0.0006,0.3631,0.0,0.0,296.4771
23,2025-09-21,80,-18.402128,146.79951,11,3.63,1,Moderate (1-50%),0.3992,0.5935,0.0073,0.6008,0.34285715,0.0,298.1743
23,2025-09-21,81,-18.52425,147.1444,2,2.05,1,Moderate (1-50%),0.3822,0.6148,0.003,0.6178,0.31142858,0.0,298.46573
23,2025-09-21,82,-21.3925,152.50706,5,2.69,0,None (0%),0.6944,0.3034,0.0021,0.3056,0.0,0.0,297.56427
23,2025-09-21,83,-21.121021,152.48535,9,1.16,0,None (0%),0.7197,0.2778,0.0025,0.2803,0.0,0.0,297.87003
23,2025-09-21,84,-21.106472,152.2254,11,2.06,0,None (0%),0.6183,0.3787,0.0031,0.3817,0.0,0.0,297.83713
23,2025-09-21,85,-20.96795,149.75764,2,1.96,1,Moderate (1-50%),0.4865,0.5125,0.001,0.5135,0.0,0.0,296.79
23,2025-09-21,86,-20.928566,150.04893,3,2.52,0,None (0%),0.6161,0.383,0.0009,0.3839,0.0,0.0,296.85284
23,2025-09-21,87,-19.68672,149.93729,5,1.83,1,Moderate (1-50%),0.4639,0.5331,0.003,0.5361,0.0,0.0,298.00287
23,2025-09-21,88,-19.501034,148.7524,3,3.57,0,None (0%),0.5739,0.4239,0.0022,0.4261,0.0,0.0,297.64996
23,2025-09-21,89,-19.3041,148.6315,4,2.42,0,None (0%),0.5358,0.461,0.0031,0.4642,0.0,0.0,297.86996
23,2025-09-21,90,-19.20995,148.542,2,2.45,1,Moderate (1-50%),0.4786,0.5174,0.004,0.5214,0.0,0.0,298.00143
23,2025-09-21,91,-18.82149,147.65489,18,2.15,1,Moderate (1-50%),0.4302,0.568,0.0019,0.5698,0.0,0.0,298.28714
23,2025-09-21,92,-17.5251,146.52454,3,0.05,1,Moderate (1-50%),0.4924,0.5039,0.0038,0.5076,0.021428572,0.0,298.62283
23,2025-09-21,93,-14.88175,145.50227,6,2.56,1,Moderate (1-50%),0.41,0.5878,0.0023,0.59,0.5557143,0.0,298.80713
23,2025-09-21,94,-24.112192,152.71562,14,1.71,1,Moderate (1-50%),0.1994,0.8005,1e-04,0.8006,0.0,0.0,296.5657
23,2025-09-21,95,-19.449833,148.86703,3,2.89,0,None (0%),0.576,0.4213,0.0027,0.424,0.0,0.0,297.8314
23,2025-09-21,96,-16.409634,145.74434,3,2.68,1,Moderate (1-50%),0.4785,0.5137,0.0078,0.5215,0.07,0.0,298.68286
23,2025-09-21,97,-12.67815,143.5829,2,0.93,1,Moderate (1-50%),0.0874,0.9092,0.0034,0.9126,1.4757143,0.0,299.02142
23,2025-09-21,98,-12.2257,143.2841,2,0.99,1,Moderate (1-50%),0.0656,0.9291,0.0052,0.9344,1.1757143,0.0,299.18286
23,2025-09-21,99,-11.782,142.95316,5,2.5,1,Moderate (1-50%),0.1754,0.8214,0.0032,0.8246,0.94285715,0.0,299.35
23,2025-09-21,100,-11.7694,143.09245,2,2.0,1,Moderate (1-50%),0.1516,0.8454,0.003,0.8484,0.87,0.0,299.29712
23,2025-09-21,101,-11.482866,143.01598,9,1.32,1,Moderate (1-50%),0.1254,0.8728,0.0018,0.8746,0.94142854,0.0,299.39285
23,2025-09-21,102,-11.191144,142.98755,9,2.26,1,Moderate (1-50%),0.1446,0.8528,0.0026,0.8554,1.0285715,0.0,299.48712
23,2025-09-21,103,-14.610958,145.62405,19,1.56,1,Moderate (1-50%),0.1412,0.8564,0.0024,0.8588,0.8842857,0.0,298.90997
23,2025-09-21,104,-14.704066,145.44646,9,3.28,1,Moderate (1-50%),0.3748,0.6225,0.0027,0.6252,0.8742857,0.0,298.77426
23,2025-09-21,105,-23.32,151.98,2,0.75,1,Moderate (1-50%),0.2698,0.7299,0.0004,0.7302,0.0,0.0,295.8757
23,2025-09-21,106,-18.26362,147.38202,5,1.47,1,Moderate (1-50%),0.2546,0.7418,0.0037,0.7454,0.0,0.0,298.93997
23,2025-09-21,107,-14.0,146.0,2,3.87,1,Moderate (1-50%),0.4659,0.5304,0.0037,0.5341,2.0742857,0.0,299.14142
23,2025-09-21,108,-21.87,152.19,2,1.64,1,Moderate (1-50%),0.4433,0.5559,0.0008,0.5567,0.0,0.0,296.9457
23,2025-09-21,109,-21.13605,150.77615,2,1.23,0,None (0%),0.707,0.2922,0.0008,0.293,0.0,0.0,296.84857
23,2025-09-21,110,-20.66895,150.2588,2,1.81,0,None (0%),0.5669,0.4325,0.0006,0.4331,0.0,0.0,296.9857
23,2025-09-21,111,-20.08315,149.93718,4,1.56,1,Moderate (1-50%),0.4718,0.5273,0.0009,0.5282,0.0,0.0,297.2657
23,2025-09-21,112,-19.6179,149.67664,3,0.81,1,Moderate (1-50%),0.4403,0.5576,0.0021,0.5597,0.0,0.0,297.97
23,2025-09-21,113,-18.791527,147.52235,34,1.86,1,Moderate (1-50%),0.4926,0.5047,0.0026,0.5074,0.17142858,0.0,298.32285
23,2025-09-21,114,-18.53455,147.49355,4,2.22,1,Moderate (1-50%),0.4297,0.5664,0.0039,0.5703,0.15,0.0,298.6314
23,2025-09-21,115,-18.1362,146.9716,2,1.3,0,None (0%),0.5018,0.4955,0.0027,0.4982,0.31,0.0,298.73285
23,2025-09-21,116,-15.359506,145.7791,18,1.78,1,Moderate (1-50%),0.1372,0.8598,0.003,0.8628,0.5042857,0.0,298.88715
23,2025-09-21,117,-14.925742,145.68793,38,1.39,1,Moderate (1-50%),0.1524,0.8453,0.0023,0.8476,0.5542857,0.0,298.89716
23,2025-09-21,118,-15.02785,145.56805,2,0.81,1,Moderate (1-50%),0.2596,0.7381,0.0023,0.7404,0.54285717,0.0,298.81427
23,2025-09-21,119,-12.767325,143.42282,4,0.89,1,Moderate (1-50%),0.1517,0.8432,0.005,0.8483,1.4285715,0.0,299.16428
23,2025-09-21,120,-11.997334,143.27243,6,2.5,1,Moderate (1-50%),0.0806,0.916,0.0035,0.9194,1.01,0.0,299.19717
23,2025-09-21,121,-11.0088,142.98685,2,2.22,1,Moderate (1-50%),0.169,0.8276,0.0034,0.831,1.2114285,0.0,299.4943
23,2025-09-21,122,-20.751085,149.4548,7,3.39,0,None (0%),0.5193,0.4801,0.0007,0.4807,0.0,0.0,296.76855
23,2025-09-21,123,-18.65635,147.71594,2,2.28,1,Moderate (1-50%),0.4406,0.5569,0.0025,0.5594,0.0,0.0,298.48575
23,2025-09-21,124,-12.470825,143.48958,4,1.65,1,Moderate (1-50%),0.109,0.8878,0.0033,0.891,1.24,0.0,299.01144
23,2025-09-21,125,-12.30835,143.37485,2,1.85,1,Moderate (1-50%),0.0826,0.914,0.0034,0.9174,1.2228571,0.0,299.12857
23,2025-09-21,126,-10.69155,142.73485,2,2.13,1,Moderate (1-50%),0.1145,0.8823,0.0032,0.8855,1.5742857,0.0,299.59857
23,2025-09-21,127,-18.9561,146.9562,15,2.89,1,Moderate (1-50%),0.3958,0.6021,0.0021,0.6042,0.06714286,0.0,297.57568
23,2025-09-21,128,-13.844505,146.55128,41,3.35,1,Moderate (1-50%),0.414,0.5803,0.0057,0.586,3.8114285,0.0,299.33716
23,2025-09-21,129,-16.22582,146.00262,10,2.39,1,Moderate (1-50%),0.149,0.8496,0.0013,0.851,0.17142858,0.0,299.00287
23,2025-09-21,130,-15.51399,145.77756,20,1.25,1,Moderate (1-50%),0.1429,0.8547,0.0024,0.8571,0.35285714,0.0,298.85284
23,2025-09-21,131,-16.0,145.9667,2,2.92,1,Moderate (1-50%),0.0947,0.904,0.0014,0.9053,0.17285714,0.0,298.90143
23,2025-09-21,132,-17.0,149.1,4,3.85,1,Moderate (1-50%),0.3934,0.6019,0.0046,0.6066,0.0,0.0,299.07715
24,2025-09-28,0,-19.166714,146.84863,209,2.65,1,Moderate (1-50%),0.3061,0.6876,0.0062,0.6939,0.0,0.0,298.32428
24,2025-09-28,1,-18.646925,146.54514,149,3.23,1,Moderate (1-50%),0.2786,0.7192,0.0022,0.7214,0.0,0.0,298.34
24,2025-09-28,2,-10.2196665,150.84866,3,2.66,1,Moderate (1-50%),0.211,0.7329,0.0561,0.789,8.767143,0.0,301.05
24,2025-09-28,3,-23.443886,151.92134,187,2.13,1,Moderate (1-50%),0.3259,0.6738,0.0003,0.6741,0.0,0.0,296.31284
24,2025-09-28,4,-18.75,146.25,2,3.83,1,Moderate (1-50%),0.2228,0.7718,0.0054,0.7772,0.0,0.0,298.77713
24,2025-09-28,5,-23.146168,150.95728,60,2.97,0,None (0%),0.56,0.4378,0.0022,0.44,0.0,0.0,295.73856
24,2025-09-28,6,-19.760475,149.15018,69,3.06,0,None (0%),0.5518,0.4464,0.0018,0.4482,0.0,0.0,297.7314
24,2025-09-28,7,-18.227266,146.74213,3,1.83,1,Moderate (1-50%),0.3918,0.6041,0.0042,0.6082,0.0,0.0,298.62997
24,2025-09-28,8,-19.020872,146.6052,11,2.13,1,Moderate (1-50%),0.3619,0.6342,0.0038,0.6381,0.0,0.0,298.27286
24,2025-09-28,9,-18.739391,147.2709,12,1.66,0,None (0%),0.5846,0.4103,0.0051,0.4154,0.0,0.0,298.62286
24,2025-09-28,10,-17.885866,146.59,3,2.0,1,Moderate (1-50%),0.4867,0.5092,0.0041,0.5133,0.0,0.0,298.66574
24,2025-09-28,11,-17.239176,146.34703,8,2.82,1,Moderate (1-50%),0.3996,0.5978,0.0026,0.6004,0.0,0.0,298.79858
24,2025-09-28,12,-20.237434,148.9795,103,1.46,1,Moderate (1-50%),0.2846,0.7145,0.0009,0.7154,0.0,0.0,297.26144
24,2025-09-28,13,-20.3759,150.17145,8,0.38,0,None (0%),0.5656,0.4336,0.0008,0.4344,0.0,0.0,297.36142
24,2025-09-28,14,-20.251957,148.81541,23,2.75,1,Moderate (1-50%),0.2833,0.7155,0.0013,0.7167,0.0,0.0,297.22427
24,2025-09-28,15,-20.090439,148.5869,23,2.12,1,Moderate (1-50%),0.4346,0.5638,0.0016,0.5654,0.0,0.0,297.50858
24,2025-09-28,16,-20.022484,148.28569,12,1.15,1,Moderate (1-50%),0.3142,0.6835,0.0023,0.6858,0.0,0.0,297.63284
24,2025-09-28,17,-19.86675,147.92262,4,0.95,1,Moderate (1-50%),0.2442,0.7532,0.0026,0.7558,0.0,0.0,297.8386
24,2025-09-28,18,-23.992844,151.69751,7,3.03,0,None (0%),0.6587,0.3387,0.0026,0.3413,0.0,0.0,295.37427
24,2025-09-28,19,-23.520433,151.2612,3,1.5,1,Moderate (1-50%),0.4073,0.5878,0.0049,0.5927,0.0,0.0,295.52142
24,2025-09-28,20,-23.408117,151.1666,6,2.06,1,Moderate (1-50%),0.41,0.5846,0.0053,0.59,0.0,0.0,295.58
24,2025-09-28,21,-23.326,150.92995,2,0.52,1,Moderate (1-50%),0.348,0.6463,0.0057,0.652,0.0,0.0,296.12997
24,2025-09-28,22,-21.991533,152.46994,3,1.91,0,None (0%),0.6931,0.3066,0.0003,0.3069,0.0,0.0,296.61002
24,2025-09-28,23,-20.911617,149.42245,11,1.51,0,None (0%),0.6939,0.3054,0.0007,0.3061,0.0,0.0,296.97568
24,2025-09-28,24,-20.758585,150.43915,7,2.34,0,None (0%),0.5941,0.4052,0.0007,0.4059,0.0,0.0,297.24286
24,2025-09-28,25,-19.7155,147.77403,7,1.06,1,Moderate (1-50%),0.2557,0.7427,0.0015,0.7443,0.0,0.0,297.91284
24,2025-09-28,26,-19.34095,148.0835,2,1.99,0,None (0%),0.5969,0.3998,0.0033,0.4031,0.0,0.0,298.26572
24,2025-09-28,27,-19.32325,148.4333,2,0.89,0,None (0%),0.5673,0.4289,0.0039,0.4327,0.0,0.0,298.19855
24,2025-09-28,28,-19.311234,148.34396,3,2.51,0,None (0%),0.5514,0.4449,0.0038,0.4486,0.0,0.0,298.2143
24,2025-09-28,29,-19.2076,148.8596,2,2.52,1,Moderate (1-50%),0.4984,0.4985,0.0031,0.5016,0.0,0.0,298.5357
24,2025-09-28,30,-19.11165,148.33365,6,1.74,0,None (0%),0.6446,0.3508,0.0046,0.3554,0.0,0.0,298.50287
24,2025-09-28,31,-18.9913,148.06412,6,2.14,0,None (0%),0.5885,0.4073,0.0042,0.4115,0.0,0.0,298.6514
24,2025-09-28,32,-18.847086,147.91052,7,2.89,0,None (0%),0.5481,0.4496,0.0023,0.4519,0.0,0.0,298.64996
24,2025-09-28,33,-18.1497,146.28976,3,3.16,1,Moderate (1-50%),0.424,0.5734,0.0027,0.576,0.0,0.0,298.3714
24,2025-09-28,34,-17.6551,146.49199,6,2.85,1,Moderate (1-50%),0.46,0.5357,0.0043,0.54,0.0,0.0,298.6614
24,2025-09-28,35,-17.34235,146.52235,4,1.95,1,Moderate (1-50%),0.4915,0.5059,0.0026,0.5085,0.0,0.0,299.0
24,2025-09-28,36,-16.871353,146.21158,88,1.49,1,Moderate (1-50%),0.3687,0.6286,0.0027,0.6313,0.14,0.0,299.09427
24,2025-09-28,37,-16.935507,145.98845,13,1.85,1,Moderate (1-50%),0.4554,0.5359,0.0088,0.5446,0.0,0.0,298.75854
24,2025-09-28,38,-16.52347,145.99037,108,1.65,1,Moderate (1-50%),0.3329,0.6654,0.0016,0.6671,0.0,0.0,299.08856
24,2025-09-28,39,-16.12418,145.83456,243,1.03,1,Moderate (1-50%),0.2237,0.774,0.0023,0.7763,0.0,0.0,299.04712
24,2025-09-28,40,-15.77885,145.58086,2,0.76,0,None (0%),0.535,0.4612,0.0038,0.465,0.0,0.0,298.8757
24,2025-09-28,41,-15.499777,145.51018,13,3.18,1,Moderate (1-50%),0.3731,0.6231,0.0038,0.6269,0.0,0.0,298.92285
24,2025-09-28,42,-14.85125,145.27235,2,2.66,1,Moderate (1-50%),0.4206,0.5692,0.0102,0.5794,0.36,0.0,298.89996
24,2025-09-28,43,-14.728744,145.10814,16,1.86,1,Moderate (1-50%),0.371,0.6201,0.0089,0.629,0.35,0.0,298.92572
24,2025-09-28,44,-14.4546,144.90607,7,3.05,1,Moderate (1-50%),0.3401,0.6505,0.0095,0.6599,0.34,0.0,298.96573
24,2025-09-28,45,-14.1632,144.26332,5,1.82,1,Moderate (1-50%),0.4246,0.5669,0.0085,0.5754,0.49,0.0,299.17142
24,2025-09-28,46,-14.13435,144.5049,2,2.4,1,Moderate (1-50%),0.2921,0.7027,0.0052,0.7079,0.51,0.0,299.05856
24,2025-09-28,47,-14.07125,143.8833,2,0.99,1,Moderate (1-50%),0.4897,0.5039,0.0063,0.5103,0.3,0.0,299.3657
24,2025-09-28,48,-13.922125,143.78668,4,1.3,0,None (0%),0.5349,0.4592,0.0059,0.4651,0.5,0.0,299.40717
24,2025-09-28,49,-23.6966,152.1829,2,2.53,1,Moderate (1-50%),0.2782,0.7212,0.0006,0.7218,0.0,0.0,296.70142
24,2025-09-28,50,-17.776623,146.45274,9,2.36,1,Moderate (1-50%),0.4757,0.5217,0.0026,0.5243,0.0,0.0,298.59857
24,2025-09-28,51,-16.284166,145.4936,3,2.23,1,Moderate (1-50%),0.3581,0.6262,0.0158,0.6419,0.0,0.0,298.91428
24,2025-09-28,52,-15.71492,145.45647,5,2.28,0,None (0%),0.611,0.3797,0.0093,0.389,0.0,0.0,298.8057
24,2025-09-28,53,-22.2081,150.33665,2,2.23,0,None (0%),0.6774,0.3219,0.0006,0.3226,0.0,0.0,296.2857
24,2025-09-28,54,-22.024067,150.66617,3,0.92,0,None (0%),0.6078,0.3916,0.0006,0.3922,0.0,0.0,296.46
24,2025-09-28,55,-22.018534,150.34753,3,2.43,0,None (0%),0.5945,0.4049,0.0006,0.4055,0.0,0.0,296.2357
24,2025-09-28,56,-21.95394,150.1631,5,2.64,0,None (0%),0.6905,0.309,0.0006,0.3095,0.0,0.0,296.26715
24,2025-09-28,57,-21.6832,150.28384,4,1.29,0,None (0%),0.5627,0.4365,0.0008,0.4373,0.0,0.0,296.44287
24,2025-09-28,58,-21.455212,149.86604,8,2.39,0,None (0%),0.6253,0.3744,0.0003,0.3747,0.0,0.0,296.51285
24,2025-09-28,59,-18.062532,146.56087,3,2.04,1,Moderate (1-50%),0.3647,0.6305,0.0048,0.6353,0.0,0.0,298.61142
24,2025-09-28,60,-23.958666,151.47777,3,1.84,1,Moderate (1-50%),0.4036,0.5943,0.0021,0.5964,0.0,0.0,295.7043
24,2025-09-28,61,-23.767967,151.33594,3,1.36,0,None (0%),0.5998,0.3954,0.0048,0.4002,0.0,0.0,295.80716
24,2025-09-28,62,-23.5347,151.73087,3,1.23,1,Moderate (1-50%),0.4735,0.5257,0.0008,0.5265,0.0,0.0,295.85858
24,2025-09-28,63,-19.2064,147.0493,3,3.28,1,Moderate (1-50%),0.3514,0.6443,0.0044,0.6486,0.0,0.0,298.09283
24,2025-09-28,64,-18.0518,146.78749,12,2.9,1,Moderate (1-50%),0.3562,0.6403,0.0035,0.6438,0.0,0.0,298.83
24,2025-09-28,65,-18.008833,146.16989,9,1.88,1,Moderate (1-50%),0.4742,0.5226,0.0031,0.5258,0.0,0.0,298.47
24,2025-09-28,66,-17.721071,146.1557,7,2.09,1,Moderate (1-50%),0.4187,0.5778,0.0034,0.5813,0.0,0.0,298.47144
24,2025-09-28,67,-17.467283,146.3924,6,2.04,0,None (0%),0.5133,0.4836,0.0031,0.4867,0.0,0.0,298.65143
24,2025-09-28,68,-17.20583,146.07251,10,2.15,1,Moderate (1-50%),0.459,0.5321,0.0089,0.541,0.0,0.0,298.6057
24,2025-09-28,69,-16.545633,145.52946,3,2.34,1,Moderate (1-50%),0.2776,0.7105,0.012,0.7224,0.0,0.0,298.82715
24,2025-09-28,70,-16.379562,145.56004,47,1.67,1,Moderate (1-50%),0.4574,0.5358,0.0068,0.5426,0.0,0.0,298.88004
24,2025-09-28,71,-15.9993,145.4327,3,2.82,0,None (0%),0.6866,0.2887,0.0247,0.3134,0.0,0.0,298.7757
24,2025-09-28,72,-15.156473,145.46036,11,2.59,1,Moderate (1-50%),0.3072,0.6888,0.004,0.6928,0.33,0.0,298.95285
24,2025-09-28,73,-11.8956,143.1068,2,3.03,1,Moderate (1-50%),0.2239,0.769,0.0071,0.7761,1.01,0.0,299.57
24,2025-09-28,74,-10.14675,151.16306,2,3.4,1,Moderate (1-50%),0.0899,0.8053,0.1048,0.9101,8.945714,0.0,301.4457
24,2025-09-28,75,-18.4208,147.34987,3,2.66,1,Moderate (1-50%),0.4856,0.5087,0.0057,0.5144,0.15,0.0,299.00284
24,2025-09-28,76,-19.54529,149.26216,28,2.63,0,None (0%),0.6617,0.3351,0.0032,0.3383,0.0,0.0,298.0657
24,2025-09-28,77,-18.665953,147.07942,15,1.11,0,None (0%),0.5369,0.4596,0.0035,0.4631,0.0,0.0,298.4471
24,2025-09-28,78,-18.441046,146.99043,15,2.42,0,None (0%),0.5057,0.4896,0.0046,0.4943,0.32,0.0,298.57285
24,2025-09-28,79,-22.0,152.67,2,2.83,0,None (0%),0.6189,0.3809,0.0002,0.3811,0.0,0.0,296.46567
24,2025-09-28,80,-18.402128,146.79951,11,3.63,1,Moderate (1-50%),0.4855,0.5101,0.0044,0.5145,0.32,0.0,298.4957
24,2025-09-28,81,-18.52425,147.1444,2,2.05,1,Moderate (1-50%),0.4586,0.5372,0.0042,0.5414,0.29,0.0,298.63995
24,2025-09-28,82,-21.3925,152.50706,5,2.69,0,None (0%),0.7036,0.2946,0.0018,0.2964,0.0,0.0,297.6686
24,2025-09-28,83,-21.121021,152.48535,9,1.16,0,None (0%),0.7171,0.2803,0.0026,0.2829,0.0,0.0,297.99142
24,2025-09-28,84,-21.106472,152.2254,11,2.06,0,None (0%),0.6906,0.3066,0.0029,0.3094,0.0,0.0,298.0
24,2025-09-28,85,-20.96795,149.75764,2,1.96,0,None (0%),0.5886,0.4108,0.0006,0.4114,0.0,0.0,297.11716
24,2025-09-28,86,-20.928566,150.04893,3,2.52,0,None (0%),0.531,0.4681,0.0009,0.469,0.0,0.0,297.14713
24,2025-09-28,87,-19.68672,149.93729,5,1.83,0,None (0%),0.5249,0.4727,0.0024,0.4751,0.0,0.0,298.1971
24,2025-09-28,88,-19.501034,148.7524,3,3.57,0,None (0%),0.6436,0.3535,0.0029,0.3564,0.0,0.0,297.8986
24,2025-09-28,89,-19.3041,148.6315,4,2.42,0,None (0%),0.6421,0.3548,0.0031,0.3579,0.0,0.0,298.20712
24,2025-09-28,90,-19.20995,148.542,2,2.45,0,None (0%),0.624,0.3725,0.0035,0.376,0.0,0.0,298.37143
24,2025-09-28,91,-18.82149,147.65489,18,2.15,0,None (0%),0.564,0.4324,0.0035,0.436,0.0,0.0,298.48712
24,2025-09-28,92,-17.5251,146.52454,3,0.05,0,None (0%),0.5094,0.4866,0.0041,0.4906,0.0,0.0,298.82855
24,2025-09-28,93,-14.88175,145.50227,6,2.56,1,Moderate (1-50%),0.4395,0.5587,0.0018,0.5605,0.53,0.0,299.0157
24,2025-09-28,94,-24.112192,152.71562,14,1.71,1,Moderate (1-50%),0.2199,0.7798,0.0003,0.7801,0.0,0.0,296.59714
24,2025-09-28,95,-19.449833,148.86703,3,2.89,0,None (0%),0.5901,0.4069,0.003,0.4099,0.0,0.0,298.11142
24,2025-09-28,96,-16.409634,145.74434,3,2.68,1,Moderate (1-50%),0.4009,0.5935,0.0056,0.5991,0.0,0.0,298.91284
24,2025-09-28,97,-12.67815,143.5829,2,0.93,1,Moderate (1-50%),0.3508,0.644,0.0052,0.6492,1.39,0.0,299.29712
24,2025-09-28,98,-12.2257,143.2841,2,0.99,1,Moderate (1-50%),0.1826,0.8107,0.0067,0.8174,1.13,0.0,299.4357
24,2025-09-28,99,-11.782,142.95316,5,2.5,1,Moderate (1-50%),0.2303,0.7631,0.0066,0.7697,0.9,0.0,299.6443
24,2025-09-28,100,-11.7694,143.09245,2,2.0,1,Moderate (1-50%),0.2351,0.7574,0.0076,0.7649,0.87,0.0,299.59146
24,2025-09-28,101,-11.482866,143.01598,9,1.32,1,Moderate (1-50%),0.1895,0.8046,0.0059,0.8105,0.81,0.0,299.65573
24,2025-09-28,102,-11.191144,142.98755,9,2.26,1,Moderate (1-50%),0.2124,0.784,0.0036,0.7876,0.73714286,0.0,299.74857
24,2025-09-28,103,-14.610958,145.62405,19,1.56,1,Moderate (1-50%),0.2697,0.7235,0.0069,0.7303,0.86,0.0,299.1243
24,2025-09-28,104,-14.704066,145.44646,9,3.28,1,Moderate (1-50%),0.3641,0.6334,0.0025,0.6359,0.85,0.0,298.96
24,2025-09-28,105,-23.32,151.98,2,0.75,1,Moderate (1-50%),0.3132,0.6865,0.0003,0.6868,0.0,0.0,296.50714
24,2025-09-28,106,-18.26362,147.38202,5,1.47,1,Moderate (1-50%),0.4389,0.5556,0.0055,0.5611,0.0,0.0,299.19287
24,2025-09-28,107,-14.0,146.0,2,3.87,1,Moderate (1-50%),0.3555,0.6383,0.0061,0.6445,2.01,0.0,299.1914
24,2025-09-28,108,-21.87,152.19,2,1.64,1,Moderate (1-50%),0.3842,0.615,0.0008,0.6158,0.0,0.0,297.1357
24,2025-09-28,109,-21.13605,150.77615,2,1.23,0,None (0%),0.6557,0.3435,0.0008,0.3443,0.0,0.0,297.2171
24,2025-09-28,110,-20.66895,150.2588,2,1.81,0,None (0%),0.6246,0.3746,0.0008,0.3754,0.0,0.0,297.29712
24,2025-09-28,111,-20.08315,149.93718,4,1.56,0,None (0%),0.5661,0.4327,0.0011,0.4339,0.0,0.0,297.47574
24,2025-09-28,112,-19.6179,149.67664,3,0.81,1,Moderate (1-50%),0.4869,0.5111,0.002,0.5131,0.0,0.0,298.13428
24,2025-09-28,113,-18.791527,147.52235,34,1.86,1,Moderate (1-50%),0.4862,0.5091,0.0047,0.5138,0.15,0.0,298.58145
24,2025-09-28,114,-18.53455,147.49355,4,2.22,1,Moderate (1-50%),0.4909,0.5057,0.0034,0.5091,0.15,0.0,298.93143
24,2025-09-28,115,-18.1362,146.9716,2,1.3,0,None (0%),0.5393,0.4568,0.0039,0.4607,0.31,0.0,299.02432
24,2025-09-28,116,-15.359506,145.7791,18,1.78,1,Moderate (1-50%),0.3014,0.6934,0.0053,0.6986,0.48,0.0,299.09286
24,2025-09-28,117,-14.925742,145.68793,38,1.39,1,Moderate (1-50%),0.3817,0.6112,0.0072,0.6183,0.53,0.0,299.13284
24,2025-09-28,118,-15.02785,145.56805,2,0.81,0,None (0%),0.5494,0.4471,0.0035,0.4506,0.52,0.0,299.03424
24,2025-09-28,119,-12.767325,143.42282,4,0.89,1,Moderate (1-50%),0.4509,0.543,0.0061,0.5491,0.9,0.0,299.42996
24,2025-09-28,120,-11.997334,143.27243,6,2.5,1,Moderate (1-50%),0.2644,0.731,0.0045,0.7356,1.01,0.0,299.48428
24,2025-09-28,121,-11.0088,142.98685,2,2.22,1,Moderate (1-50%),0.2227,0.7738,0.0035,0.7773,0.9242857,0.0,299.76144
24,2025-09-28,122,-20.751085,149.4548,7,3.39,0,None (0%),0.6478,0.3516,0.0006,0.3522,0.0,0.0,297.10858
24,2025-09-28,123,-18.65635,147.71594,2,2.28,0,None (0%),0.5442,0.4532,0.0026,0.4558,0.0,0.0,298.63287
24,2025-09-28,124,-12.470825,143.48958,4,1.65,1,Moderate (1-50%),0.1872,0.8062,0.0066,0.8128,1.24,0.0,299.35284
24,2025-09-28,125,-12.30835,143.37485,2,1.85,1,Moderate (1-50%),0.1857,0.8063,0.008,0.8143,1.18,0.0,299.42
24,2025-09-28,126,-10.69155,142.73485,2,2.13,1,Moderate (1-50%),0.1989,0.7957,0.0054,0.8011,1.0485715,0.0,299.84714
24,2025-09-28,127,-18.9561,146.9562,15,2.89,1,Moderate (1-50%),0.3365,0.6618,0.0017,0.6635,0.0,0.0,298.09146
24,2025-09-28,128,-13.844505,146.55128,41,3.35,1,Moderate (1-50%),0.3324,0.6587,0.0089,0.6676,3.6142857,0.0,299.53143
24,2025-09-28,129,-16.22582,146.00262,10,2.39,1,Moderate (1-50%),0.3048,0.6902,0.005,0.6952,0.15,0.0,299.19144
24,2025-09-28,130,-15.51399,145.77756,20,1.25,1,Moderate (1-50%),0.2464,0.7496,0.0039,0.7536,0.33,0.0,299.04855
24,2025-09-28,131,-16.0,145.9667,2,2.92,1,Moderate (1-50%),0.2948,0.701,0.0042,0.7052,0.15,0.0,299.0857
24,2025-09-28,132,-17.0,149.1,4,3.85,0,None (0%),0.5695,0.4247,0.0058,0.4305,0.0,0.0,299.4186
25,2025-10-05,0,-19.166714,146.84863,209,2.65,1,Moderate (1-50%),0.2969,0.6964,0.0067,0.7031,0.0,0.0,299.23428
25,2025-10-05,1,-18.646925,146.54514,149,3.23,1,Moderate (1-50%),0.3366,0.6566,0.0068,0.6634,0.0,0.0,298.8714
25,2025-10-05,2,-10.2196665,150.84866,3,2.66,1,Moderate (1-50%),0.2121,0.7468,0.0411,0.7879,7.372857,0.0,301.51715
25,2025-10-05,3,-23.443886,151.92134,187,2.13,1,Moderate (1-50%),0.2246,0.7748,0.0006,0.7754,0.0,0.0,296.53714
25,2025-10-05,4,-18.75,146.25,2,3.83,1,Moderate (1-50%),0.3331,0.6588,0.0081,0.6669,0.0,0.0,299.3386
25,2025-10-05,5,-23.146168,150.95728,60,2.97,0,None (0%),0.6406,0.3538,0.0056,0.3594,0.0,0.0,296.28
25,2025-10-05,6,-19.760475,149.15018,69,3.06,1,Moderate (1-50%),0.4984,0.4985,0.0031,0.5016,0.0,0.0,298.04144
25,2025-10-05,7,-18.227266,146.74213,3,1.83,0,None (0%),0.5127,0.4777,0.0097,0.4873,0.0,0.0,299.24
25,2025-10-05,8,-19.020872,146.6052,11,2.13,1,Moderate (1-50%),0.3122,0.6738,0.014,0.6878,0.0,0.0,299.11002
25,2025-10-05,9,-18.739391,147.2709,12,1.66,0,None (0%),0.5327,0.4628,0.0045,0.4673,0.0,0.0,299.03
25,2025-10-05,10,-17.885866,146.59,3,2.0,1,Moderate (1-50%),0.4853,0.5079,0.0068,0.5147,0.0,0.0,299.24286
25,2025-10-05,11,-17.239176,146.34703,8,2.82,1,Moderate (1-50%),0.4806,0.5114,0.008,0.5194,0.0,0.0,299.28857
25,2025-10-05,12,-20.237434,148.9795,103,1.46,1,Moderate (1-50%),0.4695,0.5289,0.0016,0.5305,0.0,0.0,297.58572
25,2025-10-05,13,-20.3759,150.17145,8,0.38,1,Moderate (1-50%),0.4813,0.5174,0.0013,0.5187,0.0,0.0,297.54282
25,2025-10-05,14,-20.251957,148.81541,23,2.75,1,Moderate (1-50%),0.4086,0.5883,0.0031,0.5914,0.0,0.0,297.67142
25,2025-10-05,15,-20.090439,148.5869,23,2.12,1,Moderate (1-50%),0.3368,0.6595,0.0037,0.6632,0.0,0.0,297.90714
25,2025-10-05,16,-20.022484,148.28569,12,1.15,1,Moderate (1-50%),0.2968,0.6951,0.0081,0.7032,0.0,0.0,298.12427
25,2025-10-05,17,-19.86675,147.92262,4,0.95,1,Moderate (1-50%),0.2733,0.7145,0.0122,0.7267,0.0,0.0,298.31427
25,2025-10-05,18,-23.992844,151.69751,7,3.03,0,None (0%),0.746,0.252,0.0021,0.254,0.0,0.0,295.9586
25,2025-10-05,19,-23.520433,151.2612,3,1.5,0,None (0%),0.6087,0.389,0.0023,0.3913,0.0,0.0,296.07144
25,2025-10-05,20,-23.408117,151.1666,6,2.06,0,None (0%),0.5414,0.4563,0.0024,0.4586,0.0,0.0,296.13715
25,2025-10-05,21,-23.326,150.92995,2,0.52,0,None (0%),0.5966,0.4015,0.0019,0.4034,0.0,0.0,296.83282
25,2025-10-05,22,-21.991533,152.46994,3,1.91,0,None (0%),0.5529,0.4467,0.0004,0.4471,0.0,0.0,296.93427
25,2025-10-05,23,-20.911617,149.42245,11,1.51,0,None (0%),0.6465,0.3528,0.0007,0.3535,0.0,0.0,297.38995
25,2025-10-05,24,-20.758585,150.43915,7,2.34,0,None (0%),0.5623,0.4369,0.0008,0.4377,0.0,0.0,297.46286
25,2025-10-05,25,-19.7155,147.77403,7,1.06,1,Moderate (1-50%),0.416,0.5776,0.0064,0.584,0.0,0.0,298.30856
25,2025-10-05,26,-19.34095,148.0835,2,1.99,0,None (0%),0.5275,0.4663,0.0062,0.4725,0.0,0.0,298.54288
25,2025-10-05,27,-19.32325,148.4333,2,0.89,0,None (0%),0.5503,0.445,0.0047,0.4497,0.0,0.0,298.50424
25,2025-10-05,28,-19.311234,148.34396,3,2.51,0,None (0%),0.5209,0.4739,0.0052,0.4791,0.0,0.0,298.5
25,2025-10-05,29,-19.2076,148.8596,2,2.52,0,None (0%),0.6396,0.3549,0.0054,0.3604,0.0,0.0,298.79855
25,2025-10-05,30,-19.11165,148.33365,6,1.74,1,Moderate (1-50%),0.4636,0.5305,0.0059,0.5364,0.0,0.0,298.6657
25,2025-10-05,31,-18.9913,148.06412,6,2.14,0,None (0%),0.5847,0.41,0.0053,0.4153,0.0,0.0,298.81143
25,2025-10-05,32,-18.847086,147.91052,7,2.89,1,Moderate (1-50%),0.4823,0.5127,0.005,0.5177,0.0,0.0,298.89285
25,2025-10-05,33,-18.1497,146.28976,3,3.16,1,Moderate (1-50%),0.3457,0.6419,0.0124,0.6543,0.0,0.0,299.11713
25,2025-10-05,34,-17.6551,146.49199,6,2.85,1,Moderate (1-50%),0.4787,0.5114,0.0099,0.5213,0.0,0.0,299.2429
25,2025-10-05,35,-17.34235,146.52235,4,1.95,0,None (0%),0.5594,0.4332,0.0074,0.4406,0.0,0.0,299.37997
25,2025-10-05,36,-16.871353,146.21158,88,1.49,1,Moderate (1-50%),0.4871,0.503,0.01,0.5129,0.14,0.0,299.41714
25,2025-10-05,37,-16.935507,145.98845,13,1.85,0,None (0%),0.501,0.4828,0.0162,0.499,0.0,0.0,299.21286
25,2025-10-05,38,-16.52347,145.99037,108,1.65,1,Moderate (1-50%),0.4474,0.5452,0.0074,0.5526,0.0,0.0,299.39996
25,2025-10-05,39,-16.12418,145.83456,243,1.03,0,None (0%),0.5177,0.4711,0.0112,0.4823,0.0,0.0,299.39285
25,2025-10-05,40,-15.77885,145.58086,2,0.76,1,Moderate (1-50%),0.2928,0.6961,0.0111,0.7072,0.0,0.0,299.27002
25,2025-10-05,41,-15.499777,145.51018,13,3.18,1,Moderate (1-50%),0.2761,0.7181,0.0058,0.7239,0.0,0.0,299.23856
25,2025-10-05,42,-14.85125,145.27235,2,2.66,1,Moderate (1-50%),0.3407,0.6423,0.017,0.6593,0.36,0.0,299.12143
25,2025-10-05,43,-14.728744,145.10814,16,1.86,1,Moderate (1-50%),0.3032,0.6809,0.0159,0.6968,0.35,0.0,299.18716
25,2025-10-05,44,-14.4546,144.90607,7,3.05,1,Moderate (1-50%),0.3556,0.6281,0.0163,0.6444,0.34,0.0,299.23712
25,2025-10-05,45,-14.1632,144.26332,5,1.82,1,Moderate (1-50%),0.3019,0.6862,0.0119,0.6981,0.49,0.0,299.5157
25,2025-10-05,46,-14.13435,144.5049,2,2.4,1,Moderate (1-50%),0.2891,0.7002,0.0107,0.7109,0.51,0.0,299.31284
25,2025-10-05,47,-14.07125,143.8833,2,0.99,1,Moderate (1-50%),0.2448,0.7459,0.0093,0.7552,0.3,0.0,299.89285
25,2025-10-05,48,-13.922125,143.78668,4,1.3,1,Moderate (1-50%),0.3356,0.6553,0.0091,0.6644,0.47714287,0.0,299.98285
25,2025-10-05,49,-23.6966,152.1829,2,2.53,1,Moderate (1-50%),0.3058,0.6937,0.0005,0.6942,0.0,0.0,296.66852
25,2025-10-05,50,-17.776623,146.45274,9,2.36,0,None (0%),0.5361,0.4523,0.0117,0.4639,0.0,0.0,299.20572
25,2025-10-05,51,-16.284166,145.4936,3,2.23,1,Moderate (1-50%),0.2164,0.7665,0.0171,0.7836,0.0,0.0,299.51715
25,2025-10-05,52,-15.71492,145.45647,5,2.28,1,Moderate (1-50%),0.3101,0.6759,0.014,0.6899,0.0,0.0,299.2357
25,2025-10-05,53,-22.2081,150.33665,2,2.23,0,None (0%),0.5623,0.4363,0.0014,0.4377,0.0,0.0,296.70288
25,2025-10-05,54,-22.024067,150.66617,3,0.92,1,Moderate (1-50%),0.4128,0.5866,0.0006,0.5872,0.0,0.0,296.79855
25,2025-10-05,55,-22.018534,150.34753,3,2.43,1,Moderate (1-50%),0.4483,0.5508,0.001,0.5517,0.0,0.0,296.6514
25,2025-10-05,56,-21.95394,150.1631,5,2.64,0,None (0%),0.4996,0.4996,0.0008,0.5004,0.0,0.0,296.73285
25,2025-10-05,57,-21.6832,150.28384,4,1.29,1,Moderate (1-50%),0.4851,0.514,0.0009,0.5149,0.0,0.0,296.7657
25,2025-10-05,58,-21.455212,149.86604,8,2.39,0,None (0%),0.5281,0.4714,0.0005,0.4719,0.0,0.0,297.02142
25,2025-10-05,59,-18.062532,146.56087,3,2.04,0,None (0%),0.5403,0.4525,0.0072,0.4597,0.0,0.0,299.1957
25,2025-10-05,60,-23.958666,151.47777,3,1.84,1,Moderate (1-50%),0.4251,0.5731,0.0019,0.5749,0.0,0.0,296.46857
25,2025-10-05,61,-23.767967,151.33594,3,1.36,0,None (0%),0.7197,0.2785,0.0018,0.2803,0.0,0.0,296.52286
25,2025-10-05,62,-23.5347,151.73087,3,1.23,1,Moderate (1-50%),0.3661,0.6331,0.0008,0.6339,0.0,0.0,296.3057
25,2025-10-05,63,-19.2064,147.0493,3,3.28,1,Moderate (1-50%),0.344,0.6466,0.0094,0.656,0.0,0.0,298.84283
25,2025-10-05,64,-18.0518,146.78749,12,2.9,1,Moderate (1-50%),0.435,0.5568,0.0082,0.565,0.0,0.0,299.31
25,2025-10-05,65,-18.008833,146.16989,9,1.88,1,Moderate (1-50%),0.2806,0.7025,0.0169,0.7194,0.0,0.0,299.14716
25,2025-10-05,66,-17.721071,146.1557,7,2.09,1,Moderate (1-50%),0.2588,0.7208,0.0203,0.7412,0.0,0.0,299.14285
25,2025-10-05,67,-17.467283,146.3924,6,2.04,1,Moderate (1-50%),0.4711,0.5198,0.0091,0.5289,0.0,0.0,299.25424
25,2025-10-05,68,-17.20583,146.07251,10,2.15,1,Moderate (1-50%),0.2832,0.7014,0.0154,0.7168,0.0,0.0,299.22287
25,2025-10-05,69,-16.545633,145.52946,3,2.34,1,Moderate (1-50%),0.18,0.7984,0.0217,0.82,0.0,0.0,299.65717
25,2025-10-05,70,-16.379562,145.56004,47,1.67,1,Moderate (1-50%),0.2805,0.7076,0.0119,0.7195,0.0,0.0,299.47144
25,2025-10-05,71,-15.9993,145.4327,3,2.82,1,Moderate (1-50%),0.2879,0.6959,0.0162,0.7121,0.0,0.0,299.28287
25,2025-10-05,72,-15.156473,145.46036,11,2.59,1,Moderate (1-50%),0.4269,0.5665,0.0066,0.5731,0.33,0.0,299.13574
25,2025-10-05,73,-11.8956,143.1068,2,3.03,1,Moderate (1-50%),0.3611,0.6276,0.0113,0.6389,0.7128571,0.0,300.0914
25,2025-10-05,74,-10.14675,151.16306,2,3.4,1,Moderate (1-50%),0.031,0.9166,0.0524,0.969,7.6257143,0.0,301.62997
25,2025-10-05,75,-18.4208,147.34987,3,2.66,1,Moderate (1-50%),0.3867,0.6071,0.0061,0.6133,0.15,0.0,299.45288
25,2025-10-05,76,-19.54529,149.26216,28,2.63,0,None (0%),0.6272,0.3695,0.0033,0.3728,0.0,0.0,298.20572
25,2025-10-05,77,-18.665953,147.07942,15,1.11,1,Moderate (1-50%),0.4731,0.5219,0.005,0.5269,0.0,0.0,299.0
25,2025-10-05,78,-18.441046,146.99043,15,2.42,1,Moderate (1-50%),0.4944,0.5018,0.0038,0.5056,0.32,0.0,299.20856
25,2025-10-05,79,-22.0,152.67,2,2.83,1,Moderate (1-50%),0.4117,0.5878,0.0006,0.5883,0.0,0.0,296.67572
25,2025-10-05,80,-18.402128,146.79951,11,3.63,0,None (0%),0.6311,0.3621,0.0068,0.3689,0.32,0.0,299.12573
25,2025-10-05,81,-18.52425,147.1444,2,2.05,0,None (0%),0.5881,0.407,0.0049,0.4119,0.29,0.0,299.1743
25,2025-10-05,82,-21.3925,152.50706,5,2.69,0,None (0%),0.6423,0.3545,0.0032,0.3577,0.0,0.0,297.7314
25,2025-10-05,83,-21.121021,152.48535,9,1.16,0,None (0%),0.7683,0.2276,0.0041,0.2317,0.0,0.0,298.1143
25,2025-10-05,84,-21.106472,152.2254,11,2.06,0,None (0%),0.6991,0.2982,0.0028,0.3009,0.0,0.0,298.22
25,2025-10-05,85,-20.96795,149.75764,2,1.96,0,None (0%),0.6349,0.3643,0.0008,0.3651,0.0,0.0,297.47144
25,2025-10-05,86,-20.928566,150.04893,3,2.52,0,None (0%),0.5339,0.4655,0.0006,0.4661,0.0,0.0,297.49713
25,2025-10-05,87,-19.68672,149.93729,5,1.83,0,None (0%),0.6084,0.3866,0.005,0.3916,0.0,0.0,298.4086
25,2025-10-05,88,-19.501034,148.7524,3,3.57,0,None (0%),0.6139,0.3824,0.0037,0.3861,0.0,0.0,298.28
25,2025-10-05,89,-19.3041,148.6315,4,2.42,0,None (0%),0.5114,0.4842,0.0044,0.4886,0.0,0.0,298.5057
25,2025-10-05,90,-19.20995,148.542,2,2.45,1,Moderate (1-50%),0.4945,0.4996,0.0059,0.5055,0.0,0.0,298.59714
25,2025-10-05,91,-18.82149,147.65489,18,2.15,0,None (0%),0.5867,0.4076,0.0057,0.4133,0.0,0.0,298.86142
25,2025-10-05,92,-17.5251,146.52454,3,0.05,0,None (0%),0.5052,0.4885,0.0063,0.4948,0.0,0.0,299.34286
25,2025-10-05,93,-14.88175,145.50227,6,2.56,1,Moderate (1-50%),0.3587,0.636,0.0053,0.6413,0.53,0.0,299.22852
25,2025-10-05,94,-24.112192,152.71562,14,1.71,1,Moderate (1-50%),0.2787,0.7207,0.0006,0.7213,0.0,0.0,297.06
25,2025-10-05,95,-19.449833,148.86703,3,2.89,0,None (0%),0.6125,0.384,0.0035,0.3875,0.0,0.0,298.42572
25,2025-10-05,96,-16.409634,145.74434,3,2.68,1,Moderate (1-50%),0.3147,0.6784,0.0069,0.6853,0.0,0.0,299.49713
25,2025-10-05,97,-12.67815,143.5829,2,0.93,1,Moderate (1-50%),0.3073,0.6832,0.0095,0.6927,1.2128571,0.0,299.7471
25,2025-10-05,98,-12.2257,143.2841,2,0.99,1,Moderate (1-50%),0.4261,0.5645,0.0094,0.5739,0.8957143,0.0,300.04
25,2025-10-05,99,-11.782,142.95316,5,2.5,1,Moderate (1-50%),0.2627,0.7253,0.012,0.7373,0.6342857,0.0,300.25
25,2025-10-05,100,-11.7694,143.09245,2,2.0,1,Moderate (1-50%),0.4175,0.5707,0.0118,0.5825,0.62142855,0.0,300.09854
25,2025-10-05,101,-11.482866,143.01598,9,1.32,1,Moderate (1-50%),0.3743,0.6187,0.007,0.6257,0.58,0.0,300.11713
25,2025-10-05,102,-11.191144,142.98755,9,2.26,1,Moderate (1-50%),0.4303,0.5575,0.0123,0.5697,0.52,0.0,300.13858
25,2025-10-05,103,-14.610958,145.62405,19,1.56,1,Moderate (1-50%),0.4429,0.5508,0.0063,0.5571,0.8357143,0.0,299.48145
25,2025-10-05,104,-14.704066,145.44646,9,3.28,1,Moderate (1-50%),0.4147,0.5804,0.0049,0.5853,0.85,0.0,299.21854
25,2025-10-05,105,-23.32,151.98,2,0.75,1,Moderate (1-50%),0.222,0.7776,0.0005,0.778,0.0,0.0,296.62003
25,2025-10-05,106,-18.26362,147.38202,5,1.47,1,Moderate (1-50%),0.4236,0.5695,0.0069,0.5764,0.0,0.0,299.56714
25,2025-10-05,107,-14.0,146.0,2,3.87,0,None (0%),0.508,0.4841,0.0079,0.492,1.8785714,0.0,299.75858
25,2025-10-05,108,-21.87,152.19,2,1.64,0,None (0%),0.5267,0.472,0.0013,0.4733,0.0,0.0,297.3029
25,2025-10-05,109,-21.13605,150.77615,2,1.23,0,None (0%),0.6567,0.3424,0.0009,0.3433,0.0,0.0,297.37994
25,2025-10-05,110,-20.66895,150.2588,2,1.81,0,None (0%),0.5964,0.403,0.0006,0.4036,0.0,0.0,297.4943
25,2025-10-05,111,-20.08315,149.93718,4,1.56,1,Moderate (1-50%),0.4295,0.5691,0.0014,0.5705,0.0,0.0,297.72998
25,2025-10-05,112,-19.6179,149.67664,3,0.81,0,None (0%),0.6215,0.375,0.0035,0.3785,0.0,0.0,298.28857
25,2025-10-05,113,-18.791527,147.52235,34,1.86,0,None (0%),0.5494,0.4456,0.005,0.4506,0.15,0.0,298.99713
25,2025-10-05,114,-18.53455,147.49355,4,2.22,0,None (0%),0.5563,0.4385,0.0052,0.4437,0.15,0.0,299.31284
25,2025-10-05,115,-18.1362,146.9716,2,1.3,1,Moderate (1-50%),0.4613,0.5308,0.0079,0.5387,0.31,0.0,299.43573
25,2025-10-05,116,-15.359506,145.7791,18,1.78,1,Moderate (1-50%),0.4214,0.5741,0.0046,0.5786,0.48,0.0,299.4714
25,2025-10-05,117,-14.925742,145.68793,38,1.39,1,Moderate (1-50%),0.4714,0.5226,0.0059,0.5286,0.53,0.0,299.38284
25,2025-10-05,118,-15.02785,145.56805,2,0.81,1,Moderate (1-50%),0.4248,0.5689,0.0063,0.5752,0.52,0.0,299.24142
25,2025-10-05,119,-12.767325,143.42282,4,0.89,1,Moderate (1-50%),0.2227,0.7685,0.0088,0.7773,0.8314286,0.0,300.0843
25,2025-10-05,120,-11.997334,143.27243,6,2.5,1,Moderate (1-50%),0.3721,0.6176,0.0103,0.6279,0.8371429,0.0,300.04
25,2025-10-05,121,-11.0088,142.98685,2,2.22,1,Moderate (1-50%),0.3552,0.6352,0.0097,0.6448,0.6185714,0.0,300.16284
25,2025-10-05,122,-20.751085,149.4548,7,3.39,0,None (0%),0.5909,0.4082,0.0008,0.4091,0.0,0.0,297.48856
25,2025-10-05,123,-18.65635,147.71594,2,2.28,0,None (0%),0.5395,0.4569,0.0037,0.4605,0.0,0.0,299.05142
25,2025-10-05,124,-12.470825,143.48958,4,1.65,1,Moderate (1-50%),0.2913,0.6973,0.0115,0.7087,1.1671429,0.0,299.86713
25,2025-10-05,125,-12.30835,143.37485,2,1.85,1,Moderate (1-50%),0.3371,0.653,0.0099,0.6629,1.09,0.0,299.97
25,2025-10-05,126,-10.69155,142.73485,2,2.13,1,Moderate (1-50%),0.3081,0.6783,0.0136,0.6919,0.6742857,0.0,300.24
25,2025-10-05,127,-18.9561,146.9562,15,2.89,1,Moderate (1-50%),0.2833,0.7137,0.003,0.7167,0.0,0.0,298.69284
25,2025-10-05,128,-13.844505,146.55128,41,3.35,1,Moderate (1-50%),0.3177,0.6737,0.0086,0.6823,2.8985715,0.0,300.0071
25,2025-10-05,129,-16.22582,146.00262,10,2.39,1,Moderate (1-50%),0.462,0.5338,0.0042,0.538,0.15,0.0,299.5143
25,2025-10-05,130,-15.51399,145.77756,20,1.25,1,Moderate (1-50%),0.421,0.5725,0.0065,0.579,0.33,0.0,299.45142
25,2025-10-05,131,-16.0,145.9667,2,2.92,1,Moderate (1-50%),0.39,0.6053,0.0047,0.61,0.15,0.0,299.54428
25,2025-10-05,132,-17.0,149.1,4,3.85,1,Moderate (1-50%),0.4816,0.512,0.0064,0.5184,0.0,0.0,299.38715
26,2025-10-12,0,-19.166714,146.84863,209,2.65,0,None (0%),0.5629,0.4255,0.0116,0.4371,0.0,0.0,299.38284
26,2025-10-12,1,-18.646925,146.54514,149,3.23,1,Moderate (1-50%),0.4627,0.5245,0.0128,0.5373,0.0,0.0,299.25714
26,2025-10-12,2,-10.2196665,150.84866,3,2.66,1,Moderate (1-50%),0.1032,0.8697,0.0272,0.8968,5.852857,0.0,301.45996
26,2025-10-12,3,-23.443886,151.92134,187,2.13,1,Moderate (1-50%),0.2412,0.7578,0.001,0.7588,0.0,0.0,296.9043
26,2025-10-12,4,-18.75,146.25,2,3.83,1,Moderate (1-50%),0.4826,0.4956,0.0218,0.5174,0.0,0.0,299.98712
26,2025-10-12,5,-23.146168,150.95728,60,2.97,1,Moderate (1-50%),0.4961,0.5009,0.003,0.5039,0.0,0.0,296.91428
26,2025-10-12,6,-19.760475,149.15018,69,3.06,0,None (0%),0.5503,0.4434,0.0063,0.4497,0.0,0.0,298.4014
26,2025-10-12,7,-18.227266,146.74213,3,1.83,0,None (0%),0.5756,0.4157,0.0087,0.4244,0.0,0.0,299.37286
26,2025-10-12,8,-19.020872,146.6052,11,2.13,0,None (0%),0.5239,0.4612,0.0149,0.4761,0.0,0.0,299.33572
26,2025-10-12,9,-18.739391,147.2709,12,1.66,0,None (0%),0.5609,0.4341,0.005,0.4391,0.0,0.0,299.2757
26,2025-10-12,10,-17.885866,146.59,3,2.0,0,None (0%),0.5143,0.4774,0.0083,0.4857,0.0,0.0,299.38998
26,2025-10-12,11,-17.239176,146.34703,8,2.82,0,None (0%),0.5037,0.4877,0.0085,0.4963,0.0,0.0,299.53143
26,2025-10-12,12,-20.237434,148.9795,103,1.46,1,Moderate (1-50%),0.4019,0.5953,0.0028,0.5981,0.0,0.0,298.00998
26,2025-10-12,13,-20.3759,150.17145,8,0.38,1,Moderate (1-50%),0.3007,0.6973,0.002,0.6993,0.0,0.0,298.04425
26,2025-10-12,14,-20.251957,148.81541,23,2.75,1,Moderate (1-50%),0.3302,0.6656,0.0042,0.6698,0.0,0.0,298.05002
26,2025-10-12,15,-20.090439,148.5869,23,2.12,1,Moderate (1-50%),0.3628,0.6332,0.004,0.6372,0.0,0.0,298.33856
26,2025-10-12,16,-20.022484,148.28569,12,1.15,1,Moderate (1-50%),0.3622,0.6348,0.003,0.6378,0.0,0.0,298.54
26,2025-10-12,17,-19.86675,147.92262,4,0.95,1,Moderate (1-50%),0.41,0.5863,0.0037,0.59,0.0,0.0,298.68286
26,2025-10-12,18,-23.992844,151.69751,7,3.03,0,None (0%),0.5115,0.4876,0.0008,0.4885,0.0,0.0,296.74142
26,2025-10-12,19,-23.520433,151.2612,3,1.5,1,Moderate (1-50%),0.3374,0.6602,0.0024,0.6626,0.0,0.0,296.71567
26,2025-10-12,20,-23.408117,151.1666,6,2.06,1,Moderate (1-50%),0.3519,0.6458,0.0023,0.6481,0.0,0.0,296.85284
26,2025-10-12,21,-23.326,150.92995,2,0.52,1,Moderate (1-50%),0.265,0.7322,0.0029,0.735,0.0,0.0,297.38574
26,2025-10-12,22,-21.991533,152.46994,3,1.91,1,Moderate (1-50%),0.4481,0.5516,0.0003,0.5519,0.0,0.0,297.2657
26,2025-10-12,23,-20.911617,149.42245,11,1.51,0,None (0%),0.5783,0.4204,0.0013,0.4217,0.0,0.0,297.89996
26,2025-10-12,24,-20.758585,150.43915,7,2.34,1,Moderate (1-50%),0.4291,0.5692,0.0018,0.5709,0.0,0.0,297.93283
26,2025-10-12,25,-19.7155,147.77403,7,1.06,1,Moderate (1-50%),0.4247,0.5676,0.0078,0.5753,0.0,0.0,298.70572
26,2025-10-12,26,-19.34095,148.0835,2,1.99,0,None (0%),0.5312,0.4607,0.008,0.4688,0.0,0.0,298.84714
26,2025-10-12,27,-19.32325,148.4333,2,0.89,0,None (0%),0.6482,0.3462,0.0056,0.3518,0.0,0.0,298.82285
26,2025-10-12,28,-19.311234,148.34396,3,2.51,0,None (0%),0.6816,0.3126,0.0058,0.3184,0.0,0.0,298.81143
26,2025-10-12,29,-19.2076,148.8596,2,2.52,0,None (0%),0.5576,0.4398,0.0026,0.4424,0.0,0.0,299.1357
26,2025-10-12,30,-19.11165,148.33365,6,1.74,0,None (0%),0.5499,0.445,0.0051,0.4501,0.0,0.0,299.11716
26,2025-10-12,31,-18.9913,148.06412,6,2.14,0,None (0%),0.5757,0.4198,0.0044,0.4243,0.0,0.0,299.2243
26,2025-10-12,32,-18.847086,147.91052,7,2.89,1,Moderate (1-50%),0.3978,0.5987,0.0035,0.6022,0.0,0.0,299.24142
26,2025-10-12,33,-18.1497,146.28976,3,3.16,0,None (0%),0.5156,0.471,0.0133,0.4844,0.0,0.0,299.3857
26,2025-10-12,34,-17.6551,146.49199,6,2.85,1,Moderate (1-50%),0.4339,0.557,0.0091,0.5661,0.0,0.0,299.3986
26,2025-10-12,35,-17.34235,146.52235,4,1.95,1,Moderate (1-50%),0.3495,0.64,0.0105,0.6505,0.0,0.0,299.58426
26,2025-10-12,36,-16.871353,146.21158,88,1.49,1,Moderate (1-50%),0.3855,0.6001,0.0144,0.6145,0.1,0.0,299.65717
26,2025-10-12,37,-16.935507,145.98845,13,1.85,0,None (0%),0.5639,0.4191,0.017,0.4361,0.0,0.0,299.5
26,2025-10-12,38,-16.52347,145.99037,108,1.65,1,Moderate (1-50%),0.3792,0.6092,0.0115,0.6208,0.0,0.0,299.69
26,2025-10-12,39,-16.12418,145.83456,243,1.03,1,Moderate (1-50%),0.4875,0.5047,0.0078,0.5125,0.0,0.0,299.6843
26,2025-10-12,40,-15.77885,145.58086,2,0.76,1,Moderate (1-50%),0.4256,0.5635,0.0109,0.5744,0.0,0.0,299.52713
26,2025-10-12,41,-15.499777,145.51018,13,3.18,1,Moderate (1-50%),0.4053,0.5849,0.0097,0.5947,0.0,0.0,299.53433
26,2025-10-12,42,-14.85125,145.27235,2,2.66,1,Moderate (1-50%),0.4626,0.5226,0.0147,0.5374,0.22857143,0.0,299.45856
26,2025-10-12,43,-14.728744,145.10814,16,1.86,1,Moderate (1-50%),0.4542,0.5337,0.0121,0.5458,0.22142857,0.0,299.54855
26,2025-10-12,44,-14.4546,144.90607,7,3.05,1,Moderate (1-50%),0.4851,0.507,0.0079,0.5149,0.21571429,0.0,299.63858
26,2025-10-12,45,-14.1632,144.26332,5,1.82,1,Moderate (1-50%),0.4432,0.5439,0.0129,0.5568,0.34714285,0.0,299.79288
26,2025-10-12,46,-14.13435,144.5049,2,2.4,0,None (0%),0.5452,0.445,0.0099,0.4548,0.35714287,0.0,299.6414
26,2025-10-12,47,-14.07125,143.8833,2,0.99,1,Moderate (1-50%),0.3651,0.6244,0.0105,0.6349,0.21428572,0.0,300.18
26,2025-10-12,48,-13.922125,143.78668,4,1.3,1,Moderate (1-50%),0.423,0.5676,0.0094,0.577,0.24857143,0.0,300.32428
26,2025-10-12,49,-23.6966,152.1829,2,2.53,1,Moderate (1-50%),0.2649,0.7343,0.0008,0.7351,0.0,0.0,297.09427
26,2025-10-12,50,-17.776623,146.45274,9,2.36,1,Moderate (1-50%),0.4871,0.5039,0.0091,0.5129,0.0,0.0,299.37717
26,2025-10-12,51,-16.284166,145.4936,3,2.23,1,Moderate (1-50%),0.4009,0.5758,0.0233,0.5991,0.0,0.0,299.72284
26,2025-10-12,52,-15.71492,145.45647,5,2.28,1,Moderate (1-50%),0.4131,0.5687,0.0182,0.5869,0.0,0.0,299.51
26,2025-10-12,53,-22.2081,150.33665,2,2.23,0,None (0%),0.5027,0.4954,0.0019,0.4973,0.0,0.0,297.23
26,2025-10-12,54,-22.024067,150.66617,3,0.92,1,Moderate (1-50%),0.2685,0.7307,0.0009,0.7315,0.0,0.0,297.30856
26,2025-10-12,55,-22.018534,150.34753,3,2.43,1,Moderate (1-50%),0.3706,0.6278,0.0016,0.6294,0.0,0.0,297.1943
26,2025-10-12,56,-21.95394,150.1631,5,2.64,1,Moderate (1-50%),0.4935,0.5053,0.0011,0.5065,0.0,0.0,297.2757
26,2025-10-12,57,-21.6832,150.28384,4,1.29,1,Moderate (1-50%),0.3649,0.6341,0.0011,0.6351,0.0,0.0,297.35284
26,2025-10-12,58,-21.455212,149.86604,8,2.39,1,Moderate (1-50%),0.3373,0.6614,0.0013,0.6627,0.0,0.0,297.6514
26,2025-10-12,59,-18.062532,146.56087,3,2.04,0,None (0%),0.5501,0.4398,0.0101,0.4499,0.0,0.0,299.36713
26,2025-10-12,60,-23.958666,151.47777,3,1.84,0,None (0%),0.6799,0.3177,0.0024,0.3201,0.0,0.0,297.11572
26,2025-10-12,61,-23.767967,151.33594,3,1.36,0,None (0%),0.5912,0.4075,0.0012,0.4088,0.0,0.0,297.12427
26,2025-10-12,62,-23.5347,151.73087,3,1.23,1,Moderate (1-50%),0.2956,0.7036,0.0008,0.7044,0.0,0.0,296.78424
26,2025-10-12,63,-19.2064,147.0493,3,3.28,0,None (0%),0.5625,0.4275,0.01,0.4375,0.0,0.0,299.15143
26,2025-10-12,64,-18.0518,146.78749,12,2.9,1,Moderate (1-50%),0.4432,0.543,0.0138,0.5568,0.0,0.0,299.45712
26,2025-10-12,65,-18.008833,146.16989,9,1.88,0,None (0%),0.5457,0.4368,0.0174,0.4543,0.0,0.0,299.45428
26,2025-10-12,66,-17.721071,146.1557,7,2.09,0,None (0%),0.5075,0.4783,0.0142,0.4925,0.0,0.0,299.4
26,2025-10-12,67,-17.467283,146.3924,6,2.04,0,None (0%),0.5146,0.4752,0.0103,0.4854,0.0,0.0,299.43286
26,2025-10-12,68,-17.20583,146.07251,10,2.15,0,None (0%),0.5058,0.4738,0.0205,0.4942,0.0,0.0,299.41855
26,2025-10-12,69,-16.545633,145.52946,3,2.34,1,Moderate (1-50%),0.4745,0.499,0.0265,0.5255,0.0,0.0,299.71286
26,2025-10-12,70,-16.379562,145.56004,47,1.67,0,None (0%),0.5641,0.418,0.0179,0.4359,0.0,0.0,299.67285
26,2025-10-12,71,-15.9993,145.4327,3,2.82,1,Moderate (1-50%),0.4894,0.5005,0.0101,0.5106,0.0,0.0,299.59714
26,2025-10-12,72,-15.156473,145.46036,11,2.59,1,Moderate (1-50%),0.4145,0.576,0.0095,0.5855,0.21142857,0.0,299.51144
26,2025-10-12,73,-11.8956,143.1068,2,3.03,1,Moderate (1-50%),0.4288,0.5478,0.0234,0.5712,0.23142858,0.0,300.2729
26,2025-10-12,74,-10.14675,151.16306,2,3.4,1,Moderate (1-50%),0.0256,0.8989,0.0755,0.9744,6.16,0.0,301.63428
26,2025-10-12,75,-18.4208,147.34987,3,2.66,1,Moderate (1-50%),0.3715,0.6203,0.0082,0.6285,0.08571429,0.0,299.54144
26,2025-10-12,76,-19.54529,149.26216,28,2.63,0,None (0%),0.5279,0.4695,0.0025,0.4721,0.0,0.0,298.59714
26,2025-10-12,77,-18.665953,147.07942,15,1.11,0,None (0%),0.5675,0.4263,0.0062,0.4325,0.0,0.0,299.22574
26,2025-10-12,78,-18.441046,146.99043,15,2.42,1,Moderate (1-50%),0.4722,0.5199,0.0078,0.5278,0.20714286,0.0,299.38998
26,2025-10-12,79,-22.0,152.67,2,2.83,1,Moderate (1-50%),0.3813,0.6185,0.0002,0.6187,0.0,0.0,297.02426
26,2025-10-12,80,-18.402128,146.79951,11,3.63,0,None (0%),0.5823,0.4091,0.0086,0.4177,0.20714286,0.0,299.31284
26,2025-10-12,81,-18.52425,147.1444,2,2.05,1,Moderate (1-50%),0.4731,0.5177,0.0092,0.5269,0.18714286,0.0,299.3757
26,2025-10-12,82,-21.3925,152.50706,5,2.69,0,None (0%),0.636,0.3611,0.0029,0.364,0.0,0.0,298.20428
26,2025-10-12,83,-21.121021,152.48535,9,1.16,0,None (0%),0.7064,0.2883,0.0054,0.2936,0.0,0.0,298.50858
26,2025-10-12,84,-21.106472,152.2254,11,2.06,0,None (0%),0.6887,0.3075,0.0038,0.3113,0.0,0.0,298.63858
26,2025-10-12,85,-20.96795,149.75764,2,1.96,0,None (0%),0.5387,0.4594,0.0019,0.4613,0.0,0.0,298.01425
26,2025-10-12,86,-20.928566,150.04893,3,2.52,0,None (0%),0.5659,0.4322,0.0019,0.4341,0.0,0.0,298.02142
26,2025-10-12,87,-19.68672,149.93729,5,1.83,0,None (0%),0.6408,0.3556,0.0036,0.3592,0.0,0.0,298.61716
26,2025-10-12,88,-19.501034,148.7524,3,3.57,0,None (0%),0.589,0.4052,0.0058,0.411,0.0,0.0,298.70142
26,2025-10-12,89,-19.3041,148.6315,4,2.42,0,None (0%),0.5446,0.4505,0.0049,0.4554,0.0,0.0,298.89142
26,2025-10-12,90,-19.20995,148.542,2,2.45,0,None (0%),0.6025,0.3927,0.0048,0.3975,0.0,0.0,298.99857
26,2025-10-12,91,-18.82149,147.65489,18,2.15,0,None (0%),0.6013,0.3944,0.0043,0.3987,0.0,0.0,299.09857
26,2025-10-12,92,-17.5251,146.52454,3,0.05,1,Moderate (1-50%),0.3757,0.617,0.0073,0.6243,0.0,0.0,299.46857
26,2025-10-12,93,-14.88175,145.50227,6,2.56,1,Moderate (1-50%),0.3748,0.6171,0.0081,0.6252,0.37,0.0,299.53427
26,2025-10-12,94,-24.112192,152.71562,14,1.71,1,Moderate (1-50%),0.2501,0.7484,0.0015,0.7499,0.0,0.0,297.18573
26,2025-10-12,95,-19.449833,148.86703,3,2.89,0,None (0%),0.5627,0.4325,0.0048,0.4373,0.0,0.0,298.82
26,2025-10-12,96,-16.409634,145.74434,3,2.68,1,Moderate (1-50%),0.4326,0.5547,0.0128,0.5674,0.0,0.0,299.65997
26,2025-10-12,97,-12.67815,143.5829,2,0.93,1,Moderate (1-50%),0.4376,0.5537,0.0087,0.5624,0.67285717,0.0,299.88428
26,2025-10-12,98,-12.2257,143.2841,2,0.99,1,Moderate (1-50%),0.4654,0.5225,0.0122,0.5346,0.3857143,0.0,300.21713
26,2025-10-12,99,-11.782,142.95316,5,2.5,1,Moderate (1-50%),0.445,0.5283,0.0267,0.555,0.21857142,0.0,300.34146
26,2025-10-12,100,-11.7694,143.09245,2,2.0,0,None (0%),0.4919,0.4782,0.0299,0.5081,0.2242857,0.0,300.26
26,2025-10-12,101,-11.482866,143.01598,9,1.32,1,Moderate (1-50%),0.4779,0.509,0.0131,0.5221,0.20571429,0.0,300.23712
26,2025-10-12,102,-11.191144,142.98755,9,2.26,1,Moderate (1-50%),0.4791,0.5076,0.0133,0.5209,0.19857143,0.0,300.3086
26,2025-10-12,103,-14.610958,145.62405,19,1.56,1,Moderate (1-50%),0.3953,0.5984,0.0063,0.6047,0.44714287,0.0,299.83002
26,2025-10-12,104,-14.704066,145.44646,9,3.28,1,Moderate (1-50%),0.4053,0.5814,0.0133,0.5947,0.49285713,0.0,299.50858
26,2025-10-12,105,-23.32,151.98,2,0.75,1,Moderate (1-50%),0.2696,0.7292,0.0011,0.7304,0.0,0.0,296.92856
26,2025-10-12,106,-18.26362,147.38202,5,1.47,1,Moderate (1-50%),0.3868,0.6014,0.0118,0.6132,0.0,0.0,299.62997
26,2025-10-12,107,-14.0,146.0,2,3.87,1,Moderate (1-50%),0.4718,0.5235,0.0047,0.5282,0.93714285,0.0,300.03143
26,2025-10-12,108,-21.87,152.19,2,1.64,1,Moderate (1-50%),0.4885,0.51,0.0015,0.5115,0.0,0.0,297.72427
26,2025-10-12,109,-21.13605,150.77615,2,1.23,0,None (0%),0.5547,0.4438,0.0015,0.4453,0.0,0.0,297.84714
26,2025-10-12,110,-20.66895,150.2588,2,1.81,1,Moderate (1-50%),0.4022,0.5965,0.0013,0.5978,0.0,0.0,297.95285
26,2025-10-12,111,-20.08315,149.93718,4,1.56,1,Moderate (1-50%),0.3496,0.6481,0.0024,0.6504,0.0,0.0,298.08856
26,2025-10-12,112,-19.6179,149.67664,3,0.81,0,None (0%),0.6082,0.389,0.0028,0.3918,0.0,0.0,298.58002
26,2025-10-12,113,-18.791527,147.52235,34,1.86,0,None (0%),0.5962,0.3971,0.0067,0.4038,0.08571429,0.0,299.21573
26,2025-10-12,114,-18.53455,147.49355,4,2.22,0,None (0%),0.5059,0.489,0.0051,0.4941,0.10714286,0.0,299.43
26,2025-10-12,115,-18.1362,146.9716,2,1.3,1,Moderate (1-50%),0.4444,0.5481,0.0076,0.5556,0.19857143,0.0,299.56857
26,2025-10-12,116,-15.359506,145.7791,18,1.78,1,Moderate (1-50%),0.4925,0.4992,0.0082,0.5075,0.33857143,0.0,299.77853
26,2025-10-12,117,-14.925742,145.68793,38,1.39,1,Moderate (1-50%),0.4268,0.5681,0.0052,0.5732,0.37285715,0.0,299.77713
26,2025-10-12,118,-15.02785,145.56805,2,0.81,1,Moderate (1-50%),0.2888,0.7052,0.0059,0.7112,0.36285713,0.0,299.59857
26,2025-10-12,119,-12.767325,143.42282,4,0.89,0,None (0%),0.4962,0.494,0.0098,0.5038,0.42857143,0.0,300.1657
26,2025-10-12,120,-11.997334,143.27243,6,2.5,1,Moderate (1-50%),0.4002,0.581,0.0187,0.5998,0.26,0.0,300.20285
26,2025-10-12,121,-11.0088,142.98685,2,2.22,0,None (0%),0.501,0.4893,0.0097,0.499,0.19714285,0.0,300.31998
26,2025-10-12,122,-20.751085,149.4548,7,3.39,0,None (0%),0.5062,0.4923,0.0014,0.4938,0.0,0.0,298.00998
26,2025-10-12,123,-18.65635,147.71594,2,2.28,1,Moderate (1-50%),0.3562,0.6414,0.0025,0.6438,0.0,0.0,299.2657
26,2025-10-12,124,-12.470825,143.48958,4,1.65,1,Moderate (1-50%),0.4787,0.5093,0.0121,0.5213,0.6642857,0.0,299.9814
26,2025-10-12,125,-12.30835,143.37485,2,1.85,0,None (0%),0.5004,0.4872,0.0124,0.4996,0.4857143,0.0,300.0957
26,2025-10-12,126,-10.69155,142.73485,2,2.13,0,None (0%),0.5137,0.4733,0.0129,0.4863,0.32714286,0.0,300.40717
26,2025-10-12,127,-18.9561,146.9562,15,2.89,1,Moderate (1-50%),0.4838,0.5117,0.0045,0.5162,0.0,0.0,298.98712
26,2025-10-12,128,-13.844505,146.55128,41,3.35,1,Moderate (1-50%),0.3465,0.6453,0.0082,0.6535,1.57,0.0,300.13998
26,2025-10-12,129,-16.22582,146.00262,10,2.39,1,Moderate (1-50%),0.3782,0.6115,0.0103,0.6218,0.08571429,0.0,299.80142
26,2025-10-12,130,-15.51399,145.77756,20,1.25,1,Moderate (1-50%),0.4204,0.5728,0.0069,0.5796,0.21,0.0,299.71146
26,2025-10-12,131,-16.0,145.9667,2,2.92,1,Moderate (1-50%),0.4092,0.5802,0.0106,0.5908,0.08571429,0.0,299.78143
26,2025-10-12,132,-17.0,149.1,4,3.85,1,Moderate (1-50%),0.4366,0.5593,0.004,0.5634,0.0,0.0,299.40997
27,2025-10-19,0,-19.166714,146.84863,209,2.65,0,None (0%),0.6244,0.3653,0.0102,0.3756,0.0,0.0,300.10284
27,2025-10-19,1,-18.646925,146.54514,149,3.23,0,None (0%),0.539,0.4407,0.0203,0.461,0.0,0.0,299.83713
27,2025-10-19,2,-10.2196665,150.84866,3,2.66,1,Moderate (1-50%),0.1388,0.8069,0.0543,0.8612,4.2014284,0.0,301.5457
27,2025-10-19,3,-23.443886,151.92134,187,2.13,1,Moderate (1-50%),0.1924,0.8066,0.0011,0.8076,0.0,0.0,297.28998
27,2025-10-19,4,-18.75,146.25,2,3.83,0,None (0%),0.5247,0.4523,0.023,0.4753,0.0,0.0,300.69427
27,2025-10-19,5,-23.146168,150.95728,60,2.97,0,None (0%),0.7155,0.2829,0.0017,0.2845,0.0,0.0,297.67856
27,2025-10-19,6,-19.760475,149.15018,69,3.06,0,None (0%),0.499,0.4956,0.0054,0.501,0.0,0.0,298.99286
27,2025-10-19,7,-18.227266,146.74213,3,1.83,1,Moderate (1-50%),0.4901,0.5048,0.005,0.5099,0.0,0.0,299.7686
27,2025-10-19,8,-19.020872,146.6052,11,2.13,0,None (0%),0.67,0.3198,0.0102,0.33,0.0,0.0,300.03424
27,2025-10-19,9,-18.739391,147.2709,12,1.66,0,None (0%),0.5286,0.4658,0.0056,0.4714,0.0,0.0,299.70572
27,2025-10-19,10,-17.885866,146.59,3,2.0,1,Moderate (1-50%),0.3384,0.6578,0.0038,0.6616,0.0,0.0,299.7514
27,2025-10-19,11,-17.239176,146.34703,8,2.82,1,Moderate (1-50%),0.3212,0.6731,0.0057,0.6788,0.0,0.0,299.90854
27,2025-10-19,12,-20.237434,148.9795,103,1.46,1,Moderate (1-50%),0.3825,0.6124,0.005,0.6175,0.0,0.0,298.70285
27,2025-10-19,13,-20.3759,150.17145,8,0.38,1,Moderate (1-50%),0.401,0.5961,0.0028,0.599,0.0,0.0,298.48145
27,2025-10-19,14,-20.251957,148.81541,23,2.75,1,Moderate (1-50%),0.3426,0.6519,0.0055,0.6574,0.0,0.0,298.7657
27,2025-10-19,15,-20.090439,148.5869,23,2.12,1,Moderate (1-50%),0.3814,0.6147,0.0039,0.6186,0.0,0.0,299.13858
27,2025-10-19,16,-20.022484,148.28569,12,1.15,1,Moderate (1-50%),0.3286,0.6673,0.0041,0.6714,0.0,0.0,299.41998
27,2025-10-19,17,-19.86675,147.92262,4,0.95,1,Moderate (1-50%),0.3334,0.656,0.0105,0.6666,0.0,0.0,299.59857
27,2025-10-19,18,-23.992844,151.69751,7,3.03,1,Moderate (1-50%),0.4691,0.5283,0.0026,0.5309,0.0,0.0,297.42856
27,2025-10-19,19,-23.520433,151.2612,3,1.5,0,None (0%),0.5101,0.4883,0.0015,0.4899,0.0,0.0,297.5014
27,2025-10-19,20,-23.408117,151.1666,6,2.06,0,None (0%),0.4992,0.4974,0.0034,0.5008,0.0,0.0,297.64716
27,2025-10-19,21,-23.326,150.92995,2,0.52,1,Moderate (1-50%),0.2593,0.7357,0.005,0.7407,0.0,0.0,298.28998
27,2025-10-19,22,-21.991533,152.46994,3,1.91,1,Moderate (1-50%),0.3982,0.6014,0.0004,0.6018,0.0,0.0,297.85568
27,2025-10-19,23,-20.911617,149.42245,11,1.51,0,None (0%),0.5748,0.4235,0.0017,0.4252,0.0,0.0,298.56
27,2025-10-19,24,-20.758585,150.43915,7,2.34,0,None (0%),0.5081,0.4904,0.0015,0.4919,0.0,0.0,298.43573
27,2025-10-19,25,-19.7155,147.77403,7,1.06,1,Moderate (1-50%),0.4733,0.514,0.0127,0.5267,0.0,0.0,299.55426
27,2025-10-19,26,-19.34095,148.0835,2,1.99,0,None (0%),0.5551,0.4396,0.0053,0.4449,0.0,0.0,299.33286
27,2025-10-19,27,-19.32325,148.4333,2,0.89,0,None (0%),0.5493,0.4441,0.0066,0.4507,0.0,0.0,299.30002
27,2025-10-19,28,-19.311234,148.34396,3,2.51,0,None (0%),0.5421,0.4512,0.0068,0.4579,0.0,0.0,299.30002
27,2025-10-19,29,-19.2076,148.8596,2,2.52,0,None (0%),0.5902,0.4067,0.0031,0.4098,0.0,0.0,299.52286
27,2025-10-19,30,-19.11165,148.33365,6,1.74,0,None (0%),0.6411,0.3539,0.005,0.3589,0.0,0.0,299.49423
27,2025-10-19,31,-18.9913,148.06412,6,2.14,1,Moderate (1-50%),0.3455,0.6497,0.0048,0.6545,0.0,0.0,299.54712
27,2025-10-19,32,-18.847086,147.91052,7,2.89,1,Moderate (1-50%),0.3147,0.6828,0.0025,0.6853,0.0,0.0,299.55856
27,2025-10-19,33,-18.1497,146.28976,3,3.16,0,None (0%),0.6342,0.3558,0.0101,0.3658,0.0,0.0,299.88858
27,2025-10-19,34,-17.6551,146.49199,6,2.85,1,Moderate (1-50%),0.3091,0.6863,0.0046,0.6909,0.0,0.0,299.78
27,2025-10-19,35,-17.34235,146.52235,4,1.95,1,Moderate (1-50%),0.2591,0.7373,0.0037,0.7409,0.0,0.0,299.9114
27,2025-10-19,36,-16.871353,146.21158,88,1.49,1,Moderate (1-50%),0.2848,0.7087,0.0065,0.7152,0.0,0.0,300.03857
27,2025-10-19,37,-16.935507,145.98845,13,1.85,1,Moderate (1-50%),0.434,0.5532,0.0128,0.566,0.0,0.0,299.96713
27,2025-10-19,38,-16.52347,145.99037,108,1.65,1,Moderate (1-50%),0.2755,0.7198,0.0047,0.7245,0.0,0.0,300.0314
27,2025-10-19,39,-16.12418,145.83456,243,1.03,1,Moderate (1-50%),0.2736,0.7156,0.0108,0.7264,0.0,0.0,300.09857
27,2025-10-19,40,-15.77885,145.58086,2,0.76,0,None (0%),0.5432,0.4411,0.0158,0.4568,0.0,0.0,300.0
27,2025-10-19,41,-15.499777,145.51018,13,3.18,1,Moderate (1-50%),0.3512,0.6316,0.0172,0.6488,0.0,0.0,300.02713
27,2025-10-19,42,-14.85125,145.27235,2,2.66,1,Moderate (1-50%),0.3293,0.6448,0.0259,0.6707,0.0,0.0,300.08572
27,2025-10-19,43,-14.728744,145.10814,16,1.86,1,Moderate (1-50%),0.2378,0.7436,0.0186,0.7622,0.0,0.0,300.1314
27,2025-10-19,44,-14.4546,144.90607,7,3.05,1,Moderate (1-50%),0.2898,0.687,0.0231,0.7102,0.0,0.0,300.17285
27,2025-10-19,45,-14.1632,144.26332,5,1.82,1,Moderate (1-50%),0.28,0.6739,0.0461,0.72,0.0,0.0,300.31427
27,2025-10-19,46,-14.13435,144.5049,2,2.4,1,Moderate (1-50%),0.2881,0.6997,0.0122,0.7119,0.0,0.0,300.21567
27,2025-10-19,47,-14.07125,143.8833,2,0.99,1,Moderate (1-50%),0.4373,0.5438,0.0189,0.5627,0.0,0.0,300.47284
27,2025-10-19,48,-13.922125,143.78668,4,1.3,1,Moderate (1-50%),0.4093,0.5755,0.0151,0.5907,0.0,0.0,300.61285
27,2025-10-19,49,-23.6966,152.1829,2,2.53,1,Moderate (1-50%),0.268,0.731,0.001,0.732,0.0,0.0,297.31857
27,2025-10-19,50,-17.776623,146.45274,9,2.36,1,Moderate (1-50%),0.3211,0.6745,0.0044,0.6789,0.0,0.0,299.7514
27,2025-10-19,51,-16.284166,145.4936,3,2.23,1,Moderate (1-50%),0.2356,0.7362,0.0282,0.7644,0.0,0.0,300.20145
27,2025-10-19,52,-15.71492,145.45647,5,2.28,1,Moderate (1-50%),0.4749,0.5017,0.0234,0.5251,0.0,0.0,300.01425
27,2025-10-19,53,-22.2081,150.33665,2,2.23,1,Moderate (1-50%),0.3804,0.6173,0.0023,0.6196,0.0,0.0,297.91855
27,2025-10-19,54,-22.024067,150.66617,3,0.92,1,Moderate (1-50%),0.2902,0.709,0.0008,0.7098,0.0,0.0,297.96857
27,2025-10-19,55,-22.018534,150.34753,3,2.43,1,Moderate (1-50%),0.3345,0.6643,0.0012,0.6655,0.0,0.0,297.85287
27,2025-10-19,56,-21.95394,150.1631,5,2.64,1,Moderate (1-50%),0.3209,0.6778,0.0013,0.6792,0.0,0.0,297.98145
27,2025-10-19,57,-21.6832,150.28384,4,1.29,1,Moderate (1-50%),0.3812,0.6175,0.0013,0.6188,0.0,0.0,298.04144
27,2025-10-19,58,-21.455212,149.86604,8,2.39,1,Moderate (1-50%),0.4867,0.5119,0.0013,0.5133,0.0,0.0,298.3657
27,2025-10-19,59,-18.062532,146.56087,3,2.04,1,Moderate (1-50%),0.4821,0.512,0.0059,0.5179,0.0,0.0,299.76425
27,2025-10-19,60,-23.958666,151.47777,3,1.84,1,Moderate (1-50%),0.4986,0.4987,0.0027,0.5014,0.0,0.0,297.85428
27,2025-10-19,61,-23.767967,151.33594,3,1.36,1,Moderate (1-50%),0.3311,0.6638,0.0052,0.6689,0.0,0.0,297.81003
27,2025-10-19,62,-23.5347,151.73087,3,1.23,1,Moderate (1-50%),0.2635,0.735,0.0015,0.7365,0.0,0.0,297.23712
27,2025-10-19,63,-19.2064,147.0493,3,3.28,0,None (0%),0.5858,0.3995,0.0148,0.4142,0.0,0.0,299.8914
27,2025-10-19,64,-18.0518,146.78749,12,2.9,1,Moderate (1-50%),0.3644,0.632,0.0035,0.6356,0.0,0.0,299.78714
27,2025-10-19,65,-18.008833,146.16989,9,1.88,0,None (0%),0.6652,0.3204,0.0144,0.3348,0.0,0.0,300.0257
27,2025-10-19,66,-17.721071,146.1557,7,2.09,0,None (0%),0.535,0.4454,0.0195,0.465,0.0,0.0,300.01144
27,2025-10-19,67,-17.467283,146.3924,6,2.04,1,Moderate (1-50%),0.327,0.6659,0.007,0.673,0.0,0.0,299.82428
27,2025-10-19,68,-17.20583,146.07251,10,2.15,1,Moderate (1-50%),0.4829,0.502,0.015,0.5171,0.0,0.0,299.96573
27,2025-10-19,69,-16.545633,145.52946,3,2.34,1,Moderate (1-50%),0.3197,0.6487,0.0316,0.6803,0.0,0.0,300.18
27,2025-10-19,70,-16.379562,145.56004,47,1.67,1,Moderate (1-50%),0.2532,0.7261,0.0207,0.7468,0.0,0.0,300.09857
27,2025-10-19,71,-15.9993,145.4327,3,2.82,1,Moderate (1-50%),0.4346,0.5321,0.0332,0.5654,0.0,0.0,300.01715
27,2025-10-19,72,-15.156473,145.46036,11,2.59,1,Moderate (1-50%),0.3686,0.6176,0.0138,0.6314,0.0,0.0,300.02713
27,2025-10-19,73,-11.8956,143.1068,2,3.03,1,Moderate (1-50%),0.3882,0.5823,0.0294,0.6118,0.0,0.0,300.60858
27,2025-10-19,74,-10.14675,151.16306,2,3.4,1,Moderate (1-50%),0.0645,0.8641,0.0714,0.9355,4.51,0.0,301.72144
27,2025-10-19,75,-18.4208,147.34987,3,2.66,1,Moderate (1-50%),0.3246,0.6712,0.0042,0.6754,0.0,0.0,299.86996
27,2025-10-19,76,-19.54529,149.26216,28,2.63,1,Moderate (1-50%),0.3949,0.6023,0.0028,0.6051,0.0,0.0,299.22568
27,2025-10-19,77,-18.665953,147.07942,15,1.11,0,None (0%),0.5035,0.4884,0.0081,0.4965,0.0,0.0,299.63858
27,2025-10-19,78,-18.441046,146.99043,15,2.42,0,None (0%),0.5744,0.4193,0.0063,0.4256,0.0,0.0,299.72998
27,2025-10-19,79,-22.0,152.67,2,2.83,1,Moderate (1-50%),0.3798,0.6198,0.0004,0.6202,0.0,0.0,297.60428
27,2025-10-19,80,-18.402128,146.79951,11,3.63,0,None (0%),0.5128,0.4801,0.007,0.4872,0.0,0.0,299.69855
27,2025-10-19,81,-18.52425,147.1444,2,2.05,1,Moderate (1-50%),0.372,0.6217,0.0064,0.628,0.0,0.0,299.70856
27,2025-10-19,82,-21.3925,152.50706,5,2.69,0,None (0%),0.6501,0.348,0.002,0.3499,0.0,0.0,298.77426
27,2025-10-19,83,-21.121021,152.48535,9,1.16,0,None (0%),0.5967,0.4012,0.0021,0.4033,0.0,0.0,298.87997
27,2025-10-19,84,-21.106472,152.2254,11,2.06,0,None (0%),0.6216,0.3738,0.0046,0.3784,0.0,0.0,298.8986
27,2025-10-19,85,-20.96795,149.75764,2,1.96,0,None (0%),0.5928,0.4054,0.0018,0.4072,0.0,0.0,298.57712
27,2025-10-19,86,-20.928566,150.04893,3,2.52,0,None (0%),0.5249,0.472,0.0032,0.4751,0.0,0.0,298.57715
27,2025-10-19,87,-19.68672,149.93729,5,1.83,1,Moderate (1-50%),0.4799,0.5172,0.0028,0.5201,0.0,0.0,299.16998
27,2025-10-19,88,-19.501034,148.7524,3,3.57,0,None (0%),0.5251,0.4696,0.0053,0.4749,0.0,0.0,299.1914
27,2025-10-19,89,-19.3041,148.6315,4,2.42,0,None (0%),0.5464,0.449,0.0046,0.4536,0.0,0.0,299.35715
27,2025-10-19,90,-19.20995,148.542,2,2.45,0,None (0%),0.6059,0.389,0.0052,0.3941,0.0,0.0,299.41855
27,2025-10-19,91,-18.82149,147.65489,18,2.15,0,None (0%),0.5063,0.4914,0.0023,0.4937,0.0,0.0,299.53998
27,2025-10-19,92,-17.5251,146.52454,3,0.05,1,Moderate (1-50%),0.3224,0.6735,0.0041,0.6776,0.0,0.0,299.83002
27,2025-10-19,93,-14.88175,145.50227,6,2.56,1,Moderate (1-50%),0.2782,0.7162,0.0056,0.7218,0.0,0.0,300.1057
27,2025-10-19,94,-24.112192,152.71562,14,1.71,1,Moderate (1-50%),0.2558,0.7435,0.0007,0.7442,0.0,0.0,297.32568
27,2025-10-19,95,-19.449833,148.86703,3,2.89,0,None (0%),0.5146,0.4825,0.0029,0.4854,0.0,0.0,299.30142
27,2025-10-19,96,-16.409634,145.74434,3,2.68,1,Moderate (1-50%),0.2285,0.7513,0.0201,0.7715,0.0,0.0,300.0529
27,2025-10-19,97,-12.67815,143.5829,2,0.93,1,Moderate (1-50%),0.3618,0.6257,0.0125,0.6382,0.0,0.0,300.3029
27,2025-10-19,98,-12.2257,143.2841,2,0.99,1,Moderate (1-50%),0.3979,0.5771,0.025,0.6021,0.0,0.0,300.57715
27,2025-10-19,99,-11.782,142.95316,5,2.5,1,Moderate (1-50%),0.3454,0.6275,0.0271,0.6546,0.0,0.0,300.66284
27,2025-10-19,100,-11.7694,143.09245,2,2.0,1,Moderate (1-50%),0.3644,0.6122,0.0234,0.6356,0.0,0.0,300.57285
27,2025-10-19,101,-11.482866,143.01598,9,1.32,1,Moderate (1-50%),0.3728,0.6033,0.0239,0.6272,0.0,0.0,300.50287
27,2025-10-19,102,-11.191144,142.98755,9,2.26,1,Moderate (1-50%),0.3511,0.6245,0.0244,0.6489,0.0,0.0,300.58856
27,2025-10-19,103,-14.610958,145.62405,19,1.56,1,Moderate (1-50%),0.2459,0.7486,0.0055,0.7541,0.0,0.0,300.22855
27,2025-10-19,104,-14.704066,145.44646,9,3.28,1,Moderate (1-50%),0.3601,0.6305,0.0095,0.6399,0.0,0.0,300.10858
27,2025-10-19,105,-23.32,151.98,2,0.75,1,Moderate (1-50%),0.216,0.7828,0.0012,0.784,0.0,0.0,297.29572
27,2025-10-19,106,-18.26362,147.38202,5,1.47,1,Moderate (1-50%),0.293,0.7012,0.0058,0.707,0.0,0.0,299.93286
27,2025-10-19,107,-14.0,146.0,2,3.87,1,Moderate (1-50%),0.3535,0.639,0.0076,0.6465,0.02,0.0,300.35
27,2025-10-19,108,-21.87,152.19,2,1.64,0,None (0%),0.5175,0.4808,0.0018,0.4825,0.0,0.0,298.36285
27,2025-10-19,109,-21.13605,150.77615,2,1.23,1,Moderate (1-50%),0.4365,0.5627,0.0009,0.5635,0.0,0.0,298.34714
27,2025-10-19,110,-20.66895,150.2588,2,1.81,1,Moderate (1-50%),0.4298,0.5693,0.0008,0.5702,0.0,0.0,298.41714
27,2025-10-19,111,-20.08315,149.93718,4,1.56,1,Moderate (1-50%),0.3535,0.6446,0.002,0.6465,0.0,0.0,298.5557
27,2025-10-19,112,-19.6179,149.67664,3,0.81,1,Moderate (1-50%),0.4552,0.5418,0.003,0.5448,0.0,0.0,299.18143
27,2025-10-19,113,-18.791527,147.52235,34,1.86,0,None (0%),0.5734,0.422,0.0047,0.4266,0.0,0.0,299.63284
27,2025-10-19,114,-18.53455,147.49355,4,2.22,1,Moderate (1-50%),0.3724,0.6228,0.0049,0.6276,0.0,0.0,299.7729
27,2025-10-19,115,-18.1362,146.9716,2,1.3,1,Moderate (1-50%),0.276,0.7213,0.0027,0.724,0.0,0.0,299.89142
27,2025-10-19,116,-15.359506,145.7791,18,1.78,1,Moderate (1-50%),0.341,0.6512,0.0078,0.659,0.0,0.0,300.18854
27,2025-10-19,117,-14.925742,145.68793,38,1.39,1,Moderate (1-50%),0.2948,0.6992,0.006,0.7052,0.0,0.0,300.18143
27,2025-10-19,118,-15.02785,145.56805,2,0.81,1,Moderate (1-50%),0.3331,0.6616,0.0053,0.6669,0.0,0.0,300.09717
27,2025-10-19,119,-12.767325,143.42282,4,0.89,1,Moderate (1-50%),0.4213,0.5463,0.0324,0.5787,0.0,0.0,300.6157
27,2025-10-19,120,-11.997334,143.27243,6,2.5,1,Moderate (1-50%),0.3559,0.6205,0.0236,0.6441,0.0,0.0,300.51855
27,2025-10-19,121,-11.0088,142.98685,2,2.22,1,Moderate (1-50%),0.4035,0.5828,0.0137,0.5965,0.0,0.0,300.60855
27,2025-10-19,122,-20.751085,149.4548,7,3.39,1,Moderate (1-50%),0.4065,0.5925,0.001,0.5935,0.0,0.0,298.60858
27,2025-10-19,123,-18.65635,147.71594,2,2.28,1,Moderate (1-50%),0.4332,0.5649,0.0019,0.5668,0.0,0.0,299.62717
27,2025-10-19,124,-12.470825,143.48958,4,1.65,1,Moderate (1-50%),0.4156,0.5669,0.0175,0.5844,0.0,0.0,300.3814
27,2025-10-19,125,-12.30835,143.37485,2,1.85,1,Moderate (1-50%),0.4202,0.5513,0.0285,0.5798,0.0,0.0,300.47998
27,2025-10-19,126,-10.69155,142.73485,2,2.13,1,Moderate (1-50%),0.3864,0.5976,0.0161,0.6136,0.0,0.0,300.76425
27,2025-10-19,127,-18.9561,146.9562,15,2.89,0,None (0%),0.4992,0.4887,0.0121,0.5008,0.0,0.0,299.62283
27,2025-10-19,128,-13.844505,146.55128,41,3.35,1,Moderate (1-50%),0.3627,0.623,0.0143,0.6373,0.28428572,0.0,300.36285
27,2025-10-19,129,-16.22582,146.00262,10,2.39,1,Moderate (1-50%),0.263,0.7268,0.0102,0.737,0.0,0.0,300.2243
27,2025-10-19,130,-15.51399,145.77756,20,1.25,1,Moderate (1-50%),0.2931,0.6985,0.0085,0.7069,0.0,0.0,300.16855
27,2025-10-19,131,-16.0,145.9667,2,2.92,1,Moderate (1-50%),0.2845,0.7051,0.0104,0.7155,0.0,0.0,300.2571
27,2025-10-19,132,-17.0,149.1,4,3.85,1,Moderate (1-50%),0.4289,0.5671,0.0039,0.5711,0.0,0.0,299.63284
28,2025-10-26,0,-19.166714,146.84863,209,2.65,1,Moderate (1-50%),0.2415,0.7414,0.0172,0.7585,0.0,0.0,300.78714
28,2025-10-26,1,-18.646925,146.54514,149,3.23,1,Moderate (1-50%),0.4116,0.5737,0.0148,0.5884,0.0,0.0,300.29855
28,2025-10-26,2,-10.2196665,150.84866,3,2.66,1,Moderate (1-50%),0.1569,0.7824,0.0606,0.8431,2.9157143,0.0,301.45572
28,2025-10-26,3,-23.443886,151.92134,187,2.13,1,Moderate (1-50%),0.182,0.8173,0.0007,0.818,0.0,0.0,297.69
28,2025-10-26,4,-18.75,146.25,2,3.83,1,Moderate (1-50%),0.1921,0.7505,0.0574,0.8079,0.0,0.0,301.07858
28,2025-10-26,5,-23.146168,150.95728,60,2.97,0,None (0%),0.6202,0.3777,0.0021,0.3798,0.0,0.0,298.20856
28,2025-10-26,6,-19.760475,149.15018,69,3.06,1,Moderate (1-50%),0.3509,0.6468,0.0023,0.6491,0.0,0.0,299.4357
28,2025-10-26,7,-18.227266,146.74213,3,1.83,1,Moderate (1-50%),0.4365,0.5602,0.0033,0.5635,0.0,0.0,300.19858
28,2025-10-26,8,-19.020872,146.6052,11,2.13,1,Moderate (1-50%),0.4902,0.5002,0.0096,0.5098,0.0,0.0,300.76712
28,2025-10-26,9,-18.739391,147.2709,12,1.66,1,Moderate (1-50%),0.4543,0.5428,0.0029,0.5457,0.0,0.0,300.12143
28,2025-10-26,10,-17.885866,146.59,3,2.0,1,Moderate (1-50%),0.3736,0.6235,0.0029,0.6264,0.0,0.0,300.2143
28,2025-10-26,11,-17.239176,146.34703,8,2.82,1,Moderate (1-50%),0.4272,0.5669,0.0059,0.5728,0.0,0.0,300.3143
28,2025-10-26,12,-20.237434,148.9795,103,1.46,1,Moderate (1-50%),0.3402,0.6568,0.003,0.6598,0.0,0.0,299.04288
28,2025-10-26,13,-20.3759,150.17145,8,0.38,1,Moderate (1-50%),0.3139,0.6839,0.0022,0.6861,0.0,0.0,298.9014
28,2025-10-26,14,-20.251957,148.81541,23,2.75,1,Moderate (1-50%),0.2932,0.7038,0.0029,0.7068,0.0,0.0,299.1457
28,2025-10-26,15,-20.090439,148.5869,23,2.12,1,Moderate (1-50%),0.3149,0.6823,0.0029,0.6851,0.0,0.0,299.45142
28,2025-10-26,16,-20.022484,148.28569,12,1.15,1,Moderate (1-50%),0.2784,0.7173,0.0043,0.7216,0.0,0.0,299.79282
28,2025-10-26,17,-19.86675,147.92262,4,0.95,1,Moderate (1-50%),0.3902,0.606,0.0039,0.6098,0.0,0.0,299.95856
28,2025-10-26,18,-23.992844,151.69751,7,3.03,1,Moderate (1-50%),0.3438,0.6531,0.0031,0.6562,0.0,0.0,298.21713
28,2025-10-26,19,-23.520433,151.2612,3,1.5,0,None (0%),0.51,0.4872,0.0028,0.49,0.0,0.0,298.26285
28,2025-10-26,20,-23.408117,151.1666,6,2.06,1,Moderate (1-50%),0.2706,0.7246,0.0048,0.7294,0.0,0.0,298.39285
28,2025-10-26,21,-23.326,150.92995,2,0.52,1,Moderate (1-50%),0.3015,0.6893,0.0092,0.6986,0.0,0.0,298.95145
28,2025-10-26,22,-21.991533,152.46994,3,1.91,1,Moderate (1-50%),0.3719,0.6274,0.0007,0.6281,0.0,0.0,298.2857
28,2025-10-26,23,-20.911617,149.42245,11,1.51,1,Moderate (1-50%),0.4396,0.5595,0.0009,0.5604,0.0,0.0,298.9957
28,2025-10-26,24,-20.758585,150.43915,7,2.34,1,Moderate (1-50%),0.3816,0.6167,0.0017,0.6184,0.0,0.0,298.83
28,2025-10-26,25,-19.7155,147.77403,7,1.06,1,Moderate (1-50%),0.4155,0.5797,0.0047,0.5845,0.0,0.0,299.90427
28,2025-10-26,26,-19.34095,148.0835,2,1.99,0,None (0%),0.5613,0.436,0.0027,0.4387,0.0,0.0,299.72574
28,2025-10-26,27,-19.32325,148.4333,2,0.89,0,None (0%),0.5281,0.4687,0.0032,0.4719,0.0,0.0,299.67572
28,2025-10-26,28,-19.311234,148.34396,3,2.51,0,None (0%),0.5694,0.4258,0.0049,0.4306,0.0,0.0,299.67715
28,2025-10-26,29,-19.2076,148.8596,2,2.52,1,Moderate (1-50%),0.3925,0.6035,0.004,0.6075,0.0,0.0,299.84857
28,2025-10-26,30,-19.11165,148.33365,6,1.74,1,Moderate (1-50%),0.4493,0.5482,0.0025,0.5507,0.0,0.0,299.78427
28,2025-10-26,31,-18.9913,148.06412,6,2.14,1,Moderate (1-50%),0.3452,0.6524,0.0024,0.6548,0.0,0.0,299.8357
28,2025-10-26,32,-18.847086,147.91052,7,2.89,1,Moderate (1-50%),0.3999,0.5967,0.0034,0.6001,0.0,0.0,299.88858
28,2025-10-26,33,-18.1497,146.28976,3,3.16,1,Moderate (1-50%),0.2413,0.7522,0.0064,0.7587,0.0,0.0,300.49857
28,2025-10-26,34,-17.6551,146.49199,6,2.85,1,Moderate (1-50%),0.4256,0.571,0.0034,0.5744,0.0,0.0,300.27426
28,2025-10-26,35,-17.34235,146.52235,4,1.95,1,Moderate (1-50%),0.4018,0.5925,0.0057,0.5982,0.0,0.0,300.29572
28,2025-10-26,36,-16.871353,146.21158,88,1.49,1,Moderate (1-50%),0.3287,0.6658,0.0055,0.6713,0.0,0.0,300.36002
28,2025-10-26,37,-16.935507,145.98845,13,1.85,1,Moderate (1-50%),0.18,0.8146,0.0054,0.82,0.0,0.0,300.46283
28,2025-10-26,38,-16.52347,145.99037,108,1.65,1,Moderate (1-50%),0.3848,0.6101,0.005,0.6152,0.0,0.0,300.3643
28,2025-10-26,39,-16.12418,145.83456,243,1.03,1,Moderate (1-50%),0.3722,0.6228,0.005,0.6278,0.0,0.0,300.36713
28,2025-10-26,40,-15.77885,145.58086,2,0.76,1,Moderate (1-50%),0.3057,0.6832,0.011,0.6943,0.0,0.0,300.34714
28,2025-10-26,41,-15.499777,145.51018,13,3.18,1,Moderate (1-50%),0.3031,0.6902,0.0067,0.6969,0.0,0.0,300.27142
28,2025-10-26,42,-14.85125,145.27235,2,2.66,1,Moderate (1-50%),0.2761,0.713,0.0109,0.7239,0.0,0.0,300.26285
28,2025-10-26,43,-14.728744,145.10814,16,1.86,1,Moderate (1-50%),0.3557,0.6313,0.013,0.6443,0.0,0.0,300.27286
28,2025-10-26,44,-14.4546,144.90607,7,3.05,1,Moderate (1-50%),0.3475,0.6453,0.0072,0.6525,0.0,0.0,300.22714
28,2025-10-26,45,-14.1632,144.26332,5,1.82,0,None (0%),0.5249,0.4632,0.0119,0.4751,0.0,0.0,300.36996
28,2025-10-26,46,-14.13435,144.5049,2,2.4,1,Moderate (1-50%),0.3484,0.6437,0.0079,0.6516,0.0,0.0,300.32144
28,2025-10-26,47,-14.07125,143.8833,2,0.99,0,None (0%),0.5806,0.412,0.0074,0.4194,0.0,0.0,300.4943
28,2025-10-26,48,-13.922125,143.78668,4,1.3,1,Moderate (1-50%),0.4798,0.5106,0.0096,0.5202,0.0,0.0,300.5257
28,2025-10-26,49,-23.6966,152.1829,2,2.53,1,Moderate (1-50%),0.1861,0.8135,0.0004,0.8139,0.0,0.0,297.72858
28,2025-10-26,50,-17.776623,146.45274,9,2.36,1,Moderate (1-50%),0.3993,0.5978,0.0029,0.6007,0.0,0.0,300.26285
28,2025-10-26,51,-16.284166,145.4936,3,2.23,1,Moderate (1-50%),0.2864,0.7027,0.0109,0.7136,0.0,0.0,300.61572
28,2025-10-26,52,-15.71492,145.45647,5,2.28,1,Moderate (1-50%),0.2125,0.7721,0.0154,0.7875,0.0,0.0,300.3457
28,2025-10-26,53,-22.2081,150.33665,2,2.23,1,Moderate (1-50%),0.239,0.7603,0.0007,0.761,0.0,0.0,298.5529
28,2025-10-26,54,-22.024067,150.66617,3,0.92,1,Moderate (1-50%),0.2611,0.7378,0.0011,0.7389,0.0,0.0,298.45712
28,2025-10-26,55,-22.018534,150.34753,3,2.43,1,Moderate (1-50%),0.2556,0.7434,0.001,0.7444,0.0,0.0,298.49286
28,2025-10-26,56,-21.95394,150.1631,5,2.64,1,Moderate (1-50%),0.2514,0.7479,0.0008,0.7486,0.0,0.0,298.62283
28,2025-10-26,57,-21.6832,150.28384,4,1.29,1,Moderate (1-50%),0.4138,0.5845,0.0016,0.5862,0.0,0.0,298.53854
28,2025-10-26,58,-21.455212,149.86604,8,2.39,1,Moderate (1-50%),0.3825,0.6165,0.001,0.6175,0.0,0.0,298.94855
28,2025-10-26,59,-18.062532,146.56087,3,2.04,1,Moderate (1-50%),0.3788,0.618,0.0032,0.6212,0.0,0.0,300.2357
28,2025-10-26,60,-23.958666,151.47777,3,1.84,1,Moderate (1-50%),0.3068,0.6755,0.0176,0.6932,0.0,0.0,298.6914
28,2025-10-26,61,-23.767967,151.33594,3,1.36,1,Moderate (1-50%),0.4184,0.5781,0.0035,0.5816,0.0,0.0,298.53427
28,2025-10-26,62,-23.5347,151.73087,3,1.23,1,Moderate (1-50%),0.2237,0.7754,0.0009,0.7763,0.0,0.0,297.82144
28,2025-10-26,63,-19.2064,147.0493,3,3.28,1,Moderate (1-50%),0.4138,0.5792,0.0071,0.5862,0.0,0.0,300.4443
28,2025-10-26,64,-18.0518,146.78749,12,2.9,1,Moderate (1-50%),0.4632,0.5332,0.0036,0.5368,0.0,0.0,300.17996
28,2025-10-26,65,-18.008833,146.16989,9,1.88,1,Moderate (1-50%),0.2302,0.7613,0.0085,0.7698,0.0,0.0,300.54858
28,2025-10-26,66,-17.721071,146.1557,7,2.09,1,Moderate (1-50%),0.1669,0.8253,0.0078,0.8331,0.0,0.0,300.53287
28,2025-10-26,67,-17.467283,146.3924,6,2.04,1,Moderate (1-50%),0.416,0.5807,0.0033,0.584,0.0,0.0,300.32004
28,2025-10-26,68,-17.20583,146.07251,10,2.15,1,Moderate (1-50%),0.2243,0.7685,0.0072,0.7757,0.0,0.0,300.45718
28,2025-10-26,69,-16.545633,145.52946,3,2.34,1,Moderate (1-50%),0.4742,0.5153,0.0105,0.5258,0.0,0.0,300.82712
28,2025-10-26,70,-16.379562,145.56004,47,1.67,1,Moderate (1-50%),0.336,0.6552,0.0088,0.664,0.0,0.0,300.56427
28,2025-10-26,71,-15.9993,145.4327,3,2.82,1,Moderate (1-50%),0.2554,0.732,0.0126,0.7446,0.0,0.0,300.42572
28,2025-10-26,72,-15.156473,145.46036,11,2.59,1,Moderate (1-50%),0.3923,0.6012,0.0065,0.6077,0.0,0.0,300.24713
28,2025-10-26,73,-11.8956,143.1068,2,3.03,1,Moderate (1-50%),0.4763,0.5154,0.0083,0.5237,0.0,0.0,300.66714
28,2025-10-26,74,-10.14675,151.16306,2,3.4,1,Moderate (1-50%),0.0699,0.8313,0.0988,0.9301,3.107143,0.0,301.57858
28,2025-10-26,75,-18.4208,147.34987,3,2.66,1,Moderate (1-50%),0.3136,0.6819,0.0045,0.6864,0.0,0.0,300.36713
28,2025-10-26,76,-19.54529,149.26216,28,2.63,0,None (0%),0.5838,0.4136,0.0026,0.4162,0.0,0.0,299.47998
28,2025-10-26,77,-18.665953,147.07942,15,1.11,1,Moderate (1-50%),0.372,0.6244,0.0036,0.628,0.0,0.0,300.11572
28,2025-10-26,78,-18.441046,146.99043,15,2.42,1,Moderate (1-50%),0.3678,0.6297,0.0025,0.6322,0.0,0.0,300.1543
28,2025-10-26,79,-22.0,152.67,2,2.83,1,Moderate (1-50%),0.3044,0.6951,0.0005,0.6956,0.0,0.0,298.04144
28,2025-10-26,80,-18.402128,146.79951,11,3.63,1,Moderate (1-50%),0.3758,0.6212,0.003,0.6242,0.0,0.0,300.20856
28,2025-10-26,81,-18.52425,147.1444,2,2.05,1,Moderate (1-50%),0.4014,0.5959,0.0027,0.5986,0.0,0.0,300.13428
28,2025-10-26,82,-21.3925,152.50706,5,2.69,0,None (0%),0.5535,0.4437,0.0029,0.4465,0.0,0.0,298.95285
28,2025-10-26,83,-21.121021,152.48535,9,1.16,0,None (0%),0.5594,0.4373,0.0033,0.4406,0.0,0.0,299.2571
28,2025-10-26,84,-21.106472,152.2254,11,2.06,0,None (0%),0.5867,0.41,0.0033,0.4133,0.0,0.0,299.29144
28,2025-10-26,85,-20.96795,149.75764,2,1.96,0,None (0%),0.5789,0.42,0.0012,0.4211,0.0,0.0,298.97855
28,2025-10-26,86,-20.928566,150.04893,3,2.52,0,None (0%),0.5763,0.4213,0.0024,0.4237,0.0,0.0,299.03143
28,2025-10-26,87,-19.68672,149.93729,5,1.83,1,Moderate (1-50%),0.454,0.5431,0.003,0.546,0.0,0.0,299.43
28,2025-10-26,88,-19.501034,148.7524,3,3.57,1,Moderate (1-50%),0.4563,0.5406,0.0031,0.5437,0.0,0.0,299.5857
28,2025-10-26,89,-19.3041,148.6315,4,2.42,1,Moderate (1-50%),0.4756,0.5206,0.0038,0.5244,0.0,0.0,299.67285
28,2025-10-26,90,-19.20995,148.542,2,2.45,1,Moderate (1-50%),0.4612,0.5355,0.0033,0.5388,0.0,0.0,299.7143
28,2025-10-26,91,-18.82149,147.65489,18,2.15,1,Moderate (1-50%),0.4187,0.5786,0.0027,0.5813,0.0,0.0,299.97998
28,2025-10-26,92,-17.5251,146.52454,3,0.05,1,Moderate (1-50%),0.4046,0.5911,0.0043,0.5954,0.0,0.0,300.27856
28,2025-10-26,93,-14.88175,145.50227,6,2.56,1,Moderate (1-50%),0.2906,0.705,0.0044,0.7094,0.0,0.0,300.28714
28,2025-10-26,94,-24.112192,152.71562,14,1.71,1,Moderate (1-50%),0.3475,0.6517,0.0008,0.6525,0.0,0.0,297.78427
28,2025-10-26,95,-19.449833,148.86703,3,2.89,1,Moderate (1-50%),0.4603,0.5371,0.0026,0.5397,0.0,0.0,299.63715
28,2025-10-26,96,-16.409634,145.74434,3,2.68,1,Moderate (1-50%),0.3777,0.6141,0.0082,0.6223,0.0,0.0,300.63715
28,2025-10-26,97,-12.67815,143.5829,2,0.93,1,Moderate (1-50%),0.4129,0.5762,0.0109,0.5871,0.0,0.0,300.41287
28,2025-10-26,98,-12.2257,143.2841,2,0.99,1,Moderate (1-50%),0.4407,0.5469,0.0124,0.5593,0.0,0.0,300.60715
28,2025-10-26,99,-11.782,142.95316,5,2.5,0,None (0%),0.507,0.4764,0.0166,0.493,0.0,0.0,300.75287
28,2025-10-26,100,-11.7694,143.09245,2,2.0,0,None (0%),0.5005,0.4913,0.0083,0.4995,0.0,0.0,300.68573
28,2025-10-26,101,-11.482866,143.01598,9,1.32,0,None (0%),0.5045,0.4859,0.0096,0.4955,0.0,0.0,300.64716
28,2025-10-26,102,-11.191144,142.98755,9,2.26,0,None (0%),0.5797,0.4052,0.0151,0.4203,0.0,0.0,300.65286
28,2025-10-26,103,-14.610958,145.62405,19,1.56,1,Moderate (1-50%),0.3035,0.6821,0.0145,0.6965,0.0,0.0,300.38287
28,2025-10-26,104,-14.704066,145.44646,9,3.28,1,Moderate (1-50%),0.2845,0.7111,0.0043,0.7155,0.0,0.0,300.23288
28,2025-10-26,105,-23.32,151.98,2,0.75,1,Moderate (1-50%),0.1498,0.8495,0.0008,0.8502,0.0,0.0,297.65143
28,2025-10-26,106,-18.26362,147.38202,5,1.47,1,Moderate (1-50%),0.3178,0.6767,0.0055,0.6822,0.0,0.0,300.44998
28,2025-10-26,107,-14.0,146.0,2,3.87,1,Moderate (1-50%),0.3159,0.6719,0.0122,0.6841,0.0,0.0,300.3757
28,2025-10-26,108,-21.87,152.19,2,1.64,0,None (0%),0.5708,0.4281,0.001,0.4292,0.0,0.0,298.67572
28,2025-10-26,109,-21.13605,150.77615,2,1.23,1,Moderate (1-50%),0.4069,0.5919,0.0012,0.5931,0.0,0.0,298.71713
28,2025-10-26,110,-20.66895,150.2588,2,1.81,1,Moderate (1-50%),0.4128,0.5856,0.0016,0.5872,0.0,0.0,298.81
28,2025-10-26,111,-20.08315,149.93718,4,1.56,1,Moderate (1-50%),0.2986,0.6998,0.0016,0.7014,0.0,0.0,298.97855
28,2025-10-26,112,-19.6179,149.67664,3,0.81,1,Moderate (1-50%),0.4471,0.5499,0.0031,0.5529,0.0,0.0,299.41855
28,2025-10-26,113,-18.791527,147.52235,34,1.86,1,Moderate (1-50%),0.3602,0.6369,0.0029,0.6398,0.0,0.0,300.0814
28,2025-10-26,114,-18.53455,147.49355,4,2.22,1,Moderate (1-50%),0.3846,0.6115,0.0038,0.6154,0.0,0.0,300.2271
28,2025-10-26,115,-18.1362,146.9716,2,1.3,1,Moderate (1-50%),0.3597,0.6342,0.0061,0.6403,0.0,0.0,300.32144
28,2025-10-26,116,-15.359506,145.7791,18,1.78,1,Moderate (1-50%),0.2571,0.7355,0.0073,0.7429,0.0,0.0,300.33856
28,2025-10-26,117,-14.925742,145.68793,38,1.39,1,Moderate (1-50%),0.3118,0.6831,0.0051,0.6882,0.0,0.0,300.3457
28,2025-10-26,118,-15.02785,145.56805,2,0.81,1,Moderate (1-50%),0.3306,0.6648,0.0046,0.6694,0.0,0.0,300.26144
28,2025-10-26,119,-12.767325,143.42282,4,0.89,0,None (0%),0.5533,0.4315,0.0152,0.4467,0.0,0.0,300.62997
28,2025-10-26,120,-11.997334,143.27243,6,2.5,1,Moderate (1-50%),0.4607,0.5274,0.0119,0.5393,0.0,0.0,300.59
28,2025-10-26,121,-11.0088,142.98685,2,2.22,0,None (0%),0.5821,0.4031,0.0148,0.4179,0.0,0.0,300.6743
28,2025-10-26,122,-20.751085,149.4548,7,3.39,0,None (0%),0.5631,0.4359,0.001,0.4369,0.0,0.0,298.97858
28,2025-10-26,123,-18.65635,147.71594,2,2.28,1,Moderate (1-50%),0.3967,0.6005,0.0028,0.6033,0.0,0.0,300.02713
28,2025-10-26,124,-12.470825,143.48958,4,1.65,1,Moderate (1-50%),0.4269,0.5627,0.0105,0.5731,0.0,0.0,300.4771
28,2025-10-26,125,-12.30835,143.37485,2,1.85,1,Moderate (1-50%),0.3975,0.5915,0.011,0.6025,0.0,0.0,300.5357
28,2025-10-26,126,-10.69155,142.73485,2,2.13,0,None (0%),0.5495,0.4303,0.0202,0.4505,0.0,0.0,300.75
28,2025-10-26,127,-18.9561,146.9562,15,2.89,1,Moderate (1-50%),0.3763,0.6156,0.0081,0.6237,0.0,0.0,300.16998
28,2025-10-26,128,-13.844505,146.55128,41,3.35,1,Moderate (1-50%),0.3207,0.6682,0.0111,0.6793,0.0,0.0,300.45572
28,2025-10-26,129,-16.22582,146.00262,10,2.39,1,Moderate (1-50%),0.3229,0.6691,0.008,0.6771,0.0,0.0,300.43573
28,2025-10-26,130,-15.51399,145.77756,20,1.25,1,Moderate (1-50%),0.2262,0.7676,0.0061,0.7738,0.0,0.0,300.3057
28,2025-10-26,131,-16.0,145.9667,2,2.92,1,Moderate (1-50%),0.3394,0.6532,0.0075,0.6606,0.0,0.0,300.4186
28,2025-10-26,132,-17.0,149.1,4,3.85,1,Moderate (1-50%),0.4032,0.5942,0.0026,0.5968,0.0,0.0,300.03143
29,2025-11-02,0,-19.166714,146.84863,209,2.65,1,Moderate (1-50%),0.308,0.6457,0.0463,0.692,0.0,0.0,301.83713
29,2025-11-02,1,-18.646925,146.54514,149,3.23,1,Moderate (1-50%),0.4578,0.5201,0.0221,0.5422,0.0,0.0,300.87857
29,2025-11-02,2,-10.2196665,150.84866,3,2.66,1,Moderate (1-50%),0.1104,0.8198,0.0698,0.8896,2.0428572,0.0,302.26144
29,2025-11-02,3,-23.443886,151.92134,187,2.13,1,Moderate (1-50%),0.1941,0.8047,0.0012,0.8059,0.0,0.0,298.16998
29,2025-11-02,4,-18.75,146.25,2,3.83,1,Moderate (1-50%),0.263,0.6904,0.0466,0.737,0.0,0.0,301.13284
29,2025-11-02,5,-23.146168,150.95728,60,2.97,1,Moderate (1-50%),0.261,0.737,0.002,0.739,0.0,0.0,298.70856
29,2025-11-02,6,-19.760475,149.15018,69,3.06,0,None (0%),0.5452,0.4519,0.003,0.4548,0.0,0.0,300.18143
29,2025-11-02,7,-18.227266,146.74213,3,1.83,0,None (0%),0.6537,0.34,0.0062,0.3463,0.0,0.0,300.93143
29,2025-11-02,8,-19.020872,146.6052,11,2.13,1,Moderate (1-50%),0.3781,0.5779,0.0441,0.6219,0.0,0.0,301.41287
29,2025-11-02,9,-18.739391,147.2709,12,1.66,0,None (0%),0.6258,0.3701,0.0041,0.3742,0.0,0.0,300.73712
29,2025-11-02,10,-17.885866,146.59,3,2.0,0,None (0%),0.6394,0.354,0.0065,0.3606,0.0,0.0,301.03
29,2025-11-02,11,-17.239176,146.34703,8,2.82,0,None (0%),0.7001,0.2896,0.0103,0.2999,0.0,0.0,301.1057
29,2025-11-02,12,-20.237434,148.9795,103,1.46,1,Moderate (1-50%),0.4233,0.5734,0.0033,0.5767,0.0,0.0,299.9243
29,2025-11-02,13,-20.3759,150.17145,8,0.38,1,Moderate (1-50%),0.419,0.5769,0.0041,0.581,0.0,0.0,299.7557
29,2025-11-02,14,-20.251957,148.81541,23,2.75,1,Moderate (1-50%),0.4047,0.5925,0.0028,0.5953,0.0,0.0,300.08286
29,2025-11-02,15,-20.090439,148.5869,23,2.12,1,Moderate (1-50%),0.4322,0.5623,0.0055,0.5678,0.0,0.0,300.52002
29,2025-11-02,16,-20.022484,148.28569,12,1.15,1,Moderate (1-50%),0.2619,0.7257,0.0124,0.7381,0.0,0.0,300.97
29,2025-11-02,17,-19.86675,147.92262,4,0.95,1,Moderate (1-50%),0.2361,0.7361,0.0278,0.7639,0.0,0.0,301.0157
29,2025-11-02,18,-23.992844,151.69751,7,3.03,1,Moderate (1-50%),0.1462,0.8354,0.0184,0.8538,0.0,0.0,298.91428
29,2025-11-02,19,-23.520433,151.2612,3,1.5,1,Moderate (1-50%),0.1464,0.8489,0.0048,0.8536,0.0,0.0,299.00714
29,2025-11-02,20,-23.408117,151.1666,6,2.06,1,Moderate (1-50%),0.1709,0.8218,0.0073,0.8291,0.0,0.0,299.10425
29,2025-11-02,21,-23.326,150.92995,2,0.52,1,Moderate (1-50%),0.1237,0.8563,0.0199,0.8763,0.0,0.0,299.59427
29,2025-11-02,22,-21.991533,152.46994,3,1.91,0,None (0%),0.5455,0.4535,0.001,0.4545,0.0,0.0,299.0457
29,2025-11-02,23,-20.911617,149.42245,11,1.51,0,None (0%),0.6357,0.3632,0.0011,0.3643,0.0,0.0,299.6614
29,2025-11-02,24,-20.758585,150.43915,7,2.34,0,None (0%),0.5691,0.4274,0.0034,0.4309,0.0,0.0,299.65283
29,2025-11-02,25,-19.7155,147.77403,7,1.06,1,Moderate (1-50%),0.2732,0.7099,0.0169,0.7268,0.0,0.0,300.99567
29,2025-11-02,26,-19.34095,148.0835,2,1.99,0,None (0%),0.5783,0.418,0.0037,0.4217,0.0,0.0,300.52856
29,2025-11-02,27,-19.32325,148.4333,2,0.89,1,Moderate (1-50%),0.4966,0.5008,0.0026,0.5034,0.0,0.0,300.40854
29,2025-11-02,28,-19.311234,148.34396,3,2.51,0,None (0%),0.533,0.4649,0.0022,0.467,0.0,0.0,300.4414
29,2025-11-02,29,-19.2076,148.8596,2,2.52,1,Moderate (1-50%),0.459,0.5362,0.0048,0.541,0.0,0.0,300.30283
29,2025-11-02,30,-19.11165,148.33365,6,1.74,0,None (0%),0.5878,0.4062,0.006,0.4122,0.0,0.0,300.41428
29,2025-11-02,31,-18.9913,148.06412,6,2.14,0,None (0%),0.536,0.4586,0.0054,0.464,0.0,0.0,300.48856
29,2025-11-02,32,-18.847086,147.91052,7,2.89,1,Moderate (1-50%),0.4798,0.5135,0.0066,0.5202,0.0,0.0,300.44427
29,2025-11-02,33,-18.1497,146.28976,3,3.16,1,Moderate (1-50%),0.3546,0.6396,0.0058,0.6454,0.0,0.0,301.06998
29,2025-11-02,34,-17.6551,146.49199,6,2.85,0,None (0%),0.6496,0.3399,0.0105,0.3504,0.0,0.0,301.02142
29,2025-11-02,35,-17.34235,146.52235,4,1.95,0,None (0%),0.5469,0.4401,0.013,0.4531,0.0,0.0,301.03143
29,2025-11-02,36,-16.871353,146.21158,88,1.49,0,None (0%),0.5403,0.446,0.0137,0.4597,0.0,0.0,301.05142
29,2025-11-02,37,-16.935507,145.98845,13,1.85,1,Moderate (1-50%),0.3877,0.5992,0.0132,0.6123,0.0,0.0,301.30713
29,2025-11-02,38,-16.52347,145.99037,108,1.65,0,None (0%),0.6189,0.3708,0.0104,0.3811,0.0,0.0,301.14285
29,2025-11-02,39,-16.12418,145.83456,243,1.03,0,None (0%),0.585,0.4055,0.0095,0.415,0.0,0.0,301.08856
29,2025-11-02,40,-15.77885,145.58086,2,0.76,0,None (0%),0.5702,0.4185,0.0113,0.4298,0.0,0.0,301.4157
29,2025-11-02,41,-15.499777,145.51018,13,3.18,1,Moderate (1-50%),0.4776,0.5117,0.0107,0.5224,0.0,0.0,301.27142
29,2025-11-02,42,-14.85125,145.27235,2,2.66,1,Moderate (1-50%),0.412,0.575,0.013,0.588,0.0,0.0,301.29712
29,2025-11-02,43,-14.728744,145.10814,16,1.86,1,Moderate (1-50%),0.4337,0.5526,0.0137,0.5663,0.0,0.0,301.46573
29,2025-11-02,44,-14.4546,144.90607,7,3.05,1,Moderate (1-50%),0.4499,0.5384,0.0117,0.5501,0.0,0.0,301.29715
29,2025-11-02,45,-14.1632,144.26332,5,1.82,0,None (0%),0.5182,0.4687,0.0131,0.4818,0.0,0.0,301.4343
29,2025-11-02,46,-14.13435,144.5049,2,2.4,0,None (0%),0.5349,0.4498,0.0153,0.4651,0.0,0.0,301.23145
29,2025-11-02,47,-14.07125,143.8833,2,0.99,0,None (0%),0.5651,0.4167,0.0182,0.4349,0.0,0.0,301.8228
29,2025-11-02,48,-13.922125,143.78668,4,1.3,0,None (0%),0.5183,0.4519,0.0298,0.4817,0.0,0.0,301.8343
29,2025-11-02,49,-23.6966,152.1829,2,2.53,1,Moderate (1-50%),0.386,0.6123,0.0018,0.614,0.0,0.0,298.1771
29,2025-11-02,50,-17.776623,146.45274,9,2.36,0,None (0%),0.6558,0.3346,0.0096,0.3442,0.0,0.0,301.03
29,2025-11-02,51,-16.284166,145.4936,3,2.23,1,Moderate (1-50%),0.4658,0.5231,0.011,0.5342,0.0,0.0,301.43
29,2025-11-02,52,-15.71492,145.45647,5,2.28,1,Moderate (1-50%),0.4421,0.5411,0.0168,0.5579,0.0,0.0,301.46286
29,2025-11-02,53,-22.2081,150.33665,2,2.23,1,Moderate (1-50%),0.3838,0.6139,0.0022,0.6162,0.0,0.0,299.46713
29,2025-11-02,54,-22.024067,150.66617,3,0.92,1,Moderate (1-50%),0.393,0.605,0.002,0.607,0.0,0.0,299.1157
29,2025-11-02,55,-22.018534,150.34753,3,2.43,1,Moderate (1-50%),0.4123,0.5854,0.0023,0.5877,0.0,0.0,299.39142
29,2025-11-02,56,-21.95394,150.1631,5,2.64,1,Moderate (1-50%),0.4297,0.5675,0.0027,0.5703,0.0,0.0,299.54
29,2025-11-02,57,-21.6832,150.28384,4,1.29,1,Moderate (1-50%),0.4435,0.5535,0.003,0.5565,0.0,0.0,299.36716
29,2025-11-02,58,-21.455212,149.86604,8,2.39,0,None (0%),0.5203,0.4773,0.0024,0.4797,0.0,0.0,299.76425
29,2025-11-02,59,-18.062532,146.56087,3,2.04,0,None (0%),0.6543,0.3397,0.0059,0.3457,0.0,0.0,301.04
29,2025-11-02,60,-23.958666,151.47777,3,1.84,1,Moderate (1-50%),0.1264,0.8443,0.0293,0.8736,0.0,0.0,299.36572
29,2025-11-02,61,-23.767967,151.33594,3,1.36,1,Moderate (1-50%),0.1182,0.8538,0.028,0.8818,0.0,0.0,299.36285
29,2025-11-02,62,-23.5347,151.73087,3,1.23,1,Moderate (1-50%),0.2571,0.7415,0.0015,0.7429,0.0,0.0,298.31003
29,2025-11-02,63,-19.2064,147.0493,3,3.28,1,Moderate (1-50%),0.3735,0.582,0.0444,0.6265,0.0,0.0,301.4114
29,2025-11-02,64,-18.0518,146.78749,12,2.9,0,None (0%),0.5781,0.416,0.0059,0.4219,0.0,0.0,300.8743
29,2025-11-02,65,-18.008833,146.16989,9,1.88,1,Moderate (1-50%),0.3435,0.6494,0.007,0.6565,0.0,0.0,301.01288
29,2025-11-02,66,-17.721071,146.1557,7,2.09,1,Moderate (1-50%),0.4011,0.5902,0.0087,0.5989,0.0,0.0,300.99286
29,2025-11-02,67,-17.467283,146.3924,6,2.04,0,None (0%),0.6589,0.3249,0.0163,0.3411,0.0,0.0,301.1014
29,2025-11-02,68,-17.20583,146.07251,10,2.15,1,Moderate (1-50%),0.4216,0.5654,0.0131,0.5784,0.0,0.0,301.1257
29,2025-11-02,69,-16.545633,145.52946,3,2.34,1,Moderate (1-50%),0.3673,0.6223,0.0104,0.6327,0.0,0.0,301.54855
29,2025-11-02,70,-16.379562,145.56004,47,1.67,0,None (0%),0.5051,0.4843,0.0105,0.4949,0.0,0.0,301.4814
29,2025-11-02,71,-15.9993,145.4327,3,2.82,1,Moderate (1-50%),0.315,0.666,0.019,0.685,0.0,0.0,301.53
29,2025-11-02,72,-15.156473,145.46036,11,2.59,0,None (0%),0.5444,0.444,0.0116,0.4556,0.0,0.0,301.15997
29,2025-11-02,73,-11.8956,143.1068,2,3.03,0,None (0%),0.6079,0.3737,0.0184,0.3921,0.0,0.0,301.47427
29,2025-11-02,74,-10.14675,151.16306,2,3.4,1,Moderate (1-50%),0.0507,0.8556,0.0937,0.9493,2.1714287,0.0,302.24576
29,2025-11-02,75,-18.4208,147.34987,3,2.66,1,Moderate (1-50%),0.4403,0.5505,0.0092,0.5597,0.0,0.0,300.82144
29,2025-11-02,76,-19.54529,149.26216,28,2.63,0,None (0%),0.5206,0.4755,0.0039,0.4794,0.0,0.0,300.05426
29,2025-11-02,77,-18.665953,147.07942,15,1.11,0,None (0%),0.5945,0.4004,0.0051,0.4055,0.0,0.0,300.81284
29,2025-11-02,78,-18.441046,146.99043,15,2.42,0,None (0%),0.5852,0.4093,0.0055,0.4148,0.0,0.0,300.74286
29,2025-11-02,79,-22.0,152.67,2,2.83,1,Moderate (1-50%),0.4848,0.5142,0.001,0.5152,0.0,0.0,298.8357
29,2025-11-02,80,-18.402128,146.79951,11,3.63,0,None (0%),0.6777,0.3179,0.0044,0.3223,0.0,0.0,300.90714
29,2025-11-02,81,-18.52425,147.1444,2,2.05,0,None (0%),0.5833,0.4122,0.0045,0.4167,0.0,0.0,300.6957
29,2025-11-02,82,-21.3925,152.50706,5,2.69,0,None (0%),0.6374,0.3591,0.0035,0.3626,0.0,0.0,299.6257
29,2025-11-02,83,-21.121021,152.48535,9,1.16,0,None (0%),0.6981,0.2985,0.0034,0.3019,0.0,0.0,299.9114
29,2025-11-02,84,-21.106472,152.2254,11,2.06,0,None (0%),0.664,0.334,0.002,0.336,0.0,0.0,299.90427
29,2025-11-02,85,-20.96795,149.75764,2,1.96,0,None (0%),0.775,0.222,0.003,0.225,0.0,0.0,299.61572
29,2025-11-02,86,-20.928566,150.04893,3,2.52,0,None (0%),0.7053,0.2909,0.0038,0.2947,0.0,0.0,299.73285
29,2025-11-02,87,-19.68672,149.93729,5,1.83,0,None (0%),0.5553,0.4412,0.0036,0.4447,0.0,0.0,299.93716
29,2025-11-02,88,-19.501034,148.7524,3,3.57,0,None (0%),0.5345,0.4612,0.0043,0.4655,0.0,0.0,300.26712
29,2025-11-02,89,-19.3041,148.6315,4,2.42,0,None (0%),0.5518,0.4455,0.0027,0.4482,0.0,0.0,300.18857
29,2025-11-02,90,-19.20995,148.542,2,2.45,0,None (0%),0.6445,0.3522,0.0033,0.3555,0.0,0.0,300.24142
29,2025-11-02,91,-18.82149,147.65489,18,2.15,0,None (0%),0.5648,0.4306,0.0045,0.4352,0.0,0.0,300.50143
29,2025-11-02,92,-17.5251,146.52454,3,0.05,0,None (0%),0.567,0.421,0.0121,0.433,0.0,0.0,301.04144
29,2025-11-02,93,-14.88175,145.50227,6,2.56,0,None (0%),0.4969,0.493,0.0101,0.5031,0.0,0.0,301.1014
29,2025-11-02,94,-24.112192,152.71562,14,1.71,1,Moderate (1-50%),0.3501,0.6465,0.0034,0.6499,0.0,0.0,298.17853
29,2025-11-02,95,-19.449833,148.86703,3,2.89,0,None (0%),0.5602,0.4366,0.0032,0.4398,0.0,0.0,300.1357
29,2025-11-02,96,-16.409634,145.74434,3,2.68,0,None (0%),0.5248,0.4598,0.0154,0.4752,0.0,0.0,301.65143
29,2025-11-02,97,-12.67815,143.5829,2,0.93,0,None (0%),0.6428,0.3443,0.0129,0.3572,0.0,0.0,301.2243
29,2025-11-02,98,-12.2257,143.2841,2,0.99,0,None (0%),0.5947,0.3877,0.0175,0.4053,0.0,0.0,301.5529
29,2025-11-02,99,-11.782,142.95316,5,2.5,0,None (0%),0.5329,0.4528,0.0143,0.4671,0.0,0.0,301.61716
29,2025-11-02,100,-11.7694,143.09245,2,2.0,0,None (0%),0.5532,0.4203,0.0265,0.4468,0.0,0.0,301.46997
29,2025-11-02,101,-11.482866,143.01598,9,1.32,0,None (0%),0.6691,0.3113,0.0196,0.3309,0.0,0.0,301.47144
29,2025-11-02,102,-11.191144,142.98755,9,2.26,0,None (0%),0.6102,0.3674,0.0224,0.3898,0.0,0.0,301.3514
29,2025-11-02,103,-14.610958,145.62405,19,1.56,1,Moderate (1-50%),0.3885,0.5945,0.0171,0.6115,0.0,0.0,301.21426
29,2025-11-02,104,-14.704066,145.44646,9,3.28,1,Moderate (1-50%),0.4757,0.5131,0.0112,0.5243,0.0,0.0,301.1257
29,2025-11-02,105,-23.32,151.98,2,0.75,1,Moderate (1-50%),0.1818,0.8173,0.0009,0.8182,0.0,0.0,298.08286
29,2025-11-02,106,-18.26362,147.38202,5,1.47,1,Moderate (1-50%),0.4202,0.5688,0.011,0.5798,0.0,0.0,300.9057
29,2025-11-02,107,-14.0,146.0,2,3.87,1,Moderate (1-50%),0.4625,0.521,0.0164,0.5375,0.0,0.0,301.2357
29,2025-11-02,108,-21.87,152.19,2,1.64,0,None (0%),0.6144,0.3835,0.002,0.3856,0.0,0.0,299.20572
29,2025-11-02,109,-21.13605,150.77615,2,1.23,0,None (0%),0.5149,0.4829,0.0022,0.4851,0.0,0.0,299.44284
29,2025-11-02,110,-20.66895,150.2588,2,1.81,0,None (0%),0.553,0.4448,0.0022,0.447,0.0,0.0,299.61572
29,2025-11-02,111,-20.08315,149.93718,4,1.56,1,Moderate (1-50%),0.3967,0.5996,0.0037,0.6033,0.0,0.0,299.72
29,2025-11-02,112,-19.6179,149.67664,3,0.81,0,None (0%),0.5653,0.4312,0.0035,0.4347,0.0,0.0,299.94
29,2025-11-02,113,-18.791527,147.52235,34,1.86,0,None (0%),0.6217,0.3723,0.006,0.3783,0.0,0.0,300.53998
29,2025-11-02,114,-18.53455,147.49355,4,2.22,0,None (0%),0.631,0.3636,0.0053,0.369,0.0,0.0,300.61142
29,2025-11-02,115,-18.1362,146.9716,2,1.3,1,Moderate (1-50%),0.4164,0.5736,0.0101,0.5836,0.0,0.0,300.8057
29,2025-11-02,116,-15.359506,145.7791,18,1.78,1,Moderate (1-50%),0.3928,0.5938,0.0134,0.6072,0.0,0.0,301.14853
29,2025-11-02,117,-14.925742,145.68793,38,1.39,1,Moderate (1-50%),0.3561,0.6292,0.0147,0.6439,0.0,0.0,301.15427
29,2025-11-02,118,-15.02785,145.56805,2,0.81,0,None (0%),0.519,0.4697,0.0113,0.481,0.0,0.0,301.0957
29,2025-11-02,119,-12.767325,143.42282,4,0.89,0,None (0%),0.5671,0.4159,0.017,0.4329,0.0,0.0,301.57285
29,2025-11-02,120,-11.997334,143.27243,6,2.5,0,None (0%),0.5821,0.4021,0.0159,0.4179,0.0,0.0,301.44427
29,2025-11-02,121,-11.0088,142.98685,2,2.22,0,None (0%),0.508,0.4745,0.0175,0.492,0.0,0.0,301.35428
29,2025-11-02,122,-20.751085,149.4548,7,3.39,0,None (0%),0.6535,0.3446,0.0019,0.3465,0.0,0.0,299.6543
29,2025-11-02,123,-18.65635,147.71594,2,2.28,0,None (0%),0.5665,0.4297,0.0037,0.4335,0.0,0.0,300.48712
29,2025-11-02,124,-12.470825,143.48958,4,1.65,0,None (0%),0.623,0.3588,0.0183,0.377,0.0,0.0,301.37143
29,2025-11-02,125,-12.30835,143.37485,2,1.85,0,None (0%),0.6103,0.3694,0.0203,0.3897,0.0,0.0,301.47284
29,2025-11-02,126,-10.69155,142.73485,2,2.13,1,Moderate (1-50%),0.4563,0.522,0.0217,0.5437,0.0,0.0,301.40717
29,2025-11-02,127,-18.9561,146.9562,15,2.89,1,Moderate (1-50%),0.3315,0.6544,0.0141,0.6685,0.0,0.0,300.97855
29,2025-11-02,128,-13.844505,146.55128,41,3.35,1,Moderate (1-50%),0.3802,0.6002,0.0196,0.6198,0.0,0.0,301.24713
29,2025-11-02,129,-16.22582,146.00262,10,2.39,0,None (0%),0.568,0.4207,0.0113,0.432,0.0,0.0,301.1743
29,2025-11-02,130,-15.51399,145.77756,20,1.25,1,Moderate (1-50%),0.4806,0.5053,0.0141,0.5194,0.0,0.0,301.11572
29,2025-11-02,131,-16.0,145.9667,2,2.92,0,None (0%),0.6002,0.3878,0.012,0.3998,0.0,0.0,301.1557
29,2025-11-02,132,-17.0,149.1,4,3.85,0,None (0%),0.563,0.4287,0.0083,0.437,0.0,0.0,300.8557
30,2025-11-09,0,-19.166714,146.84863,209,2.65,1,Moderate (1-50%),0.1756,0.7211,0.1034,0.8244,0.0,0.0,302.2143
30,2025-11-09,1,-18.646925,146.54514,149,3.23,0,None (0%),0.5631,0.4086,0.0283,0.4369,0.0,0.0,301.29428
30,2025-11-09,2,-10.2196665,150.84866,3,2.66,1,Moderate (1-50%),0.1098,0.7463,0.1439,0.8902,0.9128571,0.0,302.43143
30,2025-11-09,3,-23.443886,151.92134,187,2.13,1,Moderate (1-50%),0.3115,0.6868,0.0017,0.6885,0.0,0.0,298.21143
30,2025-11-09,4,-18.75,146.25,2,3.83,0,None (0%),0.5989,0.3081,0.093,0.4011,0.0,0.0,301.68716
30,2025-11-09,5,-23.146168,150.95728,60,2.97,1,Moderate (1-50%),0.2579,0.7388,0.0033,0.7421,0.0,0.0,299.14142
30,2025-11-09,6,-19.760475,149.15018,69,3.06,1,Moderate (1-50%),0.337,0.6486,0.0144,0.663,0.0,0.0,300.62997
30,2025-11-09,7,-18.227266,146.74213,3,1.83,0,None (0%),0.5877,0.3916,0.0207,0.4123,0.0,0.0,301.34714
30,2025-11-09,8,-19.020872,146.6052,11,2.13,1,Moderate (1-50%),0.2859,0.669,0.0451,0.7141,0.0,0.0,301.77713
30,2025-11-09,9,-18.739391,147.2709,12,1.66,0,None (0%),0.5041,0.4788,0.0171,0.4959,0.0,0.0,301.08713
30,2025-11-09,10,-17.885866,146.59,3,2.0,0,None (0%),0.6236,0.3615,0.0149,0.3764,0.0,0.0,301.43716
30,2025-11-09,11,-17.239176,146.34703,8,2.82,0,None (0%),0.5331,0.4494,0.0175,0.4669,0.0,0.0,301.51855
30,2025-11-09,12,-20.237434,148.9795,103,1.46,0,None (0%),0.5009,0.4843,0.0148,0.4991,0.0,0.0,300.51144
30,2025-11-09,13,-20.3759,150.17145,8,0.38,1,Moderate (1-50%),0.4933,0.4964,0.0103,0.5067,0.0,0.0,300.1957
30,2025-11-09,14,-20.251957,148.81541,23,2.75,1,Moderate (1-50%),0.3538,0.6283,0.0179,0.6462,0.0,0.0,300.66144
30,2025-11-09,15,-20.090439,148.5869,23,2.12,1,Moderate (1-50%),0.1788,0.7875,0.0337,0.8212,0.0,0.0,301.19287
30,2025-11-09,16,-20.022484,148.28569,12,1.15,1,Moderate (1-50%),0.1022,0.8438,0.0539,0.8978,0.0,0.0,301.75714
30,2025-11-09,17,-19.86675,147.92262,4,0.95,1,Moderate (1-50%),0.1032,0.8252,0.0716,0.8968,0.0,0.0,301.77142
30,2025-11-09,18,-23.992844,151.69751,7,3.03,1,Moderate (1-50%),0.1338,0.8512,0.015,0.8662,0.0,0.0,299.26572
30,2025-11-09,19,-23.520433,151.2612,3,1.5,1,Moderate (1-50%),0.1271,0.8712,0.0017,0.8729,0.0,0.0,299.31143
30,2025-11-09,20,-23.408117,151.1666,6,2.06,1,Moderate (1-50%),0.1784,0.8177,0.0039,0.8216,0.0,0.0,299.40573
30,2025-11-09,21,-23.326,150.92995,2,0.52,1,Moderate (1-50%),0.2023,0.7765,0.0212,0.7977,0.0,0.0,299.79144
30,2025-11-09,22,-21.991533,152.46994,3,1.91,0,None (0%),0.5072,0.4891,0.0037,0.4928,0.0,0.0,299.28
30,2025-11-09,23,-20.911617,149.42245,11,1.51,0,None (0%),0.5981,0.3988,0.0031,0.4019,0.0,0.0,300.3
30,2025-11-09,24,-20.758585,150.43915,7,2.34,0,None (0%),0.5947,0.3978,0.0075,0.4053,0.0,0.0,300.14716
30,2025-11-09,25,-19.7155,147.77403,7,1.06,1,Moderate (1-50%),0.1461,0.7723,0.0816,0.8539,0.0,0.0,301.55142
30,2025-11-09,26,-19.34095,148.0835,2,1.99,1,Moderate (1-50%),0.4356,0.5504,0.014,0.5644,0.0,0.0,300.97574
30,2025-11-09,27,-19.32325,148.4333,2,0.89,0,None (0%),0.6141,0.3733,0.0126,0.3859,0.0,0.0,300.77713
30,2025-11-09,28,-19.311234,148.34396,3,2.51,0,None (0%),0.5612,0.4278,0.011,0.4388,0.0,0.0,300.85
30,2025-11-09,29,-19.2076,148.8596,2,2.52,0,None (0%),0.6951,0.2905,0.0144,0.3049,0.0,0.0,300.73712
30,2025-11-09,30,-19.11165,148.33365,6,1.74,0,None (0%),0.6175,0.3715,0.011,0.3825,0.0,0.0,300.7657
30,2025-11-09,31,-18.9913,148.06412,6,2.14,0,None (0%),0.5192,0.4647,0.0161,0.4808,0.0,0.0,300.88998
30,2025-11-09,32,-18.847086,147.91052,7,2.89,0,None (0%),0.5235,0.4655,0.011,0.4765,0.0,0.0,300.83716
30,2025-11-09,33,-18.1497,146.28976,3,3.16,1,Moderate (1-50%),0.3979,0.5751,0.027,0.6021,0.0,0.0,301.60995
30,2025-11-09,34,-17.6551,146.49199,6,2.85,0,None (0%),0.5753,0.4077,0.017,0.4247,0.0,0.0,301.5357
30,2025-11-09,35,-17.34235,146.52235,4,1.95,0,None (0%),0.5369,0.4435,0.0196,0.4631,0.0,0.0,301.48856
30,2025-11-09,36,-16.871353,146.21158,88,1.49,0,None (0%),0.5421,0.434,0.0239,0.4579,0.0,0.0,301.41855
30,2025-11-09,37,-16.935507,145.98845,13,1.85,1,Moderate (1-50%),0.3835,0.5704,0.0461,0.6165,0.0,0.0,301.7457
30,2025-11-09,38,-16.52347,145.99037,108,1.65,0,None (0%),0.568,0.412,0.02,0.432,0.0,0.0,301.44287
30,2025-11-09,39,-16.12418,145.83456,243,1.03,0,None (0%),0.5147,0.4683,0.017,0.4853,0.0,0.0,301.3828
30,2025-11-09,40,-15.77885,145.58086,2,0.76,1,Moderate (1-50%),0.4479,0.5294,0.0227,0.5521,0.0,0.0,301.6971
30,2025-11-09,41,-15.499777,145.51018,13,3.18,1,Moderate (1-50%),0.4745,0.5051,0.0205,0.5255,0.0,0.0,301.6357
30,2025-11-09,42,-14.85125,145.27235,2,2.66,1,Moderate (1-50%),0.4042,0.558,0.0378,0.5958,0.0,0.0,301.79428
30,2025-11-09,43,-14.728744,145.10814,16,1.86,1,Moderate (1-50%),0.3767,0.5427,0.0806,0.6233,0.0,0.0,301.9857
30,2025-11-09,44,-14.4546,144.90607,7,3.05,1,Moderate (1-50%),0.4197,0.5445,0.0359,0.5803,0.0,0.0,301.69855
30,2025-11-09,45,-14.1632,144.26332,5,1.82,0,None (0%),0.5563,0.4066,0.0371,0.4437,0.0,0.0,301.9014
30,2025-11-09,46,-14.13435,144.5049,2,2.4,0,None (0%),0.6263,0.3528,0.0209,0.3737,0.0,0.0,301.6357
30,2025-11-09,47,-14.07125,143.8833,2,0.99,0,None (0%),0.5835,0.3775,0.039,0.4165,0.0,0.0,302.16855
30,2025-11-09,48,-13.922125,143.78668,4,1.3,1,Moderate (1-50%),0.4451,0.483,0.0719,0.5549,0.0,0.0,302.1971
30,2025-11-09,49,-23.6966,152.1829,2,2.53,1,Moderate (1-50%),0.2692,0.7271,0.0037,0.7308,0.0,0.0,298.17572
30,2025-11-09,50,-17.776623,146.45274,9,2.36,0,None (0%),0.5999,0.3813,0.0188,0.4001,0.0,0.0,301.48996
30,2025-11-09,51,-16.284166,145.4936,3,2.23,1,Moderate (1-50%),0.4153,0.4993,0.0853,0.5847,0.0,0.0,302.0071
30,2025-11-09,52,-15.71492,145.45647,5,2.28,1,Moderate (1-50%),0.332,0.6288,0.0392,0.668,0.0,0.0,301.79712
30,2025-11-09,53,-22.2081,150.33665,2,2.23,1,Moderate (1-50%),0.2812,0.7123,0.0065,0.7188,0.0,0.0,300.04855
30,2025-11-09,54,-22.024067,150.66617,3,0.92,0,None (0%),0.5708,0.426,0.0033,0.4292,0.0,0.0,299.61572
30,2025-11-09,55,-22.018534,150.34753,3,2.43,1,Moderate (1-50%),0.2681,0.7256,0.0063,0.7319,0.0,0.0,300.03
30,2025-11-09,56,-21.95394,150.1631,5,2.64,1,Moderate (1-50%),0.3112,0.6808,0.008,0.6888,0.0,0.0,300.1971
30,2025-11-09,57,-21.6832,150.28384,4,1.29,1,Moderate (1-50%),0.4318,0.5611,0.0072,0.5682,0.0,0.0,299.86142
30,2025-11-09,58,-21.455212,149.86604,8,2.39,1,Moderate (1-50%),0.4236,0.5715,0.0049,0.5764,0.0,0.0,300.31
30,2025-11-09,59,-18.062532,146.56087,3,2.04,0,None (0%),0.6138,0.3622,0.024,0.3862,0.0,0.0,301.52
30,2025-11-09,60,-23.958666,151.47777,3,1.84,1,Moderate (1-50%),0.1048,0.8685,0.0267,0.8952,0.0,0.0,299.71143
30,2025-11-09,61,-23.767967,151.33594,3,1.36,1,Moderate (1-50%),0.1569,0.8268,0.0163,0.8431,0.0,0.0,299.69855
30,2025-11-09,62,-23.5347,151.73087,3,1.23,1,Moderate (1-50%),0.2592,0.7393,0.0015,0.7408,0.0,0.0,298.4771
30,2025-11-09,63,-19.2064,147.0493,3,3.28,1,Moderate (1-50%),0.1864,0.7473,0.0664,0.8136,0.0,0.0,301.79
30,2025-11-09,64,-18.0518,146.78749,12,2.9,1,Moderate (1-50%),0.4264,0.554,0.0196,0.5736,0.0,0.0,301.33572
30,2025-11-09,65,-18.008833,146.16989,9,1.88,0,None (0%),0.5456,0.4299,0.0244,0.4544,0.0,0.0,301.64572
30,2025-11-09,66,-17.721071,146.1557,7,2.09,0,None (0%),0.4883,0.4815,0.0302,0.5117,0.0,0.0,301.53
30,2025-11-09,67,-17.467283,146.3924,6,2.04,0,None (0%),0.5664,0.4091,0.0245,0.4336,0.0,0.0,301.61282
30,2025-11-09,68,-17.20583,146.07251,10,2.15,0,None (0%),0.4881,0.4755,0.0364,0.5119,0.0,0.0,301.6743
30,2025-11-09,69,-16.545633,145.52946,3,2.34,1,Moderate (1-50%),0.2864,0.6136,0.1,0.7136,0.0,0.0,302.1543
30,2025-11-09,70,-16.379562,145.56004,47,1.67,0,None (0%),0.551,0.4172,0.0318,0.449,0.0,0.0,301.89996
30,2025-11-09,71,-15.9993,145.4327,3,2.82,1,Moderate (1-50%),0.3313,0.6122,0.0565,0.6687,0.0,0.0,301.91998
30,2025-11-09,72,-15.156473,145.46036,11,2.59,0,None (0%),0.5307,0.4539,0.0155,0.4693,0.0,0.0,301.54425
30,2025-11-09,73,-11.8956,143.1068,2,3.03,0,None (0%),0.4989,0.4777,0.0234,0.5011,0.0,0.0,301.8986
30,2025-11-09,74,-10.14675,151.16306,2,3.4,1,Moderate (1-50%),0.0298,0.8078,0.1624,0.9702,1.0457143,0.0,302.43716
30,2025-11-09,75,-18.4208,147.34987,3,2.66,0,None (0%),0.5094,0.4739,0.0167,0.4906,0.0,0.0,301.40427
30,2025-11-09,76,-19.54529,149.26216,28,2.63,0,None (0%),0.5991,0.3919,0.0091,0.4009,0.0,0.0,300.41855
30,2025-11-09,77,-18.665953,147.07942,15,1.11,1,Moderate (1-50%),0.4191,0.5558,0.0251,0.5809,0.0,0.0,301.12714
30,2025-11-09,78,-18.441046,146.99043,15,2.42,0,None (0%),0.5191,0.4652,0.0157,0.4809,0.0,0.0,301.12143
30,2025-11-09,79,-22.0,152.67,2,2.83,0,None (0%),0.5228,0.4753,0.0019,0.4772,0.0,0.0,299.03287
30,2025-11-09,80,-18.402128,146.79951,11,3.63,0,None (0%),0.4984,0.4613,0.0403,0.5016,0.0,0.0,301.26855
30,2025-11-09,81,-18.52425,147.1444,2,2.05,0,None (0%),0.6169,0.3699,0.0132,0.3831,0.0,0.0,301.00284
30,2025-11-09,82,-21.3925,152.50706,5,2.69,0,None (0%),0.6458,0.346,0.0082,0.3542,0.0,0.0,300.06857
30,2025-11-09,83,-21.121021,152.48535,9,1.16,0,None (0%),0.7493,0.2414,0.0094,0.2507,0.0,0.0,300.42572
30,2025-11-09,84,-21.106472,152.2254,11,2.06,0,None (0%),0.72,0.2727,0.0073,0.28,0.0,0.0,300.3814
30,2025-11-09,85,-20.96795,149.75764,2,1.96,0,None (0%),0.7018,0.2953,0.003,0.2982,0.0,0.0,300.18573
30,2025-11-09,86,-20.928566,150.04893,3,2.52,0,None (0%),0.6827,0.3124,0.0049,0.3173,0.0,0.0,300.35858
30,2025-11-09,87,-19.68672,149.93729,5,1.83,0,None (0%),0.5342,0.4567,0.0091,0.4658,0.0,0.0,300.29712
30,2025-11-09,88,-19.501034,148.7524,3,3.57,1,Moderate (1-50%),0.4194,0.5689,0.0117,0.5806,0.0,0.0,300.75858
30,2025-11-09,89,-19.3041,148.6315,4,2.42,0,None (0%),0.6711,0.3183,0.0106,0.3289,0.0,0.0,300.58856
30,2025-11-09,90,-19.20995,148.542,2,2.45,0,None (0%),0.6131,0.3749,0.012,0.3869,0.0,0.0,300.58002
30,2025-11-09,91,-18.82149,147.65489,18,2.15,0,None (0%),0.7701,0.2181,0.0117,0.2299,0.0,0.0,300.88284
30,2025-11-09,92,-17.5251,146.52454,3,0.05,1,Moderate (1-50%),0.4813,0.504,0.0147,0.5187,0.0,0.0,301.55713
30,2025-11-09,93,-14.88175,145.50227,6,2.56,1,Moderate (1-50%),0.472,0.5119,0.0161,0.528,0.0,0.0,301.36142
30,2025-11-09,94,-24.112192,152.71562,14,1.71,1,Moderate (1-50%),0.4679,0.5244,0.0076,0.5321,0.0,0.0,298.40854
30,2025-11-09,95,-19.449833,148.86703,3,2.89,0,None (0%),0.6265,0.3638,0.0097,0.3735,0.0,0.0,300.57144
30,2025-11-09,96,-16.409634,145.74434,3,2.68,1,Moderate (1-50%),0.4755,0.4999,0.0246,0.5245,0.0,0.0,301.86713
30,2025-11-09,97,-12.67815,143.5829,2,0.93,0,None (0%),0.6623,0.3131,0.0246,0.3377,0.0,0.0,301.6214
30,2025-11-09,98,-12.2257,143.2841,2,0.99,0,None (0%),0.5313,0.4343,0.0344,0.4687,0.0,0.0,301.91284
30,2025-11-09,99,-11.782,142.95316,5,2.5,0,None (0%),0.4971,0.4728,0.0301,0.5029,0.0,0.0,301.99
30,2025-11-09,100,-11.7694,143.09245,2,2.0,0,None (0%),0.5154,0.4574,0.0273,0.4846,0.0,0.0,301.86285
30,2025-11-09,101,-11.482866,143.01598,9,1.32,1,Moderate (1-50%),0.4723,0.4999,0.0278,0.5277,0.0,0.0,301.85284
30,2025-11-09,102,-11.191144,142.98755,9,2.26,0,None (0%),0.553,0.4285,0.0186,0.447,0.0,0.0,301.8757
30,2025-11-09,103,-14.610958,145.62405,19,1.56,1,Moderate (1-50%),0.3524,0.6214,0.0262,0.6476,0.0,0.0,301.42856
30,2025-11-09,104,-14.704066,145.44646,9,3.28,0,None (0%),0.586,0.3977,0.0163,0.414,0.0,0.0,301.3714
30,2025-11-09,105,-23.32,151.98,2,0.75,1,Moderate (1-50%),0.2947,0.7036,0.0017,0.7053,0.0,0.0,298.15143
30,2025-11-09,106,-18.26362,147.38202,5,1.47,1,Moderate (1-50%),0.4616,0.5225,0.0159,0.5384,0.0,0.0,301.5657
30,2025-11-09,107,-14.0,146.0,2,3.87,1,Moderate (1-50%),0.3159,0.6673,0.0167,0.6841,0.0,0.0,301.42572
30,2025-11-09,108,-21.87,152.19,2,1.64,1,Moderate (1-50%),0.4933,0.5027,0.004,0.5067,0.0,0.0,299.52145
30,2025-11-09,109,-21.13605,150.77615,2,1.23,0,None (0%),0.7492,0.2445,0.0063,0.2508,0.0,0.0,299.8557
30,2025-11-09,110,-20.66895,150.2588,2,1.81,0,None (0%),0.6713,0.3209,0.0078,0.3287,0.0,0.0,300.1357
30,2025-11-09,111,-20.08315,149.93718,4,1.56,0,None (0%),0.5443,0.4478,0.0079,0.4557,0.0,0.0,300.04144
30,2025-11-09,112,-19.6179,149.67664,3,0.81,0,None (0%),0.5181,0.4755,0.0064,0.4819,0.0,0.0,300.18
30,2025-11-09,113,-18.791527,147.52235,34,1.86,0,None (0%),0.7858,0.2,0.0143,0.2142,0.0,0.0,300.95285
30,2025-11-09,114,-18.53455,147.49355,4,2.22,0,None (0%),0.6042,0.3833,0.0125,0.3958,0.0,0.0,301.21713
30,2025-11-09,115,-18.1362,146.9716,2,1.3,1,Moderate (1-50%),0.4871,0.4983,0.0146,0.5129,0.0,0.0,301.39716
30,2025-11-09,116,-15.359506,145.7791,18,1.78,1,Moderate (1-50%),0.3647,0.6028,0.0325,0.6353,0.0,0.0,301.3814
30,2025-11-09,117,-14.925742,145.68793,38,1.39,1,Moderate (1-50%),0.2454,0.7318,0.0229,0.7546,0.0,0.0,301.38428
30,2025-11-09,118,-15.02785,145.56805,2,0.81,1,Moderate (1-50%),0.439,0.5481,0.0129,0.561,0.0,0.0,301.37714
30,2025-11-09,119,-12.767325,143.42282,4,0.89,1,Moderate (1-50%),0.4088,0.5543,0.037,0.5912,0.0,0.0,302.0843
30,2025-11-09,120,-11.997334,143.27243,6,2.5,0,None (0%),0.5857,0.3854,0.0289,0.4143,0.0,0.0,301.8557
30,2025-11-09,121,-11.0088,142.98685,2,2.22,0,None (0%),0.5488,0.4289,0.0223,0.4512,0.0,0.0,301.86142
30,2025-11-09,122,-20.751085,149.4548,7,3.39,0,None (0%),0.6519,0.3461,0.002,0.3481,0.0,0.0,300.18854
30,2025-11-09,123,-18.65635,147.71594,2,2.28,0,None (0%),0.7424,0.2416,0.0161,0.2576,0.0,0.0,300.9157
30,2025-11-09,124,-12.470825,143.48958,4,1.65,0,None (0%),0.5482,0.4237,0.0281,0.4518,0.0,0.0,301.7243
30,2025-11-09,125,-12.30835,143.37485,2,1.85,0,None (0%),0.5793,0.3925,0.0283,0.4207,0.0,0.0,301.8443
30,2025-11-09,126,-10.69155,142.73485,2,2.13,1,Moderate (1-50%),0.4756,0.5015,0.0229,0.5244,0.0,0.0,301.93857
30,2025-11-09,127,-18.9561,146.9562,15,2.89,1,Moderate (1-50%),0.288,0.6738,0.0382,0.712,0.0,0.0,301.3171
30,2025-11-09,128,-13.844505,146.55128,41,3.35,1,Moderate (1-50%),0.3648,0.6132,0.022,0.6352,0.0,0.0,301.3657
30,2025-11-09,129,-16.22582,146.00262,10,2.39,1,Moderate (1-50%),0.4213,0.5573,0.0214,0.5787,0.0,0.0,301.48856
30,2025-11-09,130,-15.51399,145.77756,20,1.25,1,Moderate (1-50%),0.4076,0.5681,0.0243,0.5924,0.0,0.0,301.35428
30,2025-11-09,131,-16.0,145.9667,2,2.92,1,Moderate (1-50%),0.4608,0.513,0.0262,0.5392,0.0,0.0,301.44858
30,2025-11-09,132,-17.0,149.1,4,3.85,0,None (0%),0.5823,0.388,0.0297,0.4177,0.0,0.0,301.42572
31,2025-11-16,0,-19.166714,146.84863,209,2.65,0,None (0%),0.4221,0.3424,0.2355,0.5779,0.0,0.0,302.04712
31,2025-11-16,1,-18.646925,146.54514,149,3.23,0,None (0%),0.6413,0.3063,0.0524,0.3587,0.0,0.0,301.33286
31,2025-11-16,2,-10.2196665,150.84866,3,2.66,1,Moderate (1-50%),0.0225,0.7805,0.197,0.9775,0.068571426,0.0,302.77713
31,2025-11-16,3,-23.443886,151.92134,187,2.13,1,Moderate (1-50%),0.4423,0.5551,0.0026,0.5577,0.0,0.0,298.3157
31,2025-11-16,4,-18.75,146.25,2,3.83,0,None (0%),0.6647,0.2731,0.0622,0.3353,0.0,0.0,301.60428
31,2025-11-16,5,-23.146168,150.95728,60,2.97,1,Moderate (1-50%),0.4342,0.5602,0.0055,0.5658,0.0,0.0,299.37573
31,2025-11-16,6,-19.760475,149.15018,69,3.06,1,Moderate (1-50%),0.3241,0.633,0.0428,0.6759,0.0,0.0,300.92285
31,2025-11-16,7,-18.227266,146.74213,3,1.83,0,None (0%),0.5338,0.4325,0.0337,0.4662,0.0,0.0,301.57858
31,2025-11-16,8,-19.020872,146.6052,11,2.13,0,None (0%),0.4891,0.3411,0.1698,0.5109,0.0,0.0,301.82138
31,2025-11-16,9,-18.739391,147.2709,12,1.66,0,None (0%),0.5994,0.3692,0.0314,0.4006,0.0,0.0,301.25287
31,2025-11-16,10,-17.885866,146.59,3,2.0,0,None (0%),0.5735,0.3876,0.0389,0.4265,0.0,0.0,301.6557
31,2025-11-16,11,-17.239176,146.34703,8,2.82,0,None (0%),0.5063,0.4655,0.0282,0.4937,0.0,0.0,301.52856
31,2025-11-16,12,-20.237434,148.9795,103,1.46,1,Moderate (1-50%),0.2789,0.6871,0.034,0.7211,0.0,0.0,300.81
31,2025-11-16,13,-20.3759,150.17145,8,0.38,1,Moderate (1-50%),0.374,0.6011,0.0249,0.626,0.0,0.0,300.42853
31,2025-11-16,14,-20.251957,148.81541,23,2.75,1,Moderate (1-50%),0.1765,0.795,0.0284,0.8235,0.0,0.0,300.93716
31,2025-11-16,15,-20.090439,148.5869,23,2.12,1,Moderate (1-50%),0.2147,0.7367,0.0486,0.7853,0.0,0.0,301.2614
31,2025-11-16,16,-20.022484,148.28569,12,1.15,1,Moderate (1-50%),0.1744,0.6435,0.182,0.8256,0.0,0.0,301.70712
31,2025-11-16,17,-19.86675,147.92262,4,0.95,1,Moderate (1-50%),0.2006,0.5486,0.2508,0.7994,0.0,0.0,301.74713
31,2025-11-16,18,-23.992844,151.69751,7,3.03,1,Moderate (1-50%),0.3514,0.6345,0.0141,0.6486,0.0,0.0,299.19284
31,2025-11-16,19,-23.520433,151.2612,3,1.5,1,Moderate (1-50%),0.3182,0.6764,0.0055,0.6818,0.0,0.0,299.31146
31,2025-11-16,20,-23.408117,151.1666,6,2.06,1,Moderate (1-50%),0.3465,0.6473,0.0062,0.6535,0.0,0.0,299.43
31,2025-11-16,21,-23.326,150.92995,2,0.52,1,Moderate (1-50%),0.2007,0.7836,0.0157,0.7993,0.0,0.0,299.68286
31,2025-11-16,22,-21.991533,152.46994,3,1.91,0,None (0%),0.5257,0.4684,0.0059,0.4743,0.0,0.0,299.55716
31,2025-11-16,23,-20.911617,149.42245,11,1.51,0,None (0%),0.5463,0.4334,0.0204,0.4537,0.0,0.0,300.64853
31,2025-11-16,24,-20.758585,150.43915,7,2.34,1,Moderate (1-50%),0.3873,0.5931,0.0196,0.6127,0.0,0.0,300.35858
31,2025-11-16,25,-19.7155,147.77403,7,1.06,1,Moderate (1-50%),0.3257,0.5881,0.0862,0.6743,0.0,0.0,301.5814
31,2025-11-16,26,-19.34095,148.0835,2,1.99,0,None (0%),0.5189,0.4463,0.0349,0.4811,0.0,0.0,301.06567
31,2025-11-16,27,-19.32325,148.4333,2,0.89,0,None (0%),0.7086,0.2604,0.0311,0.2914,0.0,0.0,300.9
31,2025-11-16,28,-19.311234,148.34396,3,2.51,0,None (0%),0.4833,0.4759,0.0408,0.5167,0.0,0.0,300.9614
31,2025-11-16,29,-19.2076,148.8596,2,2.52,0,None (0%),0.5614,0.4248,0.0138,0.4386,0.0,0.0,300.86142
31,2025-11-16,30,-19.11165,148.33365,6,1.74,0,None (0%),0.7651,0.219,0.016,0.2349,0.0,0.0,300.93143
31,2025-11-16,31,-18.9913,148.06412,6,2.14,0,None (0%),0.5919,0.3958,0.0123,0.4081,0.0,0.0,300.97287
31,2025-11-16,32,-18.847086,147.91052,7,2.89,0,None (0%),0.5931,0.3952,0.0116,0.4069,0.0,0.0,301.00714
31,2025-11-16,33,-18.1497,146.28976,3,3.16,0,None (0%),0.609,0.3303,0.0607,0.391,0.0,0.0,301.83002
31,2025-11-16,34,-17.6551,146.49199,6,2.85,0,None (0%),0.6823,0.2734,0.0443,0.3177,0.0,0.0,301.66428
31,2025-11-16,35,-17.34235,146.52235,4,1.95,0,None (0%),0.5826,0.3808,0.0366,0.4174,0.0,0.0,301.49713
31,2025-11-16,36,-16.871353,146.21158,88,1.49,0,None (0%),0.5377,0.4309,0.0313,0.4623,0.0,0.0,301.4457
31,2025-11-16,37,-16.935507,145.98845,13,1.85,0,None (0%),0.4807,0.406,0.1132,0.5193,0.0,0.0,301.70856
31,2025-11-16,38,-16.52347,145.99037,108,1.65,0,None (0%),0.7227,0.2621,0.0152,0.2773,0.0,0.0,301.52573
31,2025-11-16,39,-16.12418,145.83456,243,1.03,0,None (0%),0.7375,0.2493,0.0132,0.2625,0.0,0.0,301.52286
31,2025-11-16,40,-15.77885,145.58086,2,0.76,0,None (0%),0.5944,0.3549,0.0506,0.4056,0.0,0.0,301.8314
31,2025-11-16,41,-15.499777,145.51018,13,3.18,0,None (0%),0.5602,0.4023,0.0376,0.4398,0.0,0.0,301.76285
31,2025-11-16,42,-14.85125,145.27235,2,2.66,0,None (0%),0.5039,0.3686,0.1275,0.4961,0.0,0.0,301.8957
31,2025-11-16,43,-14.728744,145.10814,16,1.86,1,Moderate (1-50%),0.4354,0.4579,0.1067,0.5646,0.0,0.0,302.04
31,2025-11-16,44,-14.4546,144.90607,7,3.05,0,None (0%),0.4893,0.4333,0.0774,0.5107,0.0,0.0,301.84714
31,2025-11-16,45,-14.1632,144.26332,5,1.82,0,None (0%),0.5038,0.4246,0.0717,0.4962,0.0,0.0,301.86572
31,2025-11-16,46,-14.13435,144.5049,2,2.4,0,None (0%),0.625,0.3431,0.0319,0.375,0.0,0.0,301.74857
31,2025-11-16,47,-14.07125,143.8833,2,0.99,1,Moderate (1-50%),0.3433,0.6178,0.0389,0.6567,0.0,0.0,302.47
31,2025-11-16,48,-13.922125,143.78668,4,1.3,1,Moderate (1-50%),0.3547,0.6136,0.0317,0.6453,0.0,0.0,302.4814
31,2025-11-16,49,-23.6966,152.1829,2,2.53,1,Moderate (1-50%),0.4625,0.5352,0.0023,0.5375,0.0,0.0,298.18143
31,2025-11-16,50,-17.776623,146.45274,9,2.36,0,None (0%),0.6184,0.3364,0.0452,0.3816,0.0,0.0,301.66998
31,2025-11-16,51,-16.284166,145.4936,3,2.23,1,Moderate (1-50%),0.3774,0.5415,0.0811,0.6226,0.0,0.0,302.14282
31,2025-11-16,52,-15.71492,145.45647,5,2.28,0,None (0%),0.529,0.3875,0.0835,0.471,0.0,0.0,301.95712
31,2025-11-16,53,-22.2081,150.33665,2,2.23,1,Moderate (1-50%),0.1781,0.8028,0.0191,0.8219,0.0,0.0,300.36142
31,2025-11-16,54,-22.024067,150.66617,3,0.92,0,None (0%),0.5619,0.4289,0.0092,0.4381,0.0,0.0,299.98712
31,2025-11-16,55,-22.018534,150.34753,3,2.43,1,Moderate (1-50%),0.199,0.7855,0.0155,0.801,0.0,0.0,300.33426
31,2025-11-16,56,-21.95394,150.1631,5,2.64,1,Moderate (1-50%),0.2048,0.7698,0.0255,0.7952,0.0,0.0,300.4814
31,2025-11-16,57,-21.6832,150.28384,4,1.29,1,Moderate (1-50%),0.3601,0.6258,0.0141,0.6399,0.0,0.0,300.16144
31,2025-11-16,58,-21.455212,149.86604,8,2.39,1,Moderate (1-50%),0.3381,0.6382,0.0237,0.6619,0.0,0.0,300.5043
31,2025-11-16,59,-18.062532,146.56087,3,2.04,0,None (0%),0.5114,0.4347,0.054,0.4886,0.0,0.0,301.72144
31,2025-11-16,60,-23.958666,151.47777,3,1.84,1,Moderate (1-50%),0.3606,0.6269,0.0125,0.6394,0.0,0.0,299.45996
31,2025-11-16,61,-23.767967,151.33594,3,1.36,1,Moderate (1-50%),0.2617,0.7285,0.0097,0.7383,0.0,0.0,299.50858
31,2025-11-16,62,-23.5347,151.73087,3,1.23,1,Moderate (1-50%),0.4646,0.5321,0.0033,0.5354,0.0,0.0,298.5643
31,2025-11-16,63,-19.2064,147.0493,3,3.28,1,Moderate (1-50%),0.3656,0.4854,0.149,0.6344,0.0,0.0,301.7614
31,2025-11-16,64,-18.0518,146.78749,12,2.9,1,Moderate (1-50%),0.3751,0.6006,0.0243,0.6249,0.0,0.0,301.60428
31,2025-11-16,65,-18.008833,146.16989,9,1.88,0,None (0%),0.5774,0.3336,0.089,0.4226,0.0,0.0,301.84427
31,2025-11-16,66,-17.721071,146.1557,7,2.09,0,None (0%),0.6437,0.2755,0.0808,0.3563,0.0,0.0,301.65143
31,2025-11-16,67,-17.467283,146.3924,6,2.04,0,None (0%),0.6817,0.2671,0.0512,0.3183,0.0,0.0,301.67996
31,2025-11-16,68,-17.20583,146.07251,10,2.15,0,None (0%),0.4566,0.4434,0.1,0.5434,0.0,0.0,301.68286
31,2025-11-16,69,-16.545633,145.52946,3,2.34,1,Moderate (1-50%),0.3707,0.3787,0.2506,0.6293,0.0,0.0,302.3228
31,2025-11-16,70,-16.379562,145.56004,47,1.67,0,None (0%),0.5237,0.3875,0.0889,0.4763,0.0,0.0,302.08856
31,2025-11-16,71,-15.9993,145.4327,3,2.82,1,Moderate (1-50%),0.4232,0.495,0.0818,0.5768,0.0,0.0,302.10428
31,2025-11-16,72,-15.156473,145.46036,11,2.59,0,None (0%),0.6272,0.3399,0.033,0.3728,0.0,0.0,301.61002
31,2025-11-16,73,-11.8956,143.1068,2,3.03,0,None (0%),0.5684,0.4174,0.0142,0.4316,0.0,0.0,302.15143
31,2025-11-16,74,-10.14675,151.16306,2,3.4,1,Moderate (1-50%),0.0109,0.856,0.1331,0.9891,0.15428571,0.022857143,302.7571
31,2025-11-16,75,-18.4208,147.34987,3,2.66,1,Moderate (1-50%),0.4281,0.5422,0.0298,0.5719,0.0,0.0,301.38998
31,2025-11-16,76,-19.54529,149.26216,28,2.63,0,None (0%),0.6839,0.299,0.0171,0.3161,0.0,0.0,300.7243
31,2025-11-16,77,-18.665953,147.07942,15,1.11,0,None (0%),0.5257,0.434,0.0403,0.4743,0.0,0.0,301.20712
31,2025-11-16,78,-18.441046,146.99043,15,2.42,0,None (0%),0.5785,0.3983,0.0232,0.4215,0.0,0.0,301.3714
31,2025-11-16,79,-22.0,152.67,2,2.83,0,None (0%),0.5398,0.4572,0.003,0.4602,0.0,0.0,299.32712
31,2025-11-16,80,-18.402128,146.79951,11,3.63,0,None (0%),0.4876,0.4715,0.0409,0.5124,0.0,0.0,301.47
31,2025-11-16,81,-18.52425,147.1444,2,2.05,0,None (0%),0.7497,0.2282,0.0222,0.2503,0.0,0.0,301.28998
31,2025-11-16,82,-21.3925,152.50706,5,2.69,1,Moderate (1-50%),0.4543,0.5138,0.0319,0.5457,0.0,0.0,300.29855
31,2025-11-16,83,-21.121021,152.48535,9,1.16,0,None (0%),0.5025,0.4621,0.0354,0.4975,0.0,0.0,300.6843
31,2025-11-16,84,-21.106472,152.2254,11,2.06,0,None (0%),0.6606,0.3041,0.0353,0.3394,0.0,0.0,300.71286
31,2025-11-16,85,-20.96795,149.75764,2,1.96,0,None (0%),0.4957,0.4868,0.0175,0.5043,0.0,0.0,300.54712
31,2025-11-16,86,-20.928566,150.04893,3,2.52,1,Moderate (1-50%),0.3863,0.5864,0.0273,0.6137,0.0,0.0,300.61282
31,2025-11-16,87,-19.68672,149.93729,5,1.83,0,None (0%),0.6728,0.3116,0.0156,0.3272,0.0,0.0,300.6114
31,2025-11-16,88,-19.501034,148.7524,3,3.57,1,Moderate (1-50%),0.3571,0.6065,0.0364,0.6429,0.0,0.0,300.8157
31,2025-11-16,89,-19.3041,148.6315,4,2.42,0,None (0%),0.6726,0.3025,0.0249,0.3274,0.0,0.0,300.72568
31,2025-11-16,90,-19.20995,148.542,2,2.45,0,None (0%),0.7714,0.2104,0.0182,0.2286,0.0,0.0,300.77426
31,2025-11-16,91,-18.82149,147.65489,18,2.15,0,None (0%),0.7306,0.2581,0.0112,0.2694,0.0,0.0,301.07715
31,2025-11-16,92,-17.5251,146.52454,3,0.05,0,None (0%),0.5179,0.4462,0.0358,0.4821,0.0,0.0,301.66714
31,2025-11-16,93,-14.88175,145.50227,6,2.56,0,None (0%),0.7448,0.2361,0.0191,0.2552,0.0,0.0,301.54715
31,2025-11-16,94,-24.112192,152.71562,14,1.71,0,None (0%),0.537,0.4612,0.0018,0.463,0.0,0.0,298.4414
31,2025-11-16,95,-19.449833,148.86703,3,2.89,0,None (0%),0.6184,0.3521,0.0295,0.3816,0.0,0.0,300.70142
31,2025-11-16,96,-16.409634,145.74434,3,2.68,0,None (0%),0.4828,0.3879,0.1293,0.5172,0.0,0.0,302.05002
31,2025-11-16,97,-12.67815,143.5829,2,0.93,0,None (0%),0.634,0.3506,0.0154,0.366,0.0,0.0,301.77713
31,2025-11-16,98,-12.2257,143.2841,2,0.99,0,None (0%),0.6458,0.3385,0.0157,0.3542,0.0,0.0,302.16998
31,2025-11-16,99,-11.782,142.95316,5,2.5,0,None (0%),0.5674,0.4145,0.0181,0.4326,0.0,0.0,302.24286
31,2025-11-16,100,-11.7694,143.09245,2,2.0,0,None (0%),0.6304,0.3542,0.0155,0.3696,0.0,0.0,302.15143
31,2025-11-16,101,-11.482866,143.01598,9,1.32,0,None (0%),0.62,0.3628,0.0172,0.38,0.0,0.0,302.21
31,2025-11-16,102,-11.191144,142.98755,9,2.26,0,None (0%),0.5142,0.4668,0.019,0.4858,0.0,0.0,302.29
31,2025-11-16,103,-14.610958,145.62405,19,1.56,1,Moderate (1-50%),0.4006,0.574,0.0254,0.5994,0.0,0.0,301.61002
31,2025-11-16,104,-14.704066,145.44646,9,3.28,0,None (0%),0.778,0.1984,0.0236,0.222,0.0,0.0,301.59283
31,2025-11-16,105,-23.32,151.98,2,0.75,1,Moderate (1-50%),0.4563,0.5397,0.004,0.5437,0.0,0.0,298.2786
31,2025-11-16,106,-18.26362,147.38202,5,1.47,1,Moderate (1-50%),0.391,0.5727,0.0363,0.609,0.0,0.0,301.43143
31,2025-11-16,107,-14.0,146.0,2,3.87,0,None (0%),0.6269,0.365,0.0081,0.3731,0.0,0.0,301.5257
31,2025-11-16,108,-21.87,152.19,2,1.64,1,Moderate (1-50%),0.4905,0.4994,0.0101,0.5095,0.0,0.0,299.74713
31,2025-11-16,109,-21.13605,150.77615,2,1.23,0,None (0%),0.5782,0.4126,0.0093,0.4218,0.0,0.0,300.07285
31,2025-11-16,110,-20.66895,150.2588,2,1.81,0,None (0%),0.5086,0.4755,0.0159,0.4914,0.0,0.0,300.4243
31,2025-11-16,111,-20.08315,149.93718,4,1.56,1,Moderate (1-50%),0.4041,0.5714,0.0245,0.5959,0.0,0.0,300.3714
31,2025-11-16,112,-19.6179,149.67664,3,0.81,0,None (0%),0.6415,0.3394,0.0192,0.3585,0.0,0.0,300.6186
31,2025-11-16,113,-18.791527,147.52235,34,1.86,0,None (0%),0.7166,0.2636,0.0197,0.2834,0.0,0.0,301.17996
31,2025-11-16,114,-18.53455,147.49355,4,2.22,0,None (0%),0.5639,0.3998,0.0364,0.4361,0.0,0.0,301.2857
31,2025-11-16,115,-18.1362,146.9716,2,1.3,1,Moderate (1-50%),0.4378,0.5357,0.0265,0.5622,0.0,0.0,301.53
31,2025-11-16,116,-15.359506,145.7791,18,1.78,1,Moderate (1-50%),0.4153,0.5717,0.013,0.5847,0.0,0.0,301.5957
31,2025-11-16,117,-14.925742,145.68793,38,1.39,1,Moderate (1-50%),0.4405,0.5381,0.0214,0.5595,0.0,0.0,301.55426
31,2025-11-16,118,-15.02785,145.56805,2,0.81,0,None (0%),0.7413,0.243,0.0157,0.2587,0.0,0.0,301.49857
31,2025-11-16,119,-12.767325,143.42282,4,0.89,1,Moderate (1-50%),0.2577,0.7096,0.0327,0.7423,0.0,0.0,302.09427
31,2025-11-16,120,-11.997334,143.27243,6,2.5,0,None (0%),0.6721,0.315,0.0129,0.3279,0.0,0.0,302.1
31,2025-11-16,121,-11.0088,142.98685,2,2.22,0,None (0%),0.5055,0.4803,0.0142,0.4945,0.0,0.0,302.29428
31,2025-11-16,122,-20.751085,149.4548,7,3.39,0,None (0%),0.6388,0.3527,0.0085,0.3612,0.0,0.0,300.64282
31,2025-11-16,123,-18.65635,147.71594,2,2.28,0,None (0%),0.6524,0.3366,0.011,0.3476,0.0,0.0,301.13715
31,2025-11-16,124,-12.470825,143.48958,4,1.65,0,None (0%),0.598,0.3914,0.0106,0.402,0.0,0.0,301.92426
31,2025-11-16,125,-12.30835,143.37485,2,1.85,0,None (0%),0.6324,0.3549,0.0127,0.3676,0.0,0.0,302.07855
31,2025-11-16,126,-10.69155,142.73485,2,2.13,0,None (0%),0.562,0.4186,0.0194,0.438,0.0,0.0,302.08
31,2025-11-16,127,-18.9561,146.9562,15,2.89,1,Moderate (1-50%),0.4342,0.4674,0.0984,0.5658,0.0,0.0,301.35
31,2025-11-16,128,-13.844505,146.55128,41,3.35,0,None (0%),0.7462,0.2427,0.0111,0.2538,0.0,0.0,301.54425
31,2025-11-16,129,-16.22582,146.00262,10,2.39,1,Moderate (1-50%),0.4675,0.5151,0.0174,0.5325,0.0,0.0,301.52
31,2025-11-16,130,-15.51399,145.77756,20,1.25,0,None (0%),0.5452,0.4405,0.0143,0.4548,0.0,0.0,301.5857
31,2025-11-16,131,-16.0,145.9667,2,2.92,1,Moderate (1-50%),0.441,0.5444,0.0146,0.559,0.0,0.0,301.5357
31,2025-11-16,132,-17.0,149.1,4,3.85,1,Moderate (1-50%),0.4415,0.4969,0.0616,0.5585,0.0,0.0,301.47
32,2025-11-23,0,-19.166714,146.84863,209,2.65,1,Moderate (1-50%),0.4085,0.4105,0.181,0.5915,0.0,0.0,302.42285
32,2025-11-23,1,-18.646925,146.54514,149,3.23,0,None (0%),0.7305,0.2197,0.0498,0.2695,0.0,0.0,301.63998
32,2025-11-23,2,-10.2196665,150.84866,3,2.66,1,Moderate (1-50%),0.0558,0.7776,0.1666,0.9442,0.0,0.0,302.78
32,2025-11-23,3,-23.443886,151.92134,187,2.13,1,Moderate (1-50%),0.468,0.5267,0.0052,0.532,0.0,0.0,298.92715
32,2025-11-23,4,-18.75,146.25,2,3.83,0,None (0%),0.7733,0.1585,0.0683,0.2267,0.0,0.0,301.8643
32,2025-11-23,5,-23.146168,150.95728,60,2.97,1,Moderate (1-50%),0.4493,0.5317,0.019,0.5507,0.0,0.0,300.02713
32,2025-11-23,6,-19.760475,149.15018,69,3.06,0,None (0%),0.6468,0.3008,0.0524,0.3532,0.0,0.0,301.1014
32,2025-11-23,7,-18.227266,146.74213,3,1.83,0,None (0%),0.5216,0.4351,0.0433,0.4784,0.0,0.0,301.7214
32,2025-11-23,8,-19.020872,146.6052,11,2.13,0,None (0%),0.784,0.1655,0.0504,0.216,0.0,0.0,302.14285
32,2025-11-23,9,-18.739391,147.2709,12,1.66,0,None (0%),0.8176,0.1556,0.0268,0.1824,0.0,0.0,301.4943
32,2025-11-23,10,-17.885866,146.59,3,2.0,0,None (0%),0.4665,0.4583,0.0752,0.5335,0.0,0.0,301.9457
32,2025-11-23,11,-17.239176,146.34703,8,2.82,0,None (0%),0.7376,0.2302,0.0322,0.2624,0.0,0.0,301.86426
32,2025-11-23,12,-20.237434,148.9795,103,1.46,1,Moderate (1-50%),0.4506,0.5087,0.0407,0.5494,0.0,0.0,300.9357
32,2025-11-23,13,-20.3759,150.17145,8,0.38,1,Moderate (1-50%),0.4725,0.4834,0.0441,0.5275,0.0,0.0,300.68857
32,2025-11-23,14,-20.251957,148.81541,23,2.75,1,Moderate (1-50%),0.2648,0.6593,0.0759,0.7352,0.0,0.0,301.1443
32,2025-11-23,15,-20.090439,148.5869,23,2.12,1,Moderate (1-50%),0.2978,0.5522,0.15,0.7022,0.0,0.0,301.43283
32,2025-11-23,16,-20.022484,148.28569,12,1.15,2,Severe (>50%),0.1704,0.3681,0.4615,0.8296,0.0,0.0,301.90997
32,2025-11-23,17,-19.86675,147.92262,4,0.95,2,Severe (>50%),0.1817,0.3746,0.4437,0.8183,0.0,0.0,301.89426
32,2025-11-23,18,-23.992844,151.69751,7,3.03,0,None (0%),0.6164,0.3287,0.0549,0.3836,0.0,0.0,299.62997
32,2025-11-23,19,-23.520433,151.2612,3,1.5,1,Moderate (1-50%),0.4381,0.5373,0.0246,0.5619,0.0,0.0,299.84003
32,2025-11-23,20,-23.408117,151.1666,6,2.06,0,None (0%),0.4864,0.4447,0.0689,0.5136,0.0,0.0,299.92145
32,2025-11-23,21,-23.326,150.92995,2,0.52,0,None (0%),0.4922,0.3943,0.1136,0.5078,0.0,0.0,300.17142
32,2025-11-23,22,-21.991533,152.46994,3,1.91,1,Moderate (1-50%),0.4281,0.5597,0.0122,0.5719,0.0,0.0,299.97427
32,2025-11-23,23,-20.911617,149.42245,11,1.51,0,None (0%),0.5661,0.4104,0.0234,0.4339,0.0,0.0,301.02286
32,2025-11-23,24,-20.758585,150.43915,7,2.34,0,None (0%),0.6476,0.3181,0.0343,0.3524,0.0,0.0,300.72
32,2025-11-23,25,-19.7155,147.77403,7,1.06,1,Moderate (1-50%),0.3039,0.4957,0.2004,0.6961,0.0,0.0,301.57858
32,2025-11-23,26,-19.34095,148.0835,2,1.99,0,None (0%),0.7695,0.2012,0.0293,0.2305,0.0,0.0,301.27286
32,2025-11-23,27,-19.32325,148.4333,2,0.89,0,None (0%),0.7983,0.1633,0.0384,0.2017,0.0,0.0,301.16
32,2025-11-23,28,-19.311234,148.34396,3,2.51,0,None (0%),0.7835,0.1764,0.0401,0.2165,0.0,0.0,301.20712
32,2025-11-23,29,-19.2076,148.8596,2,2.52,0,None (0%),0.7673,0.2146,0.0182,0.2327,0.0,0.0,301.0457
32,2025-11-23,30,-19.11165,148.33365,6,1.74,0,None (0%),0.7137,0.2615,0.0248,0.2863,0.0,0.0,301.1743
32,2025-11-23,31,-18.9913,148.06412,6,2.14,0,None (0%),0.7174,0.2625,0.0201,0.2826,0.0,0.0,301.23715
32,2025-11-23,32,-18.847086,147.91052,7,2.89,0,None (0%),0.689,0.2862,0.0248,0.311,0.0,0.0,301.2271
32,2025-11-23,33,-18.1497,146.28976,3,3.16,0,None (0%),0.7118,0.2161,0.0721,0.2882,0.0,0.0,302.03427
32,2025-11-23,34,-17.6551,146.49199,6,2.85,0,None (0%),0.4967,0.4552,0.0481,0.5033,0.0,0.0,302.0157
32,2025-11-23,35,-17.34235,146.52235,4,1.95,0,None (0%),0.7271,0.2538,0.0191,0.2729,0.0,0.0,301.8686
32,2025-11-23,36,-16.871353,146.21158,88,1.49,0,None (0%),0.6898,0.2715,0.0387,0.3102,0.0,0.0,301.74
32,2025-11-23,37,-16.935507,145.98845,13,1.85,0,None (0%),0.709,0.2308,0.0602,0.291,0.0,0.0,301.97858
32,2025-11-23,38,-16.52347,145.99037,108,1.65,0,None (0%),0.758,0.2204,0.0216,0.242,0.0,0.0,301.74997
32,2025-11-23,39,-16.12418,145.83456,243,1.03,0,None (0%),0.7387,0.2458,0.0154,0.2613,0.0,0.0,301.6771
32,2025-11-23,40,-15.77885,145.58086,2,0.76,0,None (0%),0.7016,0.2556,0.0428,0.2984,0.0,0.0,301.79858
32,2025-11-23,41,-15.499777,145.51018,13,3.18,0,None (0%),0.6676,0.2885,0.0439,0.3324,0.0,0.0,301.69998
32,2025-11-23,42,-14.85125,145.27235,2,2.66,0,None (0%),0.7165,0.2289,0.0546,0.2835,0.0,0.0,301.8514
32,2025-11-23,43,-14.728744,145.10814,16,1.86,0,None (0%),0.4417,0.4354,0.123,0.5583,0.0,0.0,301.91714
32,2025-11-23,44,-14.4546,144.90607,7,3.05,0,None (0%),0.5078,0.3614,0.1307,0.4922,0.0,0.0,301.87427
32,2025-11-23,45,-14.1632,144.26332,5,1.82,0,None (0%),0.7174,0.2045,0.078,0.2826,0.0,0.0,302.0414
32,2025-11-23,46,-14.13435,144.5049,2,2.4,0,None (0%),0.6383,0.295,0.0668,0.3617,0.0,0.0,301.9057
32,2025-11-23,47,-14.07125,143.8833,2,0.99,0,None (0%),0.5125,0.4339,0.0536,0.4875,0.0,0.0,302.60284
32,2025-11-23,48,-13.922125,143.78668,4,1.3,1,Moderate (1-50%),0.3594,0.532,0.1087,0.6406,0.0,0.0,302.63998
32,2025-11-23,49,-23.6966,152.1829,2,2.53,1,Moderate (1-50%),0.42,0.577,0.003,0.58,0.0,0.0,298.61142
32,2025-11-23,50,-17.776623,146.45274,9,2.36,0,None (0%),0.6125,0.3213,0.0662,0.3875,0.0,0.0,302.01712
32,2025-11-23,51,-16.284166,145.4936,3,2.23,0,None (0%),0.4643,0.422,0.1137,0.5357,0.0,0.0,302.24857
32,2025-11-23,52,-15.71492,145.45647,5,2.28,0,None (0%),0.5608,0.3752,0.0641,0.4392,0.0,0.0,301.92285
32,2025-11-23,53,-22.2081,150.33665,2,2.23,1,Moderate (1-50%),0.2125,0.7292,0.0583,0.7875,0.0,0.0,300.73856
32,2025-11-23,54,-22.024067,150.66617,3,0.92,0,None (0%),0.5094,0.4518,0.0387,0.4906,0.0,0.0,300.5143
32,2025-11-23,55,-22.018534,150.34753,3,2.43,1,Moderate (1-50%),0.2195,0.7008,0.0797,0.7805,0.0,0.0,300.75714
32,2025-11-23,56,-21.95394,150.1631,5,2.64,1,Moderate (1-50%),0.222,0.7207,0.0572,0.778,0.0,0.0,300.84714
32,2025-11-23,57,-21.6832,150.28384,4,1.29,0,None (0%),0.5602,0.3993,0.0405,0.4398,0.0,0.0,300.65143
32,2025-11-23,58,-21.455212,149.86604,8,2.39,0,None (0%),0.4769,0.4747,0.0484,0.5231,0.0,0.0,300.97574
32,2025-11-23,59,-18.062532,146.56087,3,2.04,0,None (0%),0.5502,0.3639,0.0859,0.4498,0.0,0.0,301.93283
32,2025-11-23,60,-23.958666,151.47777,3,1.84,0,None (0%),0.5926,0.3161,0.0913,0.4074,0.0,0.0,299.8686
32,2025-11-23,61,-23.767967,151.33594,3,1.36,1,Moderate (1-50%),0.2728,0.5163,0.2109,0.7272,0.0,0.0,299.9814
32,2025-11-23,62,-23.5347,151.73087,3,1.23,1,Moderate (1-50%),0.4263,0.5659,0.0078,0.5737,0.0,0.0,299.2314
32,2025-11-23,63,-19.2064,147.0493,3,3.28,0,None (0%),0.5823,0.3037,0.114,0.4177,0.0,0.0,301.97858
32,2025-11-23,64,-18.0518,146.78749,12,2.9,1,Moderate (1-50%),0.3882,0.5774,0.0344,0.6118,0.0,0.0,301.74857
32,2025-11-23,65,-18.008833,146.16989,9,1.88,0,None (0%),0.6641,0.2376,0.0983,0.3359,0.0,0.0,302.09857
32,2025-11-23,66,-17.721071,146.1557,7,2.09,0,None (0%),0.675,0.271,0.054,0.325,0.0,0.0,302.04858
32,2025-11-23,67,-17.467283,146.3924,6,2.04,0,None (0%),0.743,0.204,0.053,0.257,0.0,0.0,302.03427
32,2025-11-23,68,-17.20583,146.07251,10,2.15,0,None (0%),0.6711,0.2413,0.0876,0.3289,0.0,0.0,301.9771
32,2025-11-23,69,-16.545633,145.52946,3,2.34,1,Moderate (1-50%),0.2228,0.5502,0.227,0.7772,0.0,0.0,302.44287
32,2025-11-23,70,-16.379562,145.56004,47,1.67,0,None (0%),0.5412,0.3492,0.1097,0.4588,0.0,0.0,302.19855
32,2025-11-23,71,-15.9993,145.4327,3,2.82,0,None (0%),0.5078,0.3681,0.1241,0.4922,0.0,0.0,302.11282
32,2025-11-23,72,-15.156473,145.46036,11,2.59,0,None (0%),0.7524,0.2067,0.0409,0.2476,0.0,0.0,301.69855
32,2025-11-23,73,-11.8956,143.1068,2,3.03,0,None (0%),0.5981,0.3688,0.0331,0.4019,0.0,0.0,302.16714
32,2025-11-23,74,-10.14675,151.16306,2,3.4,1,Moderate (1-50%),0.0143,0.7382,0.2475,0.9857,0.5485714,0.5485714,302.96426
32,2025-11-23,75,-18.4208,147.34987,3,2.66,0,None (0%),0.5053,0.4765,0.0182,0.4947,0.0,0.0,301.64285
32,2025-11-23,76,-19.54529,149.26216,28,2.63,0,None (0%),0.8193,0.1626,0.018,0.1807,0.0,0.0,300.87997
32,2025-11-23,77,-18.665953,147.07942,15,1.11,0,None (0%),0.8506,0.1181,0.0313,0.1494,0.0,0.0,301.46426
32,2025-11-23,78,-18.441046,146.99043,15,2.42,0,None (0%),0.7805,0.1947,0.0248,0.2195,0.0,0.0,301.60568
32,2025-11-23,79,-22.0,152.67,2,2.83,1,Moderate (1-50%),0.4282,0.5669,0.005,0.5718,0.0,0.0,299.72568
32,2025-11-23,80,-18.402128,146.79951,11,3.63,0,None (0%),0.7295,0.2284,0.0421,0.2705,0.0,0.0,301.69855
32,2025-11-23,81,-18.52425,147.1444,2,2.05,0,None (0%),0.7917,0.1778,0.0304,0.2083,0.0,0.0,301.51712
32,2025-11-23,82,-21.3925,152.50706,5,2.69,0,None (0%),0.7512,0.2161,0.0327,0.2488,0.0,0.0,300.63715
32,2025-11-23,83,-21.121021,152.48535,9,1.16,0,None (0%),0.6822,0.2906,0.0272,0.3178,0.0,0.0,300.86572
32,2025-11-23,84,-21.106472,152.2254,11,2.06,0,None (0%),0.6826,0.2822,0.0352,0.3174,0.0,0.0,300.86856
32,2025-11-23,85,-20.96795,149.75764,2,1.96,0,None (0%),0.6666,0.3087,0.0247,0.3334,0.0,0.0,300.99
32,2025-11-23,86,-20.928566,150.04893,3,2.52,0,None (0%),0.4842,0.4656,0.0503,0.5158,0.0,0.0,301.02713
32,2025-11-23,87,-19.68672,149.93729,5,1.83,0,None (0%),0.7994,0.1811,0.0195,0.2006,0.0,0.0,300.59427
32,2025-11-23,88,-19.501034,148.7524,3,3.57,0,None (0%),0.7741,0.1941,0.0317,0.2259,0.0,0.0,301.03857
32,2025-11-23,89,-19.3041,148.6315,4,2.42,0,None (0%),0.7842,0.191,0.0248,0.2158,0.0,0.0,300.97
32,2025-11-23,90,-19.20995,148.542,2,2.45,0,None (0%),0.7176,0.2422,0.0402,0.2824,0.0,0.0,301.02856
32,2025-11-23,91,-18.82149,147.65489,18,2.15,0,None (0%),0.8686,0.119,0.0124,0.1314,0.0,0.0,301.32285
32,2025-11-23,92,-17.5251,146.52454,3,0.05,0,None (0%),0.5482,0.4109,0.0409,0.4518,0.0,0.0,301.98285
32,2025-11-23,93,-14.88175,145.50227,6,2.56,0,None (0%),0.7104,0.254,0.0356,0.2896,0.0,0.0,301.70712
32,2025-11-23,94,-24.112192,152.71562,14,1.71,1,Moderate (1-50%),0.4737,0.5249,0.0014,0.5263,0.0,0.0,298.82428
32,2025-11-23,95,-19.449833,148.86703,3,2.89,0,None (0%),0.7383,0.2343,0.0273,0.2617,0.0,0.0,300.9114
32,2025-11-23,96,-16.409634,145.74434,3,2.68,0,None (0%),0.5575,0.3571,0.0854,0.4425,0.0,0.0,302.0957
32,2025-11-23,97,-12.67815,143.5829,2,0.93,0,None (0%),0.6475,0.3221,0.0304,0.3525,0.0,0.0,301.9714
32,2025-11-23,98,-12.2257,143.2841,2,0.99,0,None (0%),0.6198,0.3423,0.038,0.3802,0.0,0.0,302.1943
32,2025-11-23,99,-11.782,142.95316,5,2.5,0,None (0%),0.5789,0.3881,0.033,0.4211,0.0,0.0,302.1843
32,2025-11-23,100,-11.7694,143.09245,2,2.0,0,None (0%),0.6151,0.3561,0.0288,0.3849,0.0,0.0,302.16855
32,2025-11-23,101,-11.482866,143.01598,9,1.32,0,None (0%),0.6203,0.3525,0.0272,0.3797,0.0,0.0,302.25854
32,2025-11-23,102,-11.191144,142.98755,9,2.26,0,None (0%),0.6541,0.3224,0.0235,0.3459,0.0,0.0,302.35425
32,2025-11-23,103,-14.610958,145.62405,19,1.56,0,None (0%),0.5217,0.4581,0.0202,0.4783,0.0,0.0,301.69855
32,2025-11-23,104,-14.704066,145.44646,9,3.28,0,None (0%),0.7155,0.2246,0.0599,0.2845,0.0,0.0,301.65573
32,2025-11-23,105,-23.32,151.98,2,0.75,1,Moderate (1-50%),0.4017,0.5932,0.0051,0.5983,0.0,0.0,298.76855
32,2025-11-23,106,-18.26362,147.38202,5,1.47,0,None (0%),0.562,0.4145,0.0235,0.438,0.0,0.0,301.6657
32,2025-11-23,107,-14.0,146.0,2,3.87,0,None (0%),0.6767,0.312,0.0112,0.3233,0.0,0.0,301.66714
32,2025-11-23,108,-21.87,152.19,2,1.64,1,Moderate (1-50%),0.4883,0.4935,0.0183,0.5117,0.0,0.0,300.17572
32,2025-11-23,109,-21.13605,150.77615,2,1.23,0,None (0%),0.7221,0.2391,0.0388,0.2779,0.0,0.0,300.43286
32,2025-11-23,110,-20.66895,150.2588,2,1.81,0,None (0%),0.5945,0.3694,0.0361,0.4055,0.0,0.0,300.6971
32,2025-11-23,111,-20.08315,149.93718,4,1.56,1,Moderate (1-50%),0.4505,0.4942,0.0553,0.5495,0.0,0.0,300.50858
32,2025-11-23,112,-19.6179,149.67664,3,0.81,0,None (0%),0.7641,0.2106,0.0253,0.2359,0.0,0.0,300.6486
32,2025-11-23,113,-18.791527,147.52235,34,1.86,0,None (0%),0.8264,0.1516,0.022,0.1736,0.0,0.0,301.41
32,2025-11-23,114,-18.53455,147.49355,4,2.22,0,None (0%),0.5281,0.4391,0.0328,0.4719,0.0,0.0,301.52713
32,2025-11-23,115,-18.1362,146.9716,2,1.3,1,Moderate (1-50%),0.3502,0.6235,0.0264,0.6498,0.0,0.0,301.78
32,2025-11-23,116,-15.359506,145.7791,18,1.78,0,None (0%),0.6053,0.3789,0.0158,0.3947,0.0,0.0,301.61002
32,2025-11-23,117,-14.925742,145.68793,38,1.39,0,None (0%),0.5892,0.3898,0.021,0.4108,0.0,0.0,301.6914
32,2025-11-23,118,-15.02785,145.56805,2,0.81,0,None (0%),0.7302,0.2527,0.0171,0.2698,0.0,0.0,301.67572
32,2025-11-23,119,-12.767325,143.42282,4,0.89,0,None (0%),0.4635,0.4342,0.1023,0.5365,0.0,0.0,302.04144
32,2025-11-23,120,-11.997334,143.27243,6,2.5,0,None (0%),0.5355,0.4315,0.033,0.4645,0.0,0.0,302.18573
32,2025-11-23,121,-11.0088,142.98685,2,2.22,0,None (0%),0.6706,0.3004,0.029,0.3294,0.0,0.0,302.37714
32,2025-11-23,122,-20.751085,149.4548,7,3.39,0,None (0%),0.5393,0.4404,0.0203,0.4607,0.0,0.0,300.96713
32,2025-11-23,123,-18.65635,147.71594,2,2.28,0,None (0%),0.8033,0.1828,0.0139,0.1967,0.0,0.0,301.3414
32,2025-11-23,124,-12.470825,143.48958,4,1.65,0,None (0%),0.6325,0.3442,0.0232,0.3675,0.0,0.0,301.99857
32,2025-11-23,125,-12.30835,143.37485,2,1.85,0,None (0%),0.6998,0.2698,0.0304,0.3002,0.0,0.0,302.12427
32,2025-11-23,126,-10.69155,142.73485,2,2.13,0,None (0%),0.6082,0.3604,0.0314,0.3918,0.0,0.0,302.35
32,2025-11-23,127,-18.9561,146.9562,15,2.89,0,None (0%),0.728,0.228,0.044,0.272,0.0,0.0,301.69427
32,2025-11-23,128,-13.844505,146.55128,41,3.35,0,None (0%),0.5722,0.415,0.0128,0.4278,0.0,0.0,301.82858
32,2025-11-23,129,-16.22582,146.00262,10,2.39,0,None (0%),0.6619,0.3177,0.0204,0.3381,0.0,0.0,301.7457
32,2025-11-23,130,-15.51399,145.77756,20,1.25,0,None (0%),0.6362,0.3365,0.0274,0.3638,0.0,0.0,301.58002
32,2025-11-23,131,-16.0,145.9667,2,2.92,0,None (0%),0.6845,0.3018,0.0137,0.3155,0.0,0.0,301.6657
32,2025-11-23,132,-17.0,149.1,4,3.85,0,None (0%),0.6921,0.2518,0.0561,0.3079,0.0,0.0,301.58282
33,2025-11-30,0,-19.166714,146.84863,209,2.65,1,Moderate (1-50%),0.2754,0.5716,0.153,0.7246,0.27857143,0.27857143,302.9157
33,2025-11-30,1,-18.646925,146.54514,149,3.23,0,None (0%),0.6993,0.2768,0.0239,0.3007,0.0,0.0,302.1186
33,2025-11-30,2,-10.2196665,150.84866,3,2.66,1,Moderate (1-50%),0.0711,0.6078,0.3211,0.9289,0.0,0.0,302.4586
33,2025-11-30,3,-23.443886,151.92134,187,2.13,1,Moderate (1-50%),0.3516,0.6334,0.015,0.6484,0.0,0.0,300.20856
33,2025-11-30,4,-18.75,146.25,2,3.83,1,Moderate (1-50%),0.4292,0.5342,0.0366,0.5708,0.0,0.0,302.30142
33,2025-11-30,5,-23.146168,150.95728,60,2.97,1,Moderate (1-50%),0.1351,0.762,0.1029,0.8649,0.0,0.0,300.98145
33,2025-11-30,6,-19.760475,149.15018,69,3.06,0,None (0%),0.5688,0.3516,0.0796,0.4312,0.0,0.0,301.52426
33,2025-11-30,7,-18.227266,146.74213,3,1.83,0,None (0%),0.6848,0.2852,0.03,0.3152,0.0,0.0,302.21713
33,2025-11-30,8,-19.020872,146.6052,11,2.13,0,None (0%),0.4565,0.4437,0.0999,0.5435,0.0,0.0,302.60428
33,2025-11-30,9,-18.739391,147.2709,12,1.66,0,None (0%),0.6872,0.291,0.0218,0.3128,0.0,0.0,301.9314
33,2025-11-30,10,-17.885866,146.59,3,2.0,0,None (0%),0.5407,0.4229,0.0364,0.4593,0.0,0.0,302.13428
33,2025-11-30,11,-17.239176,146.34703,8,2.82,0,None (0%),0.7045,0.2708,0.0247,0.2955,0.0,0.0,301.95142
33,2025-11-30,12,-20.237434,148.9795,103,1.46,0,None (0%),0.7162,0.216,0.0677,0.2838,0.0,0.0,301.37714
33,2025-11-30,13,-20.3759,150.17145,8,0.38,0,None (0%),0.6722,0.2574,0.0703,0.3278,0.0,0.0,301.20428
33,2025-11-30,14,-20.251957,148.81541,23,2.75,0,None (0%),0.5106,0.3775,0.1119,0.4894,0.0,0.0,301.55
33,2025-11-30,15,-20.090439,148.5869,23,2.12,0,None (0%),0.5363,0.3697,0.094,0.4637,0.0,0.0,301.67142
33,2025-11-30,16,-20.022484,148.28569,12,1.15,2,Severe (>50%),0.1346,0.3685,0.4968,0.8654,0.0,0.0,302.1486
33,2025-11-30,17,-19.86675,147.92262,4,0.95,1,Moderate (1-50%),0.2765,0.5,0.2235,0.7235,0.0,0.0,302.00998
33,2025-11-30,18,-23.992844,151.69751,7,3.03,1,Moderate (1-50%),0.1847,0.7167,0.0986,0.8153,0.0,0.0,300.71857
33,2025-11-30,19,-23.520433,151.2612,3,1.5,1,Moderate (1-50%),0.0925,0.7885,0.119,0.9075,0.042857144,0.042857144,300.92572
33,2025-11-30,20,-23.408117,151.1666,6,2.06,1,Moderate (1-50%),0.112,0.7407,0.1472,0.888,0.042857144,0.042857144,301.02142
33,2025-11-30,21,-23.326,150.92995,2,0.52,1,Moderate (1-50%),0.0959,0.6565,0.2476,0.9041,0.071428575,0.071428575,301.43283
33,2025-11-30,22,-21.991533,152.46994,3,1.91,1,Moderate (1-50%),0.4318,0.5522,0.016,0.5682,0.0,0.0,300.65714
33,2025-11-30,23,-20.911617,149.42245,11,1.51,0,None (0%),0.6337,0.3265,0.0398,0.3663,0.0,0.0,301.44144
33,2025-11-30,24,-20.758585,150.43915,7,2.34,0,None (0%),0.7353,0.2209,0.0438,0.2647,0.0,0.0,301.27
33,2025-11-30,25,-19.7155,147.77403,7,1.06,0,None (0%),0.6796,0.2774,0.043,0.3204,0.0,0.0,301.8086
33,2025-11-30,26,-19.34095,148.0835,2,1.99,0,None (0%),0.783,0.1935,0.0234,0.217,0.0,0.0,301.71143
33,2025-11-30,27,-19.32325,148.4333,2,0.89,0,None (0%),0.7655,0.2091,0.0254,0.2345,0.0,0.0,301.55142
33,2025-11-30,28,-19.311234,148.34396,3,2.51,0,None (0%),0.7541,0.2201,0.0258,0.2459,0.0,0.0,301.6014
33,2025-11-30,29,-19.2076,148.8596,2,2.52,0,None (0%),0.7531,0.2266,0.0203,0.2469,0.0,0.0,301.53287
33,2025-11-30,30,-19.11165,148.33365,6,1.74,0,None (0%),0.763,0.2243,0.0128,0.237,0.0,0.0,301.60855
33,2025-11-30,31,-18.9913,148.06412,6,2.14,0,None (0%),0.5955,0.3785,0.0261,0.4045,0.0,0.0,301.69287
33,2025-11-30,32,-18.847086,147.91052,7,2.89,0,None (0%),0.6152,0.3589,0.0259,0.3848,0.0,0.0,301.72
33,2025-11-30,33,-18.1497,146.28976,3,3.16,0,None (0%),0.6309,0.3096,0.0595,0.3691,0.0,0.0,302.27856
33,2025-11-30,34,-17.6551,146.49199,6,2.85,0,None (0%),0.5048,0.4543,0.0409,0.4952,0.0,0.0,302.08713
33,2025-11-30,35,-17.34235,146.52235,4,1.95,0,None (0%),0.6777,0.3043,0.018,0.3223,0.0,0.0,301.92142
33,2025-11-30,36,-16.871353,146.21158,88,1.49,0,None (0%),0.6939,0.2829,0.0232,0.3061,0.0,0.0,301.96
33,2025-11-30,37,-16.935507,145.98845,13,1.85,0,None (0%),0.6901,0.2486,0.0614,0.3099,0.0,0.0,302.29712
33,2025-11-30,38,-16.52347,145.99037,108,1.65,0,None (0%),0.7035,0.2669,0.0296,0.2965,0.0,0.0,302.09283
33,2025-11-30,39,-16.12418,145.83456,243,1.03,0,None (0%),0.6889,0.2817,0.0294,0.3111,0.0,0.0,302.02
33,2025-11-30,40,-15.77885,145.58086,2,0.76,0,None (0%),0.7405,0.2315,0.028,0.2595,0.0,0.0,302.22427
33,2025-11-30,41,-15.499777,145.51018,13,3.18,0,None (0%),0.7441,0.2325,0.0234,0.2559,0.0,0.0,302.12717
33,2025-11-30,42,-14.85125,145.27235,2,2.66,0,None (0%),0.6793,0.2846,0.0361,0.3207,0.0,0.0,302.11713
33,2025-11-30,43,-14.728744,145.10814,16,1.86,0,None (0%),0.6328,0.3155,0.0518,0.3672,0.0,0.0,302.21713
33,2025-11-30,44,-14.4546,144.90607,7,3.05,0,None (0%),0.694,0.2718,0.0342,0.306,0.0,0.0,302.09
33,2025-11-30,45,-14.1632,144.26332,5,1.82,0,None (0%),0.5845,0.3507,0.0648,0.4155,0.0,0.0,302.32855
33,2025-11-30,46,-14.13435,144.5049,2,2.4,0,None (0%),0.6787,0.268,0.0532,0.3213,0.0,0.0,302.19858
33,2025-11-30,47,-14.07125,143.8833,2,0.99,0,None (0%),0.6276,0.3147,0.0578,0.3724,0.0,0.0,302.63428
33,2025-11-30,48,-13.922125,143.78668,4,1.3,1,Moderate (1-50%),0.4589,0.4908,0.0504,0.5411,0.0,0.0,302.68
33,2025-11-30,49,-23.6966,152.1829,2,2.53,1,Moderate (1-50%),0.3985,0.5887,0.0129,0.6015,0.0,0.0,299.91855
33,2025-11-30,50,-17.776623,146.45274,9,2.36,0,None (0%),0.5273,0.431,0.0417,0.4727,0.0,0.0,302.1014
33,2025-11-30,51,-16.284166,145.4936,3,2.23,1,Moderate (1-50%),0.2162,0.6992,0.0846,0.7838,0.0,0.0,302.5457
33,2025-11-30,52,-15.71492,145.45647,5,2.28,0,None (0%),0.647,0.3115,0.0415,0.353,0.0,0.0,302.26712
33,2025-11-30,53,-22.2081,150.33665,2,2.23,1,Moderate (1-50%),0.1997,0.6898,0.1104,0.8003,0.0,0.0,301.45575
33,2025-11-30,54,-22.024067,150.66617,3,0.92,1,Moderate (1-50%),0.2949,0.6338,0.0714,0.7051,0.0,0.0,301.1486
33,2025-11-30,55,-22.018534,150.34753,3,2.43,1,Moderate (1-50%),0.266,0.6319,0.1021,0.734,0.0,0.0,301.37143
33,2025-11-30,56,-21.95394,150.1631,5,2.64,1,Moderate (1-50%),0.1964,0.6798,0.1238,0.8036,0.0,0.0,301.48575
33,2025-11-30,57,-21.6832,150.28384,4,1.29,1,Moderate (1-50%),0.3524,0.5176,0.1299,0.6476,0.0,0.0,301.27
33,2025-11-30,58,-21.455212,149.86604,8,2.39,1,Moderate (1-50%),0.3147,0.5024,0.1829,0.6853,0.0,0.0,301.56284
33,2025-11-30,59,-18.062532,146.56087,3,2.04,1,Moderate (1-50%),0.4537,0.4925,0.0538,0.5463,0.0,0.0,302.18716
33,2025-11-30,60,-23.958666,151.47777,3,1.84,1,Moderate (1-50%),0.0905,0.6603,0.2492,0.9095,0.06714286,0.06714286,301.02856
33,2025-11-30,61,-23.767967,151.33594,3,1.36,1,Moderate (1-50%),0.0696,0.7264,0.204,0.9304,0.14142857,0.14142857,301.12997
33,2025-11-30,62,-23.5347,151.73087,3,1.23,1,Moderate (1-50%),0.3437,0.6149,0.0414,0.6563,0.0,0.0,300.40143
33,2025-11-30,63,-19.2064,147.0493,3,3.28,0,None (0%),0.517,0.3903,0.0927,0.483,0.0,0.0,302.42996
33,2025-11-30,64,-18.0518,146.78749,12,2.9,1,Moderate (1-50%),0.3827,0.5659,0.0514,0.6173,0.0,0.0,302.15997
33,2025-11-30,65,-18.008833,146.16989,9,1.88,0,None (0%),0.6443,0.3039,0.0517,0.3557,0.0,0.0,302.23428
33,2025-11-30,66,-17.721071,146.1557,7,2.09,0,None (0%),0.692,0.2559,0.0521,0.308,0.0,0.0,302.06714
33,2025-11-30,67,-17.467283,146.3924,6,2.04,0,None (0%),0.5129,0.4449,0.0422,0.4871,0.0,0.0,302.08002
33,2025-11-30,68,-17.20583,146.07251,10,2.15,0,None (0%),0.5835,0.35,0.0665,0.4165,0.0,0.0,302.19858
33,2025-11-30,69,-16.545633,145.52946,3,2.34,1,Moderate (1-50%),0.1933,0.5719,0.2348,0.8067,0.0,0.0,302.83426
33,2025-11-30,70,-16.379562,145.56004,47,1.67,1,Moderate (1-50%),0.3199,0.5996,0.0805,0.6801,0.0,0.0,302.54425
33,2025-11-30,71,-15.9993,145.4327,3,2.82,0,None (0%),0.4915,0.4123,0.0962,0.5085,0.0,0.0,302.4771
33,2025-11-30,72,-15.156473,145.46036,11,2.59,0,None (0%),0.7091,0.2662,0.0247,0.2909,0.0,0.0,302.0043
33,2025-11-30,73,-11.8956,143.1068,2,3.03,1,Moderate (1-50%),0.4179,0.5452,0.0369,0.5821,0.0,0.0,302.7957
33,2025-11-30,74,-10.14675,151.16306,2,3.4,1,Moderate (1-50%),0.0437,0.5947,0.3616,0.9563,0.95,0.95,302.6143
33,2025-11-30,75,-18.4208,147.34987,3,2.66,0,None (0%),0.5613,0.4096,0.0291,0.4387,0.0,0.0,301.9714
33,2025-11-30,76,-19.54529,149.26216,28,2.63,0,None (0%),0.7595,0.2076,0.0329,0.2405,0.0,0.0,301.35428
33,2025-11-30,77,-18.665953,147.07942,15,1.11,0,None (0%),0.7539,0.2064,0.0398,0.2461,0.0,0.0,302.01
33,2025-11-30,78,-18.441046,146.99043,15,2.42,0,None (0%),0.6111,0.3588,0.0301,0.3889,0.0,0.0,302.0657
33,2025-11-30,79,-22.0,152.67,2,2.83,1,Moderate (1-50%),0.4831,0.5036,0.0133,0.5169,0.0,0.0,300.49
33,2025-11-30,80,-18.402128,146.79951,11,3.63,0,None (0%),0.6594,0.3033,0.0373,0.3406,0.0,0.0,302.22998
33,2025-11-30,81,-18.52425,147.1444,2,2.05,0,None (0%),0.5991,0.373,0.0279,0.4009,0.0,0.0,302.0057
33,2025-11-30,82,-21.3925,152.50706,5,2.69,0,None (0%),0.637,0.3096,0.0535,0.363,0.0,0.0,301.1243
33,2025-11-30,83,-21.121021,152.48535,9,1.16,0,None (0%),0.7857,0.1864,0.0278,0.2143,0.0,0.0,301.02286
33,2025-11-30,84,-21.106472,152.2254,11,2.06,0,None (0%),0.77,0.2017,0.0283,0.23,0.0,0.0,300.98712
33,2025-11-30,85,-20.96795,149.75764,2,1.96,0,None (0%),0.5196,0.4438,0.0366,0.4804,0.0,0.0,301.34857
33,2025-11-30,86,-20.928566,150.04893,3,2.52,0,None (0%),0.4575,0.3856,0.157,0.5425,0.0,0.0,301.38428
33,2025-11-30,87,-19.68672,149.93729,5,1.83,0,None (0%),0.793,0.1848,0.0222,0.207,0.0,0.0,301.16998
33,2025-11-30,88,-19.501034,148.7524,3,3.57,0,None (0%),0.6429,0.3314,0.0257,0.3571,0.0,0.0,301.4943
33,2025-11-30,89,-19.3041,148.6315,4,2.42,0,None (0%),0.7809,0.1974,0.0217,0.2191,0.0,0.0,301.39142
33,2025-11-30,90,-19.20995,148.542,2,2.45,0,None (0%),0.7641,0.2105,0.0254,0.2359,0.0,0.0,301.44855
33,2025-11-30,91,-18.82149,147.65489,18,2.15,0,None (0%),0.6866,0.2913,0.0221,0.3134,0.0,0.0,301.79572
33,2025-11-30,92,-17.5251,146.52454,3,0.05,0,None (0%),0.496,0.4732,0.0308,0.504,0.0,0.0,302.04715
33,2025-11-30,93,-14.88175,145.50227,6,2.56,0,None (0%),0.6005,0.3733,0.0262,0.3995,0.0,0.0,301.94998
33,2025-11-30,94,-24.112192,152.71562,14,1.71,1,Moderate (1-50%),0.4256,0.57,0.0044,0.5744,0.0,0.0,299.8057
33,2025-11-30,95,-19.449833,148.86703,3,2.89,0,None (0%),0.7005,0.2751,0.0243,0.2995,0.0,0.0,301.38852
33,2025-11-30,96,-16.409634,145.74434,3,2.68,0,None (0%),0.5454,0.4007,0.0539,0.4546,0.0,0.0,302.5357
33,2025-11-30,97,-12.67815,143.5829,2,0.93,0,None (0%),0.5529,0.4064,0.0407,0.4471,0.0,0.0,302.31284
33,2025-11-30,98,-12.2257,143.2841,2,0.99,0,None (0%),0.5016,0.4663,0.0322,0.4984,0.0,0.0,302.67715
33,2025-11-30,99,-11.782,142.95316,5,2.5,1,Moderate (1-50%),0.4284,0.5444,0.0272,0.5716,0.021428572,0.021428572,302.87003
33,2025-11-30,100,-11.7694,143.09245,2,2.0,1,Moderate (1-50%),0.4587,0.5109,0.0303,0.5413,0.0,0.0,302.78
33,2025-11-30,101,-11.482866,143.01598,9,1.32,0,None (0%),0.5027,0.4676,0.0297,0.4973,0.0,0.0,302.71
33,2025-11-30,102,-11.191144,142.98755,9,2.26,0,None (0%),0.536,0.4289,0.0351,0.464,0.0,0.0,302.75424
33,2025-11-30,103,-14.610958,145.62405,19,1.56,0,None (0%),0.6289,0.3476,0.0235,0.3711,0.0,0.0,302.08426
33,2025-11-30,104,-14.704066,145.44646,9,3.28,0,None (0%),0.6517,0.3259,0.0225,0.3483,0.0,0.0,301.95572
33,2025-11-30,105,-23.32,151.98,2,0.75,1,Moderate (1-50%),0.3727,0.6158,0.0114,0.6273,0.0,0.0,300.10715
33,2025-11-30,106,-18.26362,147.38202,5,1.47,0,None (0%),0.6167,0.3556,0.0277,0.3833,0.0,0.0,302.03
33,2025-11-30,107,-14.0,146.0,2,3.87,0,None (0%),0.6111,0.3757,0.0131,0.3889,0.021428572,0.021428572,302.27426
33,2025-11-30,108,-21.87,152.19,2,1.64,0,None (0%),0.5515,0.3841,0.0644,0.4485,0.0,0.0,300.8057
33,2025-11-30,109,-21.13605,150.77615,2,1.23,0,None (0%),0.7163,0.244,0.0397,0.2837,0.0,0.0,301.12714
33,2025-11-30,110,-20.66895,150.2588,2,1.81,0,None (0%),0.7502,0.2202,0.0296,0.2498,0.0,0.0,301.27145
33,2025-11-30,111,-20.08315,149.93718,4,1.56,0,None (0%),0.602,0.3396,0.0585,0.398,0.0,0.0,301.13715
33,2025-11-30,112,-19.6179,149.67664,3,0.81,0,None (0%),0.7403,0.2376,0.0221,0.2597,0.0,0.0,301.1314
33,2025-11-30,113,-18.791527,147.52235,34,1.86,0,None (0%),0.7503,0.2358,0.0139,0.2497,0.0,0.0,301.81143
33,2025-11-30,114,-18.53455,147.49355,4,2.22,0,None (0%),0.6855,0.2961,0.0184,0.3145,0.0,0.0,301.82425
33,2025-11-30,115,-18.1362,146.9716,2,1.3,0,None (0%),0.5038,0.4454,0.0508,0.4962,0.0,0.0,302.11426
33,2025-11-30,116,-15.359506,145.7791,18,1.78,0,None (0%),0.6756,0.302,0.0224,0.3244,0.0,0.0,302.01712
33,2025-11-30,117,-14.925742,145.68793,38,1.39,0,None (0%),0.6163,0.3542,0.0296,0.3837,0.0,0.0,301.97144
33,2025-11-30,118,-15.02785,145.56805,2,0.81,0,None (0%),0.6533,0.3238,0.0229,0.3467,0.0,0.0,301.96713
33,2025-11-30,119,-12.767325,143.42282,4,0.89,1,Moderate (1-50%),0.4172,0.5338,0.049,0.5828,0.10714286,0.10714286,302.51285
33,2025-11-30,120,-11.997334,143.27243,6,2.5,0,None (0%),0.4976,0.4665,0.0359,0.5024,0.02,0.02,302.76712
33,2025-11-30,121,-11.0088,142.98685,2,2.22,0,None (0%),0.5313,0.4361,0.0326,0.4687,0.0,0.0,302.74142
33,2025-11-30,122,-20.751085,149.4548,7,3.39,0,None (0%),0.5833,0.3925,0.0242,0.4167,0.0,0.0,301.27286
33,2025-11-30,123,-18.65635,147.71594,2,2.28,0,None (0%),0.6422,0.3339,0.024,0.3578,0.0,0.0,301.80426
33,2025-11-30,124,-12.470825,143.48958,4,1.65,0,None (0%),0.5552,0.4179,0.0269,0.4448,0.0,0.0,302.45575
33,2025-11-30,125,-12.30835,143.37485,2,1.85,0,None (0%),0.5353,0.4369,0.0278,0.4647,0.0,0.0,302.54855
33,2025-11-30,126,-10.69155,142.73485,2,2.13,1,Moderate (1-50%),0.482,0.4882,0.0298,0.518,0.021428572,0.021428572,302.78857
33,2025-11-30,127,-18.9561,146.9562,15,2.89,0,None (0%),0.7063,0.2489,0.0449,0.2937,0.0,0.0,302.14716
33,2025-11-30,128,-13.844505,146.55128,41,3.35,0,None (0%),0.5594,0.4245,0.0162,0.4406,0.0,0.0,302.3586
33,2025-11-30,129,-16.22582,146.00262,10,2.39,0,None (0%),0.6867,0.2958,0.0175,0.3133,0.0,0.0,301.99857
33,2025-11-30,130,-15.51399,145.77756,20,1.25,0,None (0%),0.6893,0.2851,0.0256,0.3107,0.0,0.0,302.03998
33,2025-11-30,131,-16.0,145.9667,2,2.92,0,None (0%),0.6774,0.3046,0.0179,0.3226,0.0,0.0,301.98288
33,2025-11-30,132,-17.0,149.1,4,3.85,0,None (0%),0.7066,0.2605,0.0328,0.2934,0.0,0.0,301.93854
34,2025-12-07,0,-19.166714,146.84863,209,2.65,1,Moderate (1-50%),0.1412,0.7726,0.0862,0.8588,0.64,0.64,302.0657
34,2025-12-07,1,-18.646925,146.54514,149,3.23,0,None (0%),0.481,0.4552,0.0638,0.519,0.0,0.0,301.82285
34,2025-12-07,2,-10.2196665,150.84866,3,2.66,2,Severe (>50%),0.036,0.327,0.637,0.964,0.0,0.0,302.69287
34,2025-12-07,3,-23.443886,151.92134,187,2.13,1,Moderate (1-50%),0.3966,0.5884,0.015,0.6034,0.0,0.0,300.12143
34,2025-12-07,4,-18.75,146.25,2,3.83,1,Moderate (1-50%),0.4165,0.5171,0.0664,0.5835,0.0,0.0,302.24854
34,2025-12-07,5,-23.146168,150.95728,60,2.97,2,Severe (>50%),0.1759,0.3443,0.4799,0.8241,0.0,0.0,301.06427
34,2025-12-07,6,-19.760475,149.15018,69,3.06,0,None (0%),0.4587,0.4434,0.0979,0.5413,0.0,0.0,301.26712
34,2025-12-07,7,-18.227266,146.74213,3,1.83,0,None (0%),0.5054,0.4201,0.0745,0.4946,0.0,0.0,301.62143
34,2025-12-07,8,-19.020872,146.6052,11,2.13,1,Moderate (1-50%),0.4298,0.484,0.0862,0.5702,0.17,0.17,301.85284
34,2025-12-07,9,-18.739391,147.2709,12,1.66,0,None (0%),0.6476,0.3117,0.0407,0.3524,0.0,0.0,301.58426
34,2025-12-07,10,-17.885866,146.59,3,2.0,0,None (0%),0.5417,0.3843,0.074,0.4583,0.0,0.0,301.5043
34,2025-12-07,11,-17.239176,146.34703,8,2.82,0,None (0%),0.7009,0.2561,0.043,0.2991,0.0,0.0,301.67142
34,2025-12-07,12,-20.237434,148.9795,103,1.46,0,None (0%),0.5049,0.4051,0.09,0.4951,0.0,0.0,301.11716
34,2025-12-07,13,-20.3759,150.17145,8,0.38,0,None (0%),0.4978,0.3831,0.1191,0.5022,0.0,0.0,301.10428
34,2025-12-07,14,-20.251957,148.81541,23,2.75,1,Moderate (1-50%),0.4199,0.4474,0.1327,0.5801,0.0,0.0,301.18854
34,2025-12-07,15,-20.090439,148.5869,23,2.12,0,None (0%),0.5034,0.3748,0.1218,0.4966,0.0,0.0,301.20572
34,2025-12-07,16,-20.022484,148.28569,12,1.15,1,Moderate (1-50%),0.2955,0.5314,0.1731,0.7045,0.0,0.0,301.53568
34,2025-12-07,17,-19.86675,147.92262,4,0.95,1,Moderate (1-50%),0.4155,0.429,0.1555,0.5845,0.0,0.0,301.25858
34,2025-12-07,18,-23.992844,151.69751,7,3.03,1,Moderate (1-50%),0.1031,0.5483,0.3485,0.8969,0.16,0.16,300.9314
34,2025-12-07,19,-23.520433,151.2612,3,1.5,2,Severe (>50%),0.0829,0.4375,0.4795,0.9171,0.15,0.15,301.1057
34,2025-12-07,20,-23.408117,151.1666,6,2.06,2,Severe (>50%),0.1203,0.4162,0.4635,0.8797,0.29,0.29,301.14142
34,2025-12-07,21,-23.326,150.92995,2,0.52,2,Severe (>50%),0.1216,0.4075,0.4709,0.8784,0.49,0.49,301.29715
34,2025-12-07,22,-21.991533,152.46994,3,1.91,1,Moderate (1-50%),0.3646,0.5967,0.0387,0.6354,0.0,0.0,300.51144
34,2025-12-07,23,-20.911617,149.42245,11,1.51,0,None (0%),0.5007,0.3589,0.1404,0.4993,0.0,0.0,301.1
34,2025-12-07,24,-20.758585,150.43915,7,2.34,0,None (0%),0.5998,0.2868,0.1133,0.4002,0.0,0.0,301.15854
34,2025-12-07,25,-19.7155,147.77403,7,1.06,0,None (0%),0.6381,0.2926,0.0693,0.3619,0.0,0.0,301.19858
34,2025-12-07,26,-19.34095,148.0835,2,1.99,0,None (0%),0.5009,0.3386,0.1605,0.4991,0.0,0.0,301.41855
34,2025-12-07,27,-19.32325,148.4333,2,0.89,0,None (0%),0.5804,0.3523,0.0672,0.4196,0.0,0.0,301.32
34,2025-12-07,28,-19.311234,148.34396,3,2.51,0,None (0%),0.6139,0.2936,0.0925,0.3861,0.0,0.0,301.40143
34,2025-12-07,29,-19.2076,148.8596,2,2.52,0,None (0%),0.5457,0.4029,0.0514,0.4543,0.0,0.0,301.16
34,2025-12-07,30,-19.11165,148.33365,6,1.74,1,Moderate (1-50%),0.4604,0.4728,0.0668,0.5396,0.0,0.0,301.35284
34,2025-12-07,31,-18.9913,148.06412,6,2.14,1,Moderate (1-50%),0.3492,0.5562,0.0946,0.6508,0.0,0.0,301.40997
34,2025-12-07,32,-18.847086,147.91052,7,2.89,1,Moderate (1-50%),0.3376,0.5115,0.1509,0.6624,0.0,0.0,301.32428
34,2025-12-07,33,-18.1497,146.28976,3,3.16,0,None (0%),0.512,0.4452,0.0428,0.488,0.0,0.0,301.83
34,2025-12-07,34,-17.6551,146.49199,6,2.85,0,None (0%),0.5712,0.3579,0.0709,0.4288,0.0,0.0,301.51
34,2025-12-07,35,-17.34235,146.52235,4,1.95,0,None (0%),0.7487,0.2084,0.0429,0.2513,0.0,0.0,301.70425
34,2025-12-07,36,-16.871353,146.21158,88,1.49,0,None (0%),0.6017,0.3506,0.0477,0.3983,0.0,0.0,301.8
34,2025-12-07,37,-16.935507,145.98845,13,1.85,1,Moderate (1-50%),0.3689,0.5654,0.0657,0.6311,0.0,0.0,301.75998
34,2025-12-07,38,-16.52347,145.99037,108,1.65,0,None (0%),0.6143,0.3274,0.0583,0.3857,0.0,0.0,301.89713
34,2025-12-07,39,-16.12418,145.83456,243,1.03,0,None (0%),0.5904,0.3669,0.0427,0.4096,0.0,0.0,301.9114
34,2025-12-07,40,-15.77885,145.58086,2,0.76,0,None (0%),0.6474,0.3088,0.0438,0.3526,0.0,0.0,301.8557
34,2025-12-07,41,-15.499777,145.51018,13,3.18,0,None (0%),0.5682,0.3502,0.0816,0.4318,0.0,0.0,301.7571
34,2025-12-07,42,-14.85125,145.27235,2,2.66,0,None (0%),0.6188,0.2943,0.087,0.3812,0.0,0.0,302.14426
34,2025-12-07,43,-14.728744,145.10814,16,1.86,0,None (0%),0.5765,0.3151,0.1084,0.4235,0.0,0.0,302.22855
34,2025-12-07,44,-14.4546,144.90607,7,3.05,0,None (0%),0.6467,0.3043,0.049,0.3533,0.0,0.0,302.17572
34,2025-12-07,45,-14.1632,144.26332,5,1.82,0,None (0%),0.5802,0.3403,0.0796,0.4198,0.0,0.0,302.54144
34,2025-12-07,46,-14.13435,144.5049,2,2.4,0,None (0%),0.5644,0.3449,0.0908,0.4356,0.0,0.0,302.29428
34,2025-12-07,47,-14.07125,143.8833,2,0.99,1,Moderate (1-50%),0.4434,0.5027,0.054,0.5566,0.0,0.0,302.93286
34,2025-12-07,48,-13.922125,143.78668,4,1.3,0,None (0%),0.476,0.4508,0.0732,0.524,0.0,0.0,302.87857
34,2025-12-07,49,-23.6966,152.1829,2,2.53,1,Moderate (1-50%),0.464,0.5188,0.0172,0.536,0.0,0.0,299.7457
34,2025-12-07,50,-17.776623,146.45274,9,2.36,0,None (0%),0.5612,0.3614,0.0775,0.4388,0.0,0.0,301.49
34,2025-12-07,51,-16.284166,145.4936,3,2.23,0,None (0%),0.478,0.4117,0.1104,0.522,0.0,0.0,302.07715
34,2025-12-07,52,-15.71492,145.45647,5,2.28,0,None (0%),0.6131,0.3244,0.0625,0.3869,0.0,0.0,301.8943
34,2025-12-07,53,-22.2081,150.33665,2,2.23,2,Severe (>50%),0.2167,0.2521,0.5311,0.7833,0.0,0.0,301.4157
34,2025-12-07,54,-22.024067,150.66617,3,0.92,1,Moderate (1-50%),0.3671,0.4789,0.154,0.6329,0.0,0.0,301.16998
34,2025-12-07,55,-22.018534,150.34753,3,2.43,2,Severe (>50%),0.2174,0.3475,0.435,0.7826,0.0,0.0,301.3814
34,2025-12-07,56,-21.95394,150.1631,5,2.64,1,Moderate (1-50%),0.3137,0.3758,0.3104,0.6863,0.0,0.0,301.41998
34,2025-12-07,57,-21.6832,150.28384,4,1.29,0,None (0%),0.4041,0.3568,0.239,0.5959,0.0,0.0,301.25568
34,2025-12-07,58,-21.455212,149.86604,8,2.39,0,None (0%),0.485,0.3074,0.2077,0.515,0.0,0.0,301.44574
34,2025-12-07,59,-18.062532,146.56087,3,2.04,0,None (0%),0.5313,0.3674,0.1013,0.4687,0.0,0.0,301.58426
34,2025-12-07,60,-23.958666,151.47777,3,1.84,2,Severe (>50%),0.1044,0.3358,0.5598,0.8956,0.62714285,0.62714285,301.07004
34,2025-12-07,61,-23.767967,151.33594,3,1.36,2,Severe (>50%),0.0786,0.3209,0.6005,0.9214,0.80714285,0.80714285,301.1914
34,2025-12-07,62,-23.5347,151.73087,3,1.23,1,Moderate (1-50%),0.3227,0.6076,0.0698,0.6773,0.0,0.0,300.54715
34,2025-12-07,63,-19.2064,147.0493,3,3.28,0,None (0%),0.4897,0.4385,0.0718,0.5103,0.0,0.0,301.61285
34,2025-12-07,64,-18.0518,146.78749,12,2.9,0,None (0%),0.4554,0.4416,0.1029,0.5446,0.0,0.0,301.59427
34,2025-12-07,65,-18.008833,146.16989,9,1.88,0,None (0%),0.5389,0.4214,0.0397,0.4611,0.0,0.0,301.90143
34,2025-12-07,66,-17.721071,146.1557,7,2.09,0,None (0%),0.616,0.3464,0.0376,0.384,0.0,0.0,301.67142
34,2025-12-07,67,-17.467283,146.3924,6,2.04,0,None (0%),0.6759,0.2548,0.0693,0.3241,0.0,0.0,301.65286
34,2025-12-07,68,-17.20583,146.07251,10,2.15,1,Moderate (1-50%),0.3211,0.6102,0.0687,0.6789,0.0,0.0,301.72998
34,2025-12-07,69,-16.545633,145.52946,3,2.34,1,Moderate (1-50%),0.3181,0.5771,0.1048,0.6819,0.0,0.0,302.23288
34,2025-12-07,70,-16.379562,145.56004,47,1.67,0,None (0%),0.5173,0.4243,0.0584,0.4827,0.0,0.0,302.04428
34,2025-12-07,71,-15.9993,145.4327,3,2.82,1,Moderate (1-50%),0.4209,0.5099,0.0692,0.5791,0.0,0.0,301.9943
34,2025-12-07,72,-15.156473,145.46036,11,2.59,0,None (0%),0.6548,0.2923,0.0529,0.3452,0.0,0.0,301.86716
34,2025-12-07,73,-11.8956,143.1068,2,3.03,1,Moderate (1-50%),0.3199,0.5535,0.1266,0.6801,0.43285716,0.43285716,303.21286
34,2025-12-07,74,-10.14675,151.16306,2,3.4,2,Severe (>50%),0.053,0.3497,0.5973,0.947,1.1,1.1,302.83002
34,2025-12-07,75,-18.4208,147.34987,3,2.66,1,Moderate (1-50%),0.4653,0.4815,0.0533,0.5347,0.0,0.0,301.74286
34,2025-12-07,76,-19.54529,149.26216,28,2.63,1,Moderate (1-50%),0.4558,0.4694,0.0748,0.5442,0.0,0.0,301.02713
34,2025-12-07,77,-18.665953,147.07942,15,1.11,0,None (0%),0.5237,0.4298,0.0466,0.4763,0.0,0.0,301.47858
34,2025-12-07,78,-18.441046,146.99043,15,2.42,0,None (0%),0.4689,0.4515,0.0796,0.5311,0.0,0.0,301.5157
34,2025-12-07,79,-22.0,152.67,2,2.83,1,Moderate (1-50%),0.3662,0.6031,0.0307,0.6338,0.0,0.0,300.29282
34,2025-12-07,80,-18.402128,146.79951,11,3.63,0,None (0%),0.5284,0.3995,0.072,0.4716,0.0,0.0,301.5529
34,2025-12-07,81,-18.52425,147.1444,2,2.05,0,None (0%),0.5676,0.3675,0.0649,0.4324,0.0,0.0,301.53427
34,2025-12-07,82,-21.3925,152.50706,5,2.69,0,None (0%),0.6847,0.2319,0.0834,0.3153,0.0,0.0,300.6257
34,2025-12-07,83,-21.121021,152.48535,9,1.16,0,None (0%),0.8402,0.1185,0.0414,0.1598,0.0,0.0,300.71857
34,2025-12-07,84,-21.106472,152.2254,11,2.06,0,None (0%),0.88,0.0993,0.0207,0.12,0.0,0.0,300.7143
34,2025-12-07,85,-20.96795,149.75764,2,1.96,0,None (0%),0.5877,0.306,0.1063,0.4123,0.0,0.0,301.17856
34,2025-12-07,86,-20.928566,150.04893,3,2.52,0,None (0%),0.6194,0.3175,0.0631,0.3806,0.0,0.0,301.2457
34,2025-12-07,87,-19.68672,149.93729,5,1.83,0,None (0%),0.7002,0.2667,0.033,0.2998,0.0,0.0,301.02716
34,2025-12-07,88,-19.501034,148.7524,3,3.57,1,Moderate (1-50%),0.4615,0.4845,0.054,0.5385,0.0,0.0,301.14285
34,2025-12-07,89,-19.3041,148.6315,4,2.42,0,None (0%),0.7197,0.2417,0.0385,0.2803,0.0,0.0,301.04572
34,2025-12-07,90,-19.20995,148.542,2,2.45,0,None (0%),0.6838,0.2833,0.0329,0.3162,0.0,0.0,301.13715
34,2025-12-07,91,-18.82149,147.65489,18,2.15,0,None (0%),0.5187,0.4268,0.0546,0.4813,0.0,0.0,301.32144
34,2025-12-07,92,-17.5251,146.52454,3,0.05,0,None (0%),0.5088,0.3683,0.1229,0.4912,0.0,0.0,301.6014
34,2025-12-07,93,-14.88175,145.50227,6,2.56,0,None (0%),0.5197,0.4075,0.0729,0.4803,0.0,0.0,301.8514
34,2025-12-07,94,-24.112192,152.71562,14,1.71,1,Moderate (1-50%),0.2638,0.7243,0.0119,0.7362,0.0,0.0,299.69284
34,2025-12-07,95,-19.449833,148.86703,3,2.89,0,None (0%),0.6857,0.275,0.0394,0.3143,0.0,0.0,300.99713
34,2025-12-07,96,-16.409634,145.74434,3,2.68,1,Moderate (1-50%),0.4586,0.4787,0.0628,0.5414,0.0,0.0,301.96286
34,2025-12-07,97,-12.67815,143.5829,2,0.93,1,Moderate (1-50%),0.3888,0.5037,0.1075,0.6112,0.12857144,0.12857144,302.6257
34,2025-12-07,98,-12.2257,143.2841,2,0.99,1,Moderate (1-50%),0.3526,0.5076,0.1397,0.6474,0.25857142,0.25857142,303.05142
34,2025-12-07,99,-11.782,142.95316,5,2.5,1,Moderate (1-50%),0.2641,0.6342,0.1017,0.7359,0.6742857,0.6742857,303.30713
34,2025-12-07,100,-11.7694,143.09245,2,2.0,1,Moderate (1-50%),0.3443,0.5474,0.1083,0.6557,0.44,0.44,303.2443
34,2025-12-07,101,-11.482866,143.01598,9,1.32,0,None (0%),0.4401,0.4248,0.1351,0.5599,0.37857142,0.37857142,303.1286
34,2025-12-07,102,-11.191144,142.98755,9,2.26,1,Moderate (1-50%),0.3723,0.5062,0.1215,0.6277,0.42,0.42,303.20428
34,2025-12-07,103,-14.610958,145.62405,19,1.56,1,Moderate (1-50%),0.3752,0.5023,0.1225,0.6248,0.0,0.0,302.08145
34,2025-12-07,104,-14.704066,145.44646,9,3.28,0,None (0%),0.5612,0.3968,0.042,0.4388,0.0,0.0,301.8857
34,2025-12-07,105,-23.32,151.98,2,0.75,1,Moderate (1-50%),0.3471,0.6383,0.0146,0.6529,0.0,0.0,299.95718
34,2025-12-07,106,-18.26362,147.38202,5,1.47,0,None (0%),0.4806,0.4518,0.0675,0.5194,0.0,0.0,301.78714
34,2025-12-07,107,-14.0,146.0,2,3.87,1,Moderate (1-50%),0.3479,0.5174,0.1347,0.6521,0.5557143,0.5557143,302.5357
34,2025-12-07,108,-21.87,152.19,2,1.64,0,None (0%),0.5311,0.3864,0.0825,0.4689,0.0,0.0,300.64142
34,2025-12-07,109,-21.13605,150.77615,2,1.23,0,None (0%),0.6193,0.309,0.0717,0.3807,0.0,0.0,300.86996
34,2025-12-07,110,-20.66895,150.2588,2,1.81,0,None (0%),0.5812,0.3023,0.1165,0.4188,0.0,0.0,301.1314
34,2025-12-07,111,-20.08315,149.93718,4,1.56,0,None (0%),0.5425,0.3196,0.1379,0.4575,0.0,0.0,301.02
34,2025-12-07,112,-19.6179,149.67664,3,0.81,0,None (0%),0.6989,0.265,0.0361,0.3011,0.0,0.0,300.92285
34,2025-12-07,113,-18.791527,147.52235,34,1.86,0,None (0%),0.6377,0.3241,0.0382,0.3623,0.0,0.0,301.3643
34,2025-12-07,114,-18.53455,147.49355,4,2.22,0,None (0%),0.6755,0.2902,0.0343,0.3245,0.0,0.0,301.55713
34,2025-12-07,115,-18.1362,146.9716,2,1.3,1,Moderate (1-50%),0.4315,0.4737,0.0948,0.5685,0.0,0.0,301.69574
34,2025-12-07,116,-15.359506,145.7791,18,1.78,0,None (0%),0.4975,0.4396,0.0629,0.5025,0.0,0.0,301.82
34,2025-12-07,117,-14.925742,145.68793,38,1.39,1,Moderate (1-50%),0.393,0.5342,0.0728,0.607,0.0,0.0,301.92285
34,2025-12-07,118,-15.02785,145.56805,2,0.81,0,None (0%),0.5792,0.344,0.0768,0.4208,0.0,0.0,301.8414
34,2025-12-07,119,-12.767325,143.42282,4,0.89,1,Moderate (1-50%),0.3292,0.5454,0.1254,0.6708,0.3857143,0.3857143,302.7643
34,2025-12-07,120,-11.997334,143.27243,6,2.5,1,Moderate (1-50%),0.2803,0.565,0.1547,0.7197,0.5442857,0.5442857,303.11716
34,2025-12-07,121,-11.0088,142.98685,2,2.22,1,Moderate (1-50%),0.3635,0.5108,0.1257,0.6365,0.5342857,0.5342857,303.26425
34,2025-12-07,122,-20.751085,149.4548,7,3.39,0,None (0%),0.6205,0.292,0.0875,0.3795,0.0,0.0,301.15143
34,2025-12-07,123,-18.65635,147.71594,2,2.28,0,None (0%),0.5637,0.3903,0.046,0.4363,0.0,0.0,301.4243
34,2025-12-07,124,-12.470825,143.48958,4,1.65,0,None (0%),0.4218,0.4181,0.1601,0.5782,0.26,0.26,302.78427
34,2025-12-07,125,-12.30835,143.37485,2,1.85,1,Moderate (1-50%),0.3241,0.4362,0.2396,0.6759,0.25857142,0.25857142,302.93716
34,2025-12-07,126,-10.69155,142.73485,2,2.13,1,Moderate (1-50%),0.3444,0.5798,0.0758,0.6556,0.6585714,0.6585714,303.19287
34,2025-12-07,127,-18.9561,146.9562,15,2.89,0,None (0%),0.4984,0.4287,0.0729,0.5016,0.0,0.0,301.57715
34,2025-12-07,128,-13.844505,146.55128,41,3.35,1,Moderate (1-50%),0.2518,0.5923,0.1559,0.7482,0.3042857,0.3042857,302.72714
34,2025-12-07,129,-16.22582,146.00262,10,2.39,0,None (0%),0.5318,0.3979,0.0703,0.4682,0.0,0.0,302.0957
34,2025-12-07,130,-15.51399,145.77756,20,1.25,0,None (0%),0.5033,0.4324,0.0643,0.4967,0.0,0.0,301.78287
34,2025-12-07,131,-16.0,145.9667,2,2.92,0,None (0%),0.5248,0.3941,0.081,0.4752,0.0,0.0,302.03287
34,2025-12-07,132,-17.0,149.1,4,3.85,1,Moderate (1-50%),0.4103,0.4754,0.1143,0.5897,0.0,0.0,301.8857
35,2025-12-14,0,-19.166714,146.84863,209,2.65,1,Moderate (1-50%),0.2689,0.5601,0.171,0.7311,0.64,0.64,301.5857
35,2025-12-14,1,-18.646925,146.54514,149,3.23,0,None (0%),0.7285,0.2156,0.0559,0.2715,0.0,0.0,301.38715
35,2025-12-14,2,-10.2196665,150.84866,3,2.66,2,Severe (>50%),0.0608,0.407,0.5322,0.9392,0.0,0.0,302.53287
35,2025-12-14,3,-23.443886,151.92134,187,2.13,1,Moderate (1-50%),0.2038,0.7296,0.0666,0.7962,0.0,0.0,300.39572
35,2025-12-14,4,-18.75,146.25,2,3.83,0,None (0%),0.7591,0.1898,0.0512,0.2409,0.0,0.0,302.35
35,2025-12-14,5,-23.146168,150.95728,60,2.97,1,Moderate (1-50%),0.1947,0.4692,0.3361,0.8053,0.0,0.0,301.07855
35,2025-12-14,6,-19.760475,149.15018,69,3.06,0,None (0%),0.6236,0.3085,0.0679,0.3764,0.0,0.0,301.02432
35,2025-12-14,7,-18.227266,146.74213,3,1.83,0,None (0%),0.5352,0.4386,0.0262,0.4648,0.0,0.0,301.4086
35,2025-12-14,8,-19.020872,146.6052,11,2.13,0,None (0%),0.5686,0.3584,0.073,0.4314,0.17,0.17,301.49
35,2025-12-14,9,-18.739391,147.2709,12,1.66,0,None (0%),0.6243,0.3494,0.0262,0.3757,0.0,0.0,301.41287
35,2025-12-14,10,-17.885866,146.59,3,2.0,0,None (0%),0.56,0.4103,0.0297,0.44,0.0,0.0,301.34857
35,2025-12-14,11,-17.239176,146.34703,8,2.82,0,None (0%),0.6323,0.3251,0.0426,0.3677,0.0,0.0,301.55142
35,2025-12-14,12,-20.237434,148.9795,103,1.46,0,None (0%),0.7504,0.2164,0.0332,0.2496,0.0,0.0,301.01144
35,2025-12-14,13,-20.3759,150.17145,8,0.38,0,None (0%),0.6549,0.2865,0.0587,0.3451,0.0,0.0,300.99142
35,2025-12-14,14,-20.251957,148.81541,23,2.75,0,None (0%),0.6161,0.3123,0.0716,0.3839,0.0,0.0,301.04
35,2025-12-14,15,-20.090439,148.5869,23,2.12,0,None (0%),0.7009,0.2684,0.0307,0.2991,0.0,0.0,301.06857
35,2025-12-14,16,-20.022484,148.28569,12,1.15,1,Moderate (1-50%),0.3484,0.5383,0.1133,0.6516,0.0,0.0,301.1
35,2025-12-14,17,-19.86675,147.92262,4,0.95,1,Moderate (1-50%),0.4006,0.5484,0.051,0.5994,0.0,0.0,301.16
35,2025-12-14,18,-23.992844,151.69751,7,3.03,1,Moderate (1-50%),0.1231,0.5694,0.3074,0.8769,0.16,0.16,300.93283
35,2025-12-14,19,-23.520433,151.2612,3,1.5,2,Severe (>50%),0.0964,0.4318,0.4718,0.9036,0.15,0.15,301.10712
35,2025-12-14,20,-23.408117,151.1666,6,2.06,1,Moderate (1-50%),0.1121,0.4487,0.4392,0.8879,0.29,0.29,301.13284
35,2025-12-14,21,-23.326,150.92995,2,0.52,1,Moderate (1-50%),0.1939,0.6153,0.1909,0.8061,0.49,0.49,301.2243
35,2025-12-14,22,-21.991533,152.46994,3,1.91,0,None (0%),0.6289,0.3307,0.0404,0.3711,0.0,0.0,300.49286
35,2025-12-14,23,-20.911617,149.42245,11,1.51,0,None (0%),0.798,0.1595,0.0425,0.202,0.0,0.0,301.18997
35,2025-12-14,24,-20.758585,150.43915,7,2.34,0,None (0%),0.7721,0.1819,0.0459,0.2279,0.0,0.0,301.07428
35,2025-12-14,25,-19.7155,147.77403,7,1.06,1,Moderate (1-50%),0.4592,0.4945,0.0463,0.5408,0.0,0.0,301.09427
35,2025-12-14,26,-19.34095,148.0835,2,1.99,0,None (0%),0.7644,0.1788,0.0568,0.2356,0.0,0.0,301.06714
35,2025-12-14,27,-19.32325,148.4333,2,0.89,0,None (0%),0.7849,0.1621,0.0531,0.2151,0.0,0.0,301.04288
35,2025-12-14,28,-19.311234,148.34396,3,2.51,0,None (0%),0.7441,0.1955,0.0604,0.2559,0.0,0.0,301.0814
35,2025-12-14,29,-19.2076,148.8596,2,2.52,0,None (0%),0.746,0.2044,0.0496,0.254,0.0,0.0,301.14853
35,2025-12-14,30,-19.11165,148.33365,6,1.74,0,None (0%),0.803,0.1727,0.0243,0.197,0.0,0.0,301.14572
35,2025-12-14,31,-18.9913,148.06412,6,2.14,0,None (0%),0.8005,0.1834,0.0161,0.1995,0.0,0.0,301.10428
35,2025-12-14,32,-18.847086,147.91052,7,2.89,0,None (0%),0.7942,0.1895,0.0163,0.2058,0.0,0.0,301.07428
35,2025-12-14,33,-18.1497,146.28976,3,3.16,0,None (0%),0.7024,0.2602,0.0374,0.2976,0.0,0.0,301.61713
35,2025-12-14,34,-17.6551,146.49199,6,2.85,0,None (0%),0.5737,0.3981,0.0282,0.4263,0.0,0.0,301.4471
35,2025-12-14,35,-17.34235,146.52235,4,1.95,0,None (0%),0.6065,0.358,0.0355,0.3935,0.0,0.0,301.57428
35,2025-12-14,36,-16.871353,146.21158,88,1.49,0,None (0%),0.5755,0.3725,0.0519,0.4245,0.0,0.0,301.6971
35,2025-12-14,37,-16.935507,145.98845,13,1.85,0,None (0%),0.5362,0.4403,0.0234,0.4638,0.0,0.0,301.61426
35,2025-12-14,38,-16.52347,145.99037,108,1.65,0,None (0%),0.5726,0.3838,0.0436,0.4274,0.0,0.0,301.7314
35,2025-12-14,39,-16.12418,145.83456,243,1.03,0,None (0%),0.5602,0.4058,0.0341,0.4398,0.0,0.0,301.67572
35,2025-12-14,40,-15.77885,145.58086,2,0.76,1,Moderate (1-50%),0.467,0.5067,0.0263,0.533,0.0,0.0,301.66998
35,2025-12-14,41,-15.499777,145.51018,13,3.18,1,Moderate (1-50%),0.4677,0.4813,0.0509,0.5323,0.0,0.0,301.66855
35,2025-12-14,42,-14.85125,145.27235,2,2.66,1,Moderate (1-50%),0.3408,0.5725,0.0868,0.6592,0.0,0.0,301.8686
35,2025-12-14,43,-14.728744,145.10814,16,1.86,1,Moderate (1-50%),0.307,0.5672,0.1258,0.693,0.0,0.0,301.86285
35,2025-12-14,44,-14.4546,144.90607,7,3.05,1,Moderate (1-50%),0.2953,0.5921,0.1126,0.7047,0.0,0.0,301.80856
35,2025-12-14,45,-14.1632,144.26332,5,1.82,1,Moderate (1-50%),0.3896,0.4269,0.1835,0.6104,0.0,0.0,302.15
35,2025-12-14,46,-14.13435,144.5049,2,2.4,1,Moderate (1-50%),0.3055,0.556,0.1385,0.6945,0.0,0.0,301.94574
35,2025-12-14,47,-14.07125,143.8833,2,0.99,1,Moderate (1-50%),0.2574,0.525,0.2176,0.7426,0.0,0.0,302.70856
35,2025-12-14,48,-13.922125,143.78668,4,1.3,1,Moderate (1-50%),0.1249,0.6335,0.2416,0.8751,0.0,0.0,302.83002
35,2025-12-14,49,-23.6966,152.1829,2,2.53,1,Moderate (1-50%),0.2586,0.7227,0.0187,0.7414,0.0,0.0,299.94287
35,2025-12-14,50,-17.776623,146.45274,9,2.36,0,None (0%),0.6004,0.3783,0.0213,0.3996,0.0,0.0,301.40427
35,2025-12-14,51,-16.284166,145.4936,3,2.23,1,Moderate (1-50%),0.4077,0.5324,0.0599,0.5923,0.0,0.0,301.88998
35,2025-12-14,52,-15.71492,145.45647,5,2.28,1,Moderate (1-50%),0.4786,0.4994,0.022,0.5214,0.0,0.0,301.69427
35,2025-12-14,53,-22.2081,150.33665,2,2.23,1,Moderate (1-50%),0.2097,0.5238,0.2665,0.7903,0.0,0.0,301.3043
35,2025-12-14,54,-22.024067,150.66617,3,0.92,2,Severe (>50%),0.2746,0.3622,0.3633,0.7254,0.0,0.0,301.21
35,2025-12-14,55,-22.018534,150.34753,3,2.43,1,Moderate (1-50%),0.2152,0.4951,0.2897,0.7848,0.0,0.0,301.33426
35,2025-12-14,56,-21.95394,150.1631,5,2.64,1,Moderate (1-50%),0.2341,0.4724,0.2935,0.7659,0.0,0.0,301.35715
35,2025-12-14,57,-21.6832,150.28384,4,1.29,1,Moderate (1-50%),0.3463,0.3918,0.2619,0.6537,0.0,0.0,301.27713
35,2025-12-14,58,-21.455212,149.86604,8,2.39,1,Moderate (1-50%),0.3658,0.4304,0.2038,0.6342,0.0,0.0,301.4157
35,2025-12-14,59,-18.062532,146.56087,3,2.04,0,None (0%),0.5097,0.4598,0.0305,0.4903,0.0,0.0,301.37714
35,2025-12-14,60,-23.958666,151.47777,3,1.84,1,Moderate (1-50%),0.0922,0.5528,0.355,0.9078,0.65,0.65,301.07144
35,2025-12-14,61,-23.767967,151.33594,3,1.36,1,Moderate (1-50%),0.119,0.4757,0.4053,0.881,0.83,0.83,301.18143
35,2025-12-14,62,-23.5347,151.73087,3,1.23,1,Moderate (1-50%),0.2268,0.5484,0.2248,0.7732,0.0,0.0,300.72858
35,2025-12-14,63,-19.2064,147.0493,3,3.28,1,Moderate (1-50%),0.474,0.4918,0.0342,0.526,0.0,0.0,301.40717
35,2025-12-14,64,-18.0518,146.78749,12,2.9,0,None (0%),0.5442,0.4244,0.0314,0.4558,0.0,0.0,301.40427
35,2025-12-14,65,-18.008833,146.16989,9,1.88,0,None (0%),0.5297,0.423,0.0473,0.4703,0.0,0.0,301.73428
35,2025-12-14,66,-17.721071,146.1557,7,2.09,0,None (0%),0.578,0.3832,0.0388,0.422,0.0,0.0,301.7314
35,2025-12-14,67,-17.467283,146.3924,6,2.04,0,None (0%),0.5733,0.39,0.0368,0.4267,0.0,0.0,301.53
35,2025-12-14,68,-17.20583,146.07251,10,2.15,0,None (0%),0.5699,0.3989,0.0311,0.4301,0.0,0.0,301.65
35,2025-12-14,69,-16.545633,145.52946,3,2.34,1,Moderate (1-50%),0.2957,0.5875,0.1168,0.7043,0.0,0.0,301.86285
35,2025-12-14,70,-16.379562,145.56004,47,1.67,0,None (0%),0.4824,0.4617,0.0559,0.5176,0.0,0.0,301.79144
35,2025-12-14,71,-15.9993,145.4327,3,2.82,1,Moderate (1-50%),0.3962,0.5698,0.0341,0.6038,0.0,0.0,301.73
35,2025-12-14,72,-15.156473,145.46036,11,2.59,1,Moderate (1-50%),0.4672,0.4747,0.058,0.5328,0.0,0.0,301.75143
35,2025-12-14,73,-11.8956,143.1068,2,3.03,1,Moderate (1-50%),0.2038,0.6299,0.1663,0.7962,0.5,0.5,302.88428
35,2025-12-14,74,-10.14675,151.16306,2,3.4,2,Severe (>50%),0.021,0.409,0.5701,0.979,1.25,1.25,302.76855
35,2025-12-14,75,-18.4208,147.34987,3,2.66,0,None (0%),0.4985,0.453,0.0486,0.5015,0.0,0.0,301.64285
35,2025-12-14,76,-19.54529,149.26216,28,2.63,0,None (0%),0.8667,0.1006,0.0327,0.1333,0.0,0.0,300.9414
35,2025-12-14,77,-18.665953,147.07942,15,1.11,0,None (0%),0.6204,0.3518,0.0278,0.3796,0.0,0.0,301.27142
35,2025-12-14,78,-18.441046,146.99043,15,2.42,0,None (0%),0.5126,0.4595,0.0279,0.4874,0.0,0.0,301.46143
35,2025-12-14,79,-22.0,152.67,2,2.83,0,None (0%),0.5192,0.4458,0.0351,0.4808,0.0,0.0,300.35284
35,2025-12-14,80,-18.402128,146.79951,11,3.63,1,Moderate (1-50%),0.4721,0.4975,0.0303,0.5279,0.0,0.0,301.36716
35,2025-12-14,81,-18.52425,147.1444,2,2.05,0,None (0%),0.5968,0.3786,0.0246,0.4032,0.0,0.0,301.42996
35,2025-12-14,82,-21.3925,152.50706,5,2.69,0,None (0%),0.8475,0.1243,0.0282,0.1525,0.0,0.0,300.75
35,2025-12-14,83,-21.121021,152.48535,9,1.16,0,None (0%),0.8682,0.109,0.0227,0.1318,0.0,0.0,300.83856
35,2025-12-14,84,-21.106472,152.2254,11,2.06,0,None (0%),0.8779,0.106,0.0161,0.1221,0.0,0.0,300.96286
35,2025-12-14,85,-20.96795,149.75764,2,1.96,0,None (0%),0.8418,0.1117,0.0464,0.1582,0.0,0.0,301.23145
35,2025-12-14,86,-20.928566,150.04893,3,2.52,0,None (0%),0.7585,0.1755,0.0661,0.2415,0.0,0.0,301.27573
35,2025-12-14,87,-19.68672,149.93729,5,1.83,0,None (0%),0.7823,0.1965,0.0212,0.2177,0.0,0.0,300.88998
35,2025-12-14,88,-19.501034,148.7524,3,3.57,0,None (0%),0.8093,0.1556,0.0351,0.1907,0.0,0.0,300.97284
35,2025-12-14,89,-19.3041,148.6315,4,2.42,0,None (0%),0.7959,0.1642,0.0399,0.2041,0.0,0.0,300.99142
35,2025-12-14,90,-19.20995,148.542,2,2.45,0,None (0%),0.7938,0.1797,0.0265,0.2062,0.0,0.0,301.02002
35,2025-12-14,91,-18.82149,147.65489,18,2.15,0,None (0%),0.739,0.242,0.019,0.261,0.0,0.0,301.2571
35,2025-12-14,92,-17.5251,146.52454,3,0.05,0,None (0%),0.5397,0.4312,0.0291,0.4603,0.0,0.0,301.50143
35,2025-12-14,93,-14.88175,145.50227,6,2.56,1,Moderate (1-50%),0.2849,0.6532,0.0619,0.7151,0.0,0.0,301.6743
35,2025-12-14,94,-24.112192,152.71562,14,1.71,1,Moderate (1-50%),0.2953,0.6965,0.0082,0.7047,0.0,0.0,300.06427
35,2025-12-14,95,-19.449833,148.86703,3,2.89,0,None (0%),0.7864,0.1743,0.0392,0.2136,0.0,0.0,300.95285
35,2025-12-14,96,-16.409634,145.74434,3,2.68,1,Moderate (1-50%),0.376,0.5457,0.0783,0.624,0.0,0.0,301.7314
35,2025-12-14,97,-12.67815,143.5829,2,0.93,0,None (0%),0.5207,0.3616,0.1177,0.4793,0.15,0.15,302.44855
35,2025-12-14,98,-12.2257,143.2841,2,0.99,1,Moderate (1-50%),0.2371,0.6146,0.1484,0.7629,0.33,0.33,302.78574
35,2025-12-14,99,-11.782,142.95316,5,2.5,1,Moderate (1-50%),0.1546,0.6432,0.2022,0.8454,0.83,0.83,302.97427
35,2025-12-14,100,-11.7694,143.09245,2,2.0,1,Moderate (1-50%),0.1525,0.7249,0.1227,0.8475,0.51,0.51,302.92572
35,2025-12-14,101,-11.482866,143.01598,9,1.32,1,Moderate (1-50%),0.2106,0.6353,0.1541,0.7894,0.44,0.44,302.92996
35,2025-12-14,102,-11.191144,142.98755,9,2.26,1,Moderate (1-50%),0.2519,0.5702,0.1779,0.7481,0.49,0.49,302.87283
35,2025-12-14,103,-14.610958,145.62405,19,1.56,1,Moderate (1-50%),0.2298,0.6837,0.0865,0.7702,0.0,0.0,301.95856
35,2025-12-14,104,-14.704066,145.44646,9,3.28,1,Moderate (1-50%),0.2915,0.6368,0.0717,0.7085,0.0,0.0,301.67856
35,2025-12-14,105,-23.32,151.98,2,0.75,1,Moderate (1-50%),0.3671,0.5931,0.0397,0.6329,0.0,0.0,300.24286
35,2025-12-14,106,-18.26362,147.38202,5,1.47,1,Moderate (1-50%),0.4217,0.4703,0.108,0.5783,0.0,0.0,301.73
35,2025-12-14,107,-14.0,146.0,2,3.87,1,Moderate (1-50%),0.2172,0.6627,0.1201,0.7828,0.62,0.62,302.1414
35,2025-12-14,108,-21.87,152.19,2,1.64,0,None (0%),0.7793,0.168,0.0526,0.2207,0.0,0.0,300.48285
35,2025-12-14,109,-21.13605,150.77615,2,1.23,0,None (0%),0.8504,0.0938,0.0558,0.1496,0.0,0.0,300.83713
35,2025-12-14,110,-20.66895,150.2588,2,1.81,0,None (0%),0.781,0.1725,0.0466,0.219,0.0,0.0,301.05426
35,2025-12-14,111,-20.08315,149.93718,4,1.56,0,None (0%),0.7035,0.2461,0.0503,0.2965,0.0,0.0,300.90854
35,2025-12-14,112,-19.6179,149.67664,3,0.81,0,None (0%),0.7956,0.1822,0.0222,0.2044,0.0,0.0,300.83713
35,2025-12-14,113,-18.791527,147.52235,34,1.86,0,None (0%),0.7602,0.2216,0.0182,0.2398,0.0,0.0,301.4343
35,2025-12-14,114,-18.53455,147.49355,4,2.22,0,None (0%),0.6777,0.2997,0.0226,0.3223,0.0,0.0,301.6014
35,2025-12-14,115,-18.1362,146.9716,2,1.3,1,Moderate (1-50%),0.4728,0.4928,0.0345,0.5272,0.0,0.0,301.56714
35,2025-12-14,116,-15.359506,145.7791,18,1.78,1,Moderate (1-50%),0.4006,0.5509,0.0486,0.5994,0.0,0.0,301.8343
35,2025-12-14,117,-14.925742,145.68793,38,1.39,1,Moderate (1-50%),0.3041,0.626,0.0699,0.6959,0.0,0.0,301.8157
35,2025-12-14,118,-15.02785,145.56805,2,0.81,1,Moderate (1-50%),0.4186,0.5397,0.0417,0.5814,0.0,0.0,301.68573
35,2025-12-14,119,-12.767325,143.42282,4,0.89,1,Moderate (1-50%),0.1782,0.6384,0.1834,0.8218,0.45,0.45,302.5814
35,2025-12-14,120,-11.997334,143.27243,6,2.5,1,Moderate (1-50%),0.2358,0.6035,0.1606,0.7642,0.61,0.61,302.83716
35,2025-12-14,121,-11.0088,142.98685,2,2.22,1,Moderate (1-50%),0.2868,0.569,0.1441,0.7132,0.68,0.68,302.94574
35,2025-12-14,122,-20.751085,149.4548,7,3.39,0,None (0%),0.7923,0.1596,0.0481,0.2077,0.0,0.0,301.13715
35,2025-12-14,123,-18.65635,147.71594,2,2.28,0,None (0%),0.7231,0.2551,0.0219,0.2769,0.0,0.0,301.2828
35,2025-12-14,124,-12.470825,143.48958,4,1.65,1,Moderate (1-50%),0.2926,0.577,0.1304,0.7074,0.33,0.33,302.51855
35,2025-12-14,125,-12.30835,143.37485,2,1.85,1,Moderate (1-50%),0.2648,0.5417,0.1935,0.7352,0.33,0.33,302.62857
35,2025-12-14,126,-10.69155,142.73485,2,2.13,1,Moderate (1-50%),0.2559,0.584,0.1601,0.7441,0.79,0.79,303.08145
35,2025-12-14,127,-18.9561,146.9562,15,2.89,0,None (0%),0.6136,0.3613,0.0251,0.3864,0.0,0.0,301.18716
35,2025-12-14,128,-13.844505,146.55128,41,3.35,1,Moderate (1-50%),0.1811,0.6566,0.1623,0.8189,0.33,0.33,302.3386
35,2025-12-14,129,-16.22582,146.00262,10,2.39,1,Moderate (1-50%),0.424,0.448,0.128,0.576,0.0,0.0,301.86142
35,2025-12-14,130,-15.51399,145.77756,20,1.25,0,None (0%),0.4989,0.4489,0.0522,0.5011,0.0,0.0,301.7814
35,2025-12-14,131,-16.0,145.9667,2,2.92,1,Moderate (1-50%),0.3895,0.5192,0.0912,0.6105,0.0,0.0,301.86142
35,2025-12-14,132,-17.0,149.1,4,3.85,0,None (0%),0.5408,0.3828,0.0764,0.4592,0.0,0.0,301.46854
36,2025-12-21,0,-19.166714,146.84863,209,2.65,0,None (0%),0.4664,0.4486,0.085,0.5336,0.64,0.64,302.08713
36,2025-12-21,1,-18.646925,146.54514,149,3.23,0,None (0%),0.668,0.3135,0.0185,0.332,0.0,0.0,301.89853
36,2025-12-21,2,-10.2196665,150.84866,3,2.66,1,Moderate (1-50%),0.014,0.4937,0.4923,0.986,0.13714285,0.13714285,302.88858
36,2025-12-21,3,-23.443886,151.92134,187,2.13,1,Moderate (1-50%),0.3947,0.5043,0.101,0.6053,0.0,0.0,300.50287
36,2025-12-21,4,-18.75,146.25,2,3.83,1,Moderate (1-50%),0.3143,0.5695,0.1162,0.6857,0.0,0.0,302.60428
36,2025-12-21,5,-23.146168,150.95728,60,2.97,2,Severe (>50%),0.1909,0.2788,0.5302,0.8091,0.0,0.0,301.09427
36,2025-12-21,6,-19.760475,149.15018,69,3.06,0,None (0%),0.6852,0.2723,0.0425,0.3148,0.0,0.0,301.27426
36,2025-12-21,7,-18.227266,146.74213,3,1.83,0,None (0%),0.6057,0.3639,0.0304,0.3943,0.0,0.0,301.6014
36,2025-12-21,8,-19.020872,146.6052,11,2.13,0,None (0%),0.6875,0.2672,0.0452,0.3125,0.17,0.17,302.04425
36,2025-12-21,9,-18.739391,147.2709,12,1.66,0,None (0%),0.5997,0.3696,0.0307,0.4003,0.0,0.0,301.70712
36,2025-12-21,10,-17.885866,146.59,3,2.0,0,None (0%),0.6277,0.3252,0.0471,0.3723,0.0,0.0,301.63284
36,2025-12-21,11,-17.239176,146.34703,8,2.82,0,None (0%),0.65,0.2963,0.0537,0.35,0.0,0.0,301.7143
36,2025-12-21,12,-20.237434,148.9795,103,1.46,0,None (0%),0.6455,0.3165,0.038,0.3545,0.0,0.0,301.21854
36,2025-12-21,13,-20.3759,150.17145,8,0.38,0,None (0%),0.5794,0.3833,0.0373,0.4206,0.0,0.0,301.19144
36,2025-12-21,14,-20.251957,148.81541,23,2.75,0,None (0%),0.6084,0.3508,0.0407,0.3916,0.0,0.0,301.3257
36,2025-12-21,15,-20.090439,148.5869,23,2.12,0,None (0%),0.6747,0.2836,0.0417,0.3253,0.0,0.0,301.4
36,2025-12-21,16,-20.022484,148.28569,12,1.15,1,Moderate (1-50%),0.4458,0.4519,0.1024,0.5542,0.0,0.0,301.53287
36,2025-12-21,17,-19.86675,147.92262,4,0.95,0,None (0%),0.5011,0.3871,0.1119,0.4989,0.0,0.0,301.63428
36,2025-12-21,18,-23.992844,151.69751,7,3.03,1,Moderate (1-50%),0.1529,0.4503,0.3968,0.8471,0.16,0.16,300.75998
36,2025-12-21,19,-23.520433,151.2612,3,1.5,1,Moderate (1-50%),0.1101,0.5435,0.3464,0.8899,0.15,0.15,300.9929
36,2025-12-21,20,-23.408117,151.1666,6,2.06,1,Moderate (1-50%),0.1122,0.5018,0.386,0.8878,0.29,0.29,301.0657
36,2025-12-21,21,-23.326,150.92995,2,0.52,1,Moderate (1-50%),0.1564,0.5947,0.2489,0.8436,0.49,0.49,301.15286
36,2025-12-21,22,-21.991533,152.46994,3,1.91,0,None (0%),0.7541,0.1792,0.0667,0.2459,0.0,0.0,300.62997
36,2025-12-21,23,-20.911617,149.42245,11,1.51,0,None (0%),0.773,0.1995,0.0275,0.227,0.0,0.0,301.3614
36,2025-12-21,24,-20.758585,150.43915,7,2.34,0,None (0%),0.7828,0.181,0.0363,0.2172,0.0,0.0,301.27856
36,2025-12-21,25,-19.7155,147.77403,7,1.06,0,None (0%),0.5343,0.4042,0.0615,0.4657,0.0,0.0,301.62717
36,2025-12-21,26,-19.34095,148.0835,2,1.99,0,None (0%),0.6445,0.3266,0.0289,0.3555,0.0,0.0,301.39285
36,2025-12-21,27,-19.32325,148.4333,2,0.89,0,None (0%),0.7396,0.2271,0.0333,0.2604,0.0,0.0,301.32285
36,2025-12-21,28,-19.311234,148.34396,3,2.51,0,None (0%),0.6787,0.2734,0.048,0.3213,0.0,0.0,301.35715
36,2025-12-21,29,-19.2076,148.8596,2,2.52,0,None (0%),0.5866,0.3822,0.0312,0.4134,0.0,0.0,301.52426
36,2025-12-21,30,-19.11165,148.33365,6,1.74,0,None (0%),0.728,0.2314,0.0406,0.272,0.0,0.0,301.4771
36,2025-12-21,31,-18.9913,148.06412,6,2.14,0,None (0%),0.6268,0.3467,0.0265,0.3732,0.0,0.0,301.52573
36,2025-12-21,32,-18.847086,147.91052,7,2.89,0,None (0%),0.6271,0.3425,0.0304,0.3729,0.0,0.0,301.6014
36,2025-12-21,33,-18.1497,146.28976,3,3.16,0,None (0%),0.5405,0.4239,0.0356,0.4595,0.0,0.0,301.87573
36,2025-12-21,34,-17.6551,146.49199,6,2.85,0,None (0%),0.6308,0.3044,0.0648,0.3692,0.0,0.0,301.70142
36,2025-12-21,35,-17.34235,146.52235,4,1.95,0,None (0%),0.5624,0.3753,0.0623,0.4376,0.0,0.0,301.77286
36,2025-12-21,36,-16.871353,146.21158,88,1.49,0,None (0%),0.5005,0.4399,0.0596,0.4995,0.0,0.0,301.82855
36,2025-12-21,37,-16.935507,145.98845,13,1.85,0,None (0%),0.6284,0.3193,0.0523,0.3716,0.0,0.0,301.8043
36,2025-12-21,38,-16.52347,145.99037,108,1.65,0,None (0%),0.6365,0.3199,0.0437,0.3635,0.0,0.0,301.93857
36,2025-12-21,39,-16.12418,145.83456,243,1.03,0,None (0%),0.6005,0.344,0.0555,0.3995,0.0,0.0,301.8643
36,2025-12-21,40,-15.77885,145.58086,2,0.76,0,None (0%),0.6409,0.303,0.0561,0.3591,0.0,0.0,301.7443
36,2025-12-21,41,-15.499777,145.51018,13,3.18,0,None (0%),0.6025,0.357,0.0405,0.3975,0.0,0.0,301.75714
36,2025-12-21,42,-14.85125,145.27235,2,2.66,1,Moderate (1-50%),0.2996,0.637,0.0634,0.7004,0.0,0.0,301.8857
36,2025-12-21,43,-14.728744,145.10814,16,1.86,1,Moderate (1-50%),0.3261,0.5943,0.0795,0.6739,0.0,0.0,301.90714
36,2025-12-21,44,-14.4546,144.90607,7,3.05,1,Moderate (1-50%),0.2961,0.6274,0.0765,0.7039,0.0,0.0,301.91428
36,2025-12-21,45,-14.1632,144.26332,5,1.82,0,None (0%),0.4762,0.4018,0.122,0.5238,0.0,0.0,302.27426
36,2025-12-21,46,-14.13435,144.5049,2,2.4,1,Moderate (1-50%),0.4168,0.4273,0.1559,0.5832,0.0,0.0,302.10428
36,2025-12-21,47,-14.07125,143.8833,2,0.99,1,Moderate (1-50%),0.2238,0.5825,0.1937,0.7762,0.0,0.0,302.73712
36,2025-12-21,48,-13.922125,143.78668,4,1.3,1,Moderate (1-50%),0.1206,0.574,0.3053,0.8794,0.0,0.0,302.8157
36,2025-12-21,49,-23.6966,152.1829,2,2.53,1,Moderate (1-50%),0.4358,0.5563,0.0079,0.5642,0.0,0.0,300.4343
36,2025-12-21,50,-17.776623,146.45274,9,2.36,0,None (0%),0.6513,0.2819,0.0667,0.3487,0.0,0.0,301.66714
36,2025-12-21,51,-16.284166,145.4936,3,2.23,1,Moderate (1-50%),0.3657,0.4863,0.1481,0.6343,0.0,0.0,302.05283
36,2025-12-21,52,-15.71492,145.45647,5,2.28,0,None (0%),0.5686,0.3897,0.0417,0.4314,0.0,0.0,301.79715
36,2025-12-21,53,-22.2081,150.33665,2,2.23,0,None (0%),0.561,0.2865,0.1525,0.439,0.0,0.0,301.32144
36,2025-12-21,54,-22.024067,150.66617,3,0.92,0,None (0%),0.5531,0.3235,0.1233,0.4469,0.0,0.0,301.26144
36,2025-12-21,55,-22.018534,150.34753,3,2.43,1,Moderate (1-50%),0.4078,0.4347,0.1575,0.5922,0.0,0.0,301.38998
36,2025-12-21,56,-21.95394,150.1631,5,2.64,0,None (0%),0.5616,0.3393,0.099,0.4384,0.0,0.0,301.43286
36,2025-12-21,57,-21.6832,150.28384,4,1.29,0,None (0%),0.6971,0.2347,0.0682,0.3029,0.0,0.0,301.36426
36,2025-12-21,58,-21.455212,149.86604,8,2.39,0,None (0%),0.6369,0.3033,0.0598,0.3631,0.0,0.0,301.59427
36,2025-12-21,59,-18.062532,146.56087,3,2.04,0,None (0%),0.6256,0.3243,0.0501,0.3744,0.0,0.0,301.6443
36,2025-12-21,60,-23.958666,151.47777,3,1.84,2,Severe (>50%),0.1994,0.3646,0.436,0.8006,0.65,0.65,300.92142
36,2025-12-21,61,-23.767967,151.33594,3,1.36,1,Moderate (1-50%),0.1058,0.6463,0.248,0.8942,0.83,0.83,301.07568
36,2025-12-21,62,-23.5347,151.73087,3,1.23,1,Moderate (1-50%),0.3417,0.4332,0.2252,0.6583,0.0,0.0,300.67285
36,2025-12-21,63,-19.2064,147.0493,3,3.28,0,None (0%),0.4847,0.4709,0.0445,0.5153,0.0,0.0,301.8814
36,2025-12-21,64,-18.0518,146.78749,12,2.9,0,None (0%),0.591,0.382,0.0269,0.409,0.0,0.0,301.59283
36,2025-12-21,65,-18.008833,146.16989,9,1.88,0,None (0%),0.5574,0.4021,0.0405,0.4426,0.0,0.0,301.90143
36,2025-12-21,66,-17.721071,146.1557,7,2.09,0,None (0%),0.5291,0.4264,0.0445,0.4709,0.0,0.0,301.93283
36,2025-12-21,67,-17.467283,146.3924,6,2.04,0,None (0%),0.6397,0.3153,0.045,0.3603,0.0,0.0,301.73712
36,2025-12-21,68,-17.20583,146.07251,10,2.15,0,None (0%),0.531,0.4253,0.0437,0.469,0.0,0.0,301.79288
36,2025-12-21,69,-16.545633,145.52946,3,2.34,1,Moderate (1-50%),0.3859,0.4568,0.1573,0.6141,0.0,0.0,302.13858
36,2025-12-21,70,-16.379562,145.56004,47,1.67,0,None (0%),0.497,0.3826,0.1204,0.503,0.0,0.0,302.01855
36,2025-12-21,71,-15.9993,145.4327,3,2.82,1,Moderate (1-50%),0.3993,0.5247,0.076,0.6007,0.0,0.0,301.90997
36,2025-12-21,72,-15.156473,145.46036,11,2.59,0,None (0%),0.4904,0.4612,0.0484,0.5096,0.0,0.0,301.83002
36,2025-12-21,73,-11.8956,143.1068,2,3.03,1,Moderate (1-50%),0.2636,0.5631,0.1734,0.7364,0.5,0.5,302.92285
36,2025-12-21,74,-10.14675,151.16306,2,3.4,2,Severe (>50%),0.01,0.3924,0.5976,0.99,1.8828571,1.8828571,303.1057
36,2025-12-21,75,-18.4208,147.34987,3,2.66,1,Moderate (1-50%),0.3074,0.6481,0.0445,0.6926,0.0,0.0,301.84857
36,2025-12-21,76,-19.54529,149.26216,28,2.63,0,None (0%),0.6951,0.2884,0.0164,0.3049,0.0,0.0,301.29425
36,2025-12-21,77,-18.665953,147.07942,15,1.11,0,None (0%),0.68,0.3014,0.0187,0.32,0.0,0.0,301.60284
36,2025-12-21,78,-18.441046,146.99043,15,2.42,0,None (0%),0.5523,0.4111,0.0366,0.4477,0.0,0.0,301.70142
36,2025-12-21,79,-22.0,152.67,2,2.83,0,None (0%),0.658,0.2962,0.0458,0.342,0.0,0.0,300.55713
36,2025-12-21,80,-18.402128,146.79951,11,3.63,0,None (0%),0.6002,0.3557,0.0441,0.3998,0.0,0.0,301.66714
36,2025-12-21,81,-18.52425,147.1444,2,2.05,0,None (0%),0.5317,0.4368,0.0315,0.4683,0.0,0.0,301.70285
36,2025-12-21,82,-21.3925,152.50706,5,2.69,0,None (0%),0.7873,0.1929,0.0198,0.2127,0.0,0.0,300.88284
36,2025-12-21,83,-21.121021,152.48535,9,1.16,0,None (0%),0.6843,0.2751,0.0406,0.3157,0.0,0.0,301.05142
36,2025-12-21,84,-21.106472,152.2254,11,2.06,0,None (0%),0.7118,0.2472,0.041,0.2882,0.0,0.0,301.1143
36,2025-12-21,85,-20.96795,149.75764,2,1.96,0,None (0%),0.8262,0.1486,0.0252,0.1738,0.0,0.0,301.35428
36,2025-12-21,86,-20.928566,150.04893,3,2.52,0,None (0%),0.7687,0.2027,0.0286,0.2313,0.0,0.0,301.38428
36,2025-12-21,87,-19.68672,149.93729,5,1.83,0,None (0%),0.7244,0.258,0.0177,0.2756,0.0,0.0,301.24286
36,2025-12-21,88,-19.501034,148.7524,3,3.57,0,None (0%),0.7345,0.2284,0.0371,0.2655,0.0,0.0,301.26144
36,2025-12-21,89,-19.3041,148.6315,4,2.42,0,None (0%),0.8267,0.1507,0.0227,0.1733,0.0,0.0,301.30856
36,2025-12-21,90,-19.20995,148.542,2,2.45,0,None (0%),0.7824,0.1874,0.0302,0.2176,0.0,0.0,301.37427
36,2025-12-21,91,-18.82149,147.65489,18,2.15,0,None (0%),0.7372,0.2397,0.0231,0.2628,0.0,0.0,301.61856
36,2025-12-21,92,-17.5251,146.52454,3,0.05,0,None (0%),0.626,0.3247,0.0493,0.374,0.0,0.0,301.74
36,2025-12-21,93,-14.88175,145.50227,6,2.56,1,Moderate (1-50%),0.4342,0.5047,0.0611,0.5658,0.0,0.0,301.8357
36,2025-12-21,94,-24.112192,152.71562,14,1.71,0,None (0%),0.6077,0.3863,0.0061,0.3923,0.0,0.0,300.4014
36,2025-12-21,95,-19.449833,148.86703,3,2.89,0,None (0%),0.7598,0.2133,0.027,0.2402,0.0,0.0,301.2914
36,2025-12-21,96,-16.409634,145.74434,3,2.68,1,Moderate (1-50%),0.4309,0.4626,0.1065,0.5691,0.0,0.0,302.04572
36,2025-12-21,97,-12.67815,143.5829,2,0.93,1,Moderate (1-50%),0.2378,0.5604,0.2018,0.7622,0.15,0.15,302.5257
36,2025-12-21,98,-12.2257,143.2841,2,0.99,1,Moderate (1-50%),0.199,0.5598,0.2413,0.801,0.33,0.33,302.7571
36,2025-12-21,99,-11.782,142.95316,5,2.5,1,Moderate (1-50%),0.2378,0.5857,0.1766,0.7622,0.83,0.83,303.0257
36,2025-12-21,100,-11.7694,143.09245,2,2.0,1,Moderate (1-50%),0.2573,0.5804,0.1623,0.7427,0.51,0.51,302.97568
36,2025-12-21,101,-11.482866,143.01598,9,1.32,1,Moderate (1-50%),0.1907,0.5614,0.2478,0.8093,0.5257143,0.5257143,303.1557
36,2025-12-21,102,-11.191144,142.98755,9,2.26,1,Moderate (1-50%),0.2203,0.5259,0.2538,0.7797,0.6571429,0.6571429,303.20142
36,2025-12-21,103,-14.610958,145.62405,19,1.56,1,Moderate (1-50%),0.3831,0.5134,0.1035,0.6169,0.0,0.0,301.98285
36,2025-12-21,104,-14.704066,145.44646,9,3.28,1,Moderate (1-50%),0.434,0.5145,0.0516,0.566,0.0,0.0,301.81424
36,2025-12-21,105,-23.32,151.98,2,0.75,0,None (0%),0.5449,0.3923,0.0628,0.4551,0.0,0.0,300.49713
36,2025-12-21,106,-18.26362,147.38202,5,1.47,1,Moderate (1-50%),0.2663,0.6689,0.0648,0.7337,0.0,0.0,301.96143
36,2025-12-21,107,-14.0,146.0,2,3.87,0,None (0%),0.5914,0.3203,0.0883,0.4086,0.62,0.62,302.39142
36,2025-12-21,108,-21.87,152.19,2,1.64,0,None (0%),0.838,0.1255,0.0365,0.162,0.0,0.0,300.6614
36,2025-12-21,109,-21.13605,150.77615,2,1.23,0,None (0%),0.8313,0.1343,0.0344,0.1687,0.0,0.0,301.08572
36,2025-12-21,110,-20.66895,150.2588,2,1.81,0,None (0%),0.7685,0.1982,0.0332,0.2315,0.0,0.0,301.25568
36,2025-12-21,111,-20.08315,149.93718,4,1.56,0,None (0%),0.6843,0.2783,0.0373,0.3157,0.0,0.0,301.14996
36,2025-12-21,112,-19.6179,149.67664,3,0.81,0,None (0%),0.6955,0.2838,0.0208,0.3045,0.0,0.0,301.22
36,2025-12-21,113,-18.791527,147.52235,34,1.86,0,None (0%),0.6493,0.3237,0.027,0.3507,0.0,0.0,301.68
36,2025-12-21,114,-18.53455,147.49355,4,2.22,1,Moderate (1-50%),0.4199,0.5423,0.0378,0.5801,0.0,0.0,301.8043
36,2025-12-21,115,-18.1362,146.9716,2,1.3,1,Moderate (1-50%),0.396,0.5304,0.0736,0.604,0.0,0.0,301.71143
36,2025-12-21,116,-15.359506,145.7791,18,1.78,0,None (0%),0.5172,0.4288,0.054,0.4828,0.0,0.0,301.9086
36,2025-12-21,117,-14.925742,145.68793,38,1.39,1,Moderate (1-50%),0.4375,0.4811,0.0815,0.5625,0.0,0.0,301.9443
36,2025-12-21,118,-15.02785,145.56805,2,0.81,0,None (0%),0.5515,0.381,0.0675,0.4485,0.0,0.0,301.83426
36,2025-12-21,119,-12.767325,143.42282,4,0.89,1,Moderate (1-50%),0.1373,0.5278,0.3349,0.8627,0.82857144,0.82857144,302.75854
36,2025-12-21,120,-11.997334,143.27243,6,2.5,1,Moderate (1-50%),0.356,0.4779,0.1661,0.644,0.61,0.61,302.77142
36,2025-12-21,121,-11.0088,142.98685,2,2.22,1,Moderate (1-50%),0.1772,0.5865,0.2363,0.8228,0.9457143,0.9457143,303.22
36,2025-12-21,122,-20.751085,149.4548,7,3.39,0,None (0%),0.8411,0.1326,0.0263,0.1589,0.0,0.0,301.2614
36,2025-12-21,123,-18.65635,147.71594,2,2.28,0,None (0%),0.5711,0.4078,0.021,0.4289,0.0,0.0,301.75143
36,2025-12-21,124,-12.470825,143.48958,4,1.65,1,Moderate (1-50%),0.2414,0.4703,0.2883,0.7586,0.33,0.33,302.58572
36,2025-12-21,125,-12.30835,143.37485,2,1.85,1,Moderate (1-50%),0.2451,0.4944,0.2606,0.7549,0.33,0.33,302.67715
36,2025-12-21,126,-10.69155,142.73485,2,2.13,1,Moderate (1-50%),0.2716,0.5314,0.1971,0.7284,1.18,1.18,303.18143
36,2025-12-21,127,-18.9561,146.9562,15,2.89,0,None (0%),0.7774,0.2052,0.0173,0.2226,0.0,0.0,301.6357
36,2025-12-21,128,-13.844505,146.55128,41,3.35,1,Moderate (1-50%),0.3822,0.4183,0.1995,0.6178,0.43,0.43,302.64996
36,2025-12-21,129,-16.22582,146.00262,10,2.39,1,Moderate (1-50%),0.41,0.4768,0.1132,0.59,0.0,0.0,302.01
36,2025-12-21,130,-15.51399,145.77756,20,1.25,0,None (0%),0.5272,0.3926,0.0802,0.4728,0.0,0.0,301.8357
36,2025-12-21,131,-16.0,145.9667,2,2.92,0,None (0%),0.5234,0.3969,0.0797,0.4766,0.0,0.0,301.98856
36,2025-12-21,132,-17.0,149.1,4,3.85,1,Moderate (1-50%),0.3223,0.638,0.0397,0.6777,0.0,0.0,301.47284
37,2025-12-28,0,-19.166714,146.84863,209,2.65,1,Moderate (1-50%),0.2057,0.5952,0.1991,0.7943,0.64,0.64,302.42285
37,2025-12-28,1,-18.646925,146.54514,149,3.23,0,None (0%),0.6455,0.2886,0.066,0.3545,0.0,0.0,302.21143
37,2025-12-28,2,-10.2196665,150.84866,3,2.66,2,Severe (>50%),0.023,0.2875,0.6895,0.977,1.1571429,1.1571429,303.39285
37,2025-12-28,3,-23.443886,151.92134,187,2.13,0,None (0%),0.6156,0.3477,0.0367,0.3844,0.0,0.0,300.7557
37,2025-12-28,4,-18.75,146.25,2,3.83,1,Moderate (1-50%),0.2925,0.5127,0.1948,0.7075,0.114285715,0.114285715,302.80002
37,2025-12-28,5,-23.146168,150.95728,60,2.97,0,None (0%),0.6608,0.1943,0.1449,0.3392,0.0,0.0,301.31857
37,2025-12-28,6,-19.760475,149.15018,69,3.06,0,None (0%),0.5859,0.3542,0.0599,0.4141,0.0,0.0,301.69574
37,2025-12-28,7,-18.227266,146.74213,3,1.83,1,Moderate (1-50%),0.4363,0.4442,0.1195,0.5637,0.0,0.0,302.10715
37,2025-12-28,8,-19.020872,146.6052,11,2.13,0,None (0%),0.5725,0.2781,0.1495,0.4275,0.17,0.17,302.34714
37,2025-12-28,9,-18.739391,147.2709,12,1.66,0,None (0%),0.5719,0.3259,0.1021,0.4281,0.0,0.0,302.20428
37,2025-12-28,10,-17.885866,146.59,3,2.0,0,None (0%),0.4847,0.354,0.1612,0.5153,0.0,0.0,302.27
37,2025-12-28,11,-17.239176,146.34703,8,2.82,0,None (0%),0.6721,0.2303,0.0976,0.3279,0.0,0.0,302.0
37,2025-12-28,12,-20.237434,148.9795,103,1.46,0,None (0%),0.5838,0.3492,0.067,0.4162,0.0,0.0,301.65717
37,2025-12-28,13,-20.3759,150.17145,8,0.38,0,None (0%),0.6108,0.3316,0.0576,0.3892,0.0,0.0,301.70572
37,2025-12-28,14,-20.251957,148.81541,23,2.75,0,None (0%),0.5914,0.346,0.0627,0.4086,0.0,0.0,301.70575
37,2025-12-28,15,-20.090439,148.5869,23,2.12,1,Moderate (1-50%),0.4467,0.4749,0.0784,0.5533,0.0,0.0,301.9343
37,2025-12-28,16,-20.022484,148.28569,12,1.15,1,Moderate (1-50%),0.3622,0.4315,0.2063,0.6378,0.0,0.0,302.07144
37,2025-12-28,17,-19.86675,147.92262,4,0.95,1,Moderate (1-50%),0.3747,0.4381,0.1872,0.6253,0.0,0.0,302.11713
37,2025-12-28,18,-23.992844,151.69751,7,3.03,1,Moderate (1-50%),0.3775,0.4476,0.1749,0.6225,0.16,0.16,301.02286
37,2025-12-28,19,-23.520433,151.2612,3,1.5,1,Moderate (1-50%),0.3483,0.449,0.2027,0.6517,0.21,0.21,301.27286
37,2025-12-28,20,-23.408117,151.1666,6,2.06,0,None (0%),0.4945,0.2709,0.2346,0.5055,0.29,0.29,301.35428
37,2025-12-28,21,-23.326,150.92995,2,0.52,0,None (0%),0.4839,0.4004,0.1157,0.5161,0.49,0.49,301.45572
37,2025-12-28,22,-21.991533,152.46994,3,1.91,0,None (0%),0.7498,0.2136,0.0366,0.2502,0.0,0.0,300.9714
37,2025-12-28,23,-20.911617,149.42245,11,1.51,0,None (0%),0.8249,0.1538,0.0213,0.1751,0.0,0.0,301.66284
37,2025-12-28,24,-20.758585,150.43915,7,2.34,0,None (0%),0.7673,0.2015,0.0312,0.2327,0.0,0.0,301.72568
37,2025-12-28,25,-19.7155,147.77403,7,1.06,1,Moderate (1-50%),0.4043,0.4768,0.1189,0.5957,0.0,0.0,302.21573
37,2025-12-28,26,-19.34095,148.0835,2,1.99,0,None (0%),0.7428,0.2113,0.0459,0.2572,0.0,0.0,301.99286
37,2025-12-28,27,-19.32325,148.4333,2,0.89,0,None (0%),0.7304,0.236,0.0337,0.2696,0.0,0.0,301.79282
37,2025-12-28,28,-19.311234,148.34396,3,2.51,0,None (0%),0.6969,0.266,0.0371,0.3031,0.0,0.0,301.84717
37,2025-12-28,29,-19.2076,148.8596,2,2.52,0,None (0%),0.6426,0.2968,0.0606,0.3574,0.0,0.0,301.96286
37,2025-12-28,30,-19.11165,148.33365,6,1.74,0,None (0%),0.7079,0.2452,0.0469,0.2921,0.0,0.0,302.03287
37,2025-12-28,31,-18.9913,148.06412,6,2.14,0,None (0%),0.6194,0.3214,0.0592,0.3806,0.0,0.0,302.09717
37,2025-12-28,32,-18.847086,147.91052,7,2.89,0,None (0%),0.5794,0.3373,0.0833,0.4206,0.0,0.0,302.16284
37,2025-12-28,33,-18.1497,146.28976,3,3.16,0,None (0%),0.6059,0.3063,0.0878,0.3941,0.0,0.0,302.4157
37,2025-12-28,34,-17.6551,146.49199,6,2.85,0,None (0%),0.5732,0.2592,0.1676,0.4268,0.0,0.0,302.17572
37,2025-12-28,35,-17.34235,146.52235,4,1.95,0,None (0%),0.6672,0.1992,0.1336,0.3328,0.0,0.0,302.22855
37,2025-12-28,36,-16.871353,146.21158,88,1.49,0,None (0%),0.5765,0.2939,0.1296,0.4235,0.0,0.0,302.19427
37,2025-12-28,37,-16.935507,145.98845,13,1.85,0,None (0%),0.6646,0.248,0.0875,0.3354,0.0,0.0,302.05002
37,2025-12-28,38,-16.52347,145.99037,108,1.65,0,None (0%),0.7032,0.1768,0.1199,0.2968,0.0,0.0,302.35
37,2025-12-28,39,-16.12418,145.83456,243,1.03,0,None (0%),0.6873,0.2004,0.1123,0.3127,0.0,0.0,302.2643
37,2025-12-28,40,-15.77885,145.58086,2,0.76,0,None (0%),0.4876,0.3778,0.1346,0.5124,0.0,0.0,302.24286
37,2025-12-28,41,-15.499777,145.51018,13,3.18,1,Moderate (1-50%),0.3693,0.4162,0.2145,0.6307,0.0,0.0,302.29855
37,2025-12-28,42,-14.85125,145.27235,2,2.66,1,Moderate (1-50%),0.2111,0.4686,0.3203,0.7889,0.025714286,0.025714286,302.57855
37,2025-12-28,43,-14.728744,145.10814,16,1.86,1,Moderate (1-50%),0.2014,0.4851,0.3134,0.7986,0.087142855,0.087142855,302.58713
37,2025-12-28,44,-14.4546,144.90607,7,3.05,1,Moderate (1-50%),0.2257,0.505,0.2694,0.7743,0.022857143,0.022857143,302.46997
37,2025-12-28,45,-14.1632,144.26332,5,1.82,0,None (0%),0.4013,0.3795,0.2193,0.5987,0.0,0.0,302.6
37,2025-12-28,46,-14.13435,144.5049,2,2.4,2,Severe (>50%),0.1971,0.3909,0.4119,0.8029,0.08142857,0.08142857,302.57147
37,2025-12-28,47,-14.07125,143.8833,2,0.99,1,Moderate (1-50%),0.0992,0.5241,0.3767,0.9008,0.0,0.0,303.09
37,2025-12-28,48,-13.922125,143.78668,4,1.3,2,Severe (>50%),0.0717,0.3733,0.555,0.9283,0.0,0.0,303.08286
37,2025-12-28,49,-23.6966,152.1829,2,2.53,1,Moderate (1-50%),0.4245,0.5496,0.0259,0.5755,0.0,0.0,300.67715
37,2025-12-28,50,-17.776623,146.45274,9,2.36,0,None (0%),0.5561,0.2703,0.1736,0.4439,0.0,0.0,302.20712
37,2025-12-28,51,-16.284166,145.4936,3,2.23,1,Moderate (1-50%),0.2995,0.4729,0.2275,0.7005,0.0,0.0,302.20142
37,2025-12-28,52,-15.71492,145.45647,5,2.28,0,None (0%),0.4327,0.432,0.1353,0.5673,0.0,0.0,302.24286
37,2025-12-28,53,-22.2081,150.33665,2,2.23,0,None (0%),0.6295,0.3319,0.0386,0.3705,0.0,0.0,301.42856
37,2025-12-28,54,-22.024067,150.66617,3,0.92,0,None (0%),0.6777,0.2492,0.0731,0.3223,0.0,0.0,301.46
37,2025-12-28,55,-22.018534,150.34753,3,2.43,0,None (0%),0.604,0.323,0.073,0.396,0.0,0.0,301.4857
37,2025-12-28,56,-21.95394,150.1631,5,2.64,0,None (0%),0.5959,0.3444,0.0596,0.4041,0.0,0.0,301.59857
37,2025-12-28,57,-21.6832,150.28384,4,1.29,0,None (0%),0.7185,0.2387,0.0427,0.2815,0.0,0.0,301.6486
37,2025-12-28,58,-21.455212,149.86604,8,2.39,0,None (0%),0.5911,0.3543,0.0546,0.4089,0.0,0.0,301.83002
37,2025-12-28,59,-18.062532,146.56087,3,2.04,0,None (0%),0.4383,0.3993,0.1623,0.5617,0.0,0.0,302.27
37,2025-12-28,60,-23.958666,151.47777,3,1.84,2,Severe (>50%),0.2574,0.3463,0.3964,0.7426,0.65,0.65,301.19284
37,2025-12-28,61,-23.767967,151.33594,3,1.36,1,Moderate (1-50%),0.1062,0.6921,0.2018,0.8938,0.89,0.89,301.26855
37,2025-12-28,62,-23.5347,151.73087,3,1.23,0,None (0%),0.5562,0.3647,0.079,0.4438,0.0,0.0,300.92572
37,2025-12-28,63,-19.2064,147.0493,3,3.28,0,None (0%),0.5451,0.3621,0.0928,0.4549,0.0,0.0,302.4
37,2025-12-28,64,-18.0518,146.78749,12,2.9,1,Moderate (1-50%),0.3801,0.4857,0.1343,0.6199,0.0,0.0,302.22427
37,2025-12-28,65,-18.008833,146.16989,9,1.88,0,None (0%),0.5833,0.3339,0.0828,0.4167,0.0,0.0,302.37714
37,2025-12-28,66,-17.721071,146.1557,7,2.09,0,None (0%),0.6742,0.25,0.0759,0.3258,0.0,0.0,302.2657
37,2025-12-28,67,-17.467283,146.3924,6,2.04,0,None (0%),0.5104,0.2823,0.2074,0.4896,0.0,0.0,302.06857
37,2025-12-28,68,-17.20583,146.07251,10,2.15,0,None (0%),0.704,0.2011,0.0949,0.296,0.0,0.0,302.05426
37,2025-12-28,69,-16.545633,145.52946,3,2.34,1,Moderate (1-50%),0.2089,0.5405,0.2507,0.7911,0.0,0.0,302.2443
37,2025-12-28,70,-16.379562,145.56004,47,1.67,0,None (0%),0.4275,0.4124,0.1601,0.5725,0.0,0.0,302.2143
37,2025-12-28,71,-15.9993,145.4327,3,2.82,1,Moderate (1-50%),0.3937,0.4329,0.1735,0.6063,0.0,0.0,302.21
37,2025-12-28,72,-15.156473,145.46036,11,2.59,0,None (0%),0.5498,0.2629,0.1873,0.4502,0.0,0.0,302.43997
37,2025-12-28,73,-11.8956,143.1068,2,3.03,1,Moderate (1-50%),0.1381,0.4533,0.4086,0.8619,0.6514286,0.6514286,303.1314
37,2025-12-28,74,-10.14675,151.16306,2,3.4,2,Severe (>50%),0.0101,0.251,0.7389,0.9899,3.2142856,3.2142856,303.49286
37,2025-12-28,75,-18.4208,147.34987,3,2.66,0,None (0%),0.4211,0.3566,0.2224,0.5789,0.08571429,0.08571429,302.39285
37,2025-12-28,76,-19.54529,149.26216,28,2.63,0,None (0%),0.6429,0.3262,0.0309,0.3571,0.0,0.0,301.59857
37,2025-12-28,77,-18.665953,147.07942,15,1.11,0,None (0%),0.5793,0.3148,0.1059,0.4207,0.0,0.0,302.12143
37,2025-12-28,78,-18.441046,146.99043,15,2.42,1,Moderate (1-50%),0.4143,0.4256,0.1601,0.5857,0.0,0.0,302.17145
37,2025-12-28,79,-22.0,152.67,2,2.83,0,None (0%),0.6443,0.3135,0.0423,0.3557,0.0,0.0,300.92285
37,2025-12-28,80,-18.402128,146.79951,11,3.63,0,None (0%),0.4603,0.4011,0.1386,0.5397,0.0,0.0,302.08856
37,2025-12-28,81,-18.52425,147.1444,2,2.05,1,Moderate (1-50%),0.3949,0.4379,0.1672,0.6051,0.0,0.0,302.20142
37,2025-12-28,82,-21.3925,152.50706,5,2.69,0,None (0%),0.7272,0.2512,0.0216,0.2728,0.0,0.0,301.28998
37,2025-12-28,83,-21.121021,152.48535,9,1.16,0,None (0%),0.6161,0.3237,0.0603,0.3839,0.0,0.0,301.55426
37,2025-12-28,84,-21.106472,152.2254,11,2.06,0,None (0%),0.5739,0.3439,0.0822,0.4261,0.0,0.0,301.5671
37,2025-12-28,85,-20.96795,149.75764,2,1.96,0,None (0%),0.7926,0.1746,0.0328,0.2074,0.0,0.0,301.79
37,2025-12-28,86,-20.928566,150.04893,3,2.52,0,None (0%),0.8097,0.1587,0.0317,0.1903,0.0,0.0,301.8757
37,2025-12-28,87,-19.68672,149.93729,5,1.83,0,None (0%),0.639,0.324,0.0369,0.361,0.0,0.0,301.6486
37,2025-12-28,88,-19.501034,148.7524,3,3.57,0,None (0%),0.6978,0.261,0.0412,0.3022,0.0,0.0,301.73285
37,2025-12-28,89,-19.3041,148.6315,4,2.42,0,None (0%),0.6008,0.3409,0.0583,0.3992,0.0,0.0,301.79
37,2025-12-28,90,-19.20995,148.542,2,2.45,0,None (0%),0.609,0.3449,0.046,0.391,0.0,0.0,301.8357
37,2025-12-28,91,-18.82149,147.65489,18,2.15,0,None (0%),0.5986,0.2818,0.1196,0.4014,0.0,0.0,302.14572
37,2025-12-28,92,-17.5251,146.52454,3,0.05,0,None (0%),0.3975,0.3857,0.2168,0.6025,0.0,0.0,302.22284
37,2025-12-28,93,-14.88175,145.50227,6,2.56,0,None (0%),0.4516,0.3447,0.2037,0.5484,0.022857143,0.022857143,302.4471
37,2025-12-28,94,-24.112192,152.71562,14,1.71,1,Moderate (1-50%),0.3275,0.6536,0.0189,0.6725,0.0,0.0,300.78714
37,2025-12-28,95,-19.449833,148.86703,3,2.89,0,None (0%),0.5539,0.3886,0.0575,0.4461,0.0,0.0,301.71573
37,2025-12-28,96,-16.409634,145.74434,3,2.68,1,Moderate (1-50%),0.3723,0.4458,0.1819,0.6277,0.0,0.0,302.2857
37,2025-12-28,97,-12.67815,143.5829,2,0.93,1,Moderate (1-50%),0.1163,0.451,0.4328,0.8837,0.28428572,0.28428572,302.80002
37,2025-12-28,98,-12.2257,143.2841,2,0.99,1,Moderate (1-50%),0.1381,0.4842,0.3777,0.8619,0.47,0.47,303.00568
37,2025-12-28,99,-11.782,142.95316,5,2.5,1,Moderate (1-50%),0.1638,0.4652,0.371,0.8362,0.9671429,0.9671429,303.06857
37,2025-12-28,100,-11.7694,143.09245,2,2.0,1,Moderate (1-50%),0.1327,0.5169,0.3504,0.8673,0.6557143,0.6557143,303.13858
37,2025-12-28,101,-11.482866,143.01598,9,1.32,1,Moderate (1-50%),0.0858,0.5445,0.3697,0.9142,0.7728571,0.7728571,303.2457
37,2025-12-28,102,-11.191144,142.98755,9,2.26,1,Moderate (1-50%),0.0961,0.4974,0.4064,0.9039,1.0042857,1.0042857,303.24
37,2025-12-28,103,-14.610958,145.62405,19,1.56,1,Moderate (1-50%),0.1314,0.5222,0.3463,0.8686,0.024285715,0.024285715,302.56
37,2025-12-28,104,-14.704066,145.44646,9,3.28,0,None (0%),0.4126,0.4107,0.1767,0.5874,0.08857143,0.08857143,302.46426
37,2025-12-28,105,-23.32,151.98,2,0.75,0,None (0%),0.6454,0.3267,0.0278,0.3546,0.0,0.0,300.79425
37,2025-12-28,106,-18.26362,147.38202,5,1.47,1,Moderate (1-50%),0.3822,0.3863,0.2314,0.6178,0.15142857,0.15142857,302.46857
37,2025-12-28,107,-14.0,146.0,2,3.87,2,Severe (>50%),0.2772,0.3397,0.3831,0.7228,1.05,1.05,303.1614
37,2025-12-28,108,-21.87,152.19,2,1.64,0,None (0%),0.8524,0.1287,0.0189,0.1476,0.0,0.0,301.04572
37,2025-12-28,109,-21.13605,150.77615,2,1.23,0,None (0%),0.781,0.1933,0.0257,0.219,0.0,0.0,301.56714
37,2025-12-28,110,-20.66895,150.2588,2,1.81,0,None (0%),0.6791,0.2828,0.038,0.3209,0.0,0.0,301.73575
37,2025-12-28,111,-20.08315,149.93718,4,1.56,0,None (0%),0.5588,0.3946,0.0466,0.4412,0.0,0.0,301.60284
37,2025-12-28,112,-19.6179,149.67664,3,0.81,0,None (0%),0.6099,0.3571,0.0331,0.3901,0.0,0.0,301.55145
37,2025-12-28,113,-18.791527,147.52235,34,1.86,0,None (0%),0.5611,0.3436,0.0954,0.4389,0.08,0.08,302.25
37,2025-12-28,114,-18.53455,147.49355,4,2.22,0,None (0%),0.4465,0.3971,0.1564,0.5535,0.15714286,0.15714286,302.40717
37,2025-12-28,115,-18.1362,146.9716,2,1.3,1,Moderate (1-50%),0.3233,0.4663,0.2104,0.6767,0.0,0.0,302.39142
37,2025-12-28,116,-15.359506,145.7791,18,1.78,0,None (0%),0.4874,0.3349,0.1778,0.5126,0.0,0.0,302.47
37,2025-12-28,117,-14.925742,145.68793,38,1.39,1,Moderate (1-50%),0.2843,0.4882,0.2275,0.7157,0.065714285,0.065714285,302.51855
37,2025-12-28,118,-15.02785,145.56805,2,0.81,0,None (0%),0.5442,0.3183,0.1374,0.4558,0.022857143,0.022857143,302.45856
37,2025-12-28,119,-12.767325,143.42282,4,0.89,1,Moderate (1-50%),0.0582,0.4954,0.4464,0.9418,1.02,1.02,302.9014
37,2025-12-28,120,-11.997334,143.27243,6,2.5,1,Moderate (1-50%),0.1209,0.4764,0.4027,0.8791,0.7614286,0.7614286,303.07715
37,2025-12-28,121,-11.0088,142.98685,2,2.22,2,Severe (>50%),0.0726,0.3775,0.5498,0.9274,1.4071429,1.4071429,303.29425
37,2025-12-28,122,-20.751085,149.4548,7,3.39,0,None (0%),0.6943,0.2532,0.0525,0.3057,0.0,0.0,301.6514
37,2025-12-28,123,-18.65635,147.71594,2,2.28,0,None (0%),0.5308,0.3511,0.1181,0.4692,0.0,0.0,302.26855
37,2025-12-28,124,-12.470825,143.48958,4,1.65,1,Moderate (1-50%),0.1399,0.4361,0.424,0.8601,0.4642857,0.4642857,302.83716
37,2025-12-28,125,-12.30835,143.37485,2,1.85,1,Moderate (1-50%),0.116,0.5048,0.3792,0.884,0.46142858,0.46142858,302.93
37,2025-12-28,126,-10.69155,142.73485,2,2.13,2,Severe (>50%),0.0672,0.4423,0.4906,0.9328,1.6685715,1.6685715,303.26425
37,2025-12-28,127,-18.9561,146.9562,15,2.89,0,None (0%),0.6759,0.273,0.0511,0.3241,0.0,0.0,302.10715
37,2025-12-28,128,-13.844505,146.55128,41,3.35,2,Severe (>50%),0.1371,0.239,0.6239,0.8629,1.1157143,1.1157143,303.31143
37,2025-12-28,129,-16.22582,146.00262,10,2.39,0,None (0%),0.4322,0.2958,0.272,0.5678,0.0,0.0,302.46713
37,2025-12-28,130,-15.51399,145.77756,20,1.25,0,None (0%),0.4796,0.3063,0.214,0.5204,0.0,0.0,302.4057
37,2025-12-28,131,-16.0,145.9667,2,2.92,0,None (0%),0.432,0.3048,0.2632,0.568,0.0,0.0,302.49
37,2025-12-28,132,-17.0,149.1,4,3.85,1,Moderate (1-50%),0.267,0.6616,0.0714,0.733,0.0,0.0,302.16998
38,2026-01-04,0,-19.166714,146.84863,209,2.65,2,Severe (>50%),0.1086,0.3956,0.4958,0.8914,0.64,0.64,301.97287
38,2026-01-04,1,-18.646925,146.54514,149,3.23,0,None (0%),0.4832,0.1913,0.3255,0.5168,0.0,0.0,301.8514
38,2026-01-04,2,-10.2196665,150.84866,3,2.66,2,Severe (>50%),0.0006,0.1369,0.8625,0.9994,2.52,2.52,303.26285
38,2026-01-04,3,-23.443886,151.92134,187,2.13,0,None (0%),0.5661,0.2951,0.1388,0.4339,0.0,0.0,300.60858
38,2026-01-04,4,-18.75,146.25,2,3.83,2,Severe (>50%),0.1267,0.3981,0.4752,0.8733,0.16,0.16,302.04
38,2026-01-04,5,-23.146168,150.95728,60,2.97,1,Moderate (1-50%),0.3892,0.4322,0.1786,0.6108,0.0,0.0,301.12997
38,2026-01-04,6,-19.760475,149.15018,69,3.06,2,Severe (>50%),0.2535,0.2955,0.4509,0.7465,0.0,0.0,301.29855
38,2026-01-04,7,-18.227266,146.74213,3,1.83,2,Severe (>50%),0.1627,0.2653,0.572,0.8373,0.0,0.0,301.8857
38,2026-01-04,8,-19.020872,146.6052,11,2.13,2,Severe (>50%),0.3023,0.2902,0.4075,0.6977,0.17,0.17,301.9143
38,2026-01-04,9,-18.739391,147.2709,12,1.66,2,Severe (>50%),0.3616,0.2558,0.3826,0.6384,0.0,0.0,301.87857
38,2026-01-04,10,-17.885866,146.59,3,2.0,2,Severe (>50%),0.2092,0.2426,0.5481,0.7908,0.0,0.0,301.95572
38,2026-01-04,11,-17.239176,146.34703,8,2.82,1,Moderate (1-50%),0.1815,0.467,0.3515,0.8185,0.0,0.0,301.86856
38,2026-01-04,12,-20.237434,148.9795,103,1.46,0,None (0%),0.4583,0.2506,0.291,0.5417,0.0,0.0,301.46857
38,2026-01-04,13,-20.3759,150.17145,8,0.38,2,Severe (>50%),0.2663,0.3505,0.3833,0.7337,0.0,0.0,301.4343
38,2026-01-04,14,-20.251957,148.81541,23,2.75,1,Moderate (1-50%),0.2848,0.4061,0.309,0.7152,0.0,0.0,301.53424
38,2026-01-04,15,-20.090439,148.5869,23,2.12,2,Severe (>50%),0.15,0.3228,0.5272,0.85,0.0,0.0,301.67572
38,2026-01-04,16,-20.022484,148.28569,12,1.15,2,Severe (>50%),0.1198,0.3308,0.5495,0.8802,0.0,0.0,301.74142
38,2026-01-04,17,-19.86675,147.92262,4,0.95,2,Severe (>50%),0.1509,0.3104,0.5387,0.8491,0.0,0.0,301.7429
38,2026-01-04,18,-23.992844,151.69751,7,3.03,1,Moderate (1-50%),0.1933,0.6218,0.1849,0.8067,0.16,0.16,300.58
38,2026-01-04,19,-23.520433,151.2612,3,1.5,1,Moderate (1-50%),0.0873,0.6122,0.3005,0.9127,0.29,0.29,300.9643
38,2026-01-04,20,-23.408117,151.1666,6,2.06,1,Moderate (1-50%),0.1421,0.5782,0.2798,0.8579,0.29,0.29,301.04715
38,2026-01-04,21,-23.326,150.92995,2,0.52,1,Moderate (1-50%),0.1002,0.7785,0.1214,0.8998,0.49,0.49,301.13715
38,2026-01-04,22,-21.991533,152.46994,3,1.91,0,None (0%),0.7254,0.1646,0.11,0.2746,0.0,0.0,300.87427
38,2026-01-04,23,-20.911617,149.42245,11,1.51,0,None (0%),0.4005,0.3148,0.2847,0.5995,0.0,0.0,301.37997
38,2026-01-04,24,-20.758585,150.43915,7,2.34,1,Moderate (1-50%),0.1979,0.4359,0.3662,0.8021,0.17,0.17,301.52142
38,2026-01-04,25,-19.7155,147.77403,7,1.06,2,Severe (>50%),0.3036,0.2711,0.4253,0.6964,0.0,0.0,301.74857
38,2026-01-04,26,-19.34095,148.0835,2,1.99,2,Severe (>50%),0.3854,0.2078,0.4068,0.6146,0.0,0.0,301.60428
38,2026-01-04,27,-19.32325,148.4333,2,0.89,0,None (0%),0.457,0.2457,0.2973,0.543,0.0,0.0,301.52426
38,2026-01-04,28,-19.311234,148.34396,3,2.51,0,None (0%),0.4648,0.2268,0.3085,0.5352,0.0,0.0,301.53427
38,2026-01-04,29,-19.2076,148.8596,2,2.52,2,Severe (>50%),0.2481,0.3453,0.4066,0.7519,0.0,0.0,301.62427
38,2026-01-04,30,-19.11165,148.33365,6,1.74,2,Severe (>50%),0.2488,0.2053,0.5458,0.7512,0.0,0.0,301.71143
38,2026-01-04,31,-18.9913,148.06412,6,2.14,2,Severe (>50%),0.2259,0.2068,0.5672,0.7741,0.0,0.0,301.7657
38,2026-01-04,32,-18.847086,147.91052,7,2.89,2,Severe (>50%),0.3359,0.2174,0.4466,0.6641,0.0,0.0,301.78714
38,2026-01-04,33,-18.1497,146.28976,3,3.16,0,None (0%),0.4069,0.2887,0.3044,0.5931,0.0,0.0,302.03857
38,2026-01-04,34,-17.6551,146.49199,6,2.85,2,Severe (>50%),0.2361,0.3074,0.4565,0.7639,0.0,0.0,301.91284
38,2026-01-04,35,-17.34235,146.52235,4,1.95,2,Severe (>50%),0.1842,0.3192,0.4966,0.8158,0.0,0.0,301.99857
38,2026-01-04,36,-16.871353,146.21158,88,1.49,2,Severe (>50%),0.2708,0.2697,0.4595,0.7292,0.0,0.0,301.95285
38,2026-01-04,37,-16.935507,145.98845,13,1.85,1,Moderate (1-50%),0.2404,0.4316,0.328,0.7596,0.0,0.0,301.8157
38,2026-01-04,38,-16.52347,145.99037,108,1.65,2,Severe (>50%),0.3464,0.2092,0.4444,0.6536,0.0,0.0,302.07715
38,2026-01-04,39,-16.12418,145.83456,243,1.03,2,Severe (>50%),0.3339,0.2107,0.4554,0.6661,0.0,0.0,302.10138
38,2026-01-04,40,-15.77885,145.58086,2,0.76,0,None (0%),0.471,0.2508,0.2782,0.529,0.0,0.0,302.06427
38,2026-01-04,41,-15.499777,145.51018,13,3.18,0,None (0%),0.4008,0.2726,0.3266,0.5992,0.0,0.0,302.0886
38,2026-01-04,42,-14.85125,145.27235,2,2.66,2,Severe (>50%),0.1137,0.2274,0.6589,0.8863,0.18,0.18,302.4857
38,2026-01-04,43,-14.728744,145.10814,16,1.86,2,Severe (>50%),0.0764,0.2141,0.7095,0.9236,0.33,0.33,302.56284
38,2026-01-04,44,-14.4546,144.90607,7,3.05,2,Severe (>50%),0.0763,0.216,0.7078,0.9237,0.18285714,0.18285714,302.5357
38,2026-01-04,45,-14.1632,144.26332,5,1.82,2,Severe (>50%),0.089,0.2611,0.6499,0.911,0.021428572,0.021428572,302.8514
38,2026-01-04,46,-14.13435,144.5049,2,2.4,2,Severe (>50%),0.0775,0.1688,0.7537,0.9225,0.4,0.4,302.7614
38,2026-01-04,47,-14.07125,143.8833,2,0.99,1,Moderate (1-50%),0.0517,0.6078,0.3405,0.9483,0.09142857,0.09142857,303.1014
38,2026-01-04,48,-13.922125,143.78668,4,1.3,2,Severe (>50%),0.013,0.3558,0.6312,0.987,0.09142857,0.09142857,303.02997
38,2026-01-04,49,-23.6966,152.1829,2,2.53,0,None (0%),0.5262,0.3989,0.0749,0.4738,0.0,0.0,300.57858
38,2026-01-04,50,-17.776623,146.45274,9,2.36,2,Severe (>50%),0.2298,0.2624,0.5078,0.7702,0.0,0.0,301.91714
38,2026-01-04,51,-16.284166,145.4936,3,2.23,2,Severe (>50%),0.1042,0.283,0.6128,0.8958,0.0,0.0,302.08002
38,2026-01-04,52,-15.71492,145.45647,5,2.28,2,Severe (>50%),0.3377,0.324,0.3383,0.6623,0.0,0.0,302.07858
38,2026-01-04,53,-22.2081,150.33665,2,2.23,0,None (0%),0.3666,0.3527,0.2807,0.6334,0.0,0.0,301.3514
38,2026-01-04,54,-22.024067,150.66617,3,0.92,0,None (0%),0.3714,0.3072,0.3213,0.6286,0.0,0.0,301.51855
38,2026-01-04,55,-22.018534,150.34753,3,2.43,1,Moderate (1-50%),0.3542,0.4493,0.1965,0.6458,0.0,0.0,301.37714
38,2026-01-04,56,-21.95394,150.1631,5,2.64,1,Moderate (1-50%),0.3012,0.4437,0.2551,0.6988,0.0,0.0,301.3943
38,2026-01-04,57,-21.6832,150.28384,4,1.29,1,Moderate (1-50%),0.3278,0.417,0.2551,0.6722,0.0,0.0,301.48712
38,2026-01-04,58,-21.455212,149.86604,8,2.39,1,Moderate (1-50%),0.2054,0.558,0.2366,0.7946,0.0,0.0,301.50858
38,2026-01-04,59,-18.062532,146.56087,3,2.04,2,Severe (>50%),0.2141,0.2776,0.5083,0.7859,0.0,0.0,301.93716
38,2026-01-04,60,-23.958666,151.47777,3,1.84,1,Moderate (1-50%),0.102,0.7494,0.1486,0.898,0.65,0.65,300.74142
38,2026-01-04,61,-23.767967,151.33594,3,1.36,1,Moderate (1-50%),0.0589,0.7695,0.1716,0.9411,0.97,0.97,300.9243
38,2026-01-04,62,-23.5347,151.73087,3,1.23,0,None (0%),0.4679,0.4029,0.1292,0.5321,0.0,0.0,300.63858
38,2026-01-04,63,-19.2064,147.0493,3,3.28,0,None (0%),0.455,0.3104,0.2346,0.545,0.0,0.0,302.03714
38,2026-01-04,64,-18.0518,146.78749,12,2.9,2,Severe (>50%),0.1502,0.2139,0.6358,0.8498,0.0,0.0,301.95856
38,2026-01-04,65,-18.008833,146.16989,9,1.88,0,None (0%),0.3897,0.3802,0.2301,0.6103,0.0,0.0,302.03857
38,2026-01-04,66,-17.721071,146.1557,7,2.09,2,Severe (>50%),0.1971,0.3652,0.4376,0.8029,0.0,0.0,301.85715
38,2026-01-04,67,-17.467283,146.3924,6,2.04,2,Severe (>50%),0.2298,0.3843,0.3858,0.7702,0.0,0.0,301.83856
38,2026-01-04,68,-17.20583,146.07251,10,2.15,1,Moderate (1-50%),0.2159,0.3939,0.3902,0.7841,0.0,0.0,301.69284
38,2026-01-04,69,-16.545633,145.52946,3,2.34,2,Severe (>50%),0.0642,0.2756,0.6602,0.9358,0.0,0.0,302.0314
38,2026-01-04,70,-16.379562,145.56004,47,1.67,2,Severe (>50%),0.1765,0.3156,0.508,0.8235,0.0,0.0,302.04288
38,2026-01-04,71,-15.9993,145.4327,3,2.82,2,Severe (>50%),0.1504,0.306,0.5436,0.8496,0.0,0.0,302.1743
38,2026-01-04,72,-15.156473,145.46036,11,2.59,2,Severe (>50%),0.2192,0.1577,0.623,0.7808,0.0,0.0,302.28287
38,2026-01-04,73,-11.8956,143.1068,2,3.03,1,Moderate (1-50%),0.0983,0.4908,0.411,0.9017,0.87,0.87,302.87143
38,2026-01-04,74,-10.14675,151.16306,2,3.4,2,Severe (>50%),0.0002,0.1139,0.8859,0.9998,4.747143,4.747143,303.39282
38,2026-01-04,75,-18.4208,147.34987,3,2.66,2,Severe (>50%),0.076,0.3255,0.5985,0.924,0.15,0.15,301.95712
38,2026-01-04,76,-19.54529,149.26216,28,2.63,0,None (0%),0.5688,0.2107,0.2205,0.4312,0.0,0.0,301.42572
38,2026-01-04,77,-18.665953,147.07942,15,1.11,0,None (0%),0.4997,0.2233,0.277,0.5003,0.0,0.0,301.83282
38,2026-01-04,78,-18.441046,146.99043,15,2.42,2,Severe (>50%),0.1237,0.3475,0.5288,0.8763,0.0,0.0,301.83856
38,2026-01-04,79,-22.0,152.67,2,2.83,0,None (0%),0.6598,0.1954,0.1447,0.3402,0.0,0.0,300.82
38,2026-01-04,80,-18.402128,146.79951,11,3.63,2,Severe (>50%),0.1558,0.266,0.5782,0.8442,0.0,0.0,301.80002
38,2026-01-04,81,-18.52425,147.1444,2,2.05,2,Severe (>50%),0.2733,0.2816,0.4451,0.7267,0.0,0.0,301.86002
38,2026-01-04,82,-21.3925,152.50706,5,2.69,1,Moderate (1-50%),0.3377,0.351,0.3113,0.6623,0.0,0.0,301.31857
38,2026-01-04,83,-21.121021,152.48535,9,1.16,1,Moderate (1-50%),0.2353,0.3938,0.3709,0.7647,0.18,0.18,301.66428
38,2026-01-04,84,-21.106472,152.2254,11,2.06,1,Moderate (1-50%),0.1833,0.4685,0.3482,0.8167,0.19,0.19,301.74713
38,2026-01-04,85,-20.96795,149.75764,2,1.96,2,Severe (>50%),0.3284,0.2598,0.4118,0.6716,0.0,0.0,301.48145
38,2026-01-04,86,-20.928566,150.04893,3,2.52,2,Severe (>50%),0.2029,0.3266,0.4706,0.7971,0.15,0.15,301.59714
38,2026-01-04,87,-19.68672,149.93729,5,1.83,2,Severe (>50%),0.2952,0.3037,0.4011,0.7048,0.0,0.0,301.6014
38,2026-01-04,88,-19.501034,148.7524,3,3.57,0,None (0%),0.5208,0.2534,0.2258,0.4792,0.0,0.0,301.38428
38,2026-01-04,89,-19.3041,148.6315,4,2.42,0,None (0%),0.4367,0.1824,0.3809,0.5633,0.0,0.0,301.5114
38,2026-01-04,90,-19.20995,148.542,2,2.45,0,None (0%),0.4173,0.1828,0.3999,0.5827,0.0,0.0,301.61285
38,2026-01-04,91,-18.82149,147.65489,18,2.15,0,None (0%),0.5386,0.2367,0.2247,0.4614,0.0,0.0,301.79144
38,2026-01-04,92,-17.5251,146.52454,3,0.05,2,Severe (>50%),0.2098,0.352,0.4382,0.7902,0.0,0.0,301.9471
38,2026-01-04,93,-14.88175,145.50227,6,2.56,2,Severe (>50%),0.1338,0.2218,0.6445,0.8662,0.2242857,0.2242857,302.52286
38,2026-01-04,94,-24.112192,152.71562,14,1.71,1,Moderate (1-50%),0.3905,0.5168,0.0927,0.6095,0.0,0.0,300.59283
38,2026-01-04,95,-19.449833,148.86703,3,2.89,0,None (0%),0.5261,0.2082,0.2657,0.4739,0.0,0.0,301.40854
38,2026-01-04,96,-16.409634,145.74434,3,2.68,2,Severe (>50%),0.1286,0.331,0.5404,0.8714,0.0,0.0,302.04712
38,2026-01-04,97,-12.67815,143.5829,2,0.93,1,Moderate (1-50%),0.1408,0.4394,0.4198,0.8592,0.48,0.48,302.47858
38,2026-01-04,98,-12.2257,143.2841,2,0.99,2,Severe (>50%),0.0647,0.3869,0.5484,0.9353,0.67,0.67,302.78427
38,2026-01-04,99,-11.782,142.95316,5,2.5,2,Severe (>50%),0.0423,0.2457,0.712,0.9577,1.32,1.32,303.01288
38,2026-01-04,100,-11.7694,143.09245,2,2.0,2,Severe (>50%),0.1163,0.4377,0.446,0.8837,1.01,1.01,303.00143
38,2026-01-04,101,-11.482866,143.01598,9,1.32,2,Severe (>50%),0.0309,0.2704,0.6988,0.9691,1.4285715,1.4285715,303.2357
38,2026-01-04,102,-11.191144,142.98755,9,2.26,2,Severe (>50%),0.0295,0.2676,0.7029,0.9705,1.8642857,1.8642857,303.36572
38,2026-01-04,103,-14.610958,145.62405,19,1.56,2,Severe (>50%),0.0625,0.1046,0.8329,0.9375,0.38,0.38,302.6614
38,2026-01-04,104,-14.704066,145.44646,9,3.28,2,Severe (>50%),0.1265,0.1883,0.6853,0.8735,0.34285715,0.34285715,302.56137
38,2026-01-04,105,-23.32,151.98,2,0.75,0,None (0%),0.6085,0.2776,0.1138,0.3915,0.0,0.0,300.66284
38,2026-01-04,106,-18.26362,147.38202,5,1.47,2,Severe (>50%),0.1858,0.3506,0.4636,0.8142,0.3,0.3,302.0257
38,2026-01-04,107,-14.0,146.0,2,3.87,2,Severe (>50%),0.0147,0.1147,0.8706,0.9853,2.3342857,2.3342857,303.1357
38,2026-01-04,108,-21.87,152.19,2,1.64,0,None (0%),0.5075,0.2951,0.1974,0.4925,0.0,0.0,300.98712
38,2026-01-04,109,-21.13605,150.77615,2,1.23,0,None (0%),0.4339,0.2365,0.3296,0.5661,0.18,0.18,301.52002
38,2026-01-04,110,-20.66895,150.2588,2,1.81,1,Moderate (1-50%),0.2929,0.3846,0.3224,0.7071,0.17,0.17,301.51288
38,2026-01-04,111,-20.08315,149.93718,4,1.56,0,None (0%),0.4239,0.4072,0.1689,0.5761,0.0,0.0,301.29
38,2026-01-04,112,-19.6179,149.67664,3,0.81,2,Severe (>50%),0.3553,0.2615,0.3831,0.6447,0.0,0.0,301.49713
38,2026-01-04,113,-18.791527,147.52235,34,1.86,0,None (0%),0.3543,0.3147,0.331,0.6457,0.14,0.14,301.8414
38,2026-01-04,114,-18.53455,147.49355,4,2.22,0,None (0%),0.3876,0.2818,0.3306,0.6124,0.31,0.31,301.95572
38,2026-01-04,115,-18.1362,146.9716,2,1.3,2,Severe (>50%),0.0932,0.3112,0.5956,0.9068,0.0,0.0,301.9771
38,2026-01-04,116,-15.359506,145.7791,18,1.78,2,Severe (>50%),0.2255,0.1984,0.5761,0.7745,0.0,0.0,302.16284
38,2026-01-04,117,-14.925742,145.68793,38,1.39,2,Severe (>50%),0.0934,0.1578,0.7487,0.9066,0.47,0.47,302.53427
38,2026-01-04,118,-15.02785,145.56805,2,0.81,2,Severe (>50%),0.2049,0.2353,0.5598,0.7951,0.16,0.16,302.41855
38,2026-01-04,119,-12.767325,143.42282,4,0.89,2,Severe (>50%),0.045,0.2271,0.7279,0.955,1.26,1.26,302.49713
38,2026-01-04,120,-11.997334,143.27243,6,2.5,1,Moderate (1-50%),0.0916,0.4597,0.4487,0.9084,0.98,0.98,302.8057
38,2026-01-04,121,-11.0088,142.98685,2,2.22,2,Severe (>50%),0.0123,0.2752,0.7125,0.9877,2.5,2.5,303.40283
38,2026-01-04,122,-20.751085,149.4548,7,3.39,0,None (0%),0.3643,0.3011,0.3347,0.6357,0.0,0.0,301.35858
38,2026-01-04,123,-18.65635,147.71594,2,2.28,0,None (0%),0.3582,0.3123,0.3295,0.6418,0.0,0.0,301.8986
38,2026-01-04,124,-12.470825,143.48958,4,1.65,1,Moderate (1-50%),0.0759,0.5496,0.3745,0.9241,0.65,0.65,302.58282
38,2026-01-04,125,-12.30835,143.37485,2,1.85,1,Moderate (1-50%),0.0736,0.4641,0.4623,0.9264,0.65,0.65,302.72284
38,2026-01-04,126,-10.69155,142.73485,2,2.13,2,Severe (>50%),0.0196,0.2103,0.7701,0.9804,2.7257142,2.7257142,303.28287
38,2026-01-04,127,-18.9561,146.9562,15,2.89,0,None (0%),0.5513,0.2268,0.222,0.4487,0.0,0.0,301.85428
38,2026-01-04,128,-13.844505,146.55128,41,3.35,2,Severe (>50%),0.0065,0.1118,0.8817,0.9935,2.7328572,2.7328572,303.48288
38,2026-01-04,129,-16.22582,146.00262,10,2.39,2,Severe (>50%),0.204,0.2777,0.5184,0.796,0.0,0.0,302.24286
38,2026-01-04,130,-15.51399,145.77756,20,1.25,2,Severe (>50%),0.3536,0.1706,0.4758,0.6464,0.0,0.0,302.0757
38,2026-01-04,131,-16.0,145.9667,2,2.92,2,Severe (>50%),0.2347,0.2492,0.5161,0.7653,0.0,0.0,302.27856
38,2026-01-04,132,-17.0,149.1,4,3.85,2,Severe (>50%),0.2987,0.2943,0.407,0.7013,0.0,0.0,301.75858
39,2026-01-11,0,-19.166714,146.84863,209,2.65,2,Severe (>50%),0.054,0.4158,0.5302,0.946,0.64,0.64,301.56284
39,2026-01-11,1,-18.646925,146.54514,149,3.23,1,Moderate (1-50%),0.1092,0.4649,0.4259,0.8908,0.0,0.0,301.78143
39,2026-01-11,2,-10.2196665,150.84866,3,2.66,2,Severe (>50%),0.0019,0.1068,0.8913,0.9981,3.71,3.71,303.10858
39,2026-01-11,3,-23.443886,151.92134,187,2.13,1,Moderate (1-50%),0.2175,0.7145,0.068,0.7825,0.0,0.0,300.48428
39,2026-01-11,4,-18.75,146.25,2,3.83,1,Moderate (1-50%),0.0642,0.5306,0.4052,0.9358,0.16,0.16,301.87143
39,2026-01-11,5,-23.146168,150.95728,60,2.97,1,Moderate (1-50%),0.2471,0.5562,0.1966,0.7529,0.0,0.0,300.71573
39,2026-01-11,6,-19.760475,149.15018,69,3.06,1,Moderate (1-50%),0.2056,0.6152,0.1793,0.7944,0.0,0.0,301.10428
39,2026-01-11,7,-18.227266,146.74213,3,1.83,1,Moderate (1-50%),0.1092,0.5299,0.3609,0.8908,0.0,0.0,301.6857
39,2026-01-11,8,-19.020872,146.6052,11,2.13,2,Severe (>50%),0.1507,0.3794,0.47,0.8493,0.17,0.17,301.65143
39,2026-01-11,9,-18.739391,147.2709,12,1.66,2,Severe (>50%),0.0871,0.4389,0.474,0.9129,0.0,0.0,301.7143
39,2026-01-11,10,-17.885866,146.59,3,2.0,2,Severe (>50%),0.1224,0.2677,0.6099,0.8776,0.0,0.0,301.70285
39,2026-01-11,11,-17.239176,146.34703,8,2.82,2,Severe (>50%),0.3252,0.2877,0.3871,0.6748,0.0,0.0,301.9643
39,2026-01-11,12,-20.237434,148.9795,103,1.46,1,Moderate (1-50%),0.1204,0.7258,0.1539,0.8796,0.0,0.0,301.13428
39,2026-01-11,13,-20.3759,150.17145,8,0.38,1,Moderate (1-50%),0.1239,0.6598,0.2163,0.8761,0.0,0.0,301.04572
39,2026-01-11,14,-20.251957,148.81541,23,2.75,1,Moderate (1-50%),0.1578,0.5985,0.2437,0.8422,0.0,0.0,301.22144
39,2026-01-11,15,-20.090439,148.5869,23,2.12,1,Moderate (1-50%),0.0877,0.658,0.2543,0.9123,0.0,0.0,301.37003
39,2026-01-11,16,-20.022484,148.28569,12,1.15,1,Moderate (1-50%),0.0412,0.7278,0.231,0.9588,0.0,0.0,301.47427
39,2026-01-11,17,-19.86675,147.92262,4,0.95,1,Moderate (1-50%),0.0546,0.6474,0.298,0.9454,0.0,0.0,301.42285
39,2026-01-11,18,-23.992844,151.69751,7,3.03,1,Moderate (1-50%),0.24,0.5798,0.1802,0.76,0.16,0.16,300.48285
39,2026-01-11,19,-23.520433,151.2612,3,1.5,1,Moderate (1-50%),0.1425,0.7249,0.1326,0.8575,0.29,0.29,300.6957
39,2026-01-11,20,-23.408117,151.1666,6,2.06,1,Moderate (1-50%),0.1443,0.7076,0.1481,0.8557,0.29,0.29,300.71573
39,2026-01-11,21,-23.326,150.92995,2,0.52,1,Moderate (1-50%),0.0628,0.803,0.1342,0.9372,0.49,0.49,300.66714
39,2026-01-11,22,-21.991533,152.46994,3,1.91,1,Moderate (1-50%),0.3066,0.5437,0.1497,0.6934,0.0,0.0,300.7143
39,2026-01-11,23,-20.911617,149.42245,11,1.51,1,Moderate (1-50%),0.2615,0.4897,0.2488,0.7385,0.0,0.0,301.06854
39,2026-01-11,24,-20.758585,150.43915,7,2.34,1,Moderate (1-50%),0.1386,0.6585,0.2029,0.8614,0.17,0.17,301.02426
39,2026-01-11,25,-19.7155,147.77403,7,1.06,1,Moderate (1-50%),0.091,0.6757,0.2333,0.909,0.0,0.0,301.36856
39,2026-01-11,26,-19.34095,148.0835,2,1.99,1,Moderate (1-50%),0.1109,0.5512,0.3379,0.8891,0.0,0.0,301.22
39,2026-01-11,27,-19.32325,148.4333,2,0.89,1,Moderate (1-50%),0.1226,0.6379,0.2394,0.8774,0.0,0.0,301.14572
39,2026-01-11,28,-19.311234,148.34396,3,2.51,1,Moderate (1-50%),0.1077,0.6291,0.2632,0.8923,0.0,0.0,301.13998
39,2026-01-11,29,-19.2076,148.8596,2,2.52,1,Moderate (1-50%),0.0575,0.6949,0.2475,0.9425,0.0,0.0,301.32285
39,2026-01-11,30,-19.11165,148.33365,6,1.74,1,Moderate (1-50%),0.08,0.6557,0.2643,0.92,0.0,0.0,301.37857
39,2026-01-11,31,-18.9913,148.06412,6,2.14,1,Moderate (1-50%),0.0754,0.5939,0.3307,0.9246,0.0,0.0,301.57858
39,2026-01-11,32,-18.847086,147.91052,7,2.89,1,Moderate (1-50%),0.0794,0.6325,0.2882,0.9206,0.0,0.0,301.68854
39,2026-01-11,33,-18.1497,146.28976,3,3.16,2,Severe (>50%),0.196,0.3541,0.45,0.804,0.0,0.0,301.9771
39,2026-01-11,34,-17.6551,146.49199,6,2.85,2,Severe (>50%),0.1402,0.4039,0.4559,0.8598,0.0,0.0,301.7557
39,2026-01-11,35,-17.34235,146.52235,4,1.95,2,Severe (>50%),0.2704,0.3587,0.3709,0.7296,0.0,0.0,301.9157
39,2026-01-11,36,-16.871353,146.21158,88,1.49,1,Moderate (1-50%),0.3114,0.3502,0.3385,0.6886,0.0,0.0,302.06143
39,2026-01-11,37,-16.935507,145.98845,13,1.85,2,Severe (>50%),0.2439,0.3377,0.4184,0.7561,0.0,0.0,301.97568
39,2026-01-11,38,-16.52347,145.99037,108,1.65,2,Severe (>50%),0.2166,0.3674,0.416,0.7834,0.0,0.0,302.15997
39,2026-01-11,39,-16.12418,145.83456,243,1.03,2,Severe (>50%),0.2795,0.3156,0.4049,0.7205,0.0,0.0,302.2271
39,2026-01-11,40,-15.77885,145.58086,2,0.76,1,Moderate (1-50%),0.2567,0.412,0.3313,0.7433,0.0,0.0,302.06284
39,2026-01-11,41,-15.499777,145.51018,13,3.18,1,Moderate (1-50%),0.1561,0.4289,0.4151,0.8439,0.0,0.0,302.10715
39,2026-01-11,42,-14.85125,145.27235,2,2.66,2,Severe (>50%),0.1799,0.3571,0.463,0.8201,0.18,0.18,302.29428
39,2026-01-11,43,-14.728744,145.10814,16,1.86,2,Severe (>50%),0.1651,0.295,0.5399,0.8349,0.33,0.33,302.33
39,2026-01-11,44,-14.4546,144.90607,7,3.05,2,Severe (>50%),0.1283,0.2519,0.6197,0.8717,0.32,0.32,302.3386
39,2026-01-11,45,-14.1632,144.26332,5,1.82,2,Severe (>50%),0.138,0.3219,0.5402,0.862,0.15,0.15,302.72714
39,2026-01-11,46,-14.13435,144.5049,2,2.4,2,Severe (>50%),0.1261,0.3519,0.522,0.8739,0.61,0.61,302.54282
39,2026-01-11,47,-14.07125,143.8833,2,0.99,1,Moderate (1-50%),0.1138,0.4848,0.4014,0.8862,0.16,0.16,302.7543
39,2026-01-11,48,-13.922125,143.78668,4,1.3,2,Severe (>50%),0.0281,0.3327,0.6392,0.9719,0.16,0.16,302.65997
39,2026-01-11,49,-23.6966,152.1829,2,2.53,1,Moderate (1-50%),0.2208,0.7355,0.0436,0.7792,0.0,0.0,300.5
39,2026-01-11,50,-17.776623,146.45274,9,2.36,1,Moderate (1-50%),0.131,0.4385,0.4306,0.869,0.0,0.0,301.74854
39,2026-01-11,51,-16.284166,145.4936,3,2.23,2,Severe (>50%),0.1075,0.3776,0.515,0.8925,0.0,0.0,302.17142
39,2026-01-11,52,-15.71492,145.45647,5,2.28,1,Moderate (1-50%),0.2121,0.446,0.3419,0.7879,0.0,0.0,302.09857
39,2026-01-11,53,-22.2081,150.33665,2,2.23,1,Moderate (1-50%),0.187,0.4933,0.3197,0.813,0.0,0.0,300.90573
39,2026-01-11,54,-22.024067,150.66617,3,0.92,1,Moderate (1-50%),0.1876,0.5277,0.2847,0.8124,0.0,0.0,301.07855
39,2026-01-11,55,-22.018534,150.34753,3,2.43,1,Moderate (1-50%),0.1888,0.4982,0.3131,0.8112,0.0,0.0,300.9814
39,2026-01-11,56,-21.95394,150.1631,5,2.64,1,Moderate (1-50%),0.1685,0.5096,0.3219,0.8315,0.0,0.0,300.90997
39,2026-01-11,57,-21.6832,150.28384,4,1.29,1,Moderate (1-50%),0.1882,0.5551,0.2567,0.8118,0.0,0.0,301.06857
39,2026-01-11,58,-21.455212,149.86604,8,2.39,1,Moderate (1-50%),0.1516,0.5636,0.2848,0.8484,0.0,0.0,301.07428
39,2026-01-11,59,-18.062532,146.56087,3,2.04,2,Severe (>50%),0.1492,0.324,0.5269,0.8508,0.0,0.0,301.71713
39,2026-01-11,60,-23.958666,151.47777,3,1.84,1,Moderate (1-50%),0.1124,0.7866,0.101,0.8876,0.65,0.65,300.58426
39,2026-01-11,61,-23.767967,151.33594,3,1.36,1,Moderate (1-50%),0.0547,0.8369,0.1084,0.9453,0.97,0.97,300.65717
39,2026-01-11,62,-23.5347,151.73087,3,1.23,1,Moderate (1-50%),0.2147,0.7277,0.0576,0.7853,0.0,0.0,300.5229
39,2026-01-11,63,-19.2064,147.0493,3,3.28,1,Moderate (1-50%),0.1556,0.4881,0.3563,0.8444,0.0,0.0,301.47574
39,2026-01-11,64,-18.0518,146.78749,12,2.9,1,Moderate (1-50%),0.1072,0.5867,0.3061,0.8928,0.0,0.0,301.68283
39,2026-01-11,65,-18.008833,146.16989,9,1.88,0,None (0%),0.3954,0.2469,0.3577,0.6046,0.0,0.0,302.0371
39,2026-01-11,66,-17.721071,146.1557,7,2.09,0,None (0%),0.4471,0.2006,0.3523,0.5529,0.0,0.0,301.92285
39,2026-01-11,67,-17.467283,146.3924,6,2.04,2,Severe (>50%),0.199,0.3308,0.4702,0.801,0.0,0.0,301.86285
39,2026-01-11,68,-17.20583,146.07251,10,2.15,2,Severe (>50%),0.2179,0.3769,0.4051,0.7821,0.0,0.0,301.94998
39,2026-01-11,69,-16.545633,145.52946,3,2.34,2,Severe (>50%),0.0732,0.3393,0.5875,0.9268,0.0,0.0,302.11996
39,2026-01-11,70,-16.379562,145.56004,47,1.67,2,Severe (>50%),0.1937,0.2972,0.5091,0.8063,0.0,0.0,302.14996
39,2026-01-11,71,-15.9993,145.4327,3,2.82,1,Moderate (1-50%),0.1791,0.4677,0.3532,0.8209,0.0,0.0,302.18
39,2026-01-11,72,-15.156473,145.46036,11,2.59,2,Severe (>50%),0.2373,0.3019,0.4608,0.7627,0.0,0.0,302.20712
39,2026-01-11,73,-11.8956,143.1068,2,3.03,2,Severe (>50%),0.0858,0.4267,0.4874,0.9142,0.87,0.87,302.7543
39,2026-01-11,74,-10.14675,151.16306,2,3.4,2,Severe (>50%),0.0008,0.115,0.8843,0.9992,6.0385714,6.0385714,303.0657
39,2026-01-11,75,-18.4208,147.34987,3,2.66,2,Severe (>50%),0.0617,0.4401,0.4982,0.9383,0.15,0.15,301.97287
39,2026-01-11,76,-19.54529,149.26216,28,2.63,1,Moderate (1-50%),0.103,0.6963,0.2007,0.897,0.0,0.0,301.18716
39,2026-01-11,77,-18.665953,147.07942,15,1.11,1,Moderate (1-50%),0.1146,0.6076,0.2778,0.8854,0.0,0.0,301.72568
39,2026-01-11,78,-18.441046,146.99043,15,2.42,1,Moderate (1-50%),0.0861,0.5533,0.3606,0.9139,0.0,0.0,301.79144
39,2026-01-11,79,-22.0,152.67,2,2.83,1,Moderate (1-50%),0.3659,0.5277,0.1064,0.6341,0.0,0.0,300.60428
39,2026-01-11,80,-18.402128,146.79951,11,3.63,2,Severe (>50%),0.1105,0.4429,0.4466,0.8895,0.0,0.0,301.70285
39,2026-01-11,81,-18.52425,147.1444,2,2.05,1,Moderate (1-50%),0.0974,0.5394,0.3632,0.9026,0.0,0.0,301.84
39,2026-01-11,82,-21.3925,152.50706,5,2.69,1,Moderate (1-50%),0.2373,0.5207,0.242,0.7627,0.0,0.0,301.13715
39,2026-01-11,83,-21.121021,152.48535,9,1.16,1,Moderate (1-50%),0.1809,0.5564,0.2627,0.8191,0.18,0.18,301.24002
39,2026-01-11,84,-21.106472,152.2254,11,2.06,1,Moderate (1-50%),0.3254,0.5546,0.12,0.6746,0.19,0.19,301.27856
39,2026-01-11,85,-20.96795,149.75764,2,1.96,1,Moderate (1-50%),0.1382,0.6501,0.2118,0.8618,0.0,0.0,300.97287
39,2026-01-11,86,-20.928566,150.04893,3,2.52,1,Moderate (1-50%),0.1942,0.5048,0.301,0.8059,0.15,0.15,300.96143
39,2026-01-11,87,-19.68672,149.93729,5,1.83,1,Moderate (1-50%),0.0996,0.6179,0.2825,0.9004,0.0,0.0,301.2557
39,2026-01-11,88,-19.501034,148.7524,3,3.57,1,Moderate (1-50%),0.1491,0.649,0.202,0.8509,0.0,0.0,301.04425
39,2026-01-11,89,-19.3041,148.6315,4,2.42,1,Moderate (1-50%),0.1252,0.6887,0.1861,0.8748,0.0,0.0,301.15717
39,2026-01-11,90,-19.20995,148.542,2,2.45,1,Moderate (1-50%),0.1099,0.6738,0.2163,0.8901,0.0,0.0,301.2757
39,2026-01-11,91,-18.82149,147.65489,18,2.15,1,Moderate (1-50%),0.0855,0.6376,0.2769,0.9145,0.0,0.0,301.61856
39,2026-01-11,92,-17.5251,146.52454,3,0.05,2,Severe (>50%),0.1484,0.4115,0.4401,0.8516,0.0,0.0,301.8
39,2026-01-11,93,-14.88175,145.50227,6,2.56,2,Severe (>50%),0.1726,0.3197,0.5078,0.8274,0.31,0.31,302.20572
39,2026-01-11,94,-24.112192,152.71562,14,1.71,1,Moderate (1-50%),0.3538,0.5919,0.0543,0.6462,0.0,0.0,300.49286
39,2026-01-11,95,-19.449833,148.86703,3,2.89,1,Moderate (1-50%),0.1375,0.665,0.1975,0.8625,0.0,0.0,301.0957
39,2026-01-11,96,-16.409634,145.74434,3,2.68,2,Severe (>50%),0.2115,0.2492,0.5393,0.7885,0.0,0.0,302.15283
39,2026-01-11,97,-12.67815,143.5829,2,0.93,2,Severe (>50%),0.0906,0.3019,0.6076,0.9094,0.48,0.48,302.2357
39,2026-01-11,98,-12.2257,143.2841,2,0.99,2,Severe (>50%),0.0576,0.4111,0.5313,0.9424,0.67,0.67,302.70142
39,2026-01-11,99,-11.782,142.95316,5,2.5,2,Severe (>50%),0.0336,0.3155,0.6509,0.9664,1.32,1.32,302.7214
39,2026-01-11,100,-11.7694,143.09245,2,2.0,2,Severe (>50%),0.0771,0.3886,0.5343,0.9229,1.01,1.01,302.78714
39,2026-01-11,101,-11.482866,143.01598,9,1.32,2,Severe (>50%),0.032,0.2016,0.7664,0.968,1.59,1.59,302.86713
39,2026-01-11,102,-11.191144,142.98755,9,2.26,2,Severe (>50%),0.0214,0.2179,0.7607,0.9786,2.35,2.35,303.0057
39,2026-01-11,103,-14.610958,145.62405,19,1.56,2,Severe (>50%),0.0506,0.3045,0.6449,0.9494,0.7,0.7,302.24142
39,2026-01-11,104,-14.704066,145.44646,9,3.28,2,Severe (>50%),0.1458,0.387,0.4672,0.8542,0.48,0.48,302.2543
39,2026-01-11,105,-23.32,151.98,2,0.75,1,Moderate (1-50%),0.3008,0.6174,0.0818,0.6992,0.0,0.0,300.51
39,2026-01-11,106,-18.26362,147.38202,5,1.47,1,Moderate (1-50%),0.0731,0.5209,0.4061,0.9269,0.3,0.3,302.0457
39,2026-01-11,107,-14.0,146.0,2,3.87,2,Severe (>50%),0.0059,0.1459,0.8482,0.9941,3.24,3.24,302.70285
39,2026-01-11,108,-21.87,152.19,2,1.64,1,Moderate (1-50%),0.2897,0.5187,0.1916,0.7103,0.0,0.0,300.86285
39,2026-01-11,109,-21.13605,150.77615,2,1.23,1,Moderate (1-50%),0.1533,0.5176,0.3292,0.8467,0.18,0.18,301.0457
39,2026-01-11,110,-20.66895,150.2588,2,1.81,1,Moderate (1-50%),0.1585,0.6078,0.2337,0.8415,0.17,0.17,301.00714
39,2026-01-11,111,-20.08315,149.93718,4,1.56,1,Moderate (1-50%),0.1675,0.6705,0.162,0.8325,0.0,0.0,301.07285
39,2026-01-11,112,-19.6179,149.67664,3,0.81,1,Moderate (1-50%),0.1403,0.6986,0.1611,0.8597,0.0,0.0,301.2643
39,2026-01-11,113,-18.791527,147.52235,34,1.86,1,Moderate (1-50%),0.0859,0.5636,0.3506,0.9141,0.14,0.14,301.6543
39,2026-01-11,114,-18.53455,147.49355,4,2.22,2,Severe (>50%),0.0817,0.3943,0.5239,0.9183,0.31,0.31,301.8943
39,2026-01-11,115,-18.1362,146.9716,2,1.3,1,Moderate (1-50%),0.0676,0.4714,0.461,0.9324,0.0,0.0,301.76285
39,2026-01-11,116,-15.359506,145.7791,18,1.78,2,Severe (>50%),0.0976,0.3985,0.5039,0.9024,0.0,0.0,302.04428
39,2026-01-11,117,-14.925742,145.68793,38,1.39,2,Severe (>50%),0.1528,0.337,0.5102,0.8472,0.62,0.62,302.18716
39,2026-01-11,118,-15.02785,145.56805,2,0.81,2,Severe (>50%),0.2056,0.311,0.4834,0.7944,0.16,0.16,302.18286
39,2026-01-11,119,-12.767325,143.42282,4,0.89,2,Severe (>50%),0.0266,0.1512,0.8222,0.9734,1.26,1.26,302.32568
39,2026-01-11,120,-11.997334,143.27243,6,2.5,2,Severe (>50%),0.0644,0.3574,0.5782,0.9356,0.98,0.98,302.78427
39,2026-01-11,121,-11.0088,142.98685,2,2.22,2,Severe (>50%),0.0162,0.2125,0.7712,0.9838,3.03,3.03,303.05142
39,2026-01-11,122,-20.751085,149.4548,7,3.39,1,Moderate (1-50%),0.1996,0.5725,0.2279,0.8004,0.0,0.0,301.02145
39,2026-01-11,123,-18.65635,147.71594,2,2.28,2,Severe (>50%),0.0674,0.4227,0.5099,0.9326,0.0,0.0,301.76288
39,2026-01-11,124,-12.470825,143.48958,4,1.65,2,Severe (>50%),0.0786,0.391,0.5304,0.9214,0.65,0.65,302.3814
39,2026-01-11,125,-12.30835,143.37485,2,1.85,2,Severe (>50%),0.1012,0.4357,0.4631,0.8988,0.65,0.65,302.60284
39,2026-01-11,126,-10.69155,142.73485,2,2.13,2,Severe (>50%),0.0233,0.2406,0.7362,0.9767,2.94,2.94,302.81427
39,2026-01-11,127,-18.9561,146.9562,15,2.89,1,Moderate (1-50%),0.1648,0.5131,0.322,0.8352,0.0,0.0,301.51855
39,2026-01-11,128,-13.844505,146.55128,41,3.35,2,Severe (>50%),0.0014,0.1081,0.8905,0.9986,4.11,4.11,302.86426
39,2026-01-11,129,-16.22582,146.00262,10,2.39,2,Severe (>50%),0.1462,0.2585,0.5952,0.8538,0.0,0.0,302.30142
39,2026-01-11,130,-15.51399,145.77756,20,1.25,1,Moderate (1-50%),0.1324,0.4845,0.3831,0.8676,0.0,0.0,302.03714
39,2026-01-11,131,-16.0,145.9667,2,2.92,2,Severe (>50%),0.1612,0.296,0.5428,0.8388,0.0,0.0,302.2871
39,2026-01-11,132,-17.0,149.1,4,3.85,1,Moderate (1-50%),0.1427,0.4551,0.4022,0.8573,0.0,0.0,301.29712
40,2026-01-18,0,-19.166714,146.84863,209,2.65,2,Severe (>50%),0.0648,0.4015,0.5336,0.9352,0.64,0.64,302.1743
40,2026-01-18,1,-18.646925,146.54514,149,3.23,0,None (0%),0.4815,0.2575,0.261,0.5185,0.0,0.0,302.07144
40,2026-01-18,2,-10.2196665,150.84866,3,2.66,2,Severe (>50%),0.0017,0.1168,0.8815,0.9983,4.06,4.06,302.8943
40,2026-01-18,3,-23.443886,151.92134,187,2.13,1,Moderate (1-50%),0.2099,0.7152,0.0748,0.7901,0.0,0.0,300.7643
40,2026-01-18,4,-18.75,146.25,2,3.83,2,Severe (>50%),0.0372,0.2328,0.73,0.9628,0.16,0.16,302.17142
40,2026-01-18,5,-23.146168,150.95728,60,2.97,1,Moderate (1-50%),0.1957,0.6557,0.1486,0.8043,0.0,0.0,300.8457
40,2026-01-18,6,-19.760475,149.15018,69,3.06,2,Severe (>50%),0.2777,0.3288,0.3935,0.7223,0.0,0.0,301.49713
40,2026-01-18,7,-18.227266,146.74213,3,1.83,2,Severe (>50%),0.1592,0.4082,0.4325,0.8408,0.0,0.0,302.06427
40,2026-01-18,8,-19.020872,146.6052,11,2.13,1,Moderate (1-50%),0.1693,0.4809,0.3498,0.8307,0.17,0.17,302.09714
40,2026-01-18,9,-18.739391,147.2709,12,1.66,2,Severe (>50%),0.2502,0.3386,0.4112,0.7498,0.0,0.0,301.99857
40,2026-01-18,10,-17.885866,146.59,3,2.0,1,Moderate (1-50%),0.3194,0.3799,0.3008,0.6806,0.0,0.0,302.01712
40,2026-01-18,11,-17.239176,146.34703,8,2.82,0,None (0%),0.6076,0.2675,0.1249,0.3924,0.0,0.0,301.98285
40,2026-01-18,12,-20.237434,148.9795,103,1.46,1,Moderate (1-50%),0.3508,0.4271,0.2222,0.6492,0.0,0.0,301.22858
40,2026-01-18,13,-20.3759,150.17145,8,0.38,1,Moderate (1-50%),0.3148,0.4988,0.1864,0.6852,0.0,0.0,301.54
40,2026-01-18,14,-20.251957,148.81541,23,2.75,1,Moderate (1-50%),0.3168,0.4411,0.2421,0.6832,0.0,0.0,301.23715
40,2026-01-18,15,-20.090439,148.5869,23,2.12,1,Moderate (1-50%),0.3592,0.413,0.2279,0.6408,0.0,0.0,301.38284
40,2026-01-18,16,-20.022484,148.28569,12,1.15,2,Severe (>50%),0.0697,0.3435,0.5868,0.9303,0.0,0.0,301.61572
40,2026-01-18,17,-19.86675,147.92262,4,0.95,2,Severe (>50%),0.1058,0.2977,0.5965,0.8942,0.0,0.0,301.81714
40,2026-01-18,18,-23.992844,151.69751,7,3.03,1,Moderate (1-50%),0.1528,0.7454,0.1018,0.8472,0.16,0.16,300.68143
40,2026-01-18,19,-23.520433,151.2612,3,1.5,1,Moderate (1-50%),0.1108,0.7771,0.1121,0.8892,0.29,0.29,300.70142
40,2026-01-18,20,-23.408117,151.1666,6,2.06,1,Moderate (1-50%),0.0967,0.791,0.1123,0.9033,0.29,0.29,300.76715
40,2026-01-18,21,-23.326,150.92995,2,0.52,1,Moderate (1-50%),0.0357,0.8777,0.0866,0.9643,0.49,0.49,300.82715
40,2026-01-18,22,-21.991533,152.46994,3,1.91,0,None (0%),0.6819,0.2607,0.0574,0.3181,0.0,0.0,301.01855
40,2026-01-18,23,-20.911617,149.42245,11,1.51,0,None (0%),0.5012,0.3191,0.1797,0.4988,0.0,0.0,301.22858
40,2026-01-18,24,-20.758585,150.43915,7,2.34,1,Moderate (1-50%),0.3235,0.472,0.2045,0.6765,0.17,0.17,301.44855
40,2026-01-18,25,-19.7155,147.77403,7,1.06,1,Moderate (1-50%),0.277,0.4249,0.2981,0.723,0.0,0.0,301.88998
40,2026-01-18,26,-19.34095,148.0835,2,1.99,1,Moderate (1-50%),0.2268,0.4026,0.3706,0.7732,0.0,0.0,301.5529
40,2026-01-18,27,-19.32325,148.4333,2,0.89,0,None (0%),0.4026,0.3744,0.223,0.5974,0.0,0.0,301.59714
40,2026-01-18,28,-19.311234,148.34396,3,2.51,0,None (0%),0.4146,0.3213,0.2641,0.5854,0.0,0.0,301.56
40,2026-01-18,29,-19.2076,148.8596,2,2.52,2,Severe (>50%),0.2927,0.3043,0.403,0.7073,0.0,0.0,301.74997
40,2026-01-18,30,-19.11165,148.33365,6,1.74,1,Moderate (1-50%),0.3019,0.3789,0.3193,0.6981,0.0,0.0,301.71573
40,2026-01-18,31,-18.9913,148.06412,6,2.14,1,Moderate (1-50%),0.3023,0.3516,0.3461,0.6977,0.0,0.0,301.97568
40,2026-01-18,32,-18.847086,147.91052,7,2.89,0,None (0%),0.3763,0.3231,0.3006,0.6237,0.0,0.0,302.0257
40,2026-01-18,33,-18.1497,146.28976,3,3.16,0,None (0%),0.5109,0.2462,0.2429,0.4891,0.0,0.0,302.1257
40,2026-01-18,34,-17.6551,146.49199,6,2.85,0,None (0%),0.426,0.3004,0.2737,0.574,0.0,0.0,302.01712
40,2026-01-18,35,-17.34235,146.52235,4,1.95,0,None (0%),0.528,0.2927,0.1793,0.472,0.0,0.0,302.09717
40,2026-01-18,36,-16.871353,146.21158,88,1.49,0,None (0%),0.3939,0.2707,0.3354,0.6061,0.0,0.0,302.19574
40,2026-01-18,37,-16.935507,145.98845,13,1.85,0,None (0%),0.6173,0.2086,0.1741,0.3827,0.0,0.0,302.0114
40,2026-01-18,38,-16.52347,145.99037,108,1.65,0,None (0%),0.395,0.2429,0.3621,0.605,0.0,0.0,302.35858
40,2026-01-18,39,-16.12418,145.83456,243,1.03,0,None (0%),0.4101,0.2697,0.3202,0.5899,0.0,0.0,302.3386
40,2026-01-18,40,-15.77885,145.58086,2,0.76,0,None (0%),0.4654,0.3193,0.2154,0.5346,0.0,0.0,302.1871
40,2026-01-18,41,-15.499777,145.51018,13,3.18,0,None (0%),0.4565,0.2677,0.2758,0.5435,0.0,0.0,302.2429
40,2026-01-18,42,-14.85125,145.27235,2,2.66,2,Severe (>50%),0.258,0.256,0.486,0.742,0.18,0.18,302.38428
40,2026-01-18,43,-14.728744,145.10814,16,1.86,2,Severe (>50%),0.1732,0.2602,0.5665,0.8268,0.33,0.33,302.5557
40,2026-01-18,44,-14.4546,144.90607,7,3.05,2,Severe (>50%),0.1076,0.3299,0.5625,0.8924,0.32,0.32,302.52142
40,2026-01-18,45,-14.1632,144.26332,5,1.82,1,Moderate (1-50%),0.1196,0.5045,0.3759,0.8804,0.15,0.15,302.6657
40,2026-01-18,46,-14.13435,144.5049,2,2.4,2,Severe (>50%),0.074,0.3744,0.5516,0.926,0.61,0.61,302.57428
40,2026-01-18,47,-14.07125,143.8833,2,0.99,2,Severe (>50%),0.0521,0.206,0.7419,0.9479,0.16,0.16,302.76
40,2026-01-18,48,-13.922125,143.78668,4,1.3,2,Severe (>50%),0.0339,0.3011,0.665,0.9661,0.16,0.16,302.71567
40,2026-01-18,49,-23.6966,152.1829,2,2.53,1,Moderate (1-50%),0.2198,0.6922,0.088,0.7802,0.0,0.0,300.61996
40,2026-01-18,50,-17.776623,146.45274,9,2.36,0,None (0%),0.4311,0.3167,0.2522,0.5689,0.0,0.0,302.01288
40,2026-01-18,51,-16.284166,145.4936,3,2.23,2,Severe (>50%),0.1506,0.2167,0.6327,0.8494,0.0,0.0,302.03568
40,2026-01-18,52,-15.71492,145.45647,5,2.28,0,None (0%),0.4229,0.3489,0.2282,0.5771,0.0,0.0,302.1657
40,2026-01-18,53,-22.2081,150.33665,2,2.23,1,Moderate (1-50%),0.1869,0.5421,0.271,0.8131,0.0,0.0,301.11142
40,2026-01-18,54,-22.024067,150.66617,3,0.92,1,Moderate (1-50%),0.1904,0.5761,0.2334,0.8096,0.0,0.0,301.29428
40,2026-01-18,55,-22.018534,150.34753,3,2.43,1,Moderate (1-50%),0.2099,0.5758,0.2143,0.7901,0.0,0.0,301.2243
40,2026-01-18,56,-21.95394,150.1631,5,2.64,1,Moderate (1-50%),0.1325,0.6195,0.248,0.8675,0.0,0.0,301.14142
40,2026-01-18,57,-21.6832,150.28384,4,1.29,1,Moderate (1-50%),0.157,0.6037,0.2393,0.843,0.0,0.0,301.22144
40,2026-01-18,58,-21.455212,149.86604,8,2.39,1,Moderate (1-50%),0.1243,0.5552,0.3205,0.8757,0.0,0.0,301.28714
40,2026-01-18,59,-18.062532,146.56087,3,2.04,0,None (0%),0.3784,0.3613,0.2604,0.6216,0.0,0.0,302.06143
40,2026-01-18,60,-23.958666,151.47777,3,1.84,1,Moderate (1-50%),0.0419,0.732,0.226,0.9581,0.65,0.65,300.77432
40,2026-01-18,61,-23.767967,151.33594,3,1.36,1,Moderate (1-50%),0.0421,0.7725,0.1854,0.9579,0.97,0.97,300.68283
40,2026-01-18,62,-23.5347,151.73087,3,1.23,1,Moderate (1-50%),0.2308,0.664,0.1052,0.7692,0.0,0.0,300.69287
40,2026-01-18,63,-19.2064,147.0493,3,3.28,2,Severe (>50%),0.2196,0.3123,0.4681,0.7804,0.0,0.0,302.12997
40,2026-01-18,64,-18.0518,146.78749,12,2.9,1,Moderate (1-50%),0.2771,0.4188,0.3041,0.7229,0.0,0.0,302.1257
40,2026-01-18,65,-18.008833,146.16989,9,1.88,0,None (0%),0.4594,0.2472,0.2934,0.5406,0.0,0.0,302.11716
40,2026-01-18,66,-17.721071,146.1557,7,2.09,0,None (0%),0.4594,0.2454,0.2952,0.5406,0.0,0.0,302.0529
40,2026-01-18,67,-17.467283,146.3924,6,2.04,0,None (0%),0.5504,0.2505,0.1992,0.4496,0.0,0.0,302.02713
40,2026-01-18,68,-17.20583,146.07251,10,2.15,0,None (0%),0.4849,0.2248,0.2903,0.5151,0.0,0.0,301.99002
40,2026-01-18,69,-16.545633,145.52946,3,2.34,2,Severe (>50%),0.0785,0.3309,0.5905,0.9215,0.0,0.0,302.11002
40,2026-01-18,70,-16.379562,145.56004,47,1.67,2,Severe (>50%),0.2273,0.2593,0.5134,0.7727,0.0,0.0,302.07428
40,2026-01-18,71,-15.9993,145.4327,3,2.82,2,Severe (>50%),0.2732,0.2679,0.4589,0.7268,0.0,0.0,302.17285
40,2026-01-18,72,-15.156473,145.46036,11,2.59,0,None (0%),0.4251,0.3142,0.2607,0.5749,0.0,0.0,302.3357
40,2026-01-18,73,-11.8956,143.1068,2,3.03,2,Severe (>50%),0.0262,0.3847,0.5892,0.9738,0.87,0.87,302.43286
40,2026-01-18,74,-10.14675,151.16306,2,3.4,2,Severe (>50%),0.0005,0.1244,0.875,0.9995,6.9014287,6.9014287,302.94427
40,2026-01-18,75,-18.4208,147.34987,3,2.66,1,Moderate (1-50%),0.1634,0.4419,0.3947,0.8366,0.17,0.17,302.2143
40,2026-01-18,76,-19.54529,149.26216,28,2.63,0,None (0%),0.4484,0.408,0.1436,0.5516,0.0,0.0,301.59567
40,2026-01-18,77,-18.665953,147.07942,15,1.11,1,Moderate (1-50%),0.3322,0.3453,0.3224,0.6678,0.0,0.0,302.02426
40,2026-01-18,78,-18.441046,146.99043,15,2.42,2,Severe (>50%),0.2018,0.3765,0.4216,0.7982,0.0,0.0,302.04428
40,2026-01-18,79,-22.0,152.67,2,2.83,0,None (0%),0.7004,0.2361,0.0634,0.2996,0.0,0.0,301.02002
40,2026-01-18,80,-18.402128,146.79951,11,3.63,2,Severe (>50%),0.1642,0.3798,0.456,0.8358,0.0,0.0,302.0357
40,2026-01-18,81,-18.52425,147.1444,2,2.05,2,Severe (>50%),0.2194,0.3614,0.4192,0.7806,0.0,0.0,302.02286
40,2026-01-18,82,-21.3925,152.50706,5,2.69,0,None (0%),0.4919,0.4473,0.0607,0.5081,0.0,0.0,301.35855
40,2026-01-18,83,-21.121021,152.48535,9,1.16,1,Moderate (1-50%),0.3709,0.5675,0.0616,0.6291,0.18,0.18,301.4957
40,2026-01-18,84,-21.106472,152.2254,11,2.06,1,Moderate (1-50%),0.3713,0.5631,0.0655,0.6287,0.19,0.19,301.49142
40,2026-01-18,85,-20.96795,149.75764,2,1.96,0,None (0%),0.45,0.4198,0.1302,0.55,0.0,0.0,301.3786
40,2026-01-18,86,-20.928566,150.04893,3,2.52,1,Moderate (1-50%),0.1733,0.5427,0.2841,0.8267,0.15,0.15,301.49
40,2026-01-18,87,-19.68672,149.93729,5,1.83,1,Moderate (1-50%),0.2371,0.636,0.1269,0.7629,0.0,0.0,301.66998
40,2026-01-18,88,-19.501034,148.7524,3,3.57,0,None (0%),0.4582,0.3079,0.234,0.5418,0.0,0.0,301.45142
40,2026-01-18,89,-19.3041,148.6315,4,2.42,1,Moderate (1-50%),0.4201,0.4224,0.1575,0.5799,0.0,0.0,301.6057
40,2026-01-18,90,-19.20995,148.542,2,2.45,0,None (0%),0.431,0.4178,0.1512,0.569,0.0,0.0,301.69
40,2026-01-18,91,-18.82149,147.65489,18,2.15,0,None (0%),0.3707,0.3007,0.3286,0.6293,0.0,0.0,301.89142
40,2026-01-18,92,-17.5251,146.52454,3,0.05,0,None (0%),0.4962,0.2721,0.2317,0.5038,0.0,0.0,302.08002
40,2026-01-18,93,-14.88175,145.50227,6,2.56,2,Severe (>50%),0.2368,0.3521,0.4111,0.7632,0.31,0.31,302.33716
40,2026-01-18,94,-24.112192,152.71562,14,1.71,0,None (0%),0.5386,0.416,0.0454,0.4614,0.0,0.0,300.47858
40,2026-01-18,95,-19.449833,148.86703,3,2.89,0,None (0%),0.4448,0.4236,0.1316,0.5552,0.0,0.0,301.52142
40,2026-01-18,96,-16.409634,145.74434,3,2.68,2,Severe (>50%),0.1496,0.2542,0.5963,0.8504,0.0,0.0,302.2357
40,2026-01-18,97,-12.67815,143.5829,2,0.93,2,Severe (>50%),0.0751,0.295,0.6298,0.9249,0.48,0.48,302.14716
40,2026-01-18,98,-12.2257,143.2841,2,0.99,2,Severe (>50%),0.0158,0.2707,0.7135,0.9842,0.67,0.67,302.20575
40,2026-01-18,99,-11.782,142.95316,5,2.5,2,Severe (>50%),0.0081,0.314,0.6779,0.9919,1.32,1.32,302.45145
40,2026-01-18,100,-11.7694,143.09245,2,2.0,2,Severe (>50%),0.0214,0.351,0.6276,0.9786,1.01,1.01,302.50424
40,2026-01-18,101,-11.482866,143.01598,9,1.32,2,Severe (>50%),0.0109,0.2666,0.7224,0.9891,1.59,1.59,302.38998
40,2026-01-18,102,-11.191144,142.98755,9,2.26,2,Severe (>50%),0.0071,0.344,0.6489,0.9929,2.35,2.35,302.24713
40,2026-01-18,103,-14.610958,145.62405,19,1.56,2,Severe (>50%),0.0885,0.1968,0.7148,0.9115,0.7,0.7,302.36002
40,2026-01-18,104,-14.704066,145.44646,9,3.28,1,Moderate (1-50%),0.2694,0.398,0.3326,0.7306,0.48,0.48,302.3814
40,2026-01-18,105,-23.32,151.98,2,0.75,1,Moderate (1-50%),0.1942,0.7047,0.1011,0.8058,0.0,0.0,300.84714
40,2026-01-18,106,-18.26362,147.38202,5,1.47,2,Severe (>50%),0.1362,0.3691,0.4947,0.8638,0.42714286,0.42714286,302.39426
40,2026-01-18,107,-14.0,146.0,2,3.87,2,Severe (>50%),0.0115,0.2057,0.7828,0.9885,3.31,3.31,302.22858
40,2026-01-18,108,-21.87,152.19,2,1.64,0,None (0%),0.6263,0.338,0.0357,0.3737,0.0,0.0,301.16428
40,2026-01-18,109,-21.13605,150.77615,2,1.23,0,None (0%),0.4888,0.4523,0.0589,0.5112,0.18,0.18,301.29428
40,2026-01-18,110,-20.66895,150.2588,2,1.81,1,Moderate (1-50%),0.3114,0.4673,0.2213,0.6886,0.17,0.17,301.47855
40,2026-01-18,111,-20.08315,149.93718,4,1.56,0,None (0%),0.4687,0.3956,0.1357,0.5313,0.0,0.0,301.52426
40,2026-01-18,112,-19.6179,149.67664,3,0.81,0,None (0%),0.4918,0.4344,0.0738,0.5082,0.0,0.0,301.63574
40,2026-01-18,113,-18.791527,147.52235,34,1.86,2,Severe (>50%),0.2348,0.371,0.3942,0.7652,0.14,0.14,301.92145
40,2026-01-18,114,-18.53455,147.49355,4,2.22,2,Severe (>50%),0.1805,0.3818,0.4377,0.8195,0.31,0.31,302.05713
40,2026-01-18,115,-18.1362,146.9716,2,1.3,2,Severe (>50%),0.1441,0.4197,0.4362,0.8559,0.12,0.12,302.31
40,2026-01-18,116,-15.359506,145.7791,18,1.78,2,Severe (>50%),0.2022,0.2903,0.5075,0.7978,0.0,0.0,302.38428
40,2026-01-18,117,-14.925742,145.68793,38,1.39,2,Severe (>50%),0.1514,0.2812,0.5674,0.8486,0.62,0.62,302.3414
40,2026-01-18,118,-15.02785,145.56805,2,0.81,2,Severe (>50%),0.2671,0.2433,0.4896,0.7329,0.16,0.16,302.35858
40,2026-01-18,119,-12.767325,143.42282,4,0.89,2,Severe (>50%),0.0116,0.1323,0.8561,0.9884,1.26,1.26,302.3657
40,2026-01-18,120,-11.997334,143.27243,6,2.5,2,Severe (>50%),0.019,0.2272,0.7538,0.981,0.98,0.98,302.31284
40,2026-01-18,121,-11.0088,142.98685,2,2.22,2,Severe (>50%),0.0044,0.3728,0.6228,0.9956,3.03,3.03,302.1971
40,2026-01-18,122,-20.751085,149.4548,7,3.39,0,None (0%),0.5054,0.3924,0.1022,0.4946,0.0,0.0,301.29715
40,2026-01-18,123,-18.65635,147.71594,2,2.28,2,Severe (>50%),0.2949,0.3212,0.3839,0.7051,0.0,0.0,301.96286
40,2026-01-18,124,-12.470825,143.48958,4,1.65,2,Severe (>50%),0.0582,0.2978,0.644,0.9418,0.65,0.65,302.07285
40,2026-01-18,125,-12.30835,143.37485,2,1.85,2,Severe (>50%),0.0216,0.3286,0.6498,0.9784,0.65,0.65,302.14572
40,2026-01-18,126,-10.69155,142.73485,2,2.13,2,Severe (>50%),0.0137,0.3273,0.659,0.9863,2.94,2.94,302.1514
40,2026-01-18,127,-18.9561,146.9562,15,2.89,0,None (0%),0.4168,0.3177,0.2655,0.5832,0.0,0.0,302.01712
40,2026-01-18,128,-13.844505,146.55128,41,3.35,2,Severe (>50%),0.0017,0.197,0.8013,0.9983,4.27,4.27,302.08713
40,2026-01-18,129,-16.22582,146.00262,10,2.39,2,Severe (>50%),0.162,0.3143,0.5237,0.838,0.0,0.0,302.49142
40,2026-01-18,130,-15.51399,145.77756,20,1.25,2,Severe (>50%),0.2963,0.2141,0.4896,0.7037,0.0,0.0,302.33426
40,2026-01-18,131,-16.0,145.9667,2,2.92,2,Severe (>50%),0.1749,0.2422,0.5829,0.8251,0.068571426,0.068571426,302.55142
40,2026-01-18,132,-17.0,149.1,4,3.85,2,Severe (>50%),0.1976,0.316,0.4864,0.8024,0.0,0.0,301.70712
41,2026-01-25,0,-19.166714,146.84863,209,2.65,2,Severe (>50%),0.048,0.3103,0.6417,0.952,0.9557143,0.9557143,302.98715
41,2026-01-25,1,-18.646925,146.54514,149,3.23,1,Moderate (1-50%),0.2181,0.4342,0.3478,0.7819,0.06428572,0.06428572,302.57144
41,2026-01-25,2,-10.2196665,150.84866,3,2.66,2,Severe (>50%),0.0007,0.1397,0.8596,0.9993,4.142857,4.142857,302.69144
41,2026-01-25,3,-23.443886,151.92134,187,2.13,1,Moderate (1-50%),0.1225,0.8003,0.0773,0.8775,0.0,0.0,300.80145
41,2026-01-25,4,-18.75,146.25,2,3.83,2,Severe (>50%),0.0687,0.1875,0.7438,0.9313,0.5328571,0.5328571,303.12857
41,2026-01-25,5,-23.146168,150.95728,60,2.97,1,Moderate (1-50%),0.191,0.6509,0.1581,0.809,0.024285715,0.024285715,301.3157
41,2026-01-25,6,-19.760475,149.15018,69,3.06,1,Moderate (1-50%),0.3312,0.462,0.2068,0.6688,0.0,0.0,301.5
41,2026-01-25,7,-18.227266,146.74213,3,1.83,1,Moderate (1-50%),0.2104,0.4221,0.3675,0.7896,0.0,0.0,302.46713
41,2026-01-25,8,-19.020872,146.6052,11,2.13,1,Moderate (1-50%),0.2546,0.4207,0.3247,0.7454,0.17,0.17,302.7543
41,2026-01-25,9,-18.739391,147.2709,12,1.66,1,Moderate (1-50%),0.2135,0.5612,0.2252,0.7865,0.0,0.0,302.21
41,2026-01-25,10,-17.885866,146.59,3,2.0,1,Moderate (1-50%),0.1645,0.4528,0.3826,0.8355,0.0,0.0,302.4157
41,2026-01-25,11,-17.239176,146.34703,8,2.82,1,Moderate (1-50%),0.2969,0.419,0.2841,0.7031,0.06,0.06,302.57
41,2026-01-25,12,-20.237434,148.9795,103,1.46,0,None (0%),0.3676,0.3592,0.2732,0.6324,0.0,0.0,301.36282
41,2026-01-25,13,-20.3759,150.17145,8,0.38,1,Moderate (1-50%),0.265,0.5134,0.2216,0.735,0.0,0.0,301.4157
41,2026-01-25,14,-20.251957,148.81541,23,2.75,1,Moderate (1-50%),0.2819,0.501,0.2172,0.7181,0.0,0.0,301.3743
41,2026-01-25,15,-20.090439,148.5869,23,2.12,1,Moderate (1-50%),0.1998,0.4459,0.3543,0.8002,0.0,0.0,301.61996
41,2026-01-25,16,-20.022484,148.28569,12,1.15,1,Moderate (1-50%),0.1108,0.4653,0.4239,0.8892,0.0,0.0,301.91714
41,2026-01-25,17,-19.86675,147.92262,4,0.95,2,Severe (>50%),0.0976,0.387,0.5154,0.9024,0.0,0.0,302.20572
41,2026-01-25,18,-23.992844,151.69751,7,3.03,1,Moderate (1-50%),0.0782,0.7976,0.1242,0.9218,0.16,0.16,300.88284
41,2026-01-25,19,-23.520433,151.2612,3,1.5,1,Moderate (1-50%),0.0415,0.8424,0.116,0.9585,0.29,0.29,300.9943
41,2026-01-25,20,-23.408117,151.1666,6,2.06,1,Moderate (1-50%),0.0591,0.7842,0.1567,0.9409,0.31142858,0.31142858,301.10858
41,2026-01-25,21,-23.326,150.92995,2,0.52,1,Moderate (1-50%),0.042,0.6988,0.2591,0.958,0.5757143,0.5757143,301.40997
41,2026-01-25,22,-21.991533,152.46994,3,1.91,0,None (0%),0.4811,0.3989,0.12,0.5189,0.0,0.0,301.04282
41,2026-01-25,23,-20.911617,149.42245,11,1.51,0,None (0%),0.4235,0.3387,0.2378,0.5765,0.0,0.0,301.54858
41,2026-01-25,24,-20.758585,150.43915,7,2.34,1,Moderate (1-50%),0.2369,0.5593,0.2039,0.7631,0.17,0.17,301.42572
41,2026-01-25,25,-19.7155,147.77403,7,1.06,1,Moderate (1-50%),0.1223,0.4794,0.3984,0.8777,0.0,0.0,302.26425
41,2026-01-25,26,-19.34095,148.0835,2,1.99,1,Moderate (1-50%),0.2994,0.521,0.1796,0.7006,0.0,0.0,301.81284
41,2026-01-25,27,-19.32325,148.4333,2,0.89,1,Moderate (1-50%),0.3391,0.4473,0.2136,0.6609,0.0,0.0,301.69998
41,2026-01-25,28,-19.311234,148.34396,3,2.51,0,None (0%),0.3889,0.3798,0.2314,0.6111,0.0,0.0,301.7443
41,2026-01-25,29,-19.2076,148.8596,2,2.52,1,Moderate (1-50%),0.2346,0.4889,0.2765,0.7654,0.0,0.0,301.7114
41,2026-01-25,30,-19.11165,148.33365,6,1.74,1,Moderate (1-50%),0.2579,0.438,0.3041,0.7421,0.0,0.0,301.84857
41,2026-01-25,31,-18.9913,148.06412,6,2.14,1,Moderate (1-50%),0.1789,0.4487,0.3724,0.8211,0.0,0.0,302.03287
41,2026-01-25,32,-18.847086,147.91052,7,2.89,1,Moderate (1-50%),0.1812,0.4634,0.3554,0.8188,0.0,0.0,302.10428
41,2026-01-25,33,-18.1497,146.28976,3,3.16,1,Moderate (1-50%),0.3416,0.4865,0.1719,0.6584,0.0,0.0,302.59283
41,2026-01-25,34,-17.6551,146.49199,6,2.85,1,Moderate (1-50%),0.2095,0.4311,0.3594,0.7905,0.0,0.0,302.47
41,2026-01-25,35,-17.34235,146.52235,4,1.95,2,Severe (>50%),0.2387,0.3746,0.3867,0.7613,0.084285714,0.084285714,302.6
41,2026-01-25,36,-16.871353,146.21158,88,1.49,1,Moderate (1-50%),0.1536,0.4302,0.4162,0.8464,0.04,0.04,302.6314
41,2026-01-25,37,-16.935507,145.98845,13,1.85,1,Moderate (1-50%),0.2896,0.4856,0.2248,0.7104,0.10428572,0.10428572,302.67572
41,2026-01-25,38,-16.52347,145.99037,108,1.65,1,Moderate (1-50%),0.1573,0.5026,0.3401,0.8427,0.0,0.0,302.63998
41,2026-01-25,39,-16.12418,145.83456,243,1.03,1,Moderate (1-50%),0.1328,0.5631,0.3041,0.8672,0.0,0.0,302.6114
41,2026-01-25,40,-15.77885,145.58086,2,0.76,1,Moderate (1-50%),0.1785,0.5257,0.2958,0.8215,0.0,0.0,302.50858
41,2026-01-25,41,-15.499777,145.51018,13,3.18,1,Moderate (1-50%),0.13,0.5289,0.341,0.87,0.0,0.0,302.4643
41,2026-01-25,42,-14.85125,145.27235,2,2.66,2,Severe (>50%),0.073,0.3422,0.5848,0.927,0.18,0.18,302.52
41,2026-01-25,43,-14.728744,145.10814,16,1.86,2,Severe (>50%),0.0373,0.3276,0.6351,0.9627,0.33,0.33,302.53714
41,2026-01-25,44,-14.4546,144.90607,7,3.05,2,Severe (>50%),0.0424,0.3122,0.6453,0.9576,0.32,0.32,302.38715
41,2026-01-25,45,-14.1632,144.26332,5,1.82,2,Severe (>50%),0.0647,0.2555,0.6797,0.9353,0.15,0.15,302.45856
41,2026-01-25,46,-14.13435,144.5049,2,2.4,2,Severe (>50%),0.0432,0.2694,0.6874,0.9568,0.61,0.61,302.30573
41,2026-01-25,47,-14.07125,143.8833,2,0.99,2,Severe (>50%),0.02,0.1625,0.8175,0.98,0.16,0.16,302.58002
41,2026-01-25,48,-13.922125,143.78668,4,1.3,2,Severe (>50%),0.0087,0.1468,0.8445,0.9913,0.16,0.16,302.49142
41,2026-01-25,49,-23.6966,152.1829,2,2.53,1,Moderate (1-50%),0.2999,0.6504,0.0497,0.7001,0.0,0.0,300.70142
41,2026-01-25,50,-17.776623,146.45274,9,2.36,1,Moderate (1-50%),0.2576,0.4278,0.3146,0.7424,0.0,0.0,302.41998
41,2026-01-25,51,-16.284166,145.4936,3,2.23,2,Severe (>50%),0.0714,0.4471,0.4815,0.9286,0.0,0.0,302.71286
41,2026-01-25,52,-15.71492,145.45647,5,2.28,1,Moderate (1-50%),0.1608,0.5861,0.2531,0.8392,0.0,0.0,302.5057
41,2026-01-25,53,-22.2081,150.33665,2,2.23,1,Moderate (1-50%),0.1745,0.425,0.4005,0.8255,0.0,0.0,301.47147
41,2026-01-25,54,-22.024067,150.66617,3,0.92,1,Moderate (1-50%),0.1913,0.4566,0.3521,0.8087,0.0,0.0,301.3414
41,2026-01-25,55,-22.018534,150.34753,3,2.43,1,Moderate (1-50%),0.2031,0.4372,0.3597,0.7969,0.0,0.0,301.46143
41,2026-01-25,56,-21.95394,150.1631,5,2.64,1,Moderate (1-50%),0.1477,0.4702,0.3821,0.8523,0.0,0.0,301.5014
41,2026-01-25,57,-21.6832,150.28384,4,1.29,1,Moderate (1-50%),0.3155,0.4222,0.2624,0.6845,0.0,0.0,301.46857
41,2026-01-25,58,-21.455212,149.86604,8,2.39,2,Severe (>50%),0.1803,0.3393,0.4804,0.8197,0.0,0.0,301.65573
41,2026-01-25,59,-18.062532,146.56087,3,2.04,1,Moderate (1-50%),0.1723,0.5098,0.3179,0.8277,0.0,0.0,302.47
41,2026-01-25,60,-23.958666,151.47777,3,1.84,1,Moderate (1-50%),0.0385,0.7696,0.1919,0.9615,0.65,0.65,300.9771
41,2026-01-25,61,-23.767967,151.33594,3,1.36,1,Moderate (1-50%),0.0309,0.758,0.2111,0.9691,0.99142855,0.99142855,301.04572
41,2026-01-25,62,-23.5347,151.73087,3,1.23,1,Moderate (1-50%),0.1156,0.817,0.0675,0.8844,0.0,0.0,300.78857
41,2026-01-25,63,-19.2064,147.0493,3,3.28,1,Moderate (1-50%),0.1306,0.6573,0.2121,0.8694,0.111428574,0.111428574,302.77142
41,2026-01-25,64,-18.0518,146.78749,12,2.9,1,Moderate (1-50%),0.1417,0.4795,0.3789,0.8583,0.0,0.0,302.4814
41,2026-01-25,65,-18.008833,146.16989,9,1.88,0,None (0%),0.376,0.3646,0.2594,0.624,0.0,0.0,302.6214
41,2026-01-25,66,-17.721071,146.1557,7,2.09,1,Moderate (1-50%),0.3175,0.4382,0.2443,0.6825,0.06,0.06,302.67715
41,2026-01-25,67,-17.467283,146.3924,6,2.04,1,Moderate (1-50%),0.2411,0.4877,0.2713,0.7589,0.0,0.0,302.54144
41,2026-01-25,68,-17.20583,146.07251,10,2.15,1,Moderate (1-50%),0.3014,0.4448,0.2538,0.6986,0.06,0.06,302.5529
41,2026-01-25,69,-16.545633,145.52946,3,2.34,2,Severe (>50%),0.0582,0.2939,0.6479,0.9418,0.0,0.0,302.67856
41,2026-01-25,70,-16.379562,145.56004,47,1.67,1,Moderate (1-50%),0.1169,0.449,0.4341,0.8831,0.0,0.0,302.6843
41,2026-01-25,71,-15.9993,145.4327,3,2.82,1,Moderate (1-50%),0.1424,0.5731,0.2845,0.8576,0.0,0.0,302.65283
41,2026-01-25,72,-15.156473,145.46036,11,2.59,1,Moderate (1-50%),0.1845,0.536,0.2795,0.8155,0.0,0.0,302.49142
41,2026-01-25,73,-11.8956,143.1068,2,3.03,2,Severe (>50%),0.0442,0.2386,0.7172,0.9558,0.87,0.87,302.11142
41,2026-01-25,74,-10.14675,151.16306,2,3.4,2,Severe (>50%),0.0008,0.057,0.9422,0.9992,7.2085714,7.2085714,302.74713
41,2026-01-25,75,-18.4208,147.34987,3,2.66,1,Moderate (1-50%),0.0766,0.5935,0.3299,0.9234,0.31142858,0.31142858,302.4343
41,2026-01-25,76,-19.54529,149.26216,28,2.63,1,Moderate (1-50%),0.3398,0.4177,0.2425,0.6602,0.0,0.0,301.51285
41,2026-01-25,77,-18.665953,147.07942,15,1.11,1,Moderate (1-50%),0.2792,0.4288,0.292,0.7208,0.0,0.0,302.26855
41,2026-01-25,78,-18.441046,146.99043,15,2.42,1,Moderate (1-50%),0.1581,0.5325,0.3094,0.8419,0.06285714,0.06285714,302.4043
41,2026-01-25,79,-22.0,152.67,2,2.83,0,None (0%),0.4695,0.4292,0.1013,0.5305,0.0,0.0,300.98715
41,2026-01-25,80,-18.402128,146.79951,11,3.63,1,Moderate (1-50%),0.2255,0.433,0.3416,0.7745,0.0,0.0,302.4114
41,2026-01-25,81,-18.52425,147.1444,2,2.05,1,Moderate (1-50%),0.1194,0.6358,0.2449,0.8806,0.0,0.0,302.32285
41,2026-01-25,82,-21.3925,152.50706,5,2.69,1,Moderate (1-50%),0.3027,0.5752,0.1221,0.6973,0.0,0.0,301.2857
41,2026-01-25,83,-21.121021,152.48535,9,1.16,1,Moderate (1-50%),0.2349,0.6237,0.1414,0.7651,0.18,0.18,301.3
41,2026-01-25,84,-21.106472,152.2254,11,2.06,1,Moderate (1-50%),0.1971,0.4937,0.3091,0.8029,0.19,0.19,301.26144
41,2026-01-25,85,-20.96795,149.75764,2,1.96,1,Moderate (1-50%),0.233,0.4382,0.3288,0.767,0.0,0.0,301.49142
41,2026-01-25,86,-20.928566,150.04893,3,2.52,1,Moderate (1-50%),0.1619,0.4415,0.3966,0.8381,0.15,0.15,301.44287
41,2026-01-25,87,-19.68672,149.93729,5,1.83,1,Moderate (1-50%),0.1954,0.54,0.2646,0.8046,0.0,0.0,301.45285
41,2026-01-25,88,-19.501034,148.7524,3,3.57,0,None (0%),0.4704,0.3459,0.1837,0.5296,0.0,0.0,301.55713
41,2026-01-25,89,-19.3041,148.6315,4,2.42,1,Moderate (1-50%),0.3697,0.3902,0.2401,0.6303,0.0,0.0,301.65283
41,2026-01-25,90,-19.20995,148.542,2,2.45,1,Moderate (1-50%),0.2848,0.4553,0.2599,0.7152,0.0,0.0,301.72714
41,2026-01-25,91,-18.82149,147.65489,18,2.15,1,Moderate (1-50%),0.3199,0.406,0.2741,0.6801,0.0,0.0,301.99142
41,2026-01-25,92,-17.5251,146.52454,3,0.05,1,Moderate (1-50%),0.2088,0.4201,0.3711,0.7912,0.0,0.0,302.52856
41,2026-01-25,93,-14.88175,145.50227,6,2.56,1,Moderate (1-50%),0.0736,0.5021,0.4243,0.9264,0.31,0.31,302.46713
41,2026-01-25,94,-24.112192,152.71562,14,1.71,1,Moderate (1-50%),0.2792,0.6676,0.0532,0.7208,0.0,0.0,300.47287
41,2026-01-25,95,-19.449833,148.86703,3,2.89,1,Moderate (1-50%),0.3863,0.4287,0.185,0.6137,0.0,0.0,301.57144
41,2026-01-25,96,-16.409634,145.74434,3,2.68,1,Moderate (1-50%),0.0683,0.4847,0.447,0.9317,0.0,0.0,302.7214
41,2026-01-25,97,-12.67815,143.5829,2,0.93,2,Severe (>50%),0.0501,0.3099,0.6401,0.9499,0.48,0.48,302.09283
41,2026-01-25,98,-12.2257,143.2841,2,0.99,2,Severe (>50%),0.0285,0.3168,0.6547,0.9715,0.67,0.67,302.1443
41,2026-01-25,99,-11.782,142.95316,5,2.5,2,Severe (>50%),0.0161,0.2389,0.745,0.9839,1.32,1.32,302.03857
41,2026-01-25,100,-11.7694,143.09245,2,2.0,2,Severe (>50%),0.0447,0.2477,0.7076,0.9553,1.01,1.01,302.06857
41,2026-01-25,101,-11.482866,143.01598,9,1.32,2,Severe (>50%),0.0154,0.2616,0.723,0.9846,1.59,1.59,301.98715
41,2026-01-25,102,-11.191144,142.98755,9,2.26,2,Severe (>50%),0.0155,0.2919,0.6926,0.9845,2.35,2.35,301.93143
41,2026-01-25,103,-14.610958,145.62405,19,1.56,2,Severe (>50%),0.0382,0.4177,0.5441,0.9618,0.7,0.7,302.35715
41,2026-01-25,104,-14.704066,145.44646,9,3.28,1,Moderate (1-50%),0.1031,0.4918,0.4051,0.8969,0.48,0.48,302.47
41,2026-01-25,105,-23.32,151.98,2,0.75,1,Moderate (1-50%),0.1053,0.8141,0.0806,0.8947,0.0,0.0,300.8557
41,2026-01-25,106,-18.26362,147.38202,5,1.47,1,Moderate (1-50%),0.0648,0.5417,0.3934,0.9352,0.7714286,0.7714286,302.4943
41,2026-01-25,107,-14.0,146.0,2,3.87,2,Severe (>50%),0.0098,0.1917,0.7985,0.9902,3.31,3.31,302.11282
41,2026-01-25,108,-21.87,152.19,2,1.64,1,Moderate (1-50%),0.4261,0.4862,0.0877,0.5739,0.0,0.0,301.22714
41,2026-01-25,109,-21.13605,150.77615,2,1.23,1,Moderate (1-50%),0.2934,0.5793,0.1273,0.7066,0.18,0.18,301.3986
41,2026-01-25,110,-20.66895,150.2588,2,1.81,1,Moderate (1-50%),0.2672,0.5096,0.2232,0.7328,0.17,0.17,301.43
41,2026-01-25,111,-20.08315,149.93718,4,1.56,0,None (0%),0.3678,0.3383,0.2938,0.6322,0.0,0.0,301.39285
41,2026-01-25,112,-19.6179,149.67664,3,0.81,1,Moderate (1-50%),0.3534,0.4484,0.1982,0.6466,0.0,0.0,301.47287
41,2026-01-25,113,-18.791527,147.52235,34,1.86,1,Moderate (1-50%),0.2254,0.4888,0.2858,0.7746,0.14,0.14,302.04144
41,2026-01-25,114,-18.53455,147.49355,4,2.22,1,Moderate (1-50%),0.1662,0.5668,0.267,0.8338,0.31,0.31,302.1943
41,2026-01-25,115,-18.1362,146.9716,2,1.3,1,Moderate (1-50%),0.0819,0.6501,0.268,0.9181,0.45857143,0.45857143,302.54855
41,2026-01-25,116,-15.359506,145.7791,18,1.78,1,Moderate (1-50%),0.1246,0.5113,0.3642,0.8754,0.0,0.0,302.44858
41,2026-01-25,117,-14.925742,145.68793,38,1.39,2,Severe (>50%),0.0501,0.4482,0.5017,0.9499,0.62,0.62,302.4471
41,2026-01-25,118,-15.02785,145.56805,2,0.81,1,Moderate (1-50%),0.0942,0.5139,0.3919,0.9058,0.16,0.16,302.48285
41,2026-01-25,119,-12.767325,143.42282,4,0.89,2,Severe (>50%),0.0101,0.1848,0.8051,0.9899,1.26,1.26,302.1971
41,2026-01-25,120,-11.997334,143.27243,6,2.5,2,Severe (>50%),0.0501,0.3603,0.5897,0.9499,0.98,0.98,302.14285
41,2026-01-25,121,-11.0088,142.98685,2,2.22,2,Severe (>50%),0.0103,0.2305,0.7592,0.9897,3.03,3.03,301.9043
41,2026-01-25,122,-20.751085,149.4548,7,3.39,1,Moderate (1-50%),0.3605,0.4277,0.2118,0.6395,0.0,0.0,301.51285
41,2026-01-25,123,-18.65635,147.71594,2,2.28,1,Moderate (1-50%),0.2426,0.4685,0.2888,0.7574,0.0,0.0,302.0957
41,2026-01-25,124,-12.470825,143.48958,4,1.65,2,Severe (>50%),0.033,0.2658,0.7012,0.967,0.65,0.65,302.14282
41,2026-01-25,125,-12.30835,143.37485,2,1.85,2,Severe (>50%),0.0248,0.2401,0.7351,0.9752,0.65,0.65,302.16998
41,2026-01-25,126,-10.69155,142.73485,2,2.13,2,Severe (>50%),0.0126,0.384,0.6034,0.9874,2.94,2.94,301.84283
41,2026-01-25,127,-18.9561,146.9562,15,2.89,1,Moderate (1-50%),0.3318,0.4876,0.1806,0.6682,0.0,0.0,302.4343
41,2026-01-25,128,-13.844505,146.55128,41,3.35,2,Severe (>50%),0.0064,0.266,0.7276,0.9936,4.27,4.27,301.95285
41,2026-01-25,129,-16.22582,146.00262,10,2.39,2,Severe (>50%),0.0744,0.3979,0.5277,0.9256,0.0,0.0,302.60995
41,2026-01-25,130,-15.51399,145.77756,20,1.25,1,Moderate (1-50%),0.1477,0.4848,0.3675,0.8523,0.0,0.0,302.46573
41,2026-01-25,131,-16.0,145.9667,2,2.92,2,Severe (>50%),0.0913,0.4001,0.5085,0.9087,0.32,0.32,302.60858
41,2026-01-25,132,-17.0,149.1,4,3.85,1,Moderate (1-50%),0.1861,0.5736,0.2404,0.8139,0.0,0.0,302.1157
42,2026-02-01,0,-19.166714,146.84863,209,2.65,2,Severe (>50%),0.0084,0.3784,0.6133,0.9916,1.27,1.27,302.34
42,2026-02-01,1,-18.646925,146.54514,149,3.23,1,Moderate (1-50%),0.0704,0.6713,0.2583,0.9296,0.15,0.15,302.2457
42,2026-02-01,2,-10.2196665,150.84866,3,2.66,2,Severe (>50%),0.0037,0.2204,0.7759,0.9963,4.42,4.42,302.8057
42,2026-02-01,3,-23.443886,151.92134,187,2.13,1,Moderate (1-50%),0.0783,0.8434,0.0783,0.9217,0.14571428,0.14571428,300.9957
42,2026-02-01,4,-18.75,146.25,2,3.83,2,Severe (>50%),0.021,0.4832,0.4958,0.979,1.04,1.04,302.73285
42,2026-02-01,5,-23.146168,150.95728,60,2.97,1,Moderate (1-50%),0.0545,0.6443,0.3012,0.9455,0.8542857,0.8542857,301.77426
42,2026-02-01,6,-19.760475,149.15018,69,3.06,1,Moderate (1-50%),0.1201,0.7611,0.1188,0.8799,0.0,0.0,301.44858
42,2026-02-01,7,-18.227266,146.74213,3,1.83,2,Severe (>50%),0.0389,0.4172,0.544,0.9611,0.0,0.0,302.1743
42,2026-02-01,8,-19.020872,146.6052,11,2.13,1,Moderate (1-50%),0.0557,0.5071,0.4372,0.9443,0.17,0.17,302.34003
42,2026-02-01,9,-18.739391,147.2709,12,1.66,1,Moderate (1-50%),0.0423,0.6312,0.3265,0.9577,0.0,0.0,302.03
42,2026-02-01,10,-17.885866,146.59,3,2.0,2,Severe (>50%),0.0447,0.437,0.5184,0.9553,0.0,0.0,302.2457
42,2026-02-01,11,-17.239176,146.34703,8,2.82,1,Moderate (1-50%),0.091,0.5906,0.3185,0.909,0.14,0.14,302.5
42,2026-02-01,12,-20.237434,148.9795,103,1.46,1,Moderate (1-50%),0.2354,0.6126,0.1519,0.7646,0.0,0.0,301.41287
42,2026-02-01,13,-20.3759,150.17145,8,0.38,1,Moderate (1-50%),0.1166,0.6314,0.2521,0.8834,0.0,0.0,301.3814
42,2026-02-01,14,-20.251957,148.81541,23,2.75,1,Moderate (1-50%),0.1324,0.6276,0.2399,0.8676,0.0,0.0,301.4643
42,2026-02-01,15,-20.090439,148.5869,23,2.12,1,Moderate (1-50%),0.0415,0.5651,0.3935,0.9585,0.0,0.0,301.5886
42,2026-02-01,16,-20.022484,148.28569,12,1.15,2,Severe (>50%),0.0261,0.4268,0.5472,0.9739,0.0,0.0,301.75
42,2026-02-01,17,-19.86675,147.92262,4,0.95,2,Severe (>50%),0.0192,0.4546,0.5262,0.9808,0.0,0.0,301.88998
42,2026-02-01,18,-23.992844,151.69751,7,3.03,1,Moderate (1-50%),0.017,0.7926,0.1904,0.983,0.43714285,0.43714285,301.16284
42,2026-02-01,19,-23.520433,151.2612,3,1.5,1,Moderate (1-50%),0.0085,0.7812,0.2104,0.9915,0.8357143,0.8357143,301.57715
42,2026-02-01,20,-23.408117,151.1666,6,2.06,1,Moderate (1-50%),0.0073,0.73,0.2627,0.9927,1.0342857,1.0342857,301.71143
42,2026-02-01,21,-23.326,150.92995,2,0.52,2,Severe (>50%),0.0069,0.4677,0.5254,0.9931,1.5628572,1.5628572,301.91284
42,2026-02-01,22,-21.991533,152.46994,3,1.91,1,Moderate (1-50%),0.391,0.5345,0.0745,0.609,0.0,0.0,301.05713
42,2026-02-01,23,-20.911617,149.42245,11,1.51,1,Moderate (1-50%),0.2709,0.4267,0.3024,0.7291,0.0,0.0,301.71857
42,2026-02-01,24,-20.758585,150.43915,7,2.34,1,Moderate (1-50%),0.1399,0.5823,0.2779,0.8601,0.17,0.17,301.51715
42,2026-02-01,25,-19.7155,147.77403,7,1.06,1,Moderate (1-50%),0.0241,0.5623,0.4137,0.9759,0.0,0.0,301.92856
42,2026-02-01,26,-19.34095,148.0835,2,1.99,1,Moderate (1-50%),0.0736,0.6792,0.2473,0.9264,0.0,0.0,301.61713
42,2026-02-01,27,-19.32325,148.4333,2,0.89,1,Moderate (1-50%),0.1797,0.6153,0.205,0.8203,0.0,0.0,301.5843
42,2026-02-01,28,-19.311234,148.34396,3,2.51,1,Moderate (1-50%),0.1705,0.6186,0.2108,0.8295,0.0,0.0,301.5943
42,2026-02-01,29,-19.2076,148.8596,2,2.52,1,Moderate (1-50%),0.0508,0.5535,0.3957,0.9492,0.0,0.0,301.54
42,2026-02-01,30,-19.11165,148.33365,6,1.74,1,Moderate (1-50%),0.0676,0.5576,0.3748,0.9324,0.0,0.0,301.62714
42,2026-02-01,31,-18.9913,148.06412,6,2.14,1,Moderate (1-50%),0.0291,0.5165,0.4544,0.9709,0.0,0.0,301.80002
42,2026-02-01,32,-18.847086,147.91052,7,2.89,1,Moderate (1-50%),0.0279,0.6447,0.3274,0.9721,0.0,0.0,301.86426
42,2026-02-01,33,-18.1497,146.28976,3,3.16,1,Moderate (1-50%),0.1119,0.5514,0.3367,0.8881,0.0,0.0,302.45142
42,2026-02-01,34,-17.6551,146.49199,6,2.85,2,Severe (>50%),0.0663,0.4614,0.4723,0.9337,0.0,0.0,302.32
42,2026-02-01,35,-17.34235,146.52235,4,1.95,2,Severe (>50%),0.0612,0.403,0.5358,0.9388,0.29,0.29,302.44998
42,2026-02-01,36,-16.871353,146.21158,88,1.49,1,Moderate (1-50%),0.0583,0.5643,0.3774,0.9417,0.14,0.14,302.5314
42,2026-02-01,37,-16.935507,145.98845,13,1.85,2,Severe (>50%),0.0513,0.4591,0.4896,0.9487,0.31142858,0.31142858,302.62717
42,2026-02-01,38,-16.52347,145.99037,108,1.65,2,Severe (>50%),0.0613,0.4612,0.4775,0.9387,0.0,0.0,302.49286
42,2026-02-01,39,-16.12418,145.83456,243,1.03,1,Moderate (1-50%),0.0664,0.5333,0.4003,0.9336,0.0,0.0,302.47284
42,2026-02-01,40,-15.77885,145.58086,2,0.76,1,Moderate (1-50%),0.1231,0.4622,0.4147,0.8769,0.0,0.0,302.3943
42,2026-02-01,41,-15.499777,145.51018,13,3.18,1,Moderate (1-50%),0.0696,0.4701,0.4603,0.9304,0.0,0.0,302.31143
42,2026-02-01,42,-14.85125,145.27235,2,2.66,2,Severe (>50%),0.0165,0.3932,0.5903,0.9835,0.18,0.18,302.34857
42,2026-02-01,43,-14.728744,145.10814,16,1.86,2,Severe (>50%),0.0102,0.4193,0.5705,0.9898,0.33,0.33,302.35855
42,2026-02-01,44,-14.4546,144.90607,7,3.05,2,Severe (>50%),0.0226,0.4495,0.5278,0.9774,0.32,0.32,302.31143
42,2026-02-01,45,-14.1632,144.26332,5,1.82,1,Moderate (1-50%),0.0455,0.5637,0.3908,0.9545,0.15,0.15,302.40573
42,2026-02-01,46,-14.13435,144.5049,2,2.4,2,Severe (>50%),0.0242,0.4682,0.5076,0.9758,0.61,0.61,302.27713
42,2026-02-01,47,-14.07125,143.8833,2,0.99,2,Severe (>50%),0.0242,0.3392,0.6366,0.9758,0.16,0.16,302.54282
42,2026-02-01,48,-13.922125,143.78668,4,1.3,2,Severe (>50%),0.0086,0.2946,0.6968,0.9914,0.16,0.16,302.4743
42,2026-02-01,49,-23.6966,152.1829,2,2.53,1,Moderate (1-50%),0.0379,0.9295,0.0326,0.9621,0.12,0.12,300.82715
42,2026-02-01,50,-17.776623,146.45274,9,2.36,1,Moderate (1-50%),0.0607,0.4994,0.4399,0.9393,0.0,0.0,302.27856
42,2026-02-01,51,-16.284166,145.4936,3,2.23,2,Severe (>50%),0.0096,0.3158,0.6746,0.9904,0.0,0.0,302.6657
42,2026-02-01,52,-15.71492,145.45647,5,2.28,2,Severe (>50%),0.061,0.4327,0.5063,0.939,0.0,0.0,302.40714
42,2026-02-01,53,-22.2081,150.33665,2,2.23,2,Severe (>50%),0.0359,0.4044,0.5597,0.9641,0.0,0.0,301.67856
42,2026-02-01,54,-22.024067,150.66617,3,0.92,1,Moderate (1-50%),0.0729,0.6352,0.2919,0.9271,0.0,0.0,301.47858
42,2026-02-01,55,-22.018534,150.34753,3,2.43,1,Moderate (1-50%),0.0435,0.5211,0.4354,0.9565,0.0,0.0,301.61285
42,2026-02-01,56,-21.95394,150.1631,5,2.64,1,Moderate (1-50%),0.0307,0.5389,0.4304,0.9693,0.0,0.0,301.6586
42,2026-02-01,57,-21.6832,150.28384,4,1.29,2,Severe (>50%),0.0855,0.4317,0.4829,0.9145,0.0,0.0,301.52142
42,2026-02-01,58,-21.455212,149.86604,8,2.39,2,Severe (>50%),0.037,0.3898,0.5732,0.963,0.0,0.0,301.85858
42,2026-02-01,59,-18.062532,146.56087,3,2.04,2,Severe (>50%),0.0479,0.4693,0.4827,0.9521,0.0,0.0,302.2271
42,2026-02-01,60,-23.958666,151.47777,3,1.84,1,Moderate (1-50%),0.0047,0.7354,0.2599,0.9953,1.2428571,1.2428571,301.43143
42,2026-02-01,61,-23.767967,151.33594,3,1.36,1,Moderate (1-50%),0.004,0.6244,0.3716,0.996,1.5442857,1.5442857,301.48712
42,2026-02-01,62,-23.5347,151.73087,3,1.23,1,Moderate (1-50%),0.0288,0.8784,0.0928,0.9712,0.14571428,0.14571428,301.07
42,2026-02-01,63,-19.2064,147.0493,3,3.28,1,Moderate (1-50%),0.0269,0.6249,0.3481,0.9731,0.31,0.31,302.1657
42,2026-02-01,64,-18.0518,146.78749,12,2.9,1,Moderate (1-50%),0.0362,0.4895,0.4743,0.9638,0.0,0.0,302.19287
42,2026-02-01,65,-18.008833,146.16989,9,1.88,1,Moderate (1-50%),0.1653,0.4436,0.391,0.8347,0.0,0.0,302.50424
42,2026-02-01,66,-17.721071,146.1557,7,2.09,1,Moderate (1-50%),0.1269,0.5389,0.3342,0.8731,0.14,0.14,302.53857
42,2026-02-01,67,-17.467283,146.3924,6,2.04,1,Moderate (1-50%),0.0818,0.5381,0.3801,0.9182,0.0,0.0,302.40714
42,2026-02-01,68,-17.20583,146.07251,10,2.15,1,Moderate (1-50%),0.0584,0.6166,0.3251,0.9416,0.14,0.14,302.61996
42,2026-02-01,69,-16.545633,145.52946,3,2.34,2,Severe (>50%),0.0067,0.3292,0.6641,0.9933,0.0,0.0,302.69284
42,2026-02-01,70,-16.379562,145.56004,47,1.67,2,Severe (>50%),0.0348,0.4242,0.541,0.9652,0.0,0.0,302.6686
42,2026-02-01,71,-15.9993,145.4327,3,2.82,2,Severe (>50%),0.0307,0.3719,0.5974,0.9693,0.0,0.0,302.5257
42,2026-02-01,72,-15.156473,145.46036,11,2.59,1,Moderate (1-50%),0.046,0.5556,0.3984,0.954,0.0,0.0,302.33286
42,2026-02-01,73,-11.8956,143.1068,2,3.03,1,Moderate (1-50%),0.0312,0.542,0.4268,0.9688,0.87,0.87,302.04855
42,2026-02-01,74,-10.14675,151.16306,2,3.4,2,Severe (>50%),0.0015,0.2078,0.7907,0.9985,7.774286,7.774286,302.85284
42,2026-02-01,75,-18.4208,147.34987,3,2.66,2,Severe (>50%),0.0209,0.4305,0.5486,0.9791,0.44,0.44,302.18857
42,2026-02-01,76,-19.54529,149.26216,28,2.63,1,Moderate (1-50%),0.1957,0.5919,0.2124,0.8043,0.0,0.0,301.38998
42,2026-02-01,77,-18.665953,147.07942,15,1.11,1,Moderate (1-50%),0.0536,0.6536,0.2927,0.9464,0.0,0.0,302.0157
42,2026-02-01,78,-18.441046,146.99043,15,2.42,2,Severe (>50%),0.0328,0.4663,0.501,0.9672,0.3,0.3,302.1657
42,2026-02-01,79,-22.0,152.67,2,2.83,1,Moderate (1-50%),0.2574,0.6929,0.0498,0.7426,0.0,0.0,300.93857
42,2026-02-01,80,-18.402128,146.79951,11,3.63,1,Moderate (1-50%),0.0436,0.4998,0.4566,0.9564,0.0,0.0,302.10715
42,2026-02-01,81,-18.52425,147.1444,2,2.05,2,Severe (>50%),0.0267,0.4702,0.5031,0.9733,0.0,0.0,302.10715
42,2026-02-01,82,-21.3925,152.50706,5,2.69,1,Moderate (1-50%),0.1966,0.6393,0.1641,0.8034,0.0,0.0,301.1186
42,2026-02-01,83,-21.121021,152.48535,9,1.16,1,Moderate (1-50%),0.1803,0.6974,0.1223,0.8197,0.18,0.18,301.21857
42,2026-02-01,84,-21.106472,152.2254,11,2.06,1,Moderate (1-50%),0.1745,0.6478,0.1777,0.8255,0.19,0.19,301.25287
42,2026-02-01,85,-20.96795,149.75764,2,1.96,1,Moderate (1-50%),0.1499,0.5134,0.3367,0.8501,0.0,0.0,301.57715
42,2026-02-01,86,-20.928566,150.04893,3,2.52,1,Moderate (1-50%),0.1618,0.4843,0.3539,0.8382,0.15,0.15,301.50568
42,2026-02-01,87,-19.68672,149.93729,5,1.83,1,Moderate (1-50%),0.0963,0.7421,0.1615,0.9037,0.0,0.0,301.30856
42,2026-02-01,88,-19.501034,148.7524,3,3.57,1,Moderate (1-50%),0.2392,0.6279,0.1329,0.7608,0.0,0.0,301.52286
42,2026-02-01,89,-19.3041,148.6315,4,2.42,1,Moderate (1-50%),0.0974,0.6891,0.2135,0.9026,0.0,0.0,301.56
42,2026-02-01,90,-19.20995,148.542,2,2.45,1,Moderate (1-50%),0.1059,0.6473,0.2468,0.8941,0.0,0.0,301.59714
42,2026-02-01,91,-18.82149,147.65489,18,2.15,1,Moderate (1-50%),0.0592,0.6404,0.3004,0.9408,0.0,0.0,301.82144
42,2026-02-01,92,-17.5251,146.52454,3,0.05,2,Severe (>50%),0.0534,0.46,0.4866,0.9466,0.0,0.0,302.38287
42,2026-02-01,93,-14.88175,145.50227,6,2.56,1,Moderate (1-50%),0.0305,0.5178,0.4518,0.9695,0.31,0.31,302.32285
42,2026-02-01,94,-24.112192,152.71562,14,1.71,1,Moderate (1-50%),0.0921,0.8727,0.0352,0.9079,0.0,0.0,300.69284
42,2026-02-01,95,-19.449833,148.86703,3,2.89,1,Moderate (1-50%),0.1584,0.6635,0.1781,0.8416,0.0,0.0,301.46573
42,2026-02-01,96,-16.409634,145.74434,3,2.68,2,Severe (>50%),0.0365,0.3786,0.5849,0.9635,0.0,0.0,302.62283
42,2026-02-01,97,-12.67815,143.5829,2,0.93,2,Severe (>50%),0.0264,0.4443,0.5293,0.9736,0.48,0.48,301.6614
42,2026-02-01,98,-12.2257,143.2841,2,0.99,1,Moderate (1-50%),0.0165,0.6327,0.3508,0.9835,0.67,0.67,301.86002
42,2026-02-01,99,-11.782,142.95316,5,2.5,1,Moderate (1-50%),0.0169,0.5259,0.4572,0.9831,1.32,1.32,301.9343
42,2026-02-01,100,-11.7694,143.09245,2,2.0,1,Moderate (1-50%),0.0339,0.5298,0.4362,0.9661,1.01,1.01,302.05426
42,2026-02-01,101,-11.482866,143.01598,9,1.32,2,Severe (>50%),0.0143,0.4447,0.5409,0.9857,1.59,1.59,301.96713
42,2026-02-01,102,-11.191144,142.98755,9,2.26,1,Moderate (1-50%),0.0119,0.5115,0.4766,0.9881,2.35,2.35,301.75424
42,2026-02-01,103,-14.610958,145.62405,19,1.56,2,Severe (>50%),0.0216,0.4429,0.5355,0.9784,0.7,0.7,302.28857
42,2026-02-01,104,-14.704066,145.44646,9,3.28,1,Moderate (1-50%),0.03,0.5704,0.3996,0.97,0.48,0.48,302.30002
42,2026-02-01,105,-23.32,151.98,2,0.75,1,Moderate (1-50%),0.0496,0.8751,0.0753,0.9504,0.12857144,0.12857144,300.97568
42,2026-02-01,106,-18.26362,147.38202,5,1.47,2,Severe (>50%),0.0208,0.2816,0.6976,0.9792,0.9,0.9,302.20425
42,2026-02-01,107,-14.0,146.0,2,3.87,1,Moderate (1-50%),0.0072,0.5792,0.4136,0.9928,3.31,3.31,302.1614
42,2026-02-01,108,-21.87,152.19,2,1.64,1,Moderate (1-50%),0.2734,0.6127,0.114,0.7266,0.0,0.0,301.16998
42,2026-02-01,109,-21.13605,150.77615,2,1.23,1,Moderate (1-50%),0.182,0.5863,0.2317,0.818,0.18,0.18,301.39285
42,2026-02-01,110,-20.66895,150.2588,2,1.81,1,Moderate (1-50%),0.147,0.5969,0.256,0.853,0.17,0.17,301.47427
42,2026-02-01,111,-20.08315,149.93718,4,1.56,1,Moderate (1-50%),0.1836,0.6712,0.1452,0.8164,0.0,0.0,301.2757
42,2026-02-01,112,-19.6179,149.67664,3,0.81,1,Moderate (1-50%),0.1605,0.7018,0.1378,0.8395,0.0,0.0,301.3171
42,2026-02-01,113,-18.791527,147.52235,34,1.86,1,Moderate (1-50%),0.056,0.5211,0.4229,0.944,0.14,0.14,301.9186
42,2026-02-01,114,-18.53455,147.49355,4,2.22,1,Moderate (1-50%),0.0344,0.5395,0.4261,0.9656,0.31,0.31,302.0557
42,2026-02-01,115,-18.1362,146.9716,2,1.3,2,Severe (>50%),0.026,0.3545,0.6195,0.974,0.78,0.78,302.23856
42,2026-02-01,116,-15.359506,145.7791,18,1.78,2,Severe (>50%),0.0366,0.3935,0.5699,0.9634,0.0,0.0,302.31143
42,2026-02-01,117,-14.925742,145.68793,38,1.39,2,Severe (>50%),0.0322,0.3875,0.5802,0.9678,0.62,0.62,302.31857
42,2026-02-01,118,-15.02785,145.56805,2,0.81,1,Moderate (1-50%),0.0492,0.4855,0.4653,0.9508,0.16,0.16,302.32858
42,2026-02-01,119,-12.767325,143.42282,4,0.89,2,Severe (>50%),0.0075,0.2346,0.7579,0.9925,1.26,1.26,301.81143
42,2026-02-01,120,-11.997334,143.27243,6,2.5,1,Moderate (1-50%),0.0263,0.6067,0.3669,0.9737,0.98,0.98,302.0414
42,2026-02-01,121,-11.0088,142.98685,2,2.22,2,Severe (>50%),0.0103,0.4744,0.5153,0.9897,3.03,3.03,301.74142
42,2026-02-01,122,-20.751085,149.4548,7,3.39,1,Moderate (1-50%),0.2338,0.5226,0.2437,0.7662,0.0,0.0,301.53424
42,2026-02-01,123,-18.65635,147.71594,2,2.28,1,Moderate (1-50%),0.0391,0.5845,0.3764,0.9609,0.0,0.0,301.9243
42,2026-02-01,124,-12.470825,143.48958,4,1.65,2,Severe (>50%),0.0312,0.4302,0.5386,0.9688,0.65,0.65,301.70712
42,2026-02-01,125,-12.30835,143.37485,2,1.85,1,Moderate (1-50%),0.0302,0.4929,0.4768,0.9698,0.65,0.65,301.77997
42,2026-02-01,126,-10.69155,142.73485,2,2.13,2,Severe (>50%),0.0127,0.4244,0.5629,0.9873,2.94,2.94,301.6014
42,2026-02-01,127,-18.9561,146.9562,15,2.89,1,Moderate (1-50%),0.0789,0.7044,0.2167,0.9211,0.0,0.0,301.95572
42,2026-02-01,128,-13.844505,146.55128,41,3.35,1,Moderate (1-50%),0.0069,0.5907,0.4024,0.9931,4.27,4.27,301.93716
42,2026-02-01,129,-16.22582,146.00262,10,2.39,1,Moderate (1-50%),0.0592,0.5081,0.4327,0.9408,0.0,0.0,302.47287
42,2026-02-01,130,-15.51399,145.77756,20,1.25,2,Severe (>50%),0.0407,0.4138,0.5455,0.9593,0.0,0.0,302.33856
42,2026-02-01,131,-16.0,145.9667,2,2.92,2,Severe (>50%),0.0619,0.4601,0.478,0.9381,0.32,0.32,302.4771
42,2026-02-01,132,-17.0,149.1,4,3.85,1,Moderate (1-50%),0.0611,0.6725,0.2664,0.9389,0.0,0.0,302.0043
43,2026-02-08,0,-19.166714,146.84863,209,2.65,2,Severe (>50%),0.0887,0.4229,0.4884,0.9113,1.27,1.27,302.53287
43,2026-02-08,1,-18.646925,146.54514,149,3.23,1,Moderate (1-50%),0.2441,0.5387,0.2171,0.7559,0.15,0.15,302.41144
43,2026-02-08,2,-10.2196665,150.84866,3,2.66,2,Severe (>50%),0.0006,0.1582,0.8411,0.9994,4.4457145,4.4457145,302.87286
43,2026-02-08,3,-23.443886,151.92134,187,2.13,1,Moderate (1-50%),0.1308,0.8271,0.0421,0.8692,0.17,0.17,300.66
43,2026-02-08,4,-18.75,146.25,2,3.83,1,Moderate (1-50%),0.0516,0.479,0.4694,0.9484,1.04,1.04,302.71286
43,2026-02-08,5,-23.146168,150.95728,60,2.97,2,Severe (>50%),0.0487,0.4544,0.4969,0.9513,1.1,1.1,301.09427
43,2026-02-08,6,-19.760475,149.15018,69,3.06,1,Moderate (1-50%),0.2658,0.6253,0.1089,0.7342,0.0,0.0,301.56714
43,2026-02-08,7,-18.227266,146.74213,3,1.83,1,Moderate (1-50%),0.0776,0.5283,0.3942,0.9224,0.0,0.0,302.37857
43,2026-02-08,8,-19.020872,146.6052,11,2.13,1,Moderate (1-50%),0.1094,0.5798,0.3108,0.8906,0.17,0.17,302.50858
43,2026-02-08,9,-18.739391,147.2709,12,1.66,1,Moderate (1-50%),0.1067,0.6331,0.2602,0.8933,0.0,0.0,302.20572
43,2026-02-08,10,-17.885866,146.59,3,2.0,1,Moderate (1-50%),0.0623,0.579,0.3587,0.9377,0.0,0.0,302.53717
43,2026-02-08,11,-17.239176,146.34703,8,2.82,1,Moderate (1-50%),0.0567,0.6546,0.2886,0.9433,0.5714286,0.5714286,302.8414
43,2026-02-08,12,-20.237434,148.9795,103,1.46,1,Moderate (1-50%),0.1894,0.635,0.1755,0.8106,0.0,0.0,301.52573
43,2026-02-08,13,-20.3759,150.17145,8,0.38,1,Moderate (1-50%),0.1887,0.6787,0.1326,0.8113,0.0,0.0,301.43283
43,2026-02-08,14,-20.251957,148.81541,23,2.75,1,Moderate (1-50%),0.1944,0.6731,0.1326,0.8056,0.0,0.0,301.60284
43,2026-02-08,15,-20.090439,148.5869,23,2.12,1,Moderate (1-50%),0.098,0.5919,0.3101,0.902,0.0,0.0,301.76572
43,2026-02-08,16,-20.022484,148.28569,12,1.15,1,Moderate (1-50%),0.0431,0.5891,0.3677,0.9569,0.0,0.0,301.9743
43,2026-02-08,17,-19.86675,147.92262,4,0.95,1,Moderate (1-50%),0.0512,0.7399,0.2089,0.9488,0.0,0.0,302.25143
43,2026-02-08,18,-23.992844,151.69751,7,3.03,1,Moderate (1-50%),0.0714,0.7947,0.1339,0.9286,0.51,0.51,300.6557
43,2026-02-08,19,-23.520433,151.2612,3,1.5,1,Moderate (1-50%),0.0123,0.7096,0.2782,0.9877,0.93,0.93,300.88284
43,2026-02-08,20,-23.408117,151.1666,6,2.06,1,Moderate (1-50%),0.011,0.5972,0.3918,0.989,1.13,1.13,300.95572
43,2026-02-08,21,-23.326,150.92995,2,0.52,2,Severe (>50%),0.0198,0.4128,0.5674,0.9802,1.83,1.83,301.1243
43,2026-02-08,22,-21.991533,152.46994,3,1.91,1,Moderate (1-50%),0.2968,0.5354,0.1677,0.7032,0.0,0.0,301.0557
43,2026-02-08,23,-20.911617,149.42245,11,1.51,1,Moderate (1-50%),0.2576,0.5478,0.1946,0.7424,0.0,0.0,301.55426
43,2026-02-08,24,-20.758585,150.43915,7,2.34,1,Moderate (1-50%),0.2665,0.5615,0.1719,0.7335,0.17,0.17,301.47287
43,2026-02-08,25,-19.7155,147.77403,7,1.06,1,Moderate (1-50%),0.0696,0.7255,0.2049,0.9304,0.0,0.0,302.23288
43,2026-02-08,26,-19.34095,148.0835,2,1.99,1,Moderate (1-50%),0.1284,0.6565,0.2151,0.8716,0.0,0.0,301.85284
43,2026-02-08,27,-19.32325,148.4333,2,0.89,1,Moderate (1-50%),0.2438,0.5769,0.1793,0.7562,0.0,0.0,301.73856
43,2026-02-08,28,-19.311234,148.34396,3,2.51,1,Moderate (1-50%),0.2463,0.5553,0.1985,0.7537,0.0,0.0,301.80002
43,2026-02-08,29,-19.2076,148.8596,2,2.52,1,Moderate (1-50%),0.0781,0.7048,0.2171,0.9219,0.0,0.0,301.74
43,2026-02-08,30,-19.11165,148.33365,6,1.74,1,Moderate (1-50%),0.1247,0.5702,0.3051,0.8753,0.0,0.0,301.8043
43,2026-02-08,31,-18.9913,148.06412,6,2.14,1,Moderate (1-50%),0.1125,0.5936,0.2939,0.8875,0.0,0.0,301.91714
43,2026-02-08,32,-18.847086,147.91052,7,2.89,1,Moderate (1-50%),0.0986,0.5689,0.3324,0.9014,0.0,0.0,302.0043
43,2026-02-08,33,-18.1497,146.28976,3,3.16,1,Moderate (1-50%),0.0922,0.5964,0.3114,0.9078,0.16,0.16,302.7343
43,2026-02-08,34,-17.6551,146.49199,6,2.85,1,Moderate (1-50%),0.0465,0.6169,0.3366,0.9535,0.10714286,0.10714286,302.63715
43,2026-02-08,35,-17.34235,146.52235,4,1.95,1,Moderate (1-50%),0.0507,0.7272,0.2221,0.9494,0.71,0.71,302.7957
43,2026-02-08,36,-16.871353,146.21158,88,1.49,1,Moderate (1-50%),0.0481,0.6201,0.3318,0.9519,0.68,0.68,302.8743
43,2026-02-08,37,-16.935507,145.98845,13,1.85,1,Moderate (1-50%),0.0347,0.5381,0.4273,0.9653,1.0142857,1.0142857,303.03857
43,2026-02-08,38,-16.52347,145.99037,108,1.65,1,Moderate (1-50%),0.0338,0.6614,0.3048,0.9662,0.6028572,0.6028572,302.95142
43,2026-02-08,39,-16.12418,145.83456,243,1.03,1,Moderate (1-50%),0.0485,0.6675,0.2839,0.9515,0.57714283,0.57714283,302.91
43,2026-02-08,40,-15.77885,145.58086,2,0.76,1,Moderate (1-50%),0.0935,0.6091,0.2974,0.9065,0.27,0.27,302.89285
43,2026-02-08,41,-15.499777,145.51018,13,3.18,1,Moderate (1-50%),0.0455,0.6764,0.278,0.9545,0.0,0.0,302.8
43,2026-02-08,42,-14.85125,145.27235,2,2.66,1,Moderate (1-50%),0.0175,0.5915,0.391,0.9825,0.34,0.34,302.82
43,2026-02-08,43,-14.728744,145.10814,16,1.86,1,Moderate (1-50%),0.0162,0.5305,0.4533,0.9838,0.5542857,0.5542857,302.8714
43,2026-02-08,44,-14.4546,144.90607,7,3.05,1,Moderate (1-50%),0.0157,0.5442,0.44,0.9843,0.67285717,0.67285717,302.92285
43,2026-02-08,45,-14.1632,144.26332,5,1.82,2,Severe (>50%),0.0146,0.2772,0.7081,0.9854,0.19,0.19,302.87003
43,2026-02-08,46,-14.13435,144.5049,2,2.4,2,Severe (>50%),0.007,0.4386,0.5544,0.993,0.8457143,0.8457143,302.83566
43,2026-02-08,47,-14.07125,143.8833,2,0.99,2,Severe (>50%),0.0153,0.3455,0.6392,0.9847,0.16,0.16,302.89572
43,2026-02-08,48,-13.922125,143.78668,4,1.3,2,Severe (>50%),0.0172,0.3113,0.6715,0.9828,0.16,0.16,302.7757
43,2026-02-08,49,-23.6966,152.1829,2,2.53,1,Moderate (1-50%),0.0766,0.8632,0.0602,0.9234,0.14,0.14,300.56284
43,2026-02-08,50,-17.776623,146.45274,9,2.36,1,Moderate (1-50%),0.0694,0.6193,0.3113,0.9306,0.0,0.0,302.5957
43,2026-02-08,51,-16.284166,145.4936,3,2.23,2,Severe (>50%),0.013,0.3621,0.6249,0.987,0.5757143,0.5757143,303.07
43,2026-02-08,52,-15.71492,145.45647,5,2.28,1,Moderate (1-50%),0.0792,0.5571,0.3636,0.9208,0.0,0.0,302.91714
43,2026-02-08,53,-22.2081,150.33665,2,2.23,2,Severe (>50%),0.0509,0.3738,0.5753,0.9491,0.0,0.0,301.4857
43,2026-02-08,54,-22.024067,150.66617,3,0.92,1,Moderate (1-50%),0.0711,0.5304,0.3986,0.9289,0.0,0.0,301.37997
43,2026-02-08,55,-22.018534,150.34753,3,2.43,2,Severe (>50%),0.048,0.3488,0.6033,0.952,0.0,0.0,301.45856
43,2026-02-08,56,-21.95394,150.1631,5,2.64,1,Moderate (1-50%),0.0441,0.5504,0.4054,0.9559,0.0,0.0,301.5457
43,2026-02-08,57,-21.6832,150.28384,4,1.29,1,Moderate (1-50%),0.0914,0.6136,0.2949,0.9086,0.0,0.0,301.48715
43,2026-02-08,58,-21.455212,149.86604,8,2.39,1,Moderate (1-50%),0.0384,0.6088,0.3528,0.9616,0.0,0.0,301.75
43,2026-02-08,59,-18.062532,146.56087,3,2.04,1,Moderate (1-50%),0.0694,0.6239,0.3067,0.9306,0.15,0.15,302.4843
43,2026-02-08,60,-23.958666,151.47777,3,1.84,1,Moderate (1-50%),0.0059,0.694,0.3001,0.9941,1.41,1.41,300.6957
43,2026-02-08,61,-23.767967,151.33594,3,1.36,1,Moderate (1-50%),0.0054,0.6874,0.3072,0.9946,1.7,1.7,300.84573
43,2026-02-08,62,-23.5347,151.73087,3,1.23,1,Moderate (1-50%),0.0327,0.8951,0.0722,0.9673,0.17,0.17,300.70428
43,2026-02-08,63,-19.2064,147.0493,3,3.28,1,Moderate (1-50%),0.1085,0.7103,0.1812,0.8915,0.31,0.31,302.4
43,2026-02-08,64,-18.0518,146.78749,12,2.9,1,Moderate (1-50%),0.0431,0.6932,0.2637,0.9569,0.0,0.0,302.47427
43,2026-02-08,65,-18.008833,146.16989,9,1.88,1,Moderate (1-50%),0.0996,0.5523,0.3481,0.9004,0.29857144,0.29857144,302.85
43,2026-02-08,66,-17.721071,146.1557,7,2.09,1,Moderate (1-50%),0.091,0.5824,0.3266,0.909,0.56142855,0.56142855,302.84283
43,2026-02-08,67,-17.467283,146.3924,6,2.04,1,Moderate (1-50%),0.0756,0.6166,0.3079,0.9244,0.3942857,0.3942857,302.7343
43,2026-02-08,68,-17.20583,146.07251,10,2.15,1,Moderate (1-50%),0.0464,0.6985,0.2551,0.9536,0.7285714,0.7285714,302.99
43,2026-02-08,69,-16.545633,145.52946,3,2.34,2,Severe (>50%),0.0118,0.3442,0.644,0.9882,0.58,0.58,303.11713
43,2026-02-08,70,-16.379562,145.56004,47,1.67,2,Severe (>50%),0.0176,0.4463,0.5361,0.9824,0.4942857,0.4942857,303.04
43,2026-02-08,71,-15.9993,145.4327,3,2.82,1,Moderate (1-50%),0.0269,0.5413,0.4317,0.9731,0.17,0.17,303.01572
43,2026-02-08,72,-15.156473,145.46036,11,2.59,1,Moderate (1-50%),0.0563,0.608,0.3357,0.9437,0.0,0.0,302.76855
43,2026-02-08,73,-11.8956,143.1068,2,3.03,2,Severe (>50%),0.0262,0.4555,0.5183,0.9738,0.87,0.87,302.32858
43,2026-02-08,74,-10.14675,151.16306,2,3.4,2,Severe (>50%),0.001,0.1061,0.8929,0.999,7.964286,7.964286,302.8157
43,2026-02-08,75,-18.4208,147.34987,3,2.66,2,Severe (>50%),0.0435,0.4471,0.5094,0.9565,0.59,0.59,302.3643
43,2026-02-08,76,-19.54529,149.26216,28,2.63,1,Moderate (1-50%),0.12,0.7613,0.1187,0.88,0.0,0.0,301.49142
43,2026-02-08,77,-18.665953,147.07942,15,1.11,1,Moderate (1-50%),0.1803,0.607,0.2127,0.8197,0.0,0.0,302.18857
43,2026-02-08,78,-18.441046,146.99043,15,2.42,1,Moderate (1-50%),0.0412,0.5702,0.3887,0.9588,0.57,0.57,302.38428
43,2026-02-08,79,-22.0,152.67,2,2.83,1,Moderate (1-50%),0.3168,0.6017,0.0815,0.6832,0.0,0.0,300.99997
43,2026-02-08,80,-18.402128,146.79951,11,3.63,1,Moderate (1-50%),0.0928,0.5589,0.3484,0.9072,0.0,0.0,302.29144
43,2026-02-08,81,-18.52425,147.1444,2,2.05,1,Moderate (1-50%),0.0592,0.4957,0.4451,0.9408,0.0,0.0,302.28857
43,2026-02-08,82,-21.3925,152.50706,5,2.69,1,Moderate (1-50%),0.2741,0.6275,0.0984,0.7259,0.0,0.0,301.23712
43,2026-02-08,83,-21.121021,152.48535,9,1.16,1,Moderate (1-50%),0.0942,0.7517,0.1541,0.9058,0.18,0.18,301.2757
43,2026-02-08,84,-21.106472,152.2254,11,2.06,1,Moderate (1-50%),0.0799,0.6206,0.2995,0.9201,0.19,0.19,301.2657
43,2026-02-08,85,-20.96795,149.75764,2,1.96,1,Moderate (1-50%),0.1925,0.6447,0.1628,0.8075,0.0,0.0,301.45142
43,2026-02-08,86,-20.928566,150.04893,3,2.52,1,Moderate (1-50%),0.0614,0.7498,0.1887,0.9386,0.15,0.15,301.41998
43,2026-02-08,87,-19.68672,149.93729,5,1.83,1,Moderate (1-50%),0.0532,0.8095,0.1373,0.9468,0.0,0.0,301.4814
43,2026-02-08,88,-19.501034,148.7524,3,3.57,1,Moderate (1-50%),0.2815,0.5899,0.1285,0.7185,0.0,0.0,301.64285
43,2026-02-08,89,-19.3041,148.6315,4,2.42,1,Moderate (1-50%),0.125,0.7391,0.1359,0.875,0.0,0.0,301.61996
43,2026-02-08,90,-19.20995,148.542,2,2.45,1,Moderate (1-50%),0.0791,0.7802,0.1406,0.9209,0.0,0.0,301.67715
43,2026-02-08,91,-18.82149,147.65489,18,2.15,1,Moderate (1-50%),0.1225,0.6029,0.2745,0.8775,0.0,0.0,301.97714
43,2026-02-08,92,-17.5251,146.52454,3,0.05,1,Moderate (1-50%),0.0664,0.5727,0.3608,0.9336,0.41,0.41,302.7271
43,2026-02-08,93,-14.88175,145.50227,6,2.56,1,Moderate (1-50%),0.0319,0.614,0.3542,0.9681,0.31,0.31,302.6443
43,2026-02-08,94,-24.112192,152.71562,14,1.71,1,Moderate (1-50%),0.1193,0.8452,0.0354,0.8807,0.0,0.0,300.34
43,2026-02-08,95,-19.449833,148.86703,3,2.89,1,Moderate (1-50%),0.1607,0.7281,0.1112,0.8393,0.0,0.0,301.5943
43,2026-02-08,96,-16.409634,145.74434,3,2.68,2,Severe (>50%),0.0222,0.4402,0.5376,0.9778,0.52428573,0.52428573,303.0257
43,2026-02-08,97,-12.67815,143.5829,2,0.93,2,Severe (>50%),0.0242,0.3956,0.5802,0.9758,0.48,0.48,302.2143
43,2026-02-08,98,-12.2257,143.2841,2,0.99,2,Severe (>50%),0.0209,0.4756,0.5035,0.9791,0.67,0.67,302.3686
43,2026-02-08,99,-11.782,142.95316,5,2.5,2,Severe (>50%),0.0108,0.396,0.5932,0.9892,1.32,1.32,302.27286
43,2026-02-08,100,-11.7694,143.09245,2,2.0,2,Severe (>50%),0.0198,0.4063,0.5738,0.9802,1.01,1.01,302.2686
43,2026-02-08,101,-11.482866,143.01598,9,1.32,2,Severe (>50%),0.0123,0.3785,0.6092,0.9877,1.59,1.59,302.28287
43,2026-02-08,102,-11.191144,142.98755,9,2.26,1,Moderate (1-50%),0.0126,0.5184,0.4689,0.9874,2.35,2.35,302.24857
43,2026-02-08,103,-14.610958,145.62405,19,1.56,2,Severe (>50%),0.0177,0.3895,0.5928,0.9823,0.78,0.78,302.64282
43,2026-02-08,104,-14.704066,145.44646,9,3.28,1,Moderate (1-50%),0.0298,0.5703,0.4,0.9702,0.5657143,0.5657143,302.6843
43,2026-02-08,105,-23.32,151.98,2,0.75,1,Moderate (1-50%),0.0633,0.8876,0.049,0.9367,0.15,0.15,300.71857
43,2026-02-08,106,-18.26362,147.38202,5,1.47,2,Severe (>50%),0.0237,0.4688,0.5075,0.9763,1.1885715,1.1885715,302.4457
43,2026-02-08,107,-14.0,146.0,2,3.87,2,Severe (>50%),0.0036,0.3553,0.6411,0.9964,3.31,3.31,302.55
43,2026-02-08,108,-21.87,152.19,2,1.64,1,Moderate (1-50%),0.2408,0.6081,0.151,0.7592,0.0,0.0,301.14142
43,2026-02-08,109,-21.13605,150.77615,2,1.23,1,Moderate (1-50%),0.1999,0.6319,0.1683,0.8001,0.18,0.18,301.40854
43,2026-02-08,110,-20.66895,150.2588,2,1.81,1,Moderate (1-50%),0.2225,0.6314,0.1461,0.7775,0.17,0.17,301.4414
43,2026-02-08,111,-20.08315,149.93718,4,1.56,1,Moderate (1-50%),0.217,0.7139,0.0692,0.783,0.0,0.0,301.42856
43,2026-02-08,112,-19.6179,149.67664,3,0.81,1,Moderate (1-50%),0.0979,0.7789,0.1231,0.9021,0.0,0.0,301.45572
43,2026-02-08,113,-18.791527,147.52235,34,1.86,1,Moderate (1-50%),0.0725,0.4821,0.4454,0.9275,0.14,0.14,302.0957
43,2026-02-08,114,-18.53455,147.49355,4,2.22,1,Moderate (1-50%),0.0499,0.5537,0.3963,0.9501,0.31,0.31,302.23
43,2026-02-08,115,-18.1362,146.9716,2,1.3,1,Moderate (1-50%),0.0355,0.5889,0.3756,0.9645,1.1828572,1.1828572,302.57144
43,2026-02-08,116,-15.359506,145.7791,18,1.78,1,Moderate (1-50%),0.04,0.6036,0.3564,0.96,0.28714284,0.28714284,302.81857
43,2026-02-08,117,-14.925742,145.68793,38,1.39,2,Severe (>50%),0.0225,0.476,0.5015,0.9775,0.7457143,0.7457143,302.65854
43,2026-02-08,118,-15.02785,145.56805,2,0.81,1,Moderate (1-50%),0.0536,0.5449,0.4014,0.9464,0.16,0.16,302.63858
43,2026-02-08,119,-12.767325,143.42282,4,0.89,2,Severe (>50%),0.0089,0.3318,0.6593,0.9911,1.4014286,1.4014286,302.50287
43,2026-02-08,120,-11.997334,143.27243,6,2.5,2,Severe (>50%),0.0245,0.4102,0.5654,0.9755,0.98,0.98,302.27713
43,2026-02-08,121,-11.0088,142.98685,2,2.22,1,Moderate (1-50%),0.0104,0.5157,0.4739,0.9896,3.03,3.03,302.31284
43,2026-02-08,122,-20.751085,149.4548,7,3.39,1,Moderate (1-50%),0.2316,0.6182,0.1503,0.7684,0.0,0.0,301.45285
43,2026-02-08,123,-18.65635,147.71594,2,2.28,2,Severe (>50%),0.0674,0.4618,0.4708,0.9326,0.0,0.0,302.0914
43,2026-02-08,124,-12.470825,143.48958,4,1.65,2,Severe (>50%),0.0298,0.3349,0.6353,0.9702,0.6957143,0.6957143,302.21997
43,2026-02-08,125,-12.30835,143.37485,2,1.85,2,Severe (>50%),0.0177,0.3493,0.6331,0.9823,0.69285715,0.69285715,302.2957
43,2026-02-08,126,-10.69155,142.73485,2,2.13,1,Moderate (1-50%),0.0126,0.6508,0.3366,0.9874,2.94,2.94,302.21713
43,2026-02-08,127,-18.9561,146.9562,15,2.89,1,Moderate (1-50%),0.2582,0.561,0.1808,0.7418,0.0,0.0,302.22855
43,2026-02-08,128,-13.844505,146.55128,41,3.35,2,Severe (>50%),0.0041,0.4021,0.5938,0.9959,4.27,4.27,302.46283
43,2026-02-08,129,-16.22582,146.00262,10,2.39,2,Severe (>50%),0.0221,0.4883,0.4896,0.9779,0.6642857,0.6642857,302.9743
43,2026-02-08,130,-15.51399,145.77756,20,1.25,1,Moderate (1-50%),0.0383,0.7425,0.2192,0.9617,0.41285715,0.41285715,302.85004
43,2026-02-08,131,-16.0,145.9667,2,2.92,1,Moderate (1-50%),0.0202,0.5561,0.4237,0.9798,1.0057143,1.0057143,302.96857
43,2026-02-08,132,-17.0,149.1,4,3.85,1,Moderate (1-50%),0.0357,0.7833,0.181,0.9643,0.0,0.0,302.29855
44,2026-02-15,0,-19.166714,146.84863,209,2.65,2,Severe (>50%),0.0312,0.2907,0.6782,0.9688,1.4357142,1.4357142,302.81
44,2026-02-15,1,-18.646925,146.54514,149,3.23,1,Moderate (1-50%),0.0915,0.5064,0.4021,0.9085,0.21,0.21,302.62143
44,2026-02-15,2,-10.2196665,150.84866,3,2.66,2,Severe (>50%),0.0012,0.1421,0.8568,0.9988,5.3114285,5.3114285,303.23145
44,2026-02-15,3,-23.443886,151.92134,187,2.13,1,Moderate (1-50%),0.0529,0.8715,0.0756,0.9471,0.32142857,0.32142857,301.09
44,2026-02-15,4,-18.75,146.25,2,3.83,2,Severe (>50%),0.0117,0.4301,0.5582,0.9883,1.3642857,1.3642857,303.04712
44,2026-02-15,5,-23.146168,150.95728,60,2.97,1,Moderate (1-50%),0.0266,0.6378,0.3356,0.9734,1.4,1.4,301.47287
44,2026-02-15,6,-19.760475,149.15018,69,3.06,1,Moderate (1-50%),0.073,0.752,0.175,0.927,0.0,0.0,302.0
44,2026-02-15,7,-18.227266,146.74213,3,1.83,1,Moderate (1-50%),0.0283,0.7063,0.2655,0.9717,0.36571428,0.36571428,302.79572
44,2026-02-15,8,-19.020872,146.6052,11,2.13,1,Moderate (1-50%),0.1428,0.7053,0.1519,0.8572,0.17,0.17,302.73856
44,2026-02-15,9,-18.739391,147.2709,12,1.66,1,Moderate (1-50%),0.0387,0.7678,0.1935,0.9613,0.06428572,0.06428572,302.50287
44,2026-02-15,10,-17.885866,146.59,3,2.0,1,Moderate (1-50%),0.0256,0.6345,0.3399,0.9744,0.24,0.24,302.77142
44,2026-02-15,11,-17.239176,146.34703,8,2.82,1,Moderate (1-50%),0.0301,0.6452,0.3246,0.9699,0.92285717,0.92285717,302.95712
44,2026-02-15,12,-20.237434,148.9795,103,1.46,1,Moderate (1-50%),0.2003,0.6087,0.191,0.7997,0.0,0.0,301.8643
44,2026-02-15,13,-20.3759,150.17145,8,0.38,1,Moderate (1-50%),0.0325,0.8416,0.1258,0.9675,0.0,0.0,301.75714
44,2026-02-15,14,-20.251957,148.81541,23,2.75,1,Moderate (1-50%),0.123,0.6902,0.1868,0.877,0.0,0.0,301.95142
44,2026-02-15,15,-20.090439,148.5869,23,2.12,1,Moderate (1-50%),0.0497,0.6647,0.2856,0.9503,0.09142857,0.09142857,302.0914
44,2026-02-15,16,-20.022484,148.28569,12,1.15,1,Moderate (1-50%),0.0344,0.5718,0.3938,0.9656,0.2742857,0.2742857,302.40573
44,2026-02-15,17,-19.86675,147.92262,4,0.95,1,Moderate (1-50%),0.0304,0.7637,0.2059,0.9696,0.29142857,0.29142857,302.56857
44,2026-02-15,18,-23.992844,151.69751,7,3.03,1,Moderate (1-50%),0.0187,0.8988,0.0825,0.9813,0.51,0.51,301.04855
44,2026-02-15,19,-23.520433,151.2612,3,1.5,1,Moderate (1-50%),0.0185,0.8187,0.1628,0.9815,0.93,0.93,301.22568
44,2026-02-15,20,-23.408117,151.1666,6,2.06,1,Moderate (1-50%),0.0144,0.7402,0.2454,0.9856,1.2371428,1.2371428,301.3043
44,2026-02-15,21,-23.326,150.92995,2,0.52,1,Moderate (1-50%),0.008,0.8808,0.1112,0.992,2.1085715,2.1085715,301.5543
44,2026-02-15,22,-21.991533,152.46994,3,1.91,1,Moderate (1-50%),0.2203,0.6803,0.0993,0.7797,0.0,0.0,301.43143
44,2026-02-15,23,-20.911617,149.42245,11,1.51,1,Moderate (1-50%),0.0681,0.8209,0.111,0.9319,0.08571429,0.08571429,302.0357
44,2026-02-15,24,-20.758585,150.43915,7,2.34,1,Moderate (1-50%),0.0384,0.7736,0.188,0.9616,0.17,0.17,301.79855
44,2026-02-15,25,-19.7155,147.77403,7,1.06,1,Moderate (1-50%),0.0474,0.7674,0.1852,0.9526,0.08571429,0.08571429,302.43286
44,2026-02-15,26,-19.34095,148.0835,2,1.99,1,Moderate (1-50%),0.0791,0.6927,0.2282,0.9209,0.0,0.0,302.20285
44,2026-02-15,27,-19.32325,148.4333,2,0.89,1,Moderate (1-50%),0.0971,0.7407,0.1622,0.9029,0.0,0.0,302.07858
44,2026-02-15,28,-19.311234,148.34396,3,2.51,1,Moderate (1-50%),0.0918,0.78,0.1283,0.9082,0.0,0.0,302.1257
44,2026-02-15,29,-19.2076,148.8596,2,2.52,1,Moderate (1-50%),0.03,0.6386,0.3315,0.97,0.06428572,0.06428572,302.22568
44,2026-02-15,30,-19.11165,148.33365,6,1.74,1,Moderate (1-50%),0.0341,0.6659,0.3,0.9659,0.0,0.0,302.1914
44,2026-02-15,31,-18.9913,148.06412,6,2.14,1,Moderate (1-50%),0.029,0.7142,0.2568,0.971,0.0,0.0,302.29
44,2026-02-15,32,-18.847086,147.91052,7,2.89,1,Moderate (1-50%),0.0374,0.5781,0.3845,0.9626,0.0,0.0,302.24
44,2026-02-15,33,-18.1497,146.28976,3,3.16,1,Moderate (1-50%),0.021,0.6421,0.3368,0.979,0.4,0.4,302.92572
44,2026-02-15,34,-17.6551,146.49199,6,2.85,1,Moderate (1-50%),0.0269,0.5424,0.4307,0.9731,0.40714285,0.40714285,302.8414
44,2026-02-15,35,-17.34235,146.52235,4,1.95,2,Severe (>50%),0.0282,0.4218,0.55,0.9718,1.0514286,1.0514286,302.90427
44,2026-02-15,36,-16.871353,146.21158,88,1.49,2,Severe (>50%),0.0328,0.3791,0.5881,0.9672,1.21,1.21,302.99997
44,2026-02-15,37,-16.935507,145.98845,13,1.85,1,Moderate (1-50%),0.019,0.5373,0.4436,0.981,1.6185714,1.6185714,303.15143
44,2026-02-15,38,-16.52347,145.99037,108,1.65,2,Severe (>50%),0.0296,0.2244,0.746,0.9704,1.4185715,1.4185715,303.1314
44,2026-02-15,39,-16.12418,145.83456,243,1.03,2,Severe (>50%),0.0373,0.35,0.6126,0.9627,1.0828571,1.0828571,303.0
44,2026-02-15,40,-15.77885,145.58086,2,0.76,2,Severe (>50%),0.0316,0.4178,0.5506,0.9684,0.7,0.7,303.16
44,2026-02-15,41,-15.499777,145.51018,13,3.18,2,Severe (>50%),0.0337,0.4656,0.5007,0.9663,0.25857142,0.25857142,303.03143
44,2026-02-15,42,-14.85125,145.27235,2,2.66,2,Severe (>50%),0.0112,0.3443,0.6445,0.9888,0.69285715,0.69285715,302.91428
44,2026-02-15,43,-14.728744,145.10814,16,1.86,2,Severe (>50%),0.0055,0.268,0.7265,0.9945,1.4814286,1.4814286,303.1014
44,2026-02-15,44,-14.4546,144.90607,7,3.05,2,Severe (>50%),0.0058,0.206,0.7882,0.9942,1.8571428,1.8571428,303.10858
44,2026-02-15,45,-14.1632,144.26332,5,1.82,2,Severe (>50%),0.0117,0.1885,0.7998,0.9883,0.6742857,0.6742857,303.28427
44,2026-02-15,46,-14.13435,144.5049,2,2.4,2,Severe (>50%),0.005,0.2248,0.7702,0.995,1.8585714,1.8585714,303.17142
44,2026-02-15,47,-14.07125,143.8833,2,0.99,2,Severe (>50%),0.0077,0.1733,0.819,0.9923,0.4542857,0.4542857,303.51855
44,2026-02-15,48,-13.922125,143.78668,4,1.3,2,Severe (>50%),0.0116,0.1965,0.7919,0.9884,0.5885714,0.5885714,303.48145
44,2026-02-15,49,-23.6966,152.1829,2,2.53,1,Moderate (1-50%),0.1088,0.8505,0.0407,0.8912,0.14,0.14,300.93286
44,2026-02-15,50,-17.776623,146.45274,9,2.36,1,Moderate (1-50%),0.027,0.554,0.419,0.973,0.24714285,0.24714285,302.81427
44,2026-02-15,51,-16.284166,145.4936,3,2.23,2,Severe (>50%),0.0168,0.2879,0.6954,0.9832,1.5757142,1.5757142,303.44144
44,2026-02-15,52,-15.71492,145.45647,5,2.28,2,Severe (>50%),0.0197,0.414,0.5663,0.9803,0.2857143,0.2857143,303.18716
44,2026-02-15,53,-22.2081,150.33665,2,2.23,1,Moderate (1-50%),0.0338,0.777,0.1891,0.9662,0.0,0.0,301.68143
44,2026-02-15,54,-22.024067,150.66617,3,0.92,1,Moderate (1-50%),0.026,0.6293,0.3448,0.974,0.14857143,0.14857143,301.76855
44,2026-02-15,55,-22.018534,150.34753,3,2.43,1,Moderate (1-50%),0.0316,0.7176,0.2508,0.9684,0.0,0.0,301.79855
44,2026-02-15,56,-21.95394,150.1631,5,2.64,1,Moderate (1-50%),0.0188,0.7964,0.1849,0.9812,0.0,0.0,301.8157
44,2026-02-15,57,-21.6832,150.28384,4,1.29,1,Moderate (1-50%),0.0311,0.6117,0.3572,0.9689,0.0,0.0,301.80426
44,2026-02-15,58,-21.455212,149.86604,8,2.39,1,Moderate (1-50%),0.0101,0.8197,0.1702,0.9899,0.08571429,0.08571429,302.06143
44,2026-02-15,59,-18.062532,146.56087,3,2.04,1,Moderate (1-50%),0.0354,0.6606,0.3039,0.9646,0.38142857,0.38142857,302.74713
44,2026-02-15,60,-23.958666,151.47777,3,1.84,1,Moderate (1-50%),0.0138,0.7623,0.2239,0.9862,1.47,1.47,301.16
44,2026-02-15,61,-23.767967,151.33594,3,1.36,1,Moderate (1-50%),0.0069,0.831,0.1621,0.9931,1.86,1.86,301.25568
44,2026-02-15,62,-23.5347,151.73087,3,1.23,1,Moderate (1-50%),0.0256,0.8868,0.0876,0.9744,0.17,0.17,301.0957
44,2026-02-15,63,-19.2064,147.0493,3,3.28,1,Moderate (1-50%),0.0766,0.7679,0.1555,0.9234,0.46571428,0.46571428,302.69858
44,2026-02-15,64,-18.0518,146.78749,12,2.9,1,Moderate (1-50%),0.0299,0.6739,0.2962,0.9701,0.3557143,0.3557143,302.76425
44,2026-02-15,65,-18.008833,146.16989,9,1.88,1,Moderate (1-50%),0.0253,0.6599,0.3148,0.9747,0.5371429,0.5371429,302.98428
44,2026-02-15,66,-17.721071,146.1557,7,2.09,1,Moderate (1-50%),0.0219,0.6575,0.3206,0.9781,0.87857145,0.87857145,302.96854
44,2026-02-15,67,-17.467283,146.3924,6,2.04,1,Moderate (1-50%),0.0262,0.5832,0.3906,0.9738,0.72,0.72,302.88858
44,2026-02-15,68,-17.20583,146.07251,10,2.15,2,Severe (>50%),0.0129,0.416,0.5711,0.9871,1.2928572,1.2928572,303.1014
44,2026-02-15,69,-16.545633,145.52946,3,2.34,2,Severe (>50%),0.0122,0.1833,0.8045,0.9878,1.27,1.27,303.39572
44,2026-02-15,70,-16.379562,145.56004,47,1.67,2,Severe (>50%),0.025,0.3543,0.6207,0.975,1.4242858,1.4242858,303.45712
44,2026-02-15,71,-15.9993,145.4327,3,2.82,2,Severe (>50%),0.0149,0.3378,0.6473,0.9851,0.47428572,0.47428572,303.24713
44,2026-02-15,72,-15.156473,145.46036,11,2.59,2,Severe (>50%),0.0231,0.4249,0.552,0.9769,0.23857144,0.23857144,302.94287
44,2026-02-15,73,-11.8956,143.1068,2,3.03,1,Moderate (1-50%),0.0297,0.5582,0.4121,0.9703,0.87,0.87,302.9243
44,2026-02-15,74,-10.14675,151.16306,2,3.4,2,Severe (>50%),0.0006,0.0429,0.9566,0.9994,8.245714,8.245714,303.19717
44,2026-02-15,75,-18.4208,147.34987,3,2.66,1,Moderate (1-50%),0.0205,0.6049,0.3747,0.9795,0.6785714,0.6785714,302.4771
44,2026-02-15,76,-19.54529,149.26216,28,2.63,1,Moderate (1-50%),0.1234,0.7363,0.1403,0.8766,0.0,0.0,302.0057
44,2026-02-15,77,-18.665953,147.07942,15,1.11,1,Moderate (1-50%),0.063,0.7017,0.2353,0.937,0.22285715,0.22285715,302.58002
44,2026-02-15,78,-18.441046,146.99043,15,2.42,1,Moderate (1-50%),0.0271,0.7055,0.2674,0.9729,0.8357143,0.8357143,302.61856
44,2026-02-15,79,-22.0,152.67,2,2.83,1,Moderate (1-50%),0.1569,0.754,0.0891,0.8431,0.0,0.0,301.38428
44,2026-02-15,80,-18.402128,146.79951,11,3.63,1,Moderate (1-50%),0.0205,0.8177,0.1618,0.9795,0.25714287,0.25714287,302.71143
44,2026-02-15,81,-18.52425,147.1444,2,2.05,1,Moderate (1-50%),0.026,0.7239,0.2501,0.974,0.13714285,0.13714285,302.5286
44,2026-02-15,82,-21.3925,152.50706,5,2.69,1,Moderate (1-50%),0.1024,0.7439,0.1537,0.8976,0.0,0.0,301.55142
44,2026-02-15,83,-21.121021,152.48535,9,1.16,1,Moderate (1-50%),0.0535,0.6857,0.2607,0.9465,0.18,0.18,301.63858
44,2026-02-15,84,-21.106472,152.2254,11,2.06,1,Moderate (1-50%),0.0621,0.7047,0.2332,0.9379,0.19,0.19,301.5957
44,2026-02-15,85,-20.96795,149.75764,2,1.96,1,Moderate (1-50%),0.0463,0.7447,0.2089,0.9537,0.0,0.0,301.9471
44,2026-02-15,86,-20.928566,150.04893,3,2.52,1,Moderate (1-50%),0.0416,0.606,0.3524,0.9584,0.15,0.15,301.86285
44,2026-02-15,87,-19.68672,149.93729,5,1.83,1,Moderate (1-50%),0.0347,0.7867,0.1785,0.9653,0.16428572,0.16428572,301.92856
44,2026-02-15,88,-19.501034,148.7524,3,3.57,1,Moderate (1-50%),0.0859,0.8011,0.113,0.9141,0.0,0.0,302.02142
44,2026-02-15,89,-19.3041,148.6315,4,2.42,1,Moderate (1-50%),0.0499,0.7545,0.1956,0.9501,0.06428572,0.06428572,302.1314
44,2026-02-15,90,-19.20995,148.542,2,2.45,1,Moderate (1-50%),0.0673,0.6899,0.2428,0.9327,0.0,0.0,302.1443
44,2026-02-15,91,-18.82149,147.65489,18,2.15,1,Moderate (1-50%),0.0482,0.7104,0.2414,0.9518,0.0,0.0,302.29572
44,2026-02-15,92,-17.5251,146.52454,3,0.05,1,Moderate (1-50%),0.0287,0.5575,0.4139,0.9713,0.74285716,0.74285716,302.84857
44,2026-02-15,93,-14.88175,145.50227,6,2.56,2,Severe (>50%),0.0151,0.4468,0.5381,0.9849,0.6085714,0.6085714,302.95996
44,2026-02-15,94,-24.112192,152.71562,14,1.71,1,Moderate (1-50%),0.0634,0.8982,0.0384,0.9366,0.06,0.06,300.92285
44,2026-02-15,95,-19.449833,148.86703,3,2.89,1,Moderate (1-50%),0.0613,0.7973,0.1414,0.9387,0.06428572,0.06428572,302.10428
44,2026-02-15,96,-16.409634,145.74434,3,2.68,2,Severe (>50%),0.0146,0.2816,0.7039,0.9854,1.3828571,1.3828571,303.37997
44,2026-02-15,97,-12.67815,143.5829,2,0.93,2,Severe (>50%),0.0103,0.4029,0.5868,0.9897,0.7828571,0.7828571,302.8457
44,2026-02-15,98,-12.2257,143.2841,2,0.99,1,Moderate (1-50%),0.0408,0.5904,0.3688,0.9592,0.67,0.67,302.85
44,2026-02-15,99,-11.782,142.95316,5,2.5,2,Severe (>50%),0.0155,0.4345,0.55,0.9845,1.32,1.32,302.80426
44,2026-02-15,100,-11.7694,143.09245,2,2.0,1,Moderate (1-50%),0.0209,0.5395,0.4396,0.9791,1.01,1.01,302.86002
44,2026-02-15,101,-11.482866,143.01598,9,1.32,2,Severe (>50%),0.0195,0.449,0.5315,0.9805,1.59,1.59,302.64285
44,2026-02-15,102,-11.191144,142.98755,9,2.26,1,Moderate (1-50%),0.0246,0.52,0.4554,0.9754,2.35,2.35,302.5957
44,2026-02-15,103,-14.610958,145.62405,19,1.56,2,Severe (>50%),0.0097,0.3017,0.6886,0.9903,1.2271428,1.2271428,302.8857
44,2026-02-15,104,-14.704066,145.44646,9,3.28,2,Severe (>50%),0.0112,0.4296,0.5592,0.9888,1.0442857,1.0442857,302.9771
44,2026-02-15,105,-23.32,151.98,2,0.75,1,Moderate (1-50%),0.0478,0.8575,0.0947,0.9522,0.31,0.31,301.13428
44,2026-02-15,106,-18.26362,147.38202,5,1.47,2,Severe (>50%),0.0122,0.4019,0.5859,0.9878,1.3485714,1.3485714,302.56146
44,2026-02-15,107,-14.0,146.0,2,3.87,2,Severe (>50%),0.0024,0.3008,0.6968,0.9976,3.4885714,3.4885714,302.78998
44,2026-02-15,108,-21.87,152.19,2,1.64,1,Moderate (1-50%),0.165,0.7432,0.0918,0.835,0.06428572,0.06428572,301.5157
44,2026-02-15,109,-21.13605,150.77615,2,1.23,1,Moderate (1-50%),0.0848,0.7321,0.1831,0.9152,0.18,0.18,301.70572
44,2026-02-15,110,-20.66895,150.2588,2,1.81,1,Moderate (1-50%),0.0379,0.8128,0.1492,0.9621,0.17,0.17,301.74142
44,2026-02-15,111,-20.08315,149.93718,4,1.56,1,Moderate (1-50%),0.0829,0.7606,0.1565,0.9171,0.0,0.0,301.76712
44,2026-02-15,112,-19.6179,149.67664,3,0.81,1,Moderate (1-50%),0.0616,0.7327,0.2058,0.9384,0.0,0.0,301.93283
44,2026-02-15,113,-18.791527,147.52235,34,1.86,1,Moderate (1-50%),0.0302,0.8183,0.1515,0.9698,0.14,0.14,302.37997
44,2026-02-15,114,-18.53455,147.49355,4,2.22,1,Moderate (1-50%),0.0219,0.7296,0.2486,0.9781,0.31,0.31,302.38428
44,2026-02-15,115,-18.1362,146.9716,2,1.3,1,Moderate (1-50%),0.0106,0.5047,0.4847,0.9894,1.6185714,1.6185714,302.75143
44,2026-02-15,116,-15.359506,145.7791,18,1.78,2,Severe (>50%),0.0177,0.3164,0.6659,0.9823,0.88714284,0.88714284,302.96713
44,2026-02-15,117,-14.925742,145.68793,38,1.39,2,Severe (>50%),0.0071,0.2738,0.7192,0.9929,1.49,1.49,302.94
44,2026-02-15,118,-15.02785,145.56805,2,0.81,2,Severe (>50%),0.0193,0.3659,0.6148,0.9807,0.56714284,0.56714284,302.9457
44,2026-02-15,119,-12.767325,143.42282,4,0.89,2,Severe (>50%),0.0043,0.2122,0.7835,0.9957,1.9157143,1.9157143,302.9343
44,2026-02-15,120,-11.997334,143.27243,6,2.5,1,Moderate (1-50%),0.0368,0.5715,0.3918,0.9632,0.98,0.98,302.9057
44,2026-02-15,121,-11.0088,142.98685,2,2.22,2,Severe (>50%),0.0175,0.3593,0.6232,0.9825,3.03,3.03,302.63858
44,2026-02-15,122,-20.751085,149.4548,7,3.39,1,Moderate (1-50%),0.0569,0.7614,0.1817,0.9431,0.0,0.0,301.93854
44,2026-02-15,123,-18.65635,147.71594,2,2.28,1,Moderate (1-50%),0.0199,0.8277,0.1524,0.9801,0.0,0.0,302.30713
44,2026-02-15,124,-12.470825,143.48958,4,1.65,2,Severe (>50%),0.022,0.3933,0.5846,0.978,0.8957143,0.8957143,302.77856
44,2026-02-15,125,-12.30835,143.37485,2,1.85,1,Moderate (1-50%),0.0436,0.5034,0.453,0.9564,0.8,0.8,302.78857
44,2026-02-15,126,-10.69155,142.73485,2,2.13,1,Moderate (1-50%),0.0387,0.4959,0.4653,0.9613,2.94,2.94,302.62427
44,2026-02-15,127,-18.9561,146.9562,15,2.89,1,Moderate (1-50%),0.1373,0.787,0.0757,0.8627,0.0,0.0,302.5371
44,2026-02-15,128,-13.844505,146.55128,41,3.35,2,Severe (>50%),0.0021,0.1237,0.8743,0.9979,4.3342857,4.3342857,302.71
44,2026-02-15,129,-16.22582,146.00262,10,2.39,2,Severe (>50%),0.0146,0.1779,0.8076,0.9854,1.1742858,1.1742858,302.88998
44,2026-02-15,130,-15.51399,145.77756,20,1.25,2,Severe (>50%),0.0277,0.4016,0.5706,0.9723,1.0271429,1.0271429,302.94287
44,2026-02-15,131,-16.0,145.9667,2,2.92,2,Severe (>50%),0.0112,0.2502,0.7386,0.9888,1.62,1.62,302.7857
44,2026-02-15,132,-17.0,149.1,4,3.85,1,Moderate (1-50%),0.0253,0.7564,0.2183,0.9747,0.0,0.0,302.25714
45,2026-02-22,0,-19.166714,146.84863,209,2.65,1,Moderate (1-50%),0.0385,0.6785,0.283,0.9615,1.4357142,1.3257142,302.45285
45,2026-02-22,1,-18.646925,146.54514,149,3.23,1,Moderate (1-50%),0.0334,0.8761,0.0905,0.9666,0.57714283,0.57714283,302.70712
45,2026-02-22,2,-10.2196665,150.84866,3,2.66,2,Severe (>50%),0.002,0.0835,0.9145,0.998,6.642857,6.642857,303.34146
45,2026-02-22,3,-23.443886,151.92134,187,2.13,1,Moderate (1-50%),0.0428,0.8569,0.1003,0.9572,0.47,0.47,300.91428
45,2026-02-22,4,-18.75,146.25,2,3.83,1,Moderate (1-50%),0.0057,0.6554,0.339,0.9943,1.8185714,1.8185714,302.85428
45,2026-02-22,5,-23.146168,150.95728,60,2.97,1,Moderate (1-50%),0.0182,0.8586,0.1232,0.9818,1.7,1.7,300.96286
45,2026-02-22,6,-19.760475,149.15018,69,3.06,1,Moderate (1-50%),0.056,0.8309,0.1132,0.944,0.0,0.0,301.89716
45,2026-02-22,7,-18.227266,146.74213,3,1.83,1,Moderate (1-50%),0.049,0.5846,0.3664,0.951,1.2042857,1.2042857,302.62286
45,2026-02-22,8,-19.020872,146.6052,11,2.13,1,Moderate (1-50%),0.0886,0.795,0.1164,0.9114,0.17,0.17,302.54144
45,2026-02-22,9,-18.739391,147.2709,12,1.66,1,Moderate (1-50%),0.0436,0.6738,0.2827,0.9564,0.15,0.15,302.28714
45,2026-02-22,10,-17.885866,146.59,3,2.0,1,Moderate (1-50%),0.0603,0.6998,0.2399,0.9397,0.9771429,0.9771429,302.6543
45,2026-02-22,11,-17.239176,146.34703,8,2.82,1,Moderate (1-50%),0.0192,0.771,0.2099,0.9808,1.8971429,1.8971429,302.92142
45,2026-02-22,12,-20.237434,148.9795,103,1.46,1,Moderate (1-50%),0.076,0.7699,0.1541,0.924,0.0,0.0,301.88284
45,2026-02-22,13,-20.3759,150.17145,8,0.38,1,Moderate (1-50%),0.0267,0.8617,0.1116,0.9733,0.0,0.0,301.66287
45,2026-02-22,14,-20.251957,148.81541,23,2.75,1,Moderate (1-50%),0.086,0.8144,0.0996,0.914,0.0,0.0,301.86996
45,2026-02-22,15,-20.090439,148.5869,23,2.12,1,Moderate (1-50%),0.0309,0.8024,0.1666,0.9691,0.16,0.16,301.92572
45,2026-02-22,16,-20.022484,148.28569,12,1.15,1,Moderate (1-50%),0.0182,0.7733,0.2085,0.9818,0.48,0.48,302.1643
45,2026-02-22,17,-19.86675,147.92262,4,0.95,1,Moderate (1-50%),0.0319,0.7188,0.2494,0.9681,0.51,0.51,302.23
45,2026-02-22,18,-23.992844,151.69751,7,3.03,1,Moderate (1-50%),0.0516,0.8453,0.1031,0.9484,0.51,0.51,300.4814
45,2026-02-22,19,-23.520433,151.2612,3,1.5,1,Moderate (1-50%),0.0285,0.9045,0.067,0.9715,0.93,0.89,300.78427
45,2026-02-22,20,-23.408117,151.1666,6,2.06,1,Moderate (1-50%),0.0143,0.9169,0.0689,0.9857,1.2371428,1.2371428,300.79715
45,2026-02-22,21,-23.326,150.92995,2,0.52,1,Moderate (1-50%),0.0079,0.8889,0.1032,0.9921,2.2371428,2.2371428,300.92715
45,2026-02-22,22,-21.991533,152.46994,3,1.91,1,Moderate (1-50%),0.0596,0.8708,0.0697,0.9404,0.0,0.0,301.28287
45,2026-02-22,23,-20.911617,149.42245,11,1.51,1,Moderate (1-50%),0.0454,0.8697,0.0849,0.9546,0.15,0.15,301.79282
45,2026-02-22,24,-20.758585,150.43915,7,2.34,1,Moderate (1-50%),0.0346,0.7991,0.1662,0.9654,0.17,0.17,301.68854
45,2026-02-22,25,-19.7155,147.77403,7,1.06,1,Moderate (1-50%),0.0465,0.7126,0.2409,0.9535,0.15,0.15,302.2214
45,2026-02-22,26,-19.34095,148.0835,2,1.99,1,Moderate (1-50%),0.0487,0.8528,0.0985,0.9513,0.0,0.0,302.14142
45,2026-02-22,27,-19.32325,148.4333,2,0.89,1,Moderate (1-50%),0.0457,0.8643,0.09,0.9543,0.0,0.0,302.13858
45,2026-02-22,28,-19.311234,148.34396,3,2.51,1,Moderate (1-50%),0.0436,0.8797,0.0767,0.9564,0.0,0.0,302.1257
45,2026-02-22,29,-19.2076,148.8596,2,2.52,1,Moderate (1-50%),0.0453,0.6911,0.2635,0.9547,0.33285713,0.33285713,302.2243
45,2026-02-22,30,-19.11165,148.33365,6,1.74,1,Moderate (1-50%),0.0327,0.7961,0.1712,0.9673,0.17142858,0.17142858,302.30142
45,2026-02-22,31,-18.9913,148.06412,6,2.14,1,Moderate (1-50%),0.022,0.7586,0.2195,0.978,0.0,0.0,302.27142
45,2026-02-22,32,-18.847086,147.91052,7,2.89,1,Moderate (1-50%),0.02,0.8054,0.1746,0.98,0.13714285,0.13714285,302.3314
45,2026-02-22,33,-18.1497,146.28976,3,3.16,1,Moderate (1-50%),0.034,0.8671,0.0989,0.966,0.95,0.95,302.7357
45,2026-02-22,34,-17.6551,146.49199,6,2.85,1,Moderate (1-50%),0.0203,0.6023,0.3774,0.9797,1.2314286,1.2314286,302.81427
45,2026-02-22,35,-17.34235,146.52235,4,1.95,1,Moderate (1-50%),0.0215,0.6321,0.3465,0.9785,1.9842857,1.9842857,302.83856
45,2026-02-22,36,-16.871353,146.21158,88,1.49,2,Severe (>50%),0.0239,0.3664,0.6096,0.9761,2.41,2.41,303.01855
45,2026-02-22,37,-16.935507,145.98845,13,1.85,1,Moderate (1-50%),0.0134,0.7283,0.2583,0.9866,2.8514285,2.8514285,303.15
45,2026-02-22,38,-16.52347,145.99037,108,1.65,2,Severe (>50%),0.0185,0.3679,0.6136,0.9815,2.662857,2.662857,303.07428
45,2026-02-22,39,-16.12418,145.83456,243,1.03,2,Severe (>50%),0.026,0.4604,0.5135,0.974,2.2371428,2.2371428,303.0114
45,2026-02-22,40,-15.77885,145.58086,2,0.76,2,Severe (>50%),0.0383,0.407,0.5546,0.9617,1.7742857,1.7742857,303.1314
45,2026-02-22,41,-15.499777,145.51018,13,3.18,2,Severe (>50%),0.0259,0.3581,0.6159,0.9741,1.3342857,1.3342857,303.1314
45,2026-02-22,42,-14.85125,145.27235,2,2.66,2,Severe (>50%),0.0091,0.1478,0.8432,0.9909,1.7471429,1.7471429,303.1057
45,2026-02-22,43,-14.728744,145.10814,16,1.86,2,Severe (>50%),0.0047,0.1117,0.8836,0.9953,2.7642858,2.7642858,303.12573
45,2026-02-22,44,-14.4546,144.90607,7,3.05,2,Severe (>50%),0.0046,0.1878,0.8076,0.9954,3.0442858,3.0442858,302.97998
45,2026-02-22,45,-14.1632,144.26332,5,1.82,2,Severe (>50%),0.0055,0.1286,0.8659,0.9945,1.7685714,1.7685714,303.27713
45,2026-02-22,46,-14.13435,144.5049,2,2.4,2,Severe (>50%),0.0029,0.1713,0.8259,0.9971,3.12,3.12,303.05002
45,2026-02-22,47,-14.07125,143.8833,2,0.99,2,Severe (>50%),0.0088,0.1392,0.8519,0.9912,1.3342857,1.3342857,303.42142
45,2026-02-22,48,-13.922125,143.78668,4,1.3,2,Severe (>50%),0.0075,0.1512,0.8413,0.9925,1.4471428,1.4471428,303.30142
45,2026-02-22,49,-23.6966,152.1829,2,2.53,1,Moderate (1-50%),0.0521,0.8719,0.076,0.9479,0.14,0.14,300.90854
45,2026-02-22,50,-17.776623,146.45274,9,2.36,1,Moderate (1-50%),0.047,0.7037,0.2493,0.953,1.0142857,1.0142857,302.77
45,2026-02-22,51,-16.284166,145.4936,3,2.23,2,Severe (>50%),0.006,0.3648,0.6292,0.994,2.9628572,2.9628572,303.2543
45,2026-02-22,52,-15.71492,145.45647,5,2.28,2,Severe (>50%),0.0259,0.2647,0.7093,0.9741,1.3328571,1.3328571,303.1743
45,2026-02-22,53,-22.2081,150.33665,2,2.23,1,Moderate (1-50%),0.0245,0.821,0.1544,0.9755,0.0,0.0,301.2857
45,2026-02-22,54,-22.024067,150.66617,3,0.92,1,Moderate (1-50%),0.0257,0.6235,0.3508,0.9743,0.3,0.3,301.4243
45,2026-02-22,55,-22.018534,150.34753,3,2.43,1,Moderate (1-50%),0.0288,0.7156,0.2556,0.9712,0.0,0.0,301.43573
45,2026-02-22,56,-21.95394,150.1631,5,2.64,1,Moderate (1-50%),0.0233,0.8125,0.1642,0.9767,0.0,0.0,301.49857
45,2026-02-22,57,-21.6832,150.28384,4,1.29,1,Moderate (1-50%),0.0253,0.8439,0.1309,0.9747,0.0,0.0,301.59
45,2026-02-22,58,-21.455212,149.86604,8,2.39,1,Moderate (1-50%),0.0203,0.8004,0.1793,0.9797,0.15,0.15,301.78287
45,2026-02-22,59,-18.062532,146.56087,3,2.04,1,Moderate (1-50%),0.0571,0.6676,0.2754,0.9429,1.0885714,1.0885714,302.61285
45,2026-02-22,60,-23.958666,151.47777,3,1.84,1,Moderate (1-50%),0.0293,0.8269,0.1438,0.9707,1.4828571,1.4828571,300.56714
45,2026-02-22,61,-23.767967,151.33594,3,1.36,1,Moderate (1-50%),0.0168,0.9215,0.0616,0.9832,1.86,1.8428571,300.68854
45,2026-02-22,62,-23.5347,151.73087,3,1.23,1,Moderate (1-50%),0.092,0.7771,0.131,0.908,0.17,0.17,300.83286
45,2026-02-22,63,-19.2064,147.0493,3,3.28,1,Moderate (1-50%),0.1035,0.7898,0.1067,0.8965,0.62,0.62,302.31284
45,2026-02-22,64,-18.0518,146.78749,12,2.9,1,Moderate (1-50%),0.0405,0.554,0.4055,0.9595,1.1742858,1.1742858,302.57858
45,2026-02-22,65,-18.008833,146.16989,9,1.88,1,Moderate (1-50%),0.0276,0.8555,0.1169,0.9724,0.66,0.66,302.83426
45,2026-02-22,66,-17.721071,146.1557,7,2.09,1,Moderate (1-50%),0.0175,0.669,0.3135,0.9825,1.7471429,1.7471429,303.05
45,2026-02-22,67,-17.467283,146.3924,6,2.04,1,Moderate (1-50%),0.0178,0.7488,0.2334,0.9822,1.7542857,1.7542857,302.90854
45,2026-02-22,68,-17.20583,146.07251,10,2.15,1,Moderate (1-50%),0.0116,0.6162,0.3722,0.9884,2.4928572,2.4928572,303.1014
45,2026-02-22,69,-16.545633,145.52946,3,2.34,2,Severe (>50%),0.0044,0.2668,0.7287,0.9956,2.632857,2.632857,303.37997
45,2026-02-22,70,-16.379562,145.56004,47,1.67,2,Severe (>50%),0.0109,0.3828,0.6062,0.9891,2.7971427,2.7971427,303.29
45,2026-02-22,71,-15.9993,145.4327,3,2.82,2,Severe (>50%),0.0118,0.1834,0.8048,0.9882,1.6028571,1.6028571,303.18143
45,2026-02-22,72,-15.156473,145.46036,11,2.59,2,Severe (>50%),0.0357,0.3321,0.6323,0.9643,1.1242857,1.1242857,303.09146
45,2026-02-22,73,-11.8956,143.1068,2,3.03,1,Moderate (1-50%),0.0335,0.6134,0.3531,0.9665,0.87,0.87,302.7543
45,2026-02-22,74,-10.14675,151.16306,2,3.4,2,Severe (>50%),0.0012,0.0741,0.9247,0.9988,9.18,9.18,303.30002
45,2026-02-22,75,-18.4208,147.34987,3,2.66,1,Moderate (1-50%),0.0438,0.5235,0.4328,0.9562,1.0185714,1.0185714,302.43143
45,2026-02-22,76,-19.54529,149.26216,28,2.63,1,Moderate (1-50%),0.0612,0.7489,0.1898,0.9388,0.0,0.0,301.97287
45,2026-02-22,77,-18.665953,147.07942,15,1.11,1,Moderate (1-50%),0.031,0.8087,0.1603,0.969,0.74,0.74,302.40286
45,2026-02-22,78,-18.441046,146.99043,15,2.42,1,Moderate (1-50%),0.0362,0.549,0.4147,0.9638,1.7014285,1.7014285,302.52426
45,2026-02-22,79,-22.0,152.67,2,2.83,1,Moderate (1-50%),0.0731,0.8141,0.1128,0.9269,0.0,0.0,301.23288
45,2026-02-22,80,-18.402128,146.79951,11,3.63,1,Moderate (1-50%),0.0417,0.7693,0.189,0.9583,1.1585715,1.1585715,302.6257
45,2026-02-22,81,-18.52425,147.1444,2,2.05,1,Moderate (1-50%),0.0463,0.5867,0.367,0.9537,0.60714287,0.60714287,302.43716
45,2026-02-22,82,-21.3925,152.50706,5,2.69,1,Moderate (1-50%),0.0488,0.7808,0.1704,0.9512,0.0,0.0,301.54858
45,2026-02-22,83,-21.121021,152.48535,9,1.16,1,Moderate (1-50%),0.0483,0.7482,0.2034,0.9517,0.2657143,0.2657143,301.68286
45,2026-02-22,84,-21.106472,152.2254,11,2.06,1,Moderate (1-50%),0.0417,0.7528,0.2054,0.9583,0.19,0.19,301.65854
45,2026-02-22,85,-20.96795,149.75764,2,1.96,1,Moderate (1-50%),0.0544,0.7463,0.1993,0.9456,0.0,0.0,301.72144
45,2026-02-22,86,-20.928566,150.04893,3,2.52,1,Moderate (1-50%),0.0516,0.708,0.2403,0.9484,0.15,0.15,301.73288
45,2026-02-22,87,-19.68672,149.93729,5,1.83,1,Moderate (1-50%),0.0202,0.6921,0.2877,0.9798,0.5342857,0.5342857,301.9357
45,2026-02-22,88,-19.501034,148.7524,3,3.57,1,Moderate (1-50%),0.0605,0.9012,0.0383,0.9395,0.0,0.0,301.93
45,2026-02-22,89,-19.3041,148.6315,4,2.42,1,Moderate (1-50%),0.0349,0.8489,0.1162,0.9651,0.19285715,0.19285715,302.13284
45,2026-02-22,90,-19.20995,148.542,2,2.45,1,Moderate (1-50%),0.0352,0.8375,0.1273,0.9648,0.17428571,0.17428571,302.24713
45,2026-02-22,91,-18.82149,147.65489,18,2.15,1,Moderate (1-50%),0.0397,0.8188,0.1414,0.9603,0.0,0.0,302.18143
45,2026-02-22,92,-17.5251,146.52454,3,0.05,1,Moderate (1-50%),0.0245,0.5808,0.3947,0.9755,1.5742857,1.5742857,302.80713
45,2026-02-22,93,-14.88175,145.50227,6,2.56,2,Severe (>50%),0.0129,0.2684,0.7187,0.9871,1.8814286,1.8814286,303.07425
45,2026-02-22,94,-24.112192,152.71562,14,1.71,1,Moderate (1-50%),0.1139,0.841,0.0452,0.8861,0.14,0.14,300.79572
45,2026-02-22,95,-19.449833,148.86703,3,2.89,1,Moderate (1-50%),0.0507,0.8398,0.1095,0.9493,0.15,0.15,301.98712
45,2026-02-22,96,-16.409634,145.74434,3,2.68,2,Severe (>50%),0.0171,0.3025,0.6804,0.9829,2.7628572,2.7628572,303.28
45,2026-02-22,97,-12.67815,143.5829,2,0.93,2,Severe (>50%),0.0251,0.2905,0.6843,0.9749,1.3457143,1.3457143,302.70566
45,2026-02-22,98,-12.2257,143.2841,2,0.99,1,Moderate (1-50%),0.0509,0.7235,0.2256,0.9491,0.7185714,0.7185714,302.78287
45,2026-02-22,99,-11.782,142.95316,5,2.5,2,Severe (>50%),0.0123,0.2894,0.6983,0.9877,1.32,1.2985715,302.68
45,2026-02-22,100,-11.7694,143.09245,2,2.0,2,Severe (>50%),0.0332,0.4154,0.5514,0.9668,1.01,1.01,302.69287
45,2026-02-22,101,-11.482866,143.01598,9,1.32,1,Moderate (1-50%),0.0229,0.507,0.4701,0.9771,1.59,1.59,302.58426
45,2026-02-22,102,-11.191144,142.98755,9,2.26,1,Moderate (1-50%),0.0209,0.8326,0.1465,0.9791,2.392857,2.392857,302.67856
45,2026-02-22,103,-14.610958,145.62405,19,1.56,2,Severe (>50%),0.004,0.1946,0.8013,0.996,2.377143,2.377143,302.9157
45,2026-02-22,104,-14.704066,145.44646,9,3.28,2,Severe (>50%),0.0104,0.318,0.6717,0.9896,2.3757143,2.3757143,303.06714
45,2026-02-22,105,-23.32,151.98,2,0.75,1,Moderate (1-50%),0.0389,0.8719,0.0892,0.9611,0.61,0.61,301.05573
45,2026-02-22,106,-18.26362,147.38202,5,1.47,1,Moderate (1-50%),0.023,0.5114,0.4655,0.977,1.9757143,1.9757143,302.4814
45,2026-02-22,107,-14.0,146.0,2,3.87,2,Severe (>50%),0.0042,0.1651,0.8307,0.9958,3.9685714,3.9685714,302.79715
45,2026-02-22,108,-21.87,152.19,2,1.64,1,Moderate (1-50%),0.0718,0.8614,0.0668,0.9282,0.15,0.15,301.3357
45,2026-02-22,109,-21.13605,150.77615,2,1.23,1,Moderate (1-50%),0.0251,0.8527,0.1222,0.9749,0.18,0.18,301.59427
45,2026-02-22,110,-20.66895,150.2588,2,1.81,1,Moderate (1-50%),0.0387,0.7906,0.1707,0.9613,0.17,0.17,301.6657
45,2026-02-22,111,-20.08315,149.93718,4,1.56,1,Moderate (1-50%),0.0497,0.8585,0.0917,0.9503,0.0,0.0,301.74713
45,2026-02-22,112,-19.6179,149.67664,3,0.81,1,Moderate (1-50%),0.0336,0.7783,0.1882,0.9664,0.12857144,0.12857144,301.91998
45,2026-02-22,113,-18.791527,147.52235,34,1.86,1,Moderate (1-50%),0.0496,0.5788,0.3716,0.9504,0.14,0.14,302.20566
45,2026-02-22,114,-18.53455,147.49355,4,2.22,1,Moderate (1-50%),0.0426,0.6827,0.2747,0.9574,0.44714287,0.44714287,302.36285
45,2026-02-22,115,-18.1362,146.9716,2,1.3,2,Severe (>50%),0.0166,0.4457,0.5377,0.9834,2.4742856,2.4742856,302.5529
45,2026-02-22,116,-15.359506,145.7791,18,1.78,2,Severe (>50%),0.0158,0.2474,0.7368,0.9842,2.0357144,2.0357144,302.9929
45,2026-02-22,117,-14.925742,145.68793,38,1.39,2,Severe (>50%),0.004,0.2178,0.7782,0.996,2.7871428,2.7871428,302.99857
45,2026-02-22,118,-15.02785,145.56805,2,0.81,2,Severe (>50%),0.0195,0.3375,0.643,0.9805,1.8057142,1.8057142,303.06143
45,2026-02-22,119,-12.767325,143.42282,4,0.89,2,Severe (>50%),0.0117,0.2425,0.7458,0.9883,2.18,2.18,302.7957
45,2026-02-22,120,-11.997334,143.27243,6,2.5,1,Moderate (1-50%),0.0357,0.6505,0.3139,0.9643,0.98,0.95857143,302.68854
45,2026-02-22,121,-11.0088,142.98685,2,2.22,1,Moderate (1-50%),0.0161,0.6082,0.3757,0.9839,3.0757143,3.0757143,302.72858
45,2026-02-22,122,-20.751085,149.4548,7,3.39,1,Moderate (1-50%),0.0596,0.8558,0.0846,0.9404,0.0,0.0,301.77432
45,2026-02-22,123,-18.65635,147.71594,2,2.28,1,Moderate (1-50%),0.0341,0.7912,0.1747,0.9659,0.13714285,0.13714285,302.35284
45,2026-02-22,124,-12.470825,143.48958,4,1.65,1,Moderate (1-50%),0.0435,0.6366,0.32,0.9565,1.0342857,1.0342857,302.7271
45,2026-02-22,125,-12.30835,143.37485,2,1.85,1,Moderate (1-50%),0.0488,0.701,0.2503,0.9512,0.87142855,0.87142855,302.76
45,2026-02-22,126,-10.69155,142.73485,2,2.13,1,Moderate (1-50%),0.0198,0.5626,0.4176,0.9802,2.94,2.9185715,302.65854
45,2026-02-22,127,-18.9561,146.9562,15,2.89,1,Moderate (1-50%),0.0577,0.8904,0.0518,0.9423,0.0,0.0,302.3357
45,2026-02-22,128,-13.844505,146.55128,41,3.35,2,Severe (>50%),0.0054,0.1254,0.8692,0.9946,4.55,4.55,302.73
45,2026-02-22,129,-16.22582,146.00262,10,2.39,2,Severe (>50%),0.0084,0.3293,0.6623,0.9916,2.2957144,2.2957144,302.9414
45,2026-02-22,130,-15.51399,145.77756,20,1.25,2,Severe (>50%),0.024,0.4216,0.5544,0.976,2.1771429,2.1771429,303.03146
45,2026-02-22,131,-16.0,145.9667,2,2.92,2,Severe (>50%),0.0093,0.3327,0.658,0.9907,2.7157142,2.7157142,302.96573
45,2026-02-22,132,-17.0,149.1,4,3.85,1,Moderate (1-50%),0.038,0.5253,0.4367,0.962,0.14285715,0.14285715,302.3857
46,2026-03-01,0,-19.166714,146.84863,209,2.65,1,Moderate (1-50%),0.0481,0.4928,0.4591,0.9519,1.4357142,1.0671428,302.78717
46,2026-03-01,1,-18.646925,146.54514,149,3.23,1,Moderate (1-50%),0.0363,0.7139,0.2498,0.9637,0.6,0.6,302.62857
46,2026-03-01,2,-10.2196665,150.84866,3,2.66,2,Severe (>50%),0.001,0.113,0.886,0.999,8.144286,8.144286,303.3943
46,2026-03-01,3,-23.443886,151.92134,187,2.13,1,Moderate (1-50%),0.022,0.8658,0.1122,0.978,0.47,0.47,300.77
46,2026-03-01,4,-18.75,146.25,2,3.83,2,Severe (>50%),0.0056,0.3236,0.6709,0.9944,1.9442858,1.9442858,303.02426
46,2026-03-01,5,-23.146168,150.95728,60,2.97,1,Moderate (1-50%),0.0224,0.6646,0.313,0.9776,1.7,1.7,300.75
46,2026-03-01,6,-19.760475,149.15018,69,3.06,1,Moderate (1-50%),0.0375,0.8831,0.0794,0.9625,0.0,0.0,302.0057
46,2026-03-01,7,-18.227266,146.74213,3,1.83,1,Moderate (1-50%),0.0266,0.736,0.2373,0.9734,1.2971429,1.2971429,302.66998
46,2026-03-01,8,-19.020872,146.6052,11,2.13,1,Moderate (1-50%),0.0651,0.6715,0.2634,0.9349,0.17,0.04,302.78427
46,2026-03-01,9,-18.739391,147.2709,12,1.66,1,Moderate (1-50%),0.0722,0.7148,0.213,0.9278,0.15,0.15,302.4357
46,2026-03-01,10,-17.885866,146.59,3,2.0,1,Moderate (1-50%),0.0624,0.6512,0.2864,0.9376,1.0728571,1.0728571,302.81
46,2026-03-01,11,-17.239176,146.34703,8,2.82,1,Moderate (1-50%),0.024,0.5128,0.4632,0.976,2.4085715,2.4085715,302.9643
46,2026-03-01,12,-20.237434,148.9795,103,1.46,1,Moderate (1-50%),0.0363,0.9132,0.0505,0.9637,0.0,0.0,301.9671
46,2026-03-01,13,-20.3759,150.17145,8,0.38,1,Moderate (1-50%),0.049,0.8112,0.1398,0.951,0.0,0.0,301.69574
46,2026-03-01,14,-20.251957,148.81541,23,2.75,1,Moderate (1-50%),0.0329,0.8742,0.0929,0.9671,0.0,0.0,301.99142
46,2026-03-01,15,-20.090439,148.5869,23,2.12,1,Moderate (1-50%),0.0376,0.8396,0.1229,0.9624,0.16,0.16,302.22
46,2026-03-01,16,-20.022484,148.28569,12,1.15,1,Moderate (1-50%),0.0573,0.6214,0.3213,0.9427,0.48,0.48,302.31284
46,2026-03-01,17,-19.86675,147.92262,4,0.95,2,Severe (>50%),0.0426,0.4393,0.5181,0.9574,0.5742857,0.5742857,302.43143
46,2026-03-01,18,-23.992844,151.69751,7,3.03,1,Moderate (1-50%),0.0314,0.8818,0.0868,0.9686,0.51,0.35,300.47
46,2026-03-01,19,-23.520433,151.2612,3,1.5,1,Moderate (1-50%),0.0174,0.8046,0.1779,0.9826,0.93,0.79,300.65286
46,2026-03-01,20,-23.408117,151.1666,6,2.06,1,Moderate (1-50%),0.0166,0.8318,0.1517,0.9834,1.2371428,0.99,300.67285
46,2026-03-01,21,-23.326,150.92995,2,0.52,1,Moderate (1-50%),0.0118,0.6331,0.355,0.9882,2.2371428,1.82,300.6871
46,2026-03-01,22,-21.991533,152.46994,3,1.91,1,Moderate (1-50%),0.0654,0.8721,0.0625,0.9346,0.0,0.0,301.2271
46,2026-03-01,23,-20.911617,149.42245,11,1.51,1,Moderate (1-50%),0.0633,0.8263,0.1104,0.9367,0.15,0.15,301.73428
46,2026-03-01,24,-20.758585,150.43915,7,2.34,1,Moderate (1-50%),0.0416,0.8412,0.1172,0.9584,0.17,0.17,301.7143
46,2026-03-01,25,-19.7155,147.77403,7,1.06,1,Moderate (1-50%),0.025,0.6744,0.3006,0.975,0.15,0.15,302.38998
46,2026-03-01,26,-19.34095,148.0835,2,1.99,1,Moderate (1-50%),0.0266,0.899,0.0743,0.9734,0.0,0.0,302.2271
46,2026-03-01,27,-19.32325,148.4333,2,0.89,1,Moderate (1-50%),0.0288,0.9276,0.0437,0.9712,0.0,0.0,302.1843
46,2026-03-01,28,-19.311234,148.34396,3,2.51,1,Moderate (1-50%),0.0254,0.9342,0.0403,0.9746,0.0,0.0,302.20572
46,2026-03-01,29,-19.2076,148.8596,2,2.52,1,Moderate (1-50%),0.0534,0.7481,0.1986,0.9466,0.47,0.47,302.16284
46,2026-03-01,30,-19.11165,148.33365,6,1.74,1,Moderate (1-50%),0.0337,0.8012,0.1651,0.9663,0.3,0.3,302.2557
46,2026-03-01,31,-18.9913,148.06412,6,2.14,1,Moderate (1-50%),0.0368,0.7334,0.2299,0.9632,0.0,0.0,302.35715
46,2026-03-01,32,-18.847086,147.91052,7,2.89,1,Moderate (1-50%),0.0295,0.7922,0.1783,0.9705,0.16,0.16,302.3814
46,2026-03-01,33,-18.1497,146.28976,3,3.16,1,Moderate (1-50%),0.0503,0.7325,0.2172,0.9497,1.0185714,1.0185714,302.91714
46,2026-03-01,34,-17.6551,146.49199,6,2.85,2,Severe (>50%),0.023,0.3882,0.5888,0.977,1.5585715,1.5585715,302.85428
46,2026-03-01,35,-17.34235,146.52235,4,1.95,2,Severe (>50%),0.0177,0.4099,0.5724,0.9823,2.5628572,2.5628572,302.93143
46,2026-03-01,36,-16.871353,146.21158,88,1.49,2,Severe (>50%),0.0142,0.3573,0.6285,0.9858,3.4985714,3.4985714,303.03714
46,2026-03-01,37,-16.935507,145.98845,13,1.85,2,Severe (>50%),0.022,0.372,0.606,0.978,4.0457144,4.0457144,303.13428
46,2026-03-01,38,-16.52347,145.99037,108,1.65,2,Severe (>50%),0.0122,0.3383,0.6496,0.9878,3.9314287,3.9314287,303.17715
46,2026-03-01,39,-16.12418,145.83456,243,1.03,2,Severe (>50%),0.0092,0.3327,0.6581,0.9908,3.4985714,3.4985714,303.22287
46,2026-03-01,40,-15.77885,145.58086,2,0.76,1,Moderate (1-50%),0.0244,0.5548,0.4208,0.9756,2.8157144,2.8157144,303.2643
46,2026-03-01,41,-15.499777,145.51018,13,3.18,1,Moderate (1-50%),0.0227,0.5153,0.462,0.9773,2.442857,2.442857,303.20145
46,2026-03-01,42,-14.85125,145.27235,2,2.66,2,Severe (>50%),0.0052,0.1118,0.883,0.9948,3.1457143,3.1457143,303.3257
46,2026-03-01,43,-14.728744,145.10814,16,1.86,2,Severe (>50%),0.008,0.0919,0.9002,0.992,4.1657143,4.1657143,303.3714
46,2026-03-01,44,-14.4546,144.90607,7,3.05,2,Severe (>50%),0.0066,0.1539,0.8395,0.9934,4.337143,4.337143,303.36002
46,2026-03-01,45,-14.1632,144.26332,5,1.82,2,Severe (>50%),0.004,0.1715,0.8245,0.996,3.0485713,3.0485713,303.50714
46,2026-03-01,46,-14.13435,144.5049,2,2.4,2,Severe (>50%),0.0063,0.1203,0.8734,0.9937,4.52,4.52,303.44
46,2026-03-01,47,-14.07125,143.8833,2,0.99,2,Severe (>50%),0.0102,0.4458,0.5441,0.9898,2.25,2.25,303.57858
46,2026-03-01,48,-13.922125,143.78668,4,1.3,2,Severe (>50%),0.0089,0.3114,0.6796,0.9911,2.37,2.37,303.52145
46,2026-03-01,49,-23.6966,152.1829,2,2.53,1,Moderate (1-50%),0.0249,0.9274,0.0477,0.9751,0.14,0.14,300.90717
46,2026-03-01,50,-17.776623,146.45274,9,2.36,1,Moderate (1-50%),0.0473,0.7049,0.2478,0.9527,1.2114285,1.2114285,302.85
46,2026-03-01,51,-16.284166,145.4936,3,2.23,2,Severe (>50%),0.008,0.2291,0.7629,0.992,4.198571,4.198571,303.3757
46,2026-03-01,52,-15.71492,145.45647,5,2.28,1,Moderate (1-50%),0.0281,0.5959,0.3759,0.9719,2.3485715,2.3485715,303.26715
46,2026-03-01,53,-22.2081,150.33665,2,2.23,1,Moderate (1-50%),0.0245,0.7189,0.2566,0.9755,0.0,0.0,301.20572
46,2026-03-01,54,-22.024067,150.66617,3,0.92,1,Moderate (1-50%),0.0557,0.5898,0.3545,0.9443,0.3,0.3,301.40573
46,2026-03-01,55,-22.018534,150.34753,3,2.43,1,Moderate (1-50%),0.0196,0.7096,0.2708,0.9804,0.0,0.0,301.35
46,2026-03-01,56,-21.95394,150.1631,5,2.64,1,Moderate (1-50%),0.0271,0.8912,0.0817,0.9729,0.0,0.0,301.32428
46,2026-03-01,57,-21.6832,150.28384,4,1.29,1,Moderate (1-50%),0.0344,0.7697,0.1959,0.9656,0.0,0.0,301.49713
46,2026-03-01,58,-21.455212,149.86604,8,2.39,1,Moderate (1-50%),0.0115,0.9025,0.086,0.9885,0.15,0.15,301.65717
46,2026-03-01,59,-18.062532,146.56087,3,2.04,1,Moderate (1-50%),0.0565,0.6157,0.3277,0.9435,1.18,1.18,302.8157
46,2026-03-01,60,-23.958666,151.47777,3,1.84,1,Moderate (1-50%),0.0178,0.8201,0.1621,0.9822,1.4828571,0.92285717,300.46143
46,2026-03-01,61,-23.767967,151.33594,3,1.36,1,Moderate (1-50%),0.0186,0.7269,0.2545,0.9814,1.86,1.1814286,300.56427
46,2026-03-01,62,-23.5347,151.73087,3,1.23,1,Moderate (1-50%),0.0377,0.7662,0.1961,0.9623,0.17,0.17,300.74142
46,2026-03-01,63,-19.2064,147.0493,3,3.28,1,Moderate (1-50%),0.0549,0.6268,0.3183,0.9451,0.66,0.66,302.6686
46,2026-03-01,64,-18.0518,146.78749,12,2.9,1,Moderate (1-50%),0.0489,0.6751,0.2761,0.9511,1.2671429,1.2671429,302.69284
46,2026-03-01,65,-18.008833,146.16989,9,1.88,1,Moderate (1-50%),0.0424,0.7771,0.1805,0.9576,0.73142856,0.73142856,302.95572
46,2026-03-01,66,-17.721071,146.1557,7,2.09,2,Severe (>50%),0.0085,0.2576,0.7339,0.9915,2.1114285,2.1114285,302.98856
46,2026-03-01,67,-17.467283,146.3924,6,2.04,1,Moderate (1-50%),0.0315,0.5138,0.4547,0.9685,2.4042857,2.4042857,302.9443
46,2026-03-01,68,-17.20583,146.07251,10,2.15,2,Severe (>50%),0.0169,0.3647,0.6184,0.9831,3.2785714,3.2785714,303.03857
46,2026-03-01,69,-16.545633,145.52946,3,2.34,2,Severe (>50%),0.0072,0.2685,0.7243,0.9928,3.892857,3.892857,303.30426
46,2026-03-01,70,-16.379562,145.56004,47,1.67,2,Severe (>50%),0.0129,0.3036,0.6835,0.9871,4.035714,4.035714,303.30856
46,2026-03-01,71,-15.9993,145.4327,3,2.82,2,Severe (>50%),0.0163,0.4747,0.509,0.9837,2.5914285,2.5914285,303.29858
46,2026-03-01,72,-15.156473,145.46036,11,2.59,2,Severe (>50%),0.0155,0.4625,0.522,0.9845,2.27,2.27,303.21
46,2026-03-01,73,-11.8956,143.1068,2,3.03,1,Moderate (1-50%),0.0286,0.8145,0.1569,0.9714,0.9142857,0.9142857,303.21283
46,2026-03-01,74,-10.14675,151.16306,2,3.4,2,Severe (>50%),0.0007,0.0582,0.9411,0.9993,10.595715,10.595715,303.4314
46,2026-03-01,75,-18.4208,147.34987,3,2.66,1,Moderate (1-50%),0.0251,0.5159,0.4591,0.9749,1.1914285,1.1914285,302.55142
46,2026-03-01,76,-19.54529,149.26216,28,2.63,1,Moderate (1-50%),0.0743,0.8168,0.1088,0.9257,0.0,0.0,301.92856
46,2026-03-01,77,-18.665953,147.07942,15,1.11,1,Moderate (1-50%),0.0507,0.8317,0.1177,0.9493,0.76,0.76,302.49857
46,2026-03-01,78,-18.441046,146.99043,15,2.42,1,Moderate (1-50%),0.0365,0.5623,0.4012,0.9635,1.8342857,1.8342857,302.5014
46,2026-03-01,79,-22.0,152.67,2,2.83,1,Moderate (1-50%),0.0938,0.7967,0.1095,0.9062,0.0,0.0,301.17285
46,2026-03-01,80,-18.402128,146.79951,11,3.63,1,Moderate (1-50%),0.0223,0.7938,0.1839,0.9777,1.2957143,1.2957143,302.64572
46,2026-03-01,81,-18.52425,147.1444,2,2.05,1,Moderate (1-50%),0.0643,0.6029,0.3328,0.9357,0.67,0.67,302.46854
46,2026-03-01,82,-21.3925,152.50706,5,2.69,1,Moderate (1-50%),0.0862,0.7868,0.1271,0.9138,0.0,0.0,301.45856
46,2026-03-01,83,-21.121021,152.48535,9,1.16,1,Moderate (1-50%),0.0899,0.7629,0.1472,0.9101,0.33,0.33,301.6871
46,2026-03-01,84,-21.106472,152.2254,11,2.06,1,Moderate (1-50%),0.0765,0.828,0.0955,0.9235,0.25428572,0.25428572,301.74
46,2026-03-01,85,-20.96795,149.75764,2,1.96,1,Moderate (1-50%),0.0626,0.7483,0.1891,0.9374,0.0,0.0,301.79428
46,2026-03-01,86,-20.928566,150.04893,3,2.52,1,Moderate (1-50%),0.0416,0.7005,0.2579,0.9584,0.15,0.15,301.80145
46,2026-03-01,87,-19.68672,149.93729,5,1.83,1,Moderate (1-50%),0.0835,0.6974,0.2191,0.9165,0.64,0.64,302.00143
46,2026-03-01,88,-19.501034,148.7524,3,3.57,1,Moderate (1-50%),0.0219,0.9437,0.0344,0.9781,0.0,0.0,302.08282
46,2026-03-01,89,-19.3041,148.6315,4,2.42,1,Moderate (1-50%),0.0476,0.7814,0.1711,0.9524,0.3,0.3,302.11716
46,2026-03-01,90,-19.20995,148.542,2,2.45,1,Moderate (1-50%),0.0622,0.6973,0.2406,0.9378,0.31,0.31,302.15717
46,2026-03-01,91,-18.82149,147.65489,18,2.15,1,Moderate (1-50%),0.0432,0.781,0.1758,0.9568,0.0,0.0,302.3
46,2026-03-01,92,-17.5251,146.52454,3,0.05,2,Severe (>50%),0.0292,0.3869,0.5838,0.9708,1.9771428,1.9771428,302.89572
46,2026-03-01,93,-14.88175,145.50227,6,2.56,2,Severe (>50%),0.008,0.3155,0.6765,0.992,3.26,3.26,303.15283
46,2026-03-01,94,-24.112192,152.71562,14,1.71,1,Moderate (1-50%),0.0655,0.8488,0.0857,0.9345,0.14,0.14,300.92572
46,2026-03-01,95,-19.449833,148.86703,3,2.89,1,Moderate (1-50%),0.0443,0.8409,0.1148,0.9557,0.15,0.15,302.03
46,2026-03-01,96,-16.409634,145.74434,3,2.68,2,Severe (>50%),0.0116,0.2388,0.7496,0.9884,4.0885715,4.0885715,303.3314
46,2026-03-01,97,-12.67815,143.5829,2,0.93,1,Moderate (1-50%),0.0062,0.5644,0.4294,0.9938,2.3485715,2.3485715,303.29572
46,2026-03-01,98,-12.2257,143.2841,2,0.99,1,Moderate (1-50%),0.0397,0.8005,0.1598,0.9603,1.1071428,1.1071428,303.27
46,2026-03-01,99,-11.782,142.95316,5,2.5,1,Moderate (1-50%),0.0202,0.817,0.1628,0.9798,1.32,0.95285714,303.16287
46,2026-03-01,100,-11.7694,143.09245,2,2.0,1,Moderate (1-50%),0.0412,0.7505,0.2083,0.9588,1.01,0.8471429,303.1186
46,2026-03-01,101,-11.482866,143.01598,9,1.32,1,Moderate (1-50%),0.0146,0.7483,0.2371,0.9854,1.59,1.2128571,303.0357
46,2026-03-01,102,-11.191144,142.98755,9,2.26,1,Moderate (1-50%),0.0164,0.5905,0.3932,0.9836,2.392857,2.0728571,303.0357
46,2026-03-01,103,-14.610958,145.62405,19,1.56,2,Severe (>50%),0.003,0.1155,0.8815,0.997,3.587143,3.587143,303.01855
46,2026-03-01,104,-14.704066,145.44646,9,3.28,2,Severe (>50%),0.0084,0.323,0.6686,0.9916,3.7942858,3.7942858,303.20142
46,2026-03-01,105,-23.32,151.98,2,0.75,1,Moderate (1-50%),0.0237,0.8719,0.1045,0.9763,0.61,0.61,300.88715
46,2026-03-01,106,-18.26362,147.38202,5,1.47,1,Moderate (1-50%),0.0102,0.5275,0.4623,0.9898,2.2285714,2.2285714,302.68716
46,2026-03-01,107,-14.0,146.0,2,3.87,2,Severe (>50%),0.0032,0.2408,0.756,0.9968,4.3757143,4.3757143,303.10568
46,2026-03-01,108,-21.87,152.19,2,1.64,1,Moderate (1-50%),0.0737,0.8725,0.0538,0.9263,0.15,0.15,301.29715
46,2026-03-01,109,-21.13605,150.77615,2,1.23,1,Moderate (1-50%),0.065,0.8233,0.1117,0.935,0.18,0.18,301.68143
46,2026-03-01,110,-20.66895,150.2588,2,1.81,1,Moderate (1-50%),0.0616,0.787,0.1515,0.9384,0.17,0.17,301.69998
46,2026-03-01,111,-20.08315,149.93718,4,1.56,1,Moderate (1-50%),0.0645,0.7855,0.1501,0.9355,0.0,0.0,301.72858
46,2026-03-01,112,-19.6179,149.67664,3,0.81,1,Moderate (1-50%),0.0794,0.809,0.1116,0.9206,0.15,0.15,301.90854
46,2026-03-01,113,-18.791527,147.52235,34,1.86,1,Moderate (1-50%),0.044,0.7376,0.2184,0.956,0.14,0.14,302.34283
46,2026-03-01,114,-18.53455,147.49355,4,2.22,1,Moderate (1-50%),0.0426,0.6736,0.2837,0.9574,0.51,0.51,302.45142
46,2026-03-01,115,-18.1362,146.9716,2,1.3,1,Moderate (1-50%),0.0127,0.5176,0.4697,0.9873,2.7228572,2.7228572,302.69
46,2026-03-01,116,-15.359506,145.7791,18,1.78,2,Severe (>50%),0.0075,0.2516,0.7408,0.9925,3.17,3.17,303.04144
46,2026-03-01,117,-14.925742,145.68793,38,1.39,2,Severe (>50%),0.0044,0.1635,0.832,0.9956,4.095714,4.095714,303.02716
46,2026-03-01,118,-15.02785,145.56805,2,0.81,2,Severe (>50%),0.0083,0.3029,0.6888,0.9917,3.1057143,3.1057143,303.08002
46,2026-03-01,119,-12.767325,143.42282,4,0.89,2,Severe (>50%),0.0065,0.3687,0.6248,0.9935,3.0742857,3.0742857,303.45572
46,2026-03-01,120,-11.997334,143.27243,6,2.5,1,Moderate (1-50%),0.0555,0.7389,0.2056,0.9445,0.98,0.8,303.16284
46,2026-03-01,121,-11.0088,142.98685,2,2.22,2,Severe (>50%),0.0092,0.4438,0.5469,0.9908,3.0757143,2.9342856,303.0857
46,2026-03-01,122,-20.751085,149.4548,7,3.39,1,Moderate (1-50%),0.0675,0.7547,0.1778,0.9325,0.0,0.0,301.8057
46,2026-03-01,123,-18.65635,147.71594,2,2.28,1,Moderate (1-50%),0.0754,0.6593,0.2653,0.9246,0.16,0.16,302.38428
46,2026-03-01,124,-12.470825,143.48958,4,1.65,1,Moderate (1-50%),0.0102,0.6296,0.3602,0.9898,1.7657143,1.7657143,303.23145
46,2026-03-01,125,-12.30835,143.37485,2,1.85,1,Moderate (1-50%),0.0224,0.6402,0.3374,0.9776,1.5642858,1.5642858,303.3157
46,2026-03-01,126,-10.69155,142.73485,2,2.13,1,Moderate (1-50%),0.0158,0.5827,0.4015,0.9842,2.94,2.6,303.11713
46,2026-03-01,127,-18.9561,146.9562,15,2.89,1,Moderate (1-50%),0.0631,0.8588,0.0781,0.9369,0.0,0.0,302.5557
46,2026-03-01,128,-13.844505,146.55128,41,3.35,2,Severe (>50%),0.0018,0.3584,0.6398,0.9982,5.282857,5.282857,303.11713
46,2026-03-01,129,-16.22582,146.00262,10,2.39,2,Severe (>50%),0.0056,0.218,0.7764,0.9944,3.4942858,3.4942858,303.08002
46,2026-03-01,130,-15.51399,145.77756,20,1.25,2,Severe (>50%),0.0079,0.3933,0.5988,0.9921,3.3357143,3.3357143,303.10284
46,2026-03-01,131,-16.0,145.9667,2,2.92,2,Severe (>50%),0.0037,0.1003,0.896,0.9963,3.9785714,3.9785714,303.13715
46,2026-03-01,132,-17.0,149.1,4,3.85,1,Moderate (1-50%),0.0188,0.8273,0.1539,0.9812,0.36571428,0.36571428,302.43
47,2026-03-08,0,-19.166714,146.84863,209,2.65,2,Severe (>50%),0.0601,0.4465,0.4934,0.9399,1.4357142,1.26,302.38998
47,2026-03-08,1,-18.646925,146.54514,149,3.23,2,Severe (>50%),0.0564,0.4655,0.4781,0.9436,0.6,0.6,302.46713
47,2026-03-08,2,-10.2196665,150.84866,3,2.66,2,Severe (>50%),0.0009,0.1036,0.8955,0.9991,9.215714,9.215714,303.13715
47,2026-03-08,3,-23.443886,151.92134,187,2.13,1,Moderate (1-50%),0.0464,0.8445,0.1091,0.9536,0.47,0.47,300.70428
47,2026-03-08,4,-18.75,146.25,2,3.83,2,Severe (>50%),0.021,0.4079,0.571,0.979,2.13,2.13,302.6586
47,2026-03-08,5,-23.146168,150.95728,60,2.97,1,Moderate (1-50%),0.0289,0.7388,0.2323,0.9711,1.7,1.7,300.53714
47,2026-03-08,6,-19.760475,149.15018,69,3.06,1,Moderate (1-50%),0.0456,0.8893,0.0652,0.9544,0.0,0.0,301.77713
47,2026-03-08,7,-18.227266,146.74213,3,1.83,2,Severe (>50%),0.0507,0.4166,0.5327,0.9493,1.5928571,1.5928571,302.47
47,2026-03-08,8,-19.020872,146.6052,11,2.13,1,Moderate (1-50%),0.1041,0.613,0.283,0.8959,0.17,0.14,302.44855
47,2026-03-08,9,-18.739391,147.2709,12,1.66,2,Severe (>50%),0.055,0.4707,0.4743,0.945,0.15,0.15,302.05426
47,2026-03-08,10,-17.885866,146.59,3,2.0,2,Severe (>50%),0.0331,0.3578,0.6091,0.9669,1.44,1.44,302.56427
47,2026-03-08,11,-17.239176,146.34703,8,2.82,1,Moderate (1-50%),0.0325,0.4859,0.4816,0.9675,2.8714285,2.8714285,302.60715
47,2026-03-08,12,-20.237434,148.9795,103,1.46,1,Moderate (1-50%),0.0369,0.9105,0.0526,0.9631,0.0,0.0,301.73856
47,2026-03-08,13,-20.3759,150.17145,8,0.38,1,Moderate (1-50%),0.022,0.8683,0.1097,0.978,0.0,0.0,301.6
47,2026-03-08,14,-20.251957,148.81541,23,2.75,1,Moderate (1-50%),0.03,0.9041,0.0659,0.97,0.0,0.0,301.71857
47,2026-03-08,15,-20.090439,148.5869,23,2.12,1,Moderate (1-50%),0.0235,0.7554,0.2211,0.9765,0.16,0.16,301.83426
47,2026-03-08,16,-20.022484,148.28569,12,1.15,1,Moderate (1-50%),0.0241,0.6518,0.3241,0.9759,0.48,0.48,301.84003
47,2026-03-08,17,-19.86675,147.92262,4,0.95,2,Severe (>50%),0.0307,0.2658,0.7035,0.9693,0.66,0.66,301.9371
47,2026-03-08,18,-23.992844,151.69751,7,3.03,1,Moderate (1-50%),0.0206,0.7951,0.1843,0.9794,0.51,0.35,300.3414
47,2026-03-08,19,-23.520433,151.2612,3,1.5,1,Moderate (1-50%),0.0192,0.8349,0.1458,0.9808,0.93,0.79,300.4643
47,2026-03-08,20,-23.408117,151.1666,6,2.06,1,Moderate (1-50%),0.0161,0.8223,0.1616,0.9839,1.2371428,0.99,300.4443
47,2026-03-08,21,-23.326,150.92995,2,0.52,1,Moderate (1-50%),0.0256,0.7721,0.2024,0.9744,2.2371428,1.82,300.43143
47,2026-03-08,22,-21.991533,152.46994,3,1.91,1,Moderate (1-50%),0.0671,0.8767,0.0562,0.9329,0.0,0.0,301.13998
47,2026-03-08,23,-20.911617,149.42245,11,1.51,1,Moderate (1-50%),0.0488,0.8654,0.0858,0.9512,0.15,0.15,301.50287
47,2026-03-08,24,-20.758585,150.43915,7,2.34,1,Moderate (1-50%),0.0275,0.8818,0.0907,0.9725,0.17,0.17,301.57858
47,2026-03-08,25,-19.7155,147.77403,7,1.06,2,Severe (>50%),0.0323,0.4515,0.5162,0.9677,0.15,0.15,302.0671
47,2026-03-08,26,-19.34095,148.0835,2,1.99,1,Moderate (1-50%),0.0529,0.8339,0.1132,0.9471,0.0,0.0,302.02426
47,2026-03-08,27,-19.32325,148.4333,2,0.89,1,Moderate (1-50%),0.0776,0.795,0.1274,0.9224,0.0,0.0,301.91855
47,2026-03-08,28,-19.311234,148.34396,3,2.51,1,Moderate (1-50%),0.0631,0.8322,0.1047,0.9369,0.0,0.0,301.96713
47,2026-03-08,29,-19.2076,148.8596,2,2.52,1,Moderate (1-50%),0.0231,0.7145,0.2624,0.9769,0.47,0.47,301.89285
47,2026-03-08,30,-19.11165,148.33365,6,1.74,1,Moderate (1-50%),0.0344,0.5367,0.4289,0.9656,0.3,0.3,302.04282
47,2026-03-08,31,-18.9913,148.06412,6,2.14,2,Severe (>50%),0.0255,0.4671,0.5074,0.9745,0.0,0.0,302.1486
47,2026-03-08,32,-18.847086,147.91052,7,2.89,2,Severe (>50%),0.0225,0.4057,0.5718,0.9775,0.16,0.16,302.23712
47,2026-03-08,33,-18.1497,146.28976,3,3.16,1,Moderate (1-50%),0.0298,0.6064,0.3638,0.9702,1.27,1.27,302.6857
47,2026-03-08,34,-17.6551,146.49199,6,2.85,1,Moderate (1-50%),0.0343,0.5115,0.4542,0.9657,1.9842857,1.9842857,302.59714
47,2026-03-08,35,-17.34235,146.52235,4,1.95,2,Severe (>50%),0.0191,0.3894,0.5916,0.9809,3.1142857,3.1142857,302.57285
47,2026-03-08,36,-16.871353,146.21158,88,1.49,2,Severe (>50%),0.0102,0.3949,0.5949,0.9898,4.1657143,4.1657143,302.62286
47,2026-03-08,37,-16.935507,145.98845,13,1.85,2,Severe (>50%),0.0184,0.3828,0.5987,0.9816,4.8428574,4.8428574,302.77286
47,2026-03-08,38,-16.52347,145.99037,108,1.65,2,Severe (>50%),0.0082,0.2977,0.6941,0.9918,4.7714286,4.7714286,302.7857
47,2026-03-08,39,-16.12418,145.83456,243,1.03,2,Severe (>50%),0.005,0.4203,0.5747,0.995,4.5142856,4.5142856,302.86002
47,2026-03-08,40,-15.77885,145.58086,2,0.76,2,Severe (>50%),0.0204,0.367,0.6126,0.9796,3.6771429,3.6771429,302.82
47,2026-03-08,41,-15.499777,145.51018,13,3.18,2,Severe (>50%),0.0157,0.3953,0.589,0.9843,3.4271429,3.4271429,302.83426
47,2026-03-08,42,-14.85125,145.27235,2,2.66,2,Severe (>50%),0.004,0.321,0.675,0.996,4.3071427,4.3071427,302.86716
47,2026-03-08,43,-14.728744,145.10814,16,1.86,2,Severe (>50%),0.0032,0.3322,0.6646,0.9968,5.372857,5.372857,302.93573
47,2026-03-08,44,-14.4546,144.90607,7,3.05,2,Severe (>50%),0.0029,0.3582,0.6388,0.9971,5.39,5.39,302.72568
47,2026-03-08,45,-14.1632,144.26332,5,1.82,2,Severe (>50%),0.003,0.2659,0.7311,0.997,3.62,3.62,302.7571
47,2026-03-08,46,-14.13435,144.5049,2,2.4,2,Severe (>50%),0.0013,0.4482,0.5505,0.9987,5.5085716,5.5085716,302.63428
47,2026-03-08,47,-14.07125,143.8833,2,0.99,2,Severe (>50%),0.0039,0.3529,0.6433,0.9961,2.72,2.72,302.96
47,2026-03-08,48,-13.922125,143.78668,4,1.3,2,Severe (>50%),0.0029,0.3072,0.6899,0.9971,2.85,2.85,302.86572
47,2026-03-08,49,-23.6966,152.1829,2,2.53,1,Moderate (1-50%),0.0565,0.891,0.0525,0.9435,0.14,0.14,300.8814
47,2026-03-08,50,-17.776623,146.45274,9,2.36,2,Severe (>50%),0.04,0.3929,0.567,0.96,1.6271429,1.6271429,302.58282
47,2026-03-08,51,-16.284166,145.4936,3,2.23,2,Severe (>50%),0.0028,0.2351,0.7621,0.9972,5.2442856,5.2442856,302.98
47,2026-03-08,52,-15.71492,145.45647,5,2.28,2,Severe (>50%),0.0142,0.3982,0.5876,0.9858,3.08,3.08,302.82715
47,2026-03-08,53,-22.2081,150.33665,2,2.23,1,Moderate (1-50%),0.0358,0.7233,0.2409,0.9642,0.0,0.0,301.0814
47,2026-03-08,54,-22.024067,150.66617,3,0.92,1,Moderate (1-50%),0.0236,0.8058,0.1706,0.9764,0.3,0.3,301.35284
47,2026-03-08,55,-22.018534,150.34753,3,2.43,1,Moderate (1-50%),0.0244,0.7781,0.1976,0.9756,0.0,0.0,301.26288
47,2026-03-08,56,-21.95394,150.1631,5,2.64,1,Moderate (1-50%),0.0307,0.8284,0.1409,0.9693,0.0,0.0,301.2214
47,2026-03-08,57,-21.6832,150.28384,4,1.29,1,Moderate (1-50%),0.0257,0.8765,0.0978,0.9743,0.0,0.0,301.38998
47,2026-03-08,58,-21.455212,149.86604,8,2.39,1,Moderate (1-50%),0.0126,0.8327,0.1547,0.9874,0.15,0.15,301.31857
47,2026-03-08,59,-18.062532,146.56087,3,2.04,2,Severe (>50%),0.043,0.3784,0.5786,0.957,1.44,1.44,302.55856
47,2026-03-08,60,-23.958666,151.47777,3,1.84,1,Moderate (1-50%),0.0255,0.7942,0.1803,0.9745,1.4828571,0.9,300.29428
47,2026-03-08,61,-23.767967,151.33594,3,1.36,1,Moderate (1-50%),0.022,0.79,0.1879,0.978,1.86,1.16,300.40573
47,2026-03-08,62,-23.5347,151.73087,3,1.23,1,Moderate (1-50%),0.0246,0.8899,0.0854,0.9754,0.17,0.17,300.6057
47,2026-03-08,63,-19.2064,147.0493,3,3.28,1,Moderate (1-50%),0.0729,0.4845,0.4426,0.9271,0.76,0.76,302.32712
47,2026-03-08,64,-18.0518,146.78749,12,2.9,2,Severe (>50%),0.0331,0.3539,0.613,0.9669,1.56,1.56,302.4814
47,2026-03-08,65,-18.008833,146.16989,9,1.88,1,Moderate (1-50%),0.0606,0.6433,0.2961,0.9394,0.99,0.99,302.68854
47,2026-03-08,66,-17.721071,146.1557,7,2.09,1,Moderate (1-50%),0.0307,0.4985,0.4708,0.9693,2.557143,2.557143,302.63715
47,2026-03-08,67,-17.467283,146.3924,6,2.04,1,Moderate (1-50%),0.0358,0.5905,0.3737,0.9642,2.9385715,2.9385715,302.64426
47,2026-03-08,68,-17.20583,146.07251,10,2.15,2,Severe (>50%),0.0377,0.4525,0.5098,0.9623,3.7585714,3.7585714,302.70853
47,2026-03-08,69,-16.545633,145.52946,3,2.34,2,Severe (>50%),0.0025,0.1729,0.8245,0.9975,4.9457145,4.9457145,303.04715
47,2026-03-08,70,-16.379562,145.56004,47,1.67,2,Severe (>50%),0.0071,0.3064,0.6865,0.9929,5.02,5.02,302.98856
47,2026-03-08,71,-15.9993,145.4327,3,2.82,2,Severe (>50%),0.0086,0.4901,0.5013,0.9914,3.4571428,3.4571428,302.8386
47,2026-03-08,72,-15.156473,145.46036,11,2.59,2,Severe (>50%),0.0072,0.3024,0.6904,0.9928,3.04,3.04,302.7457
47,2026-03-08,73,-11.8956,143.1068,2,3.03,1,Moderate (1-50%),0.0687,0.5159,0.4154,0.9313,0.98,0.98,302.27713
47,2026-03-08,74,-10.14675,151.16306,2,3.4,2,Severe (>50%),0.0003,0.0647,0.935,0.9997,11.568571,11.568571,303.12003
47,2026-03-08,75,-18.4208,147.34987,3,2.66,2,Severe (>50%),0.017,0.3249,0.6581,0.983,1.5,1.5,302.2271
47,2026-03-08,76,-19.54529,149.26216,28,2.63,1,Moderate (1-50%),0.032,0.8772,0.0909,0.968,0.0,0.0,301.71854
47,2026-03-08,77,-18.665953,147.07942,15,1.11,1,Moderate (1-50%),0.0679,0.497,0.4352,0.9321,0.76,0.76,302.1514
47,2026-03-08,78,-18.441046,146.99043,15,2.42,2,Severe (>50%),0.0346,0.4697,0.4956,0.9654,2.07,2.07,302.22287
47,2026-03-08,79,-22.0,152.67,2,2.83,1,Moderate (1-50%),0.0683,0.8553,0.0763,0.9317,0.0,0.0,301.11572
47,2026-03-08,80,-18.402128,146.79951,11,3.63,2,Severe (>50%),0.0671,0.4661,0.4668,0.9329,1.54,1.54,302.40143
47,2026-03-08,81,-18.52425,147.1444,2,2.05,2,Severe (>50%),0.0342,0.43,0.5357,0.9658,0.77,0.77,302.1443
47,2026-03-08,82,-21.3925,152.50706,5,2.69,1,Moderate (1-50%),0.0396,0.8437,0.1167,0.9604,0.0,0.0,301.44
47,2026-03-08,83,-21.121021,152.48535,9,1.16,1,Moderate (1-50%),0.0323,0.8154,0.1523,0.9677,0.33,0.33,301.5657
47,2026-03-08,84,-21.106472,152.2254,11,2.06,1,Moderate (1-50%),0.0312,0.7529,0.2158,0.9688,0.34,0.34,301.59286
47,2026-03-08,85,-20.96795,149.75764,2,1.96,1,Moderate (1-50%),0.0329,0.8386,0.1285,0.9671,0.0,0.0,301.59427
47,2026-03-08,86,-20.928566,150.04893,3,2.52,1,Moderate (1-50%),0.0227,0.8277,0.1496,0.9773,0.15,0.15,301.59
47,2026-03-08,87,-19.68672,149.93729,5,1.83,1,Moderate (1-50%),0.0195,0.8035,0.1769,0.9805,0.74,0.74,301.78714
47,2026-03-08,88,-19.501034,148.7524,3,3.57,1,Moderate (1-50%),0.0579,0.8485,0.0936,0.9421,0.0,0.0,301.82285
47,2026-03-08,89,-19.3041,148.6315,4,2.42,1,Moderate (1-50%),0.0313,0.7851,0.1837,0.9687,0.3,0.3,301.84857
47,2026-03-08,90,-19.20995,148.542,2,2.45,1,Moderate (1-50%),0.0443,0.6699,0.2858,0.9557,0.31,0.31,301.91428
47,2026-03-08,91,-18.82149,147.65489,18,2.15,1,Moderate (1-50%),0.0377,0.6627,0.2996,0.9623,0.0,0.0,302.07
47,2026-03-08,92,-17.5251,146.52454,3,0.05,1,Moderate (1-50%),0.0276,0.4989,0.4736,0.9724,2.5114286,2.5114286,302.59857
47,2026-03-08,93,-14.88175,145.50227,6,2.56,2,Severe (>50%),0.0028,0.2268,0.7704,0.9972,4.26,4.26,302.71286
47,2026-03-08,94,-24.112192,152.71562,14,1.71,1,Moderate (1-50%),0.0483,0.9196,0.032,0.9517,0.14,0.14,300.88428
47,2026-03-08,95,-19.449833,148.86703,3,2.89,1,Moderate (1-50%),0.0378,0.8728,0.0894,0.9622,0.15,0.15,301.82144
47,2026-03-08,96,-16.409634,145.74434,3,2.68,2,Severe (>50%),0.0041,0.2655,0.7304,0.9959,5.0914288,5.0914288,302.9457
47,2026-03-08,97,-12.67815,143.5829,2,0.93,2,Severe (>50%),0.0036,0.3878,0.6086,0.9964,2.92,2.92,302.24142
47,2026-03-08,98,-12.2257,143.2841,2,0.99,1,Moderate (1-50%),0.0452,0.656,0.2989,0.9548,1.34,1.34,302.47144
47,2026-03-08,99,-11.782,142.95316,5,2.5,1,Moderate (1-50%),0.0445,0.6787,0.2768,0.9555,1.32,0.82,302.2357
47,2026-03-08,100,-11.7694,143.09245,2,2.0,1,Moderate (1-50%),0.0475,0.5868,0.3657,0.9525,1.01,0.8,302.24857
47,2026-03-08,101,-11.482866,143.01598,9,1.32,1,Moderate (1-50%),0.0293,0.6816,0.2891,0.9707,1.59,1.15,302.2443
47,2026-03-08,102,-11.191144,142.98755,9,2.26,1,Moderate (1-50%),0.0345,0.6966,0.2689,0.9655,2.392857,2.0,302.28427
47,2026-03-08,103,-14.610958,145.62405,19,1.56,2,Severe (>50%),0.0025,0.2009,0.7966,0.9975,4.497143,4.497143,302.65427
47,2026-03-08,104,-14.704066,145.44646,9,3.28,2,Severe (>50%),0.0025,0.2342,0.7633,0.9975,4.845714,4.845714,302.74286
47,2026-03-08,105,-23.32,151.98,2,0.75,1,Moderate (1-50%),0.023,0.8545,0.1225,0.977,0.61,0.61,300.80426
47,2026-03-08,106,-18.26362,147.38202,5,1.47,2,Severe (>50%),0.0089,0.3437,0.6473,0.9911,2.65,2.65,302.41998
47,2026-03-08,107,-14.0,146.0,2,3.87,2,Severe (>50%),0.0046,0.2997,0.6957,0.9954,5.01,5.01,302.54144
47,2026-03-08,108,-21.87,152.19,2,1.64,1,Moderate (1-50%),0.0553,0.8822,0.0625,0.9447,0.15,0.15,301.24142
47,2026-03-08,109,-21.13605,150.77615,2,1.23,1,Moderate (1-50%),0.073,0.8306,0.0964,0.927,0.18,0.18,301.45285
47,2026-03-08,110,-20.66895,150.2588,2,1.81,1,Moderate (1-50%),0.0228,0.8838,0.0933,0.9772,0.17,0.17,301.59714
47,2026-03-08,111,-20.08315,149.93718,4,1.56,1,Moderate (1-50%),0.0295,0.8549,0.1156,0.9705,0.0,0.0,301.59
47,2026-03-08,112,-19.6179,149.67664,3,0.81,1,Moderate (1-50%),0.0173,0.8956,0.0872,0.9827,0.15,0.15,301.7614
47,2026-03-08,113,-18.791527,147.52235,34,1.86,1,Moderate (1-50%),0.0228,0.7306,0.2466,0.9772,0.14,0.14,302.0357
47,2026-03-08,114,-18.53455,147.49355,4,2.22,2,Severe (>50%),0.0227,0.4554,0.5219,0.9773,0.61,0.61,302.15
47,2026-03-08,115,-18.1362,146.9716,2,1.3,2,Severe (>50%),0.013,0.4005,0.5865,0.987,3.15,3.15,302.41
47,2026-03-08,116,-15.359506,145.7791,18,1.78,2,Severe (>50%),0.0051,0.2537,0.7412,0.9949,4.1514287,4.1514287,302.7643
47,2026-03-08,117,-14.925742,145.68793,38,1.39,2,Severe (>50%),0.0026,0.1697,0.8277,0.9974,5.007143,5.007143,302.65
47,2026-03-08,118,-15.02785,145.56805,2,0.81,2,Severe (>50%),0.007,0.2533,0.7397,0.993,3.9885714,3.9885714,302.67715
47,2026-03-08,119,-12.767325,143.42282,4,0.89,2,Severe (>50%),0.0065,0.4586,0.5349,0.9935,3.62,3.62,302.40997
47,2026-03-08,120,-11.997334,143.27243,6,2.5,1,Moderate (1-50%),0.0624,0.5586,0.379,0.9376,0.98,0.82,302.3157
47,2026-03-08,121,-11.0088,142.98685,2,2.22,1,Moderate (1-50%),0.0179,0.6777,0.3044,0.9821,3.0757143,2.81,302.30283
47,2026-03-08,122,-20.751085,149.4548,7,3.39,1,Moderate (1-50%),0.0368,0.8564,0.1069,0.9632,0.0,0.0,301.62997
47,2026-03-08,123,-18.65635,147.71594,2,2.28,1,Moderate (1-50%),0.0491,0.5648,0.3861,0.9509,0.16,0.16,302.26715
47,2026-03-08,124,-12.470825,143.48958,4,1.65,2,Severe (>50%),0.0188,0.4651,0.5161,0.9812,2.1,2.1,302.31
47,2026-03-08,125,-12.30835,143.37485,2,1.85,1,Moderate (1-50%),0.0167,0.5293,0.454,0.9833,1.88,1.88,302.4857
47,2026-03-08,126,-10.69155,142.73485,2,2.13,1,Moderate (1-50%),0.0293,0.6506,0.3201,0.9707,2.94,2.49,302.1014
47,2026-03-08,127,-18.9561,146.9562,15,2.89,1,Moderate (1-50%),0.0984,0.6829,0.2186,0.9016,0.0,0.0,302.26285
47,2026-03-08,128,-13.844505,146.55128,41,3.35,2,Severe (>50%),0.0041,0.3842,0.6117,0.9959,6.2014284,6.2014284,302.7129
47,2026-03-08,129,-16.22582,146.00262,10,2.39,2,Severe (>50%),0.0075,0.231,0.7615,0.9925,4.3414288,4.3414288,302.81427
47,2026-03-08,130,-15.51399,145.77756,20,1.25,2,Severe (>50%),0.0048,0.3904,0.6047,0.9952,4.3471427,4.3471427,302.82144
47,2026-03-08,131,-16.0,145.9667,2,2.92,2,Severe (>50%),0.0049,0.1675,0.8276,0.9951,5.1,5.1,302.85428
47,2026-03-08,132,-17.0,149.1,4,3.85,1,Moderate (1-50%),0.0353,0.6546,0.31,0.9647,0.61,0.61,302.19284
48,2026-03-15,0,-19.166714,146.84863,209,2.65,1,Moderate (1-50%),0.0263,0.5223,0.4514,0.9737,1.4357142,1.26,302.0957
48,2026-03-15,1,-18.646925,146.54514,149,3.23,1,Moderate (1-50%),0.0365,0.6573,0.3061,0.9635,0.6,0.6,302.08002
48,2026-03-15,2,-10.2196665,150.84866,3,2.66,2,Severe (>50%),0.001,0.0375,0.9615,0.999,10.52,10.52,303.58145
48,2026-03-15,3,-23.443886,151.92134,187,2.13,1,Moderate (1-50%),0.0147,0.9166,0.0686,0.9853,0.47,0.47,300.5057
48,2026-03-15,4,-18.75,146.25,2,3.83,2,Severe (>50%),0.021,0.4874,0.4917,0.979,2.13,2.13,302.09714
48,2026-03-15,5,-23.146168,150.95728,60,2.97,1,Moderate (1-50%),0.0407,0.7991,0.1601,0.9593,1.7,1.7,300.4943
48,2026-03-15,6,-19.760475,149.15018,69,3.06,1,Moderate (1-50%),0.071,0.8633,0.0657,0.929,0.0,0.0,301.7343
48,2026-03-15,7,-18.227266,146.74213,3,1.83,1,Moderate (1-50%),0.0375,0.5875,0.375,0.9625,1.7,1.7,302.16428
48,2026-03-15,8,-19.020872,146.6052,11,2.13,1,Moderate (1-50%),0.1325,0.5255,0.342,0.8675,0.17,0.14,302.0957
48,2026-03-15,9,-18.739391,147.2709,12,1.66,1,Moderate (1-50%),0.0582,0.6722,0.2696,0.9418,0.15,0.15,302.08145
48,2026-03-15,10,-17.885866,146.59,3,2.0,1,Moderate (1-50%),0.0558,0.4833,0.4609,0.9442,1.48,1.48,302.18854
48,2026-03-15,11,-17.239176,146.34703,8,2.82,1,Moderate (1-50%),0.0157,0.6037,0.3806,0.9843,2.92,2.92,302.35858
48,2026-03-15,12,-20.237434,148.9795,103,1.46,1,Moderate (1-50%),0.0764,0.8784,0.0451,0.9236,0.0,0.0,301.65717
48,2026-03-15,13,-20.3759,150.17145,8,0.38,1,Moderate (1-50%),0.0437,0.8506,0.1057,0.9563,0.0,0.0,301.63858
48,2026-03-15,14,-20.251957,148.81541,23,2.75,1,Moderate (1-50%),0.0824,0.8489,0.0687,0.9176,0.0,0.0,301.59714
48,2026-03-15,15,-20.090439,148.5869,23,2.12,1,Moderate (1-50%),0.0499,0.8445,0.1056,0.9501,0.16,0.16,301.67572
48,2026-03-15,16,-20.022484,148.28569,12,1.15,1,Moderate (1-50%),0.0543,0.686,0.2597,0.9457,0.48,0.48,301.65717
48,2026-03-15,17,-19.86675,147.92262,4,0.95,1,Moderate (1-50%),0.0432,0.5913,0.3655,0.9568,0.66,0.66,301.81146
48,2026-03-15,18,-23.992844,151.69751,7,3.03,1,Moderate (1-50%),0.0767,0.8702,0.0531,0.9233,0.51,0.35,300.11142
48,2026-03-15,19,-23.520433,151.2612,3,1.5,1,Moderate (1-50%),0.0423,0.847,0.1107,0.9577,0.93,0.79,300.27856
48,2026-03-15,20,-23.408117,151.1666,6,2.06,1,Moderate (1-50%),0.0468,0.7584,0.1948,0.9532,1.2371428,0.99,300.31
48,2026-03-15,21,-23.326,150.92995,2,0.52,1,Moderate (1-50%),0.0282,0.8775,0.0943,0.9718,2.2371428,1.82,300.38858
48,2026-03-15,22,-21.991533,152.46994,3,1.91,1,Moderate (1-50%),0.0563,0.9018,0.0419,0.9437,0.0,0.0,301.22144
48,2026-03-15,23,-20.911617,149.42245,11,1.51,1,Moderate (1-50%),0.0772,0.8265,0.0963,0.9228,0.15,0.15,301.6
48,2026-03-15,24,-20.758585,150.43915,7,2.34,1,Moderate (1-50%),0.0665,0.8494,0.0841,0.9335,0.17,0.17,301.6614
48,2026-03-15,25,-19.7155,147.77403,7,1.06,1,Moderate (1-50%),0.0462,0.7125,0.2413,0.9538,0.15,0.15,301.87717
48,2026-03-15,26,-19.34095,148.0835,2,1.99,1,Moderate (1-50%),0.056,0.7736,0.1704,0.944,0.0,0.0,301.94287
48,2026-03-15,27,-19.32325,148.4333,2,0.89,1,Moderate (1-50%),0.0701,0.7596,0.1702,0.9299,0.0,0.0,301.89996
48,2026-03-15,28,-19.311234,148.34396,3,2.51,1,Moderate (1-50%),0.0784,0.7773,0.1444,0.9216,0.0,0.0,301.90854
48,2026-03-15,29,-19.2076,148.8596,2,2.52,1,Moderate (1-50%),0.0574,0.7563,0.1862,0.9426,0.47,0.47,301.87573
48,2026-03-15,30,-19.11165,148.33365,6,1.74,1,Moderate (1-50%),0.048,0.6433,0.3087,0.952,0.3,0.3,301.97568
48,2026-03-15,31,-18.9913,148.06412,6,2.14,1,Moderate (1-50%),0.0351,0.4995,0.4654,0.9649,0.0,0.0,302.06427
48,2026-03-15,32,-18.847086,147.91052,7,2.89,1,Moderate (1-50%),0.0349,0.5268,0.4384,0.9651,0.16,0.16,302.08713
48,2026-03-15,33,-18.1497,146.28976,3,3.16,1,Moderate (1-50%),0.0236,0.4937,0.4827,0.9764,1.27,1.27,302.15286
48,2026-03-15,34,-17.6551,146.49199,6,2.85,1,Moderate (1-50%),0.0358,0.6347,0.3295,0.9642,2.03,2.03,302.2143
48,2026-03-15,35,-17.34235,146.52235,4,1.95,2,Severe (>50%),0.018,0.4511,0.5309,0.982,3.16,3.16,302.37143
48,2026-03-15,36,-16.871353,146.21158,88,1.49,1,Moderate (1-50%),0.0051,0.5182,0.4767,0.9949,4.22,4.22,302.44
48,2026-03-15,37,-16.935507,145.98845,13,1.85,2,Severe (>50%),0.007,0.4334,0.5595,0.993,4.92,4.92,302.44858
48,2026-03-15,38,-16.52347,145.99037,108,1.65,2,Severe (>50%),0.0087,0.3179,0.6734,0.9913,4.85,4.85,302.50854
48,2026-03-15,39,-16.12418,145.83456,243,1.03,2,Severe (>50%),0.0103,0.3895,0.6002,0.9897,4.59,4.59,302.56998
48,2026-03-15,40,-15.77885,145.58086,2,0.76,2,Severe (>50%),0.0091,0.4044,0.5865,0.9909,3.72,3.72,302.52286
48,2026-03-15,41,-15.499777,145.51018,13,3.18,1,Moderate (1-50%),0.0095,0.622,0.3685,0.9905,3.49,3.49,302.38858
48,2026-03-15,42,-14.85125,145.27235,2,2.66,2,Severe (>50%),0.0017,0.1749,0.8234,0.9983,4.48,4.48,302.58713
48,2026-03-15,43,-14.728744,145.10814,16,1.86,2,Severe (>50%),0.0007,0.0852,0.9141,0.9993,5.68,5.68,302.70285
48,2026-03-15,44,-14.4546,144.90607,7,3.05,2,Severe (>50%),0.0008,0.1537,0.8454,0.9992,5.52,5.52,302.56427
48,2026-03-15,45,-14.1632,144.26332,5,1.82,2,Severe (>50%),0.0019,0.1689,0.8292,0.9981,3.62,3.62,302.6114
48,2026-03-15,46,-14.13435,144.5049,2,2.4,2,Severe (>50%),0.0009,0.1301,0.869,0.9991,5.53,5.53,302.4943
48,2026-03-15,47,-14.07125,143.8833,2,0.99,2,Severe (>50%),0.0036,0.3863,0.6101,0.9964,2.72,2.72,302.60715
48,2026-03-15,48,-13.922125,143.78668,4,1.3,1,Moderate (1-50%),0.0041,0.5034,0.4925,0.9959,2.85,2.85,302.4943
48,2026-03-15,49,-23.6966,152.1829,2,2.53,1,Moderate (1-50%),0.0452,0.9004,0.0544,0.9548,0.14,0.14,300.58856
48,2026-03-15,50,-17.776623,146.45274,9,2.36,1,Moderate (1-50%),0.0565,0.5135,0.43,0.9435,1.67,1.67,302.1857
48,2026-03-15,51,-16.284166,145.4936,3,2.23,2,Severe (>50%),0.0027,0.3186,0.6787,0.9973,5.32,5.32,302.69427
48,2026-03-15,52,-15.71492,145.45647,5,2.28,2,Severe (>50%),0.008,0.4428,0.5492,0.992,3.08,3.08,302.52856
48,2026-03-15,53,-22.2081,150.33665,2,2.23,1,Moderate (1-50%),0.1079,0.7433,0.1487,0.8921,0.0,0.0,301.04288
48,2026-03-15,54,-22.024067,150.66617,3,0.92,1,Moderate (1-50%),0.045,0.8585,0.0965,0.955,0.3,0.3,301.48712
48,2026-03-15,55,-22.018534,150.34753,3,2.43,1,Moderate (1-50%),0.0651,0.7888,0.1461,0.9349,0.0,0.0,301.2143
48,2026-03-15,56,-21.95394,150.1631,5,2.64,1,Moderate (1-50%),0.0976,0.8076,0.0948,0.9024,0.0,0.0,301.13995
48,2026-03-15,57,-21.6832,150.28384,4,1.29,1,Moderate (1-50%),0.0486,0.849,0.1024,0.9514,0.0,0.0,301.44427
48,2026-03-15,58,-21.455212,149.86604,8,2.39,1,Moderate (1-50%),0.0479,0.834,0.1181,0.9521,0.15,0.15,301.44574
48,2026-03-15,59,-18.062532,146.56087,3,2.04,1,Moderate (1-50%),0.0486,0.5558,0.3956,0.9514,1.44,1.44,302.14996
48,2026-03-15,60,-23.958666,151.47777,3,1.84,1,Moderate (1-50%),0.0526,0.8753,0.072,0.9474,1.4828571,0.9,300.09283
48,2026-03-15,61,-23.767967,151.33594,3,1.36,1,Moderate (1-50%),0.0302,0.8123,0.1575,0.9698,1.86,1.16,300.10568
48,2026-03-15,62,-23.5347,151.73087,3,1.23,1,Moderate (1-50%),0.0421,0.8552,0.1026,0.9579,0.17,0.17,300.40427
48,2026-03-15,63,-19.2064,147.0493,3,3.28,1,Moderate (1-50%),0.0462,0.8076,0.1462,0.9538,0.76,0.76,302.05002
48,2026-03-15,64,-18.0518,146.78749,12,2.9,1,Moderate (1-50%),0.0321,0.5427,0.4253,0.9679,1.66,1.66,302.1914
48,2026-03-15,65,-18.008833,146.16989,9,1.88,2,Severe (>50%),0.0498,0.4691,0.4811,0.9502,0.99,0.99,302.18286
48,2026-03-15,66,-17.721071,146.1557,7,2.09,1,Moderate (1-50%),0.0189,0.6301,0.351,0.9811,2.6,2.6,302.21713
48,2026-03-15,67,-17.467283,146.3924,6,2.04,2,Severe (>50%),0.0197,0.482,0.4983,0.9803,2.99,2.99,302.2857
48,2026-03-15,68,-17.20583,146.07251,10,2.15,1,Moderate (1-50%),0.0122,0.5353,0.4525,0.9878,3.81,3.81,302.35
48,2026-03-15,69,-16.545633,145.52946,3,2.34,2,Severe (>50%),0.0027,0.2414,0.7559,0.9973,5.09,5.09,302.7214
48,2026-03-15,70,-16.379562,145.56004,47,1.67,2,Severe (>50%),0.0042,0.386,0.6098,0.9958,5.1,5.1,302.68857
48,2026-03-15,71,-15.9993,145.4327,3,2.82,2,Severe (>50%),0.0039,0.4949,0.5012,0.9961,3.5,3.5,302.62573
48,2026-03-15,72,-15.156473,145.46036,11,2.59,2,Severe (>50%),0.0091,0.3457,0.6452,0.9909,3.04,3.04,302.4343
48,2026-03-15,73,-11.8956,143.1068,2,3.03,1,Moderate (1-50%),0.0579,0.6448,0.2974,0.9421,0.98,0.98,301.86285
48,2026-03-15,74,-10.14675,151.16306,2,3.4,2,Severe (>50%),0.0013,0.0814,0.9173,0.9987,12.441428,12.441428,303.63858
48,2026-03-15,75,-18.4208,147.34987,3,2.66,1,Moderate (1-50%),0.019,0.5919,0.3891,0.981,1.5,1.5,302.22568
48,2026-03-15,76,-19.54529,149.26216,28,2.63,1,Moderate (1-50%),0.0603,0.8428,0.0968,0.9397,0.0,0.0,301.74286
48,2026-03-15,77,-18.665953,147.07942,15,1.11,1,Moderate (1-50%),0.0656,0.7055,0.2289,0.9344,0.76,0.76,302.08572
48,2026-03-15,78,-18.441046,146.99043,15,2.42,1,Moderate (1-50%),0.0308,0.6733,0.2959,0.9692,2.07,2.07,302.1143
48,2026-03-15,79,-22.0,152.67,2,2.83,1,Moderate (1-50%),0.0532,0.9101,0.0367,0.9468,0.0,0.0,301.15854
48,2026-03-15,80,-18.402128,146.79951,11,3.63,1,Moderate (1-50%),0.0386,0.6685,0.293,0.9614,1.54,1.54,302.16284
48,2026-03-15,81,-18.52425,147.1444,2,2.05,1,Moderate (1-50%),0.0409,0.6946,0.2645,0.9591,0.77,0.77,302.11285
48,2026-03-15,82,-21.3925,152.50706,5,2.69,1,Moderate (1-50%),0.0437,0.8813,0.075,0.9563,0.0,0.0,301.4114
48,2026-03-15,83,-21.121021,152.48535,9,1.16,1,Moderate (1-50%),0.0423,0.8635,0.0942,0.9577,0.33,0.33,301.55002
48,2026-03-15,84,-21.106472,152.2254,11,2.06,1,Moderate (1-50%),0.0417,0.8266,0.1317,0.9583,0.34,0.34,301.57715
48,2026-03-15,85,-20.96795,149.75764,2,1.96,1,Moderate (1-50%),0.0523,0.8502,0.0975,0.9477,0.0,0.0,301.71
48,2026-03-15,86,-20.928566,150.04893,3,2.52,1,Moderate (1-50%),0.0575,0.8506,0.0918,0.9425,0.15,0.15,301.69287
48,2026-03-15,87,-19.68672,149.93729,5,1.83,1,Moderate (1-50%),0.0511,0.8331,0.1158,0.9489,0.74,0.74,301.69144
48,2026-03-15,88,-19.501034,148.7524,3,3.57,1,Moderate (1-50%),0.0841,0.8532,0.0627,0.9159,0.0,0.0,301.76572
48,2026-03-15,89,-19.3041,148.6315,4,2.42,1,Moderate (1-50%),0.0545,0.7657,0.1799,0.9455,0.3,0.3,301.85715
48,2026-03-15,90,-19.20995,148.542,2,2.45,1,Moderate (1-50%),0.067,0.6922,0.2408,0.933,0.31,0.31,301.90286
48,2026-03-15,91,-18.82149,147.65489,18,2.15,1,Moderate (1-50%),0.086,0.7173,0.1967,0.914,0.0,0.0,302.03857
48,2026-03-15,92,-17.5251,146.52454,3,0.05,1,Moderate (1-50%),0.0242,0.6147,0.3612,0.9758,2.56,2.56,302.29428
48,2026-03-15,93,-14.88175,145.50227,6,2.56,2,Severe (>50%),0.0037,0.2448,0.7515,0.9963,4.39,4.39,302.41
48,2026-03-15,94,-24.112192,152.71562,14,1.71,1,Moderate (1-50%),0.0523,0.9165,0.0312,0.9477,0.14,0.14,300.61002
48,2026-03-15,95,-19.449833,148.86703,3,2.89,1,Moderate (1-50%),0.0533,0.8669,0.0797,0.9467,0.15,0.15,301.75284
48,2026-03-15,96,-16.409634,145.74434,3,2.68,2,Severe (>50%),0.0037,0.2918,0.7045,0.9963,5.17,5.17,302.6243
48,2026-03-15,97,-12.67815,143.5829,2,0.93,1,Moderate (1-50%),0.0124,0.5423,0.4453,0.9876,2.92,2.92,302.19998
48,2026-03-15,98,-12.2257,143.2841,2,0.99,1,Moderate (1-50%),0.0685,0.6275,0.304,0.9315,1.34,1.34,302.03998
48,2026-03-15,99,-11.782,142.95316,5,2.5,1,Moderate (1-50%),0.0654,0.6376,0.297,0.9346,1.32,0.82,301.8157
48,2026-03-15,100,-11.7694,143.09245,2,2.0,1,Moderate (1-50%),0.0597,0.5866,0.3537,0.9403,1.01,0.8,301.87283
48,2026-03-15,101,-11.482866,143.01598,9,1.32,1,Moderate (1-50%),0.0626,0.6762,0.2612,0.9374,1.59,1.0642858,302.02142
48,2026-03-15,102,-11.191144,142.98755,9,2.26,1,Moderate (1-50%),0.0467,0.6989,0.2544,0.9533,2.392857,1.8385714,302.02
48,2026-03-15,103,-14.610958,145.62405,19,1.56,2,Severe (>50%),0.0042,0.2458,0.7499,0.9958,4.64,4.64,302.37714
48,2026-03-15,104,-14.704066,145.44646,9,3.28,2,Severe (>50%),0.0016,0.1837,0.8147,0.9984,5.12,5.12,302.38998
48,2026-03-15,105,-23.32,151.98,2,0.75,1,Moderate (1-50%),0.0131,0.9173,0.0696,0.9869,0.61,0.61,300.5957
48,2026-03-15,106,-18.26362,147.38202,5,1.47,1,Moderate (1-50%),0.0115,0.5838,0.4047,0.9885,2.65,2.65,302.3057
48,2026-03-15,107,-14.0,146.0,2,3.87,2,Severe (>50%),0.0111,0.2894,0.6995,0.9889,5.01,5.01,302.1971
48,2026-03-15,108,-21.87,152.19,2,1.64,1,Moderate (1-50%),0.0924,0.8415,0.0661,0.9076,0.15,0.15,301.34003
48,2026-03-15,109,-21.13605,150.77615,2,1.23,1,Moderate (1-50%),0.0447,0.8854,0.0699,0.9553,0.18,0.18,301.6186
48,2026-03-15,110,-20.66895,150.2588,2,1.81,1,Moderate (1-50%),0.0523,0.8717,0.076,0.9477,0.17,0.17,301.66428
48,2026-03-15,111,-20.08315,149.93718,4,1.56,1,Moderate (1-50%),0.0488,0.8967,0.0544,0.9512,0.0,0.0,301.6443
48,2026-03-15,112,-19.6179,149.67664,3,0.81,1,Moderate (1-50%),0.0391,0.8686,0.0922,0.9609,0.15,0.15,301.70142
48,2026-03-15,113,-18.791527,147.52235,34,1.86,1,Moderate (1-50%),0.0644,0.6761,0.2595,0.9356,0.14,0.14,302.06857
48,2026-03-15,114,-18.53455,147.49355,4,2.22,1,Moderate (1-50%),0.028,0.6705,0.3016,0.972,0.61,0.61,302.16428
48,2026-03-15,115,-18.1362,146.9716,2,1.3,1,Moderate (1-50%),0.0139,0.5445,0.4416,0.9861,3.15,3.15,302.21286
48,2026-03-15,116,-15.359506,145.7791,18,1.78,2,Severe (>50%),0.0061,0.4569,0.537,0.9939,4.22,4.22,302.35284
48,2026-03-15,117,-14.925742,145.68793,38,1.39,2,Severe (>50%),0.0036,0.1924,0.804,0.9964,5.18,5.18,302.37714
48,2026-03-15,118,-15.02785,145.56805,2,0.81,2,Severe (>50%),0.0062,0.3114,0.6824,0.9938,4.01,4.01,302.4
48,2026-03-15,119,-12.767325,143.42282,4,0.89,2,Severe (>50%),0.0068,0.3961,0.5972,0.9932,3.62,3.2414286,302.10858
48,2026-03-15,120,-11.997334,143.27243,6,2.5,1,Moderate (1-50%),0.058,0.7183,0.2237,0.942,0.98,0.82,301.95712
48,2026-03-15,121,-11.0088,142.98685,2,2.22,1,Moderate (1-50%),0.0462,0.6709,0.2829,0.9538,3.0757143,2.5442858,302.06857
48,2026-03-15,122,-20.751085,149.4548,7,3.39,1,Moderate (1-50%),0.0495,0.8741,0.0764,0.9505,0.0,0.0,301.71713
48,2026-03-15,123,-18.65635,147.71594,2,2.28,1,Moderate (1-50%),0.0588,0.5403,0.4009,0.9412,0.16,0.16,302.10284
48,2026-03-15,124,-12.470825,143.48958,4,1.65,1,Moderate (1-50%),0.0458,0.584,0.3702,0.9542,2.1,2.1,302.1143
48,2026-03-15,125,-12.30835,143.37485,2,1.85,2,Severe (>50%),0.053,0.4439,0.5031,0.947,1.88,1.88,302.12143
48,2026-03-15,126,-10.69155,142.73485,2,2.13,1,Moderate (1-50%),0.1061,0.6528,0.2411,0.8939,2.94,2.1014285,302.06284
48,2026-03-15,127,-18.9561,146.9562,15,2.89,1,Moderate (1-50%),0.0873,0.6929,0.2198,0.9127,0.0,0.0,302.00424
48,2026-03-15,128,-13.844505,146.55128,41,3.35,2,Severe (>50%),0.0099,0.463,0.5271,0.9901,6.23,6.23,302.3514
48,2026-03-15,129,-16.22582,146.00262,10,2.39,2,Severe (>50%),0.006,0.3168,0.6772,0.994,4.42,4.42,302.54855
48,2026-03-15,130,-15.51399,145.77756,20,1.25,2,Severe (>50%),0.0067,0.4261,0.5672,0.9933,4.42,4.42,302.41714
48,2026-03-15,131,-16.0,145.9667,2,2.92,2,Severe (>50%),0.0064,0.3288,0.6648,0.9936,5.39,5.39,302.53998
48,2026-03-15,132,-17.0,149.1,4,3.85,1,Moderate (1-50%),0.1045,0.4771,0.4184,0.8955,0.61,0.61,301.95428
49,2026-03-22,0,-19.166714,146.84863,209,2.65,1,Moderate (1-50%),0.0435,0.5434,0.4131,0.9565,1.4357142,1.26,301.21713
49,2026-03-22,1,-18.646925,146.54514,149,3.23,1,Moderate (1-50%),0.062,0.8085,0.1295,0.938,0.6,0.6,301.3357
49,2026-03-22,2,-10.2196665,150.84866,3,2.66,2,Severe (>50%),0.0009,0.0781,0.921,0.9991,10.547143,10.547143,302.97284
49,2026-03-22,3,-23.443886,151.92134,187,2.13,1,Moderate (1-50%),0.009,0.9375,0.0535,0.991,0.47,0.47,300.22144
49,2026-03-22,4,-18.75,146.25,2,3.83,1,Moderate (1-50%),0.0212,0.7812,0.1976,0.9788,2.13,2.0157142,301.21997
49,2026-03-22,5,-23.146168,150.95728,60,2.97,1,Moderate (1-50%),0.0182,0.8557,0.1261,0.9818,1.7,1.7,299.83426
49,2026-03-22,6,-19.760475,149.15018,69,3.06,1,Moderate (1-50%),0.0694,0.8733,0.0573,0.9306,0.0,0.0,301.20856
49,2026-03-22,7,-18.227266,146.74213,3,1.83,1,Moderate (1-50%),0.0441,0.704,0.2519,0.9559,1.7,1.7,301.49142
49,2026-03-22,8,-19.020872,146.6052,11,2.13,1,Moderate (1-50%),0.1315,0.7114,0.1571,0.8685,0.17,0.14,301.23428
49,2026-03-22,9,-18.739391,147.2709,12,1.66,1,Moderate (1-50%),0.0773,0.8058,0.117,0.9227,0.15,0.15,301.50854
49,2026-03-22,10,-17.885866,146.59,3,2.0,1,Moderate (1-50%),0.0504,0.6771,0.2725,0.9496,1.48,1.48,301.67856
49,2026-03-22,11,-17.239176,146.34703,8,2.82,2,Severe (>50%),0.0082,0.4657,0.5261,0.9918,2.92,2.92,301.51288
49,2026-03-22,12,-20.237434,148.9795,103,1.46,1,Moderate (1-50%),0.0607,0.8872,0.0522,0.9393,0.0,0.0,301.10715
49,2026-03-22,13,-20.3759,150.17145,8,0.38,1,Moderate (1-50%),0.0254,0.8683,0.1063,0.9746,0.0,0.0,301.12286
49,2026-03-22,14,-20.251957,148.81541,23,2.75,1,Moderate (1-50%),0.0703,0.8501,0.0796,0.9297,0.0,0.0,301.04144
49,2026-03-22,15,-20.090439,148.5869,23,2.12,1,Moderate (1-50%),0.0912,0.8236,0.0852,0.9088,0.16,0.16,301.1057
49,2026-03-22,16,-20.022484,148.28569,12,1.15,1,Moderate (1-50%),0.0776,0.8096,0.1128,0.9224,0.48,0.48,301.00287
49,2026-03-22,17,-19.86675,147.92262,4,0.95,1,Moderate (1-50%),0.0359,0.872,0.0921,0.9641,0.66,0.66,301.05142
49,2026-03-22,18,-23.992844,151.69751,7,3.03,1,Moderate (1-50%),0.0447,0.9158,0.0396,0.9553,0.51,0.35,299.79715
49,2026-03-22,19,-23.520433,151.2612,3,1.5,1,Moderate (1-50%),0.015,0.9159,0.0691,0.985,0.93,0.72571427,299.7343
49,2026-03-22,20,-23.408117,151.1666,6,2.06,1,Moderate (1-50%),0.0155,0.8669,0.1176,0.9845,1.2371428,0.99,299.73
49,2026-03-22,21,-23.326,150.92995,2,0.52,1,Moderate (1-50%),0.0209,0.8976,0.0816,0.9791,2.2371428,1.82,299.72568
49,2026-03-22,22,-21.991533,152.46994,3,1.91,1,Moderate (1-50%),0.0497,0.8874,0.0629,0.9503,0.0,0.0,300.81998
49,2026-03-22,23,-20.911617,149.42245,11,1.51,1,Moderate (1-50%),0.1395,0.7745,0.086,0.8605,0.15,0.15,300.97855
49,2026-03-22,24,-20.758585,150.43915,7,2.34,1,Moderate (1-50%),0.0382,0.8852,0.0766,0.9618,0.17,0.17,301.21567
49,2026-03-22,25,-19.7155,147.77403,7,1.06,1,Moderate (1-50%),0.0278,0.8688,0.1034,0.9722,0.15,0.15,301.14285
49,2026-03-22,26,-19.34095,148.0835,2,1.99,1,Moderate (1-50%),0.1069,0.8029,0.0901,0.8931,0.0,0.0,301.30856
49,2026-03-22,27,-19.32325,148.4333,2,0.89,1,Moderate (1-50%),0.0744,0.8337,0.0919,0.9256,0.0,0.0,301.33713
49,2026-03-22,28,-19.311234,148.34396,3,2.51,1,Moderate (1-50%),0.0806,0.8313,0.0881,0.9194,0.0,0.0,301.3514
49,2026-03-22,29,-19.2076,148.8596,2,2.52,1,Moderate (1-50%),0.0202,0.8343,0.1455,0.9798,0.47,0.47,301.34714
49,2026-03-22,30,-19.11165,148.33365,6,1.74,1,Moderate (1-50%),0.0373,0.7965,0.1662,0.9627,0.3,0.3,301.4086
49,2026-03-22,31,-18.9913,148.06412,6,2.14,1,Moderate (1-50%),0.026,0.788,0.186,0.974,0.0,0.0,301.50568
49,2026-03-22,32,-18.847086,147.91052,7,2.89,1,Moderate (1-50%),0.0152,0.892,0.0929,0.9848,0.16,0.16,301.59
49,2026-03-22,33,-18.1497,146.28976,3,3.16,1,Moderate (1-50%),0.0487,0.764,0.1873,0.9513,1.27,1.27,301.60715
49,2026-03-22,34,-17.6551,146.49199,6,2.85,1,Moderate (1-50%),0.0334,0.6203,0.3464,0.9666,2.03,2.03,301.62714
49,2026-03-22,35,-17.34235,146.52235,4,1.95,2,Severe (>50%),0.0081,0.437,0.555,0.9919,3.16,3.16,301.67142
49,2026-03-22,36,-16.871353,146.21158,88,1.49,1,Moderate (1-50%),0.0081,0.5303,0.4616,0.9919,4.22,4.22,301.55002
49,2026-03-22,37,-16.935507,145.98845,13,1.85,1,Moderate (1-50%),0.0092,0.5401,0.4507,0.9908,4.92,4.92,301.49854
49,2026-03-22,38,-16.52347,145.99037,108,1.65,2,Severe (>50%),0.0094,0.468,0.5227,0.9906,4.85,4.85,301.66
49,2026-03-22,39,-16.12418,145.83456,243,1.03,1,Moderate (1-50%),0.0073,0.4996,0.4931,0.9927,4.59,4.59,301.77856
49,2026-03-22,40,-15.77885,145.58086,2,0.76,1,Moderate (1-50%),0.0062,0.5293,0.4645,0.9938,3.72,3.72,301.81857
49,2026-03-22,41,-15.499777,145.51018,13,3.18,1,Moderate (1-50%),0.0101,0.5781,0.4118,0.9899,3.49,3.49,301.8357
49,2026-03-22,42,-14.85125,145.27235,2,2.66,2,Severe (>50%),0.006,0.2708,0.7232,0.994,4.48,4.4542856,301.83856
49,2026-03-22,43,-14.728744,145.10814,16,1.86,2,Severe (>50%),0.0048,0.2591,0.7362,0.9952,5.68,5.5928574,301.89572
49,2026-03-22,44,-14.4546,144.90607,7,3.05,2,Severe (>50%),0.0046,0.3357,0.6596,0.9954,5.52,5.497143,301.95572
49,2026-03-22,45,-14.1632,144.26332,5,1.82,2,Severe (>50%),0.0066,0.154,0.8394,0.9934,3.7342858,3.7342858,302.15143
49,2026-03-22,46,-14.13435,144.5049,2,2.4,2,Severe (>50%),0.0043,0.239,0.7567,0.9957,5.562857,5.562857,302.05426
49,2026-03-22,47,-14.07125,143.8833,2,0.99,2,Severe (>50%),0.0057,0.3488,0.6455,0.9943,2.72,2.72,301.97568
49,2026-03-22,48,-13.922125,143.78668,4,1.3,2,Severe (>50%),0.003,0.3898,0.6072,0.997,2.85,2.85,301.83716
49,2026-03-22,49,-23.6966,152.1829,2,2.53,1,Moderate (1-50%),0.0088,0.9643,0.027,0.9912,0.14,0.14,300.31573
49,2026-03-22,50,-17.776623,146.45274,9,2.36,1,Moderate (1-50%),0.0436,0.6925,0.2639,0.9564,1.67,1.67,301.60284
49,2026-03-22,51,-16.284166,145.4936,3,2.23,1,Moderate (1-50%),0.0077,0.5394,0.4529,0.9923,5.32,5.32,301.7757
49,2026-03-22,52,-15.71492,145.45647,5,2.28,2,Severe (>50%),0.0067,0.4689,0.5243,0.9933,3.08,3.08,301.79144
49,2026-03-22,53,-22.2081,150.33665,2,2.23,1,Moderate (1-50%),0.1393,0.7105,0.1502,0.8607,0.0,0.0,300.61572
49,2026-03-22,54,-22.024067,150.66617,3,0.92,1,Moderate (1-50%),0.0287,0.8518,0.1195,0.9713,0.3,0.3,300.9957
49,2026-03-22,55,-22.018534,150.34753,3,2.43,1,Moderate (1-50%),0.0589,0.7974,0.1437,0.9411,0.0,0.0,300.79
49,2026-03-22,56,-21.95394,150.1631,5,2.64,1,Moderate (1-50%),0.0871,0.8369,0.076,0.9129,0.0,0.0,300.66
49,2026-03-22,57,-21.6832,150.28384,4,1.29,1,Moderate (1-50%),0.0678,0.8909,0.0413,0.9322,0.0,0.0,300.95285
49,2026-03-22,58,-21.455212,149.86604,8,2.39,1,Moderate (1-50%),0.0564,0.8756,0.0681,0.9436,0.15,0.15,300.89426
49,2026-03-22,59,-18.062532,146.56087,3,2.04,1,Moderate (1-50%),0.0435,0.6607,0.2958,0.9565,1.44,1.44,301.60715
49,2026-03-22,60,-23.958666,151.47777,3,1.84,1,Moderate (1-50%),0.0205,0.885,0.0945,0.9795,1.4828571,0.9,299.75568
49,2026-03-22,61,-23.767967,151.33594,3,1.36,1,Moderate (1-50%),0.01,0.9003,0.0897,0.99,1.86,1.0957143,299.72858
49,2026-03-22,62,-23.5347,151.73087,3,1.23,1,Moderate (1-50%),0.0161,0.8833,0.1006,0.9839,0.17,0.17,300.0557
49,2026-03-22,63,-19.2064,147.0493,3,3.28,1,Moderate (1-50%),0.1425,0.7543,0.1032,0.8575,0.76,0.76,301.22284
49,2026-03-22,64,-18.0518,146.78749,12,2.9,1,Moderate (1-50%),0.0366,0.6088,0.3546,0.9634,1.66,1.66,301.6743
49,2026-03-22,65,-18.008833,146.16989,9,1.88,1,Moderate (1-50%),0.0798,0.7849,0.1353,0.9202,0.99,0.99,301.53287
49,2026-03-22,66,-17.721071,146.1557,7,2.09,1,Moderate (1-50%),0.0144,0.6862,0.2994,0.9856,2.6,2.6,301.63715
49,2026-03-22,67,-17.467283,146.3924,6,2.04,2,Severe (>50%),0.0091,0.4731,0.5178,0.9909,2.99,2.99,301.53
49,2026-03-22,68,-17.20583,146.07251,10,2.15,1,Moderate (1-50%),0.0107,0.5783,0.411,0.9893,3.81,3.81,301.51
49,2026-03-22,69,-16.545633,145.52946,3,2.34,2,Severe (>50%),0.0057,0.413,0.5812,0.9943,5.09,5.09,301.75287
49,2026-03-22,70,-16.379562,145.56004,47,1.67,1,Moderate (1-50%),0.0108,0.6053,0.3839,0.9892,5.1,5.1,301.75143
49,2026-03-22,71,-15.9993,145.4327,3,2.82,1,Moderate (1-50%),0.0048,0.6229,0.3724,0.9952,3.5,3.5,301.74286
49,2026-03-22,72,-15.156473,145.46036,11,2.59,2,Severe (>50%),0.004,0.2615,0.7345,0.996,3.04,3.04,301.76715
49,2026-03-22,73,-11.8956,143.1068,2,3.03,1,Moderate (1-50%),0.1026,0.6672,0.2302,0.8974,0.98,0.8314286,302.0757
49,2026-03-22,74,-10.14675,151.16306,2,3.4,2,Severe (>50%),0.0008,0.1136,0.8856,0.9992,12.441428,12.21,302.97574
49,2026-03-22,75,-18.4208,147.34987,3,2.66,1,Moderate (1-50%),0.0155,0.791,0.1935,0.9845,1.5,1.4142857,301.75424
49,2026-03-22,76,-19.54529,149.26216,28,2.63,1,Moderate (1-50%),0.0431,0.8603,0.0967,0.9569,0.0,0.0,301.2357
49,2026-03-22,77,-18.665953,147.07942,15,1.11,1,Moderate (1-50%),0.0503,0.8727,0.077,0.9497,0.76,0.76,301.52286
49,2026-03-22,78,-18.441046,146.99043,15,2.42,1,Moderate (1-50%),0.0226,0.7987,0.1787,0.9774,2.07,2.07,301.56143
49,2026-03-22,79,-22.0,152.67,2,2.83,1,Moderate (1-50%),0.0344,0.8917,0.0739,0.9656,0.0,0.0,300.79
49,2026-03-22,80,-18.402128,146.79951,11,3.63,1,Moderate (1-50%),0.0263,0.8369,0.1368,0.9737,1.54,1.54,301.49713
49,2026-03-22,81,-18.52425,147.1444,2,2.05,1,Moderate (1-50%),0.0522,0.8172,0.1306,0.9478,0.77,0.77,301.6157
49,2026-03-22,82,-21.3925,152.50706,5,2.69,1,Moderate (1-50%),0.0506,0.8834,0.066,0.9494,0.0,0.0,301.03287
49,2026-03-22,83,-21.121021,152.48535,9,1.16,1,Moderate (1-50%),0.0246,0.9242,0.0512,0.9754,0.33,0.33,301.14713
49,2026-03-22,84,-21.106472,152.2254,11,2.06,1,Moderate (1-50%),0.032,0.9217,0.0463,0.968,0.34,0.34,301.1443
49,2026-03-22,85,-20.96795,149.75764,2,1.96,1,Moderate (1-50%),0.0564,0.8906,0.053,0.9436,0.0,0.0,301.26
49,2026-03-22,86,-20.928566,150.04893,3,2.52,1,Moderate (1-50%),0.038,0.9017,0.0603,0.962,0.15,0.15,301.2571
49,2026-03-22,87,-19.68672,149.93729,5,1.83,1,Moderate (1-50%),0.0186,0.891,0.0904,0.9814,0.74,0.74,301.16855
49,2026-03-22,88,-19.501034,148.7524,3,3.57,1,Moderate (1-50%),0.0705,0.8552,0.0743,0.9295,0.0,0.0,301.12857
49,2026-03-22,89,-19.3041,148.6315,4,2.42,1,Moderate (1-50%),0.0353,0.8134,0.1513,0.9647,0.3,0.3,301.22574
49,2026-03-22,90,-19.20995,148.542,2,2.45,1,Moderate (1-50%),0.0414,0.7344,0.2241,0.9586,0.31,0.31,301.33286
49,2026-03-22,91,-18.82149,147.65489,18,2.15,1,Moderate (1-50%),0.0422,0.8821,0.0757,0.9578,0.0,0.0,301.40714
49,2026-03-22,92,-17.5251,146.52454,3,0.05,1,Moderate (1-50%),0.0164,0.5253,0.4583,0.9836,2.56,2.56,301.72
49,2026-03-22,93,-14.88175,145.50227,6,2.56,2,Severe (>50%),0.0042,0.3086,0.6872,0.9958,4.39,4.365714,301.75858
49,2026-03-22,94,-24.112192,152.71562,14,1.71,1,Moderate (1-50%),0.0203,0.9604,0.0194,0.9797,0.14,0.14,300.54288
49,2026-03-22,95,-19.449833,148.86703,3,2.89,1,Moderate (1-50%),0.04,0.8637,0.0964,0.96,0.15,0.15,301.1557
49,2026-03-22,96,-16.409634,145.74434,3,2.68,1,Moderate (1-50%),0.0068,0.5471,0.446,0.9932,5.17,5.17,301.69
49,2026-03-22,97,-12.67815,143.5829,2,0.93,1,Moderate (1-50%),0.0063,0.7899,0.2038,0.9937,2.92,2.7828572,301.96
49,2026-03-22,98,-12.2257,143.2841,2,0.99,1,Moderate (1-50%),0.0659,0.7169,0.2172,0.9341,1.34,1.2,302.15283
49,2026-03-22,99,-11.782,142.95316,5,2.5,1,Moderate (1-50%),0.0914,0.5174,0.3912,0.9086,1.32,0.68285716,302.08716
49,2026-03-22,100,-11.7694,143.09245,2,2.0,1,Moderate (1-50%),0.1185,0.5244,0.3571,0.8815,1.01,0.6514286,302.08282
49,2026-03-22,101,-11.482866,143.01598,9,1.32,1,Moderate (1-50%),0.0995,0.6726,0.2279,0.9005,1.59,0.8214286,302.09
49,2026-03-22,102,-11.191144,142.98755,9,2.26,1,Moderate (1-50%),0.0928,0.5509,0.3564,0.9072,2.392857,1.4942857,302.02
49,2026-03-22,103,-14.610958,145.62405,19,1.56,2,Severe (>50%),0.0042,0.2911,0.7048,0.9958,4.64,4.615714,301.81714
49,2026-03-22,104,-14.704066,145.44646,9,3.28,2,Severe (>50%),0.0039,0.3866,0.6095,0.9961,5.12,5.032857,301.85
49,2026-03-22,105,-23.32,151.98,2,0.75,1,Moderate (1-50%),0.0147,0.9213,0.064,0.9853,0.61,0.61,300.3857
49,2026-03-22,106,-18.26362,147.38202,5,1.47,1,Moderate (1-50%),0.007,0.5181,0.4749,0.993,2.65,2.5,301.72144
49,2026-03-22,107,-14.0,146.0,2,3.87,2,Severe (>50%),0.0117,0.3776,0.6107,0.9883,5.01,4.5771427,302.02426
49,2026-03-22,108,-21.87,152.19,2,1.64,1,Moderate (1-50%),0.0387,0.891,0.0703,0.9613,0.15,0.15,300.91287
49,2026-03-22,109,-21.13605,150.77615,2,1.23,1,Moderate (1-50%),0.0201,0.9393,0.0406,0.9799,0.18,0.18,301.18
49,2026-03-22,110,-20.66895,150.2588,2,1.81,1,Moderate (1-50%),0.0401,0.8819,0.078,0.9599,0.17,0.17,301.1957
49,2026-03-22,111,-20.08315,149.93718,4,1.56,1,Moderate (1-50%),0.0361,0.8866,0.0773,0.9639,0.0,0.0,301.11856
49,2026-03-22,112,-19.6179,149.67664,3,0.81,1,Moderate (1-50%),0.0218,0.8531,0.1251,0.9782,0.15,0.15,301.18
49,2026-03-22,113,-18.791527,147.52235,34,1.86,1,Moderate (1-50%),0.0437,0.879,0.0774,0.9563,0.14,0.06,301.4
49,2026-03-22,114,-18.53455,147.49355,4,2.22,1,Moderate (1-50%),0.042,0.805,0.1531,0.958,0.61,0.4542857,301.70145
49,2026-03-22,115,-18.1362,146.9716,2,1.3,2,Severe (>50%),0.0055,0.3224,0.6721,0.9945,3.15,3.15,301.67572
49,2026-03-22,116,-15.359506,145.7791,18,1.78,2,Severe (>50%),0.0046,0.4152,0.5802,0.9954,4.22,4.22,301.9114
49,2026-03-22,117,-14.925742,145.68793,38,1.39,2,Severe (>50%),0.0038,0.3741,0.6221,0.9962,5.18,5.1128573,301.7757
49,2026-03-22,118,-15.02785,145.56805,2,0.81,2,Severe (>50%),0.0045,0.4075,0.588,0.9955,4.01,3.9871428,301.7357
49,2026-03-22,119,-12.767325,143.42282,4,0.89,1,Moderate (1-50%),0.0096,0.7275,0.2628,0.9904,3.62,3.0514286,301.98
49,2026-03-22,120,-11.997334,143.27243,6,2.5,1,Moderate (1-50%),0.0865,0.7167,0.1967,0.9135,0.98,0.6742857,302.06714
49,2026-03-22,121,-11.0088,142.98685,2,2.22,1,Moderate (1-50%),0.0942,0.5268,0.379,0.9058,3.0757143,2.0828571,302.03
49,2026-03-22,122,-20.751085,149.4548,7,3.39,1,Moderate (1-50%),0.0987,0.7933,0.1079,0.9013,0.0,0.0,301.16428
49,2026-03-22,123,-18.65635,147.71594,2,2.28,1,Moderate (1-50%),0.0352,0.8209,0.144,0.9648,0.16,0.16,301.5857
49,2026-03-22,124,-12.470825,143.48958,4,1.65,1,Moderate (1-50%),0.0298,0.8073,0.1629,0.9702,2.1,1.9657143,301.99142
49,2026-03-22,125,-12.30835,143.37485,2,1.85,1,Moderate (1-50%),0.0411,0.7808,0.1781,0.9589,1.88,1.7457143,302.07712
49,2026-03-22,126,-10.69155,142.73485,2,2.13,1,Moderate (1-50%),0.074,0.8013,0.1247,0.926,2.94,1.6171429,301.95428
49,2026-03-22,127,-18.9561,146.9562,15,2.89,1,Moderate (1-50%),0.1818,0.7433,0.0749,0.8182,0.0,0.0,301.31427
49,2026-03-22,128,-13.844505,146.55128,41,3.35,2,Severe (>50%),0.012,0.2728,0.7152,0.988,6.23,5.5414286,301.9086
49,2026-03-22,129,-16.22582,146.00262,10,2.39,2,Severe (>50%),0.0039,0.1801,0.816,0.9961,4.42,4.42,301.81284
49,2026-03-22,130,-15.51399,145.77756,20,1.25,2,Severe (>50%),0.0055,0.4109,0.5836,0.9945,4.42,4.42,301.9057
49,2026-03-22,131,-16.0,145.9667,2,2.92,2,Severe (>50%),0.0043,0.1449,0.8508,0.9957,5.39,5.39,301.8986
49,2026-03-22,132,-17.0,149.1,4,3.85,1,Moderate (1-50%),0.0744,0.8189,0.1067,0.9256,0.61,0.61,301.75
50,2026-03-29,0,-19.166714,146.84863,209,2.65,1,Moderate (1-50%),0.0176,0.745,0.2375,0.9824,1.4357142,1.26,301.35715
50,2026-03-29,1,-18.646925,146.54514,149,3.23,1,Moderate (1-50%),0.0371,0.7265,0.2364,0.9629,0.6,0.6,301.3457
50,2026-03-29,2,-10.2196665,150.84866,3,2.66,2,Severe (>50%),0.001,0.0626,0.9364,0.999,10.547143,9.458571,302.98285
50,2026-03-29,3,-23.443886,151.92134,187,2.13,1,Moderate (1-50%),0.0639,0.8214,0.1147,0.9361,0.47,0.47,300.05426
50,2026-03-29,4,-18.75,146.25,2,3.83,1,Moderate (1-50%),0.0089,0.7901,0.201,0.9911,2.13,1.97,301.5557
50,2026-03-29,5,-23.146168,150.95728,60,2.97,1,Moderate (1-50%),0.1227,0.8462,0.0311,0.8773,1.7,1.7,299.69998
50,2026-03-29,6,-19.760475,149.15018,69,3.06,1,Moderate (1-50%),0.0896,0.8646,0.0459,0.9104,0.0,0.0,301.1157
50,2026-03-29,7,-18.227266,146.74213,3,1.83,1,Moderate (1-50%),0.0084,0.8394,0.1522,0.9916,1.7,1.7,301.52426
50,2026-03-29,8,-19.020872,146.6052,11,2.13,1,Moderate (1-50%),0.0749,0.7363,0.1887,0.9251,0.17,0.14,301.3686
50,2026-03-29,9,-18.739391,147.2709,12,1.66,1,Moderate (1-50%),0.0235,0.9119,0.0646,0.9765,0.15,0.15,301.44427
50,2026-03-29,10,-17.885866,146.59,3,2.0,1,Moderate (1-50%),0.0088,0.869,0.1222,0.9912,1.48,1.48,301.52856
50,2026-03-29,11,-17.239176,146.34703,8,2.82,1,Moderate (1-50%),0.0059,0.5256,0.4685,0.9941,2.92,2.92,301.52426
50,2026-03-29,12,-20.237434,148.9795,103,1.46,1,Moderate (1-50%),0.1046,0.8577,0.0377,0.8954,0.0,0.0,300.99286
50,2026-03-29,13,-20.3759,150.17145,8,0.38,1,Moderate (1-50%),0.0308,0.9396,0.0295,0.9692,0.0,0.0,301.06427
50,2026-03-29,14,-20.251957,148.81541,23,2.75,1,Moderate (1-50%),0.1291,0.8277,0.0432,0.8709,0.0,0.0,300.88004
50,2026-03-29,15,-20.090439,148.5869,23,2.12,1,Moderate (1-50%),0.0599,0.8865,0.0537,0.9401,0.16,0.16,301.0557
50,2026-03-29,16,-20.022484,148.28569,12,1.15,1,Moderate (1-50%),0.0499,0.8507,0.0994,0.9501,0.48,0.48,300.97287
50,2026-03-29,17,-19.86675,147.92262,4,0.95,1,Moderate (1-50%),0.0157,0.8399,0.1444,0.9843,0.66,0.66,301.07144
50,2026-03-29,18,-23.992844,151.69751,7,3.03,1,Moderate (1-50%),0.189,0.7927,0.0184,0.811,0.51,0.35,299.46854
50,2026-03-29,19,-23.520433,151.2612,3,1.5,1,Moderate (1-50%),0.2072,0.7757,0.0171,0.7928,0.93,0.64,299.58713
50,2026-03-29,20,-23.408117,151.1666,6,2.06,1,Moderate (1-50%),0.1815,0.8014,0.0171,0.8185,1.2371428,0.99,299.5957
50,2026-03-29,21,-23.326,150.92995,2,0.52,1,Moderate (1-50%),0.154,0.8294,0.0166,0.846,2.2371428,1.82,299.6328
50,2026-03-29,22,-21.991533,152.46994,3,1.91,1,Moderate (1-50%),0.0612,0.8866,0.0522,0.9388,0.0,0.0,300.56284
50,2026-03-29,23,-20.911617,149.42245,11,1.51,1,Moderate (1-50%),0.0914,0.8609,0.0477,0.9086,0.15,0.15,300.75143
50,2026-03-29,24,-20.758585,150.43915,7,2.34,1,Moderate (1-50%),0.0331,0.9414,0.0255,0.9669,0.17,0.0,301.03287
50,2026-03-29,25,-19.7155,147.77403,7,1.06,1,Moderate (1-50%),0.0193,0.7422,0.2385,0.9807,0.15,0.15,301.17285
50,2026-03-29,26,-19.34095,148.0835,2,1.99,1,Moderate (1-50%),0.0455,0.866,0.0885,0.9545,0.0,0.0,301.28287
50,2026-03-29,27,-19.32325,148.4333,2,0.89,1,Moderate (1-50%),0.075,0.8275,0.0975,0.925,0.0,0.0,301.22998
50,2026-03-29,28,-19.311234,148.34396,3,2.51,1,Moderate (1-50%),0.0635,0.8625,0.074,0.9365,0.0,0.0,301.26712
50,2026-03-29,29,-19.2076,148.8596,2,2.52,1,Moderate (1-50%),0.0252,0.8988,0.076,0.9748,0.47,0.47,301.12714
50,2026-03-29,30,-19.11165,148.33365,6,1.74,1,Moderate (1-50%),0.0306,0.8377,0.1317,0.9694,0.3,0.3,301.22998
50,2026-03-29,31,-18.9913,148.06412,6,2.14,1,Moderate (1-50%),0.0171,0.8355,0.1474,0.9829,0.0,0.0,301.38858
50,2026-03-29,32,-18.847086,147.91052,7,2.89,1,Moderate (1-50%),0.0148,0.798,0.1872,0.9852,0.16,0.16,301.44144
50,2026-03-29,33,-18.1497,146.28976,3,3.16,1,Moderate (1-50%),0.0203,0.7556,0.2241,0.9797,1.27,1.27,301.43997
50,2026-03-29,34,-17.6551,146.49199,6,2.85,1,Moderate (1-50%),0.0087,0.8379,0.1534,0.9913,2.03,2.03,301.52286
50,2026-03-29,35,-17.34235,146.52235,4,1.95,1,Moderate (1-50%),0.0039,0.6627,0.3334,0.9961,3.16,3.16,301.59286
50,2026-03-29,36,-16.871353,146.21158,88,1.49,1,Moderate (1-50%),0.0043,0.5832,0.4125,0.9957,4.22,4.22,301.5014
50,2026-03-29,37,-16.935507,145.98845,13,1.85,1,Moderate (1-50%),0.0048,0.5967,0.3985,0.9952,4.92,4.92,301.41284
50,2026-03-29,38,-16.52347,145.99037,108,1.65,2,Severe (>50%),0.007,0.4908,0.5022,0.993,4.85,4.85,301.48856
50,2026-03-29,39,-16.12418,145.83456,243,1.03,1,Moderate (1-50%),0.0075,0.5519,0.4406,0.9925,4.59,4.59,301.67572
50,2026-03-29,40,-15.77885,145.58086,2,0.76,1,Moderate (1-50%),0.0068,0.7738,0.2194,0.9932,3.72,3.72,301.54858
50,2026-03-29,41,-15.499777,145.51018,13,3.18,1,Moderate (1-50%),0.0051,0.7547,0.2402,0.9949,3.49,3.49,301.60715
50,2026-03-29,42,-14.85125,145.27235,2,2.66,2,Severe (>50%),0.0033,0.4611,0.5356,0.9967,4.48,4.3,301.60715
50,2026-03-29,43,-14.728744,145.10814,16,1.86,2,Severe (>50%),0.003,0.4605,0.5365,0.997,5.68,5.35,301.68286
50,2026-03-29,44,-14.4546,144.90607,7,3.05,1,Moderate (1-50%),0.0041,0.5069,0.489,0.9959,5.52,5.337143,301.74142
50,2026-03-29,45,-14.1632,144.26332,5,1.82,2,Severe (>50%),0.0127,0.4765,0.5108,0.9873,3.7585714,3.7585714,301.84427
50,2026-03-29,46,-14.13435,144.5049,2,2.4,2,Severe (>50%),0.0055,0.4881,0.5064,0.9945,5.562857,5.29,301.74
50,2026-03-29,47,-14.07125,143.8833,2,0.99,1,Moderate (1-50%),0.035,0.6899,0.2751,0.965,2.72,2.6285715,301.97144
50,2026-03-29,48,-13.922125,143.78668,4,1.3,1,Moderate (1-50%),0.0266,0.6489,0.3244,0.9734,2.85,2.7585714,302.00568
50,2026-03-29,49,-23.6966,152.1829,2,2.53,1,Moderate (1-50%),0.0446,0.8487,0.1068,0.9554,0.14,0.14,300.20285
50,2026-03-29,50,-17.776623,146.45274,9,2.36,1,Moderate (1-50%),0.0108,0.8687,0.1205,0.9892,1.67,1.67,301.51
50,2026-03-29,51,-16.284166,145.4936,3,2.23,2,Severe (>50%),0.0041,0.4513,0.5447,0.9959,5.32,5.32,301.57428
50,2026-03-29,52,-15.71492,145.45647,5,2.28,1,Moderate (1-50%),0.0061,0.7421,0.2518,0.9939,3.08,3.08,301.5071
50,2026-03-29,53,-22.2081,150.33665,2,2.23,1,Moderate (1-50%),0.2073,0.7295,0.0633,0.7927,0.0,0.0,300.08426
50,2026-03-29,54,-22.024067,150.66617,3,0.92,1,Moderate (1-50%),0.0795,0.8662,0.0542,0.9205,0.3,0.3,300.36002
50,2026-03-29,55,-22.018534,150.34753,3,2.43,1,Moderate (1-50%),0.1576,0.7563,0.0861,0.8424,0.0,0.0,300.32568
50,2026-03-29,56,-21.95394,150.1631,5,2.64,1,Moderate (1-50%),0.1666,0.7805,0.0529,0.8334,0.0,0.0,300.43573
50,2026-03-29,57,-21.6832,150.28384,4,1.29,1,Moderate (1-50%),0.0707,0.9002,0.0291,0.9293,0.0,0.0,300.75287
50,2026-03-29,58,-21.455212,149.86604,8,2.39,1,Moderate (1-50%),0.0627,0.8935,0.0438,0.9373,0.15,0.15,300.66574
50,2026-03-29,59,-18.062532,146.56087,3,2.04,1,Moderate (1-50%),0.0091,0.8026,0.1882,0.9909,1.44,1.44,301.51285
50,2026-03-29,60,-23.958666,151.47777,3,1.84,1,Moderate (1-50%),0.254,0.71,0.0361,0.746,1.4828571,0.9,299.44
50,2026-03-29,61,-23.767967,151.33594,3,1.36,1,Moderate (1-50%),0.179,0.7813,0.0397,0.821,1.86,1.01,299.48428
50,2026-03-29,62,-23.5347,151.73087,3,1.23,1,Moderate (1-50%),0.0584,0.8543,0.0874,0.9416,0.17,0.17,299.88428
50,2026-03-29,63,-19.2064,147.0493,3,3.28,1,Moderate (1-50%),0.0465,0.8772,0.0762,0.9535,0.76,0.76,301.30716
50,2026-03-29,64,-18.0518,146.78749,12,2.9,1,Moderate (1-50%),0.006,0.8403,0.1537,0.994,1.66,1.66,301.5557
50,2026-03-29,65,-18.008833,146.16989,9,1.88,1,Moderate (1-50%),0.0274,0.7241,0.2485,0.9726,0.99,0.99,301.43
50,2026-03-29,66,-17.721071,146.1557,7,2.09,1,Moderate (1-50%),0.0088,0.7708,0.2205,0.9912,2.6,2.6,301.4186
50,2026-03-29,67,-17.467283,146.3924,6,2.04,1,Moderate (1-50%),0.0089,0.6163,0.3749,0.9911,2.99,2.99,301.52142
50,2026-03-29,68,-17.20583,146.07251,10,2.15,1,Moderate (1-50%),0.0056,0.7037,0.2908,0.9944,3.81,3.81,301.43
50,2026-03-29,69,-16.545633,145.52946,3,2.34,2,Severe (>50%),0.006,0.4512,0.5428,0.994,5.09,5.09,301.59
50,2026-03-29,70,-16.379562,145.56004,47,1.67,2,Severe (>50%),0.006,0.4783,0.5158,0.994,5.1,5.1,301.5657
50,2026-03-29,71,-15.9993,145.4327,3,2.82,1,Moderate (1-50%),0.0085,0.695,0.2965,0.9915,3.5,3.5,301.4957
50,2026-03-29,72,-15.156473,145.46036,11,2.59,1,Moderate (1-50%),0.004,0.7172,0.2788,0.996,3.04,3.04,301.66144
50,2026-03-29,73,-11.8956,143.1068,2,3.03,1,Moderate (1-50%),0.074,0.8118,0.1141,0.926,0.98,0.62,302.15283
50,2026-03-29,74,-10.14675,151.16306,2,3.4,2,Severe (>50%),0.0009,0.1186,0.8805,0.9991,12.441428,10.915714,302.91998
50,2026-03-29,75,-18.4208,147.34987,3,2.66,1,Moderate (1-50%),0.0067,0.9114,0.0819,0.9933,1.5,1.35,301.52142
50,2026-03-29,76,-19.54529,149.26216,28,2.63,1,Moderate (1-50%),0.049,0.9031,0.0479,0.951,0.0,0.0,301.0657
50,2026-03-29,77,-18.665953,147.07942,15,1.11,1,Moderate (1-50%),0.0133,0.9216,0.0651,0.9867,0.76,0.76,301.45142
50,2026-03-29,78,-18.441046,146.99043,15,2.42,1,Moderate (1-50%),0.0079,0.8383,0.1538,0.9921,2.07,2.07,301.52002
50,2026-03-29,79,-22.0,152.67,2,2.83,1,Moderate (1-50%),0.074,0.8515,0.0745,0.926,0.0,0.0,300.54715
50,2026-03-29,80,-18.402128,146.79951,11,3.63,1,Moderate (1-50%),0.0063,0.8602,0.1335,0.9937,1.54,1.54,301.50998
50,2026-03-29,81,-18.52425,147.1444,2,2.05,1,Moderate (1-50%),0.0099,0.9172,0.0728,0.9901,0.77,0.77,301.50714
50,2026-03-29,82,-21.3925,152.50706,5,2.69,1,Moderate (1-50%),0.048,0.9215,0.0305,0.952,0.0,0.0,300.81143
50,2026-03-29,83,-21.121021,152.48535,9,1.16,1,Moderate (1-50%),0.0604,0.9077,0.0319,0.9396,0.33,0.15,300.83716
50,2026-03-29,84,-21.106472,152.2254,11,2.06,1,Moderate (1-50%),0.0501,0.9035,0.0464,0.9499,0.34,0.15,300.84427
50,2026-03-29,85,-20.96795,149.75764,2,1.96,1,Moderate (1-50%),0.0535,0.9016,0.045,0.9465,0.0,0.0,301.08002
50,2026-03-29,86,-20.928566,150.04893,3,2.52,1,Moderate (1-50%),0.0552,0.9078,0.037,0.9448,0.15,0.0,301.10715
50,2026-03-29,87,-19.68672,149.93729,5,1.83,1,Moderate (1-50%),0.0255,0.9138,0.0607,0.9745,0.74,0.74,300.9714
50,2026-03-29,88,-19.501034,148.7524,3,3.57,1,Moderate (1-50%),0.0987,0.8542,0.047,0.9013,0.0,0.0,301.09714
50,2026-03-29,89,-19.3041,148.6315,4,2.42,1,Moderate (1-50%),0.046,0.8808,0.0732,0.954,0.3,0.3,301.11572
50,2026-03-29,90,-19.20995,148.542,2,2.45,1,Moderate (1-50%),0.0308,0.8713,0.098,0.9692,0.31,0.31,301.16998
50,2026-03-29,91,-18.82149,147.65489,18,2.15,1,Moderate (1-50%),0.0369,0.8947,0.0684,0.9631,0.0,0.0,301.43716
50,2026-03-29,92,-17.5251,146.52454,3,0.05,1,Moderate (1-50%),0.0064,0.794,0.1996,0.9936,2.56,2.56,301.5757
50,2026-03-29,93,-14.88175,145.50227,6,2.56,1,Moderate (1-50%),0.0049,0.5808,0.4143,0.9951,4.39,4.16,301.70428
50,2026-03-29,94,-24.112192,152.71562,14,1.71,1,Moderate (1-50%),0.0431,0.9327,0.0241,0.9569,0.14,0.14,300.45145
50,2026-03-29,95,-19.449833,148.86703,3,2.89,1,Moderate (1-50%),0.0571,0.8957,0.0471,0.9429,0.15,0.15,301.06857
50,2026-03-29,96,-16.409634,145.74434,3,2.68,2,Severe (>50%),0.005,0.4359,0.5591,0.995,5.17,5.17,301.54712
50,2026-03-29,97,-12.67815,143.5829,2,0.93,1,Moderate (1-50%),0.0195,0.8711,0.1094,0.9805,2.92,2.58,301.86572
50,2026-03-29,98,-12.2257,143.2841,2,0.99,1,Moderate (1-50%),0.0522,0.7374,0.2104,0.9478,1.34,1.0,302.02426
50,2026-03-29,99,-11.782,142.95316,5,2.5,1,Moderate (1-50%),0.0617,0.7597,0.1786,0.9383,1.32,0.33,302.1657
50,2026-03-29,100,-11.7694,143.09245,2,2.0,1,Moderate (1-50%),0.0765,0.7409,0.1826,0.9235,1.01,0.29,302.15427
50,2026-03-29,101,-11.482866,143.01598,9,1.32,1,Moderate (1-50%),0.1422,0.6531,0.2047,0.8578,1.59,0.17142858,302.06427
50,2026-03-29,102,-11.191144,142.98755,9,2.26,1,Moderate (1-50%),0.1175,0.5957,0.2868,0.8825,2.392857,0.6342857,302.07144
50,2026-03-29,103,-14.610958,145.62405,19,1.56,2,Severe (>50%),0.0059,0.4696,0.5245,0.9941,4.64,4.26,301.78857
50,2026-03-29,104,-14.704066,145.44646,9,3.28,1,Moderate (1-50%),0.0046,0.6007,0.3948,0.9954,5.12,4.785714,301.6686
50,2026-03-29,105,-23.32,151.98,2,0.75,1,Moderate (1-50%),0.0529,0.7778,0.1693,0.9471,0.61,0.61,300.16287
50,2026-03-29,106,-18.26362,147.38202,5,1.47,1,Moderate (1-50%),0.0096,0.672,0.3184,0.9904,2.65,2.35,301.55426
50,2026-03-29,107,-14.0,146.0,2,3.87,1,Moderate (1-50%),0.0099,0.6162,0.3739,0.9901,5.01,3.29,301.78
50,2026-03-29,108,-21.87,152.19,2,1.64,1,Moderate (1-50%),0.0625,0.908,0.0295,0.9375,0.15,0.15,300.6357
50,2026-03-29,109,-21.13605,150.77615,2,1.23,1,Moderate (1-50%),0.0395,0.9371,0.0235,0.9605,0.18,0.0,301.00998
50,2026-03-29,110,-20.66895,150.2588,2,1.81,1,Moderate (1-50%),0.0333,0.9351,0.0316,0.9667,0.17,0.0,301.01715
50,2026-03-29,111,-20.08315,149.93718,4,1.56,1,Moderate (1-50%),0.0417,0.9284,0.0299,0.9583,0.0,0.0,301.00287
50,2026-03-29,112,-19.6179,149.67664,3,0.81,1,Moderate (1-50%),0.0352,0.8806,0.0841,0.9648,0.15,0.15,301.00143
50,2026-03-29,113,-18.791527,147.52235,34,1.86,1,Moderate (1-50%),0.0258,0.9212,0.0529,0.9742,0.14,0.0,301.45142
50,2026-03-29,114,-18.53455,147.49355,4,2.22,1,Moderate (1-50%),0.0173,0.9195,0.0632,0.9827,0.61,0.3,301.50568
50,2026-03-29,115,-18.1362,146.9716,2,1.3,1,Moderate (1-50%),0.0028,0.7739,0.2233,0.9972,3.15,3.15,301.5557
50,2026-03-29,116,-15.359506,145.7791,18,1.78,1,Moderate (1-50%),0.0058,0.6037,0.3904,0.9942,4.22,4.22,301.77
50,2026-03-29,117,-14.925742,145.68793,38,1.39,1,Moderate (1-50%),0.0042,0.6036,0.3922,0.9958,5.18,4.71,301.76
50,2026-03-29,118,-15.02785,145.56805,2,0.81,1,Moderate (1-50%),0.0059,0.6835,0.3106,0.9941,4.01,3.85,301.7143
50,2026-03-29,119,-12.767325,143.42282,4,0.89,1,Moderate (1-50%),0.0059,0.6859,0.3082,0.9941,3.62,2.81,301.88858
50,2026-03-29,120,-11.997334,143.27243,6,2.5,1,Moderate (1-50%),0.072,0.8191,0.1089,0.928,0.98,0.46,302.09
50,2026-03-29,121,-11.0088,142.98685,2,2.22,1,Moderate (1-50%),0.1001,0.7136,0.1863,0.8999,3.0757143,0.99,302.11285
50,2026-03-29,122,-20.751085,149.4548,7,3.39,1,Moderate (1-50%),0.0728,0.8838,0.0434,0.9272,0.0,0.0,300.96567
50,2026-03-29,123,-18.65635,147.71594,2,2.28,1,Moderate (1-50%),0.0179,0.8991,0.0831,0.9821,0.16,0.16,301.46567
50,2026-03-29,124,-12.470825,143.48958,4,1.65,1,Moderate (1-50%),0.0487,0.8531,0.0982,0.9513,2.1,1.78,301.86282
50,2026-03-29,125,-12.30835,143.37485,2,1.85,1,Moderate (1-50%),0.0431,0.8416,0.1154,0.9569,1.88,1.55,301.93716
50,2026-03-29,126,-10.69155,142.73485,2,2.13,1,Moderate (1-50%),0.1879,0.5801,0.232,0.8121,2.94,0.5557143,302.1
50,2026-03-29,127,-18.9561,146.9562,15,2.89,1,Moderate (1-50%),0.0602,0.859,0.0808,0.9398,0.0,0.0,301.39572
50,2026-03-29,128,-13.844505,146.55128,41,3.35,1,Moderate (1-50%),0.0046,0.6691,0.3263,0.9954,6.23,3.9214287,301.68997
50,2026-03-29,129,-16.22582,146.00262,10,2.39,2,Severe (>50%),0.0043,0.3624,0.6334,0.9957,4.42,4.42,301.63144
50,2026-03-29,130,-15.51399,145.77756,20,1.25,1,Moderate (1-50%),0.0052,0.6236,0.3711,0.9948,4.42,4.42,301.73856
50,2026-03-29,131,-16.0,145.9667,2,2.92,2,Severe (>50%),0.0035,0.4441,0.5524,0.9965,5.39,5.39,301.68286
50,2026-03-29,132,-17.0,149.1,4,3.85,1,Moderate (1-50%),0.015,0.862,0.123,0.985,0.61,0.61,301.59857
51,2026-04-05,0,-19.166714,146.84863,209,2.65,2,Severe (>50%),0.0204,0.4814,0.4982,0.9796,1.4357142,1.26,300.8514
51,2026-04-05,1,-18.646925,146.54514,149,3.23,1,Moderate (1-50%),0.0555,0.6455,0.299,0.9445,0.6,0.6,300.9857
51,2026-04-05,2,-10.2196665,150.84866,3,2.66,2,Severe (>50%),0.0021,0.1274,0.8705,0.9979,10.547143,8.981428,302.87857
51,2026-04-05,3,-23.443886,151.92134,187,2.13,1,Moderate (1-50%),0.0417,0.8581,0.1003,0.9583,0.47,0.47,299.71857
51,2026-04-05,4,-18.75,146.25,2,3.83,2,Severe (>50%),0.0082,0.4037,0.5881,0.9918,2.13,1.97,301.10284
51,2026-04-05,5,-23.146168,150.95728,60,2.97,1,Moderate (1-50%),0.0605,0.823,0.1165,0.9395,1.7,1.7,299.1757
51,2026-04-05,6,-19.760475,149.15018,69,3.06,1,Moderate (1-50%),0.0915,0.8478,0.0606,0.9085,0.0,0.0,300.90997
51,2026-04-05,7,-18.227266,146.74213,3,1.83,1,Moderate (1-50%),0.0065,0.5472,0.4462,0.9935,1.7,1.7,301.21573
51,2026-04-05,8,-19.020872,146.6052,11,2.13,1,Moderate (1-50%),0.0565,0.6836,0.2598,0.9435,0.17,0.14,300.95712
51,2026-04-05,9,-18.739391,147.2709,12,1.66,1,Moderate (1-50%),0.0291,0.7582,0.2127,0.9709,0.15,0.15,301.18997
51,2026-04-05,10,-17.885866,146.59,3,2.0,1,Moderate (1-50%),0.0059,0.5504,0.4437,0.9941,1.48,1.48,301.26
51,2026-04-05,11,-17.239176,146.34703,8,2.82,2,Severe (>50%),0.0028,0.4656,0.5316,0.9972,2.92,2.92,301.2443
51,2026-04-05,12,-20.237434,148.9795,103,1.46,1,Moderate (1-50%),0.0823,0.8369,0.0808,0.9177,0.0,0.0,300.5529
51,2026-04-05,13,-20.3759,150.17145,8,0.38,1,Moderate (1-50%),0.0258,0.9159,0.0583,0.9742,0.0,0.0,300.8057
51,2026-04-05,14,-20.251957,148.81541,23,2.75,1,Moderate (1-50%),0.0805,0.8404,0.0791,0.9195,0.0,0.0,300.35858
51,2026-04-05,15,-20.090439,148.5869,23,2.12,1,Moderate (1-50%),0.0947,0.7202,0.1851,0.9053,0.16,0.16,300.55
51,2026-04-05,16,-20.022484,148.28569,12,1.15,1,Moderate (1-50%),0.0305,0.8043,0.1651,0.9695,0.48,0.48,300.46567
51,2026-04-05,17,-19.86675,147.92262,4,0.95,1,Moderate (1-50%),0.0243,0.737,0.2387,0.9757,0.66,0.66,300.54712
51,2026-04-05,18,-23.992844,151.69751,7,3.03,1,Moderate (1-50%),0.0438,0.9447,0.0116,0.9562,0.51,0.35,298.9043
51,2026-04-05,19,-23.520433,151.2612,3,1.5,1,Moderate (1-50%),0.0707,0.882,0.0472,0.9293,0.93,0.64,299.07
51,2026-04-05,20,-23.408117,151.1666,6,2.06,1,Moderate (1-50%),0.0976,0.8276,0.0748,0.9024,1.2371428,0.99,299.0657
51,2026-04-05,21,-23.326,150.92995,2,0.52,1,Moderate (1-50%),0.0468,0.8883,0.065,0.9532,2.2371428,1.82,298.96857
51,2026-04-05,22,-21.991533,152.46994,3,1.91,1,Moderate (1-50%),0.0463,0.9042,0.0495,0.9537,0.0,0.0,300.28427
51,2026-04-05,23,-20.911617,149.42245,11,1.51,1,Moderate (1-50%),0.0448,0.8959,0.0592,0.9552,0.15,0.15,300.26712
51,2026-04-05,24,-20.758585,150.43915,7,2.34,1,Moderate (1-50%),0.0323,0.9033,0.0644,0.9677,0.17,0.0,300.78714
51,2026-04-05,25,-19.7155,147.77403,7,1.06,1,Moderate (1-50%),0.0269,0.6153,0.3578,0.9731,0.15,0.15,300.71857
51,2026-04-05,26,-19.34095,148.0835,2,1.99,1,Moderate (1-50%),0.0808,0.7402,0.179,0.9192,0.0,0.0,300.9471
51,2026-04-05,27,-19.32325,148.4333,2,0.89,1,Moderate (1-50%),0.0716,0.828,0.1003,0.9284,0.0,0.0,300.93997
51,2026-04-05,28,-19.311234,148.34396,3,2.51,1,Moderate (1-50%),0.0701,0.8278,0.1021,0.9299,0.0,0.0,300.96143
51,2026-04-05,29,-19.2076,148.8596,2,2.52,1,Moderate (1-50%),0.0501,0.8374,0.1125,0.9499,0.47,0.47,300.9114
51,2026-04-05,30,-19.11165,148.33365,6,1.74,1,Moderate (1-50%),0.0607,0.7746,0.1647,0.9393,0.3,0.3,300.90143
51,2026-04-05,31,-18.9913,148.06412,6,2.14,1,Moderate (1-50%),0.0318,0.6942,0.2741,0.9682,0.0,0.0,300.98428
51,2026-04-05,32,-18.847086,147.91052,7,2.89,1,Moderate (1-50%),0.0243,0.677,0.2987,0.9757,0.16,0.16,301.04858
51,2026-04-05,33,-18.1497,146.28976,3,3.16,1,Moderate (1-50%),0.0084,0.6449,0.3467,0.9916,1.27,1.27,301.1186
51,2026-04-05,34,-17.6551,146.49199,6,2.85,1,Moderate (1-50%),0.0074,0.6096,0.3829,0.9926,2.03,2.03,301.25284
51,2026-04-05,35,-17.34235,146.52235,4,1.95,1,Moderate (1-50%),0.0032,0.6583,0.3385,0.9968,3.16,3.16,301.26715
51,2026-04-05,36,-16.871353,146.21158,88,1.49,1,Moderate (1-50%),0.0041,0.5494,0.4466,0.9959,4.22,4.22,301.26855
51,2026-04-05,37,-16.935507,145.98845,13,1.85,1,Moderate (1-50%),0.0055,0.5833,0.4112,0.9945,4.92,4.92,301.11002
51,2026-04-05,38,-16.52347,145.99037,108,1.65,1,Moderate (1-50%),0.0067,0.5487,0.4446,0.9933,4.85,4.85,301.21857
51,2026-04-05,39,-16.12418,145.83456,243,1.03,1,Moderate (1-50%),0.0054,0.5617,0.4329,0.9946,4.59,4.59,301.28714
51,2026-04-05,40,-15.77885,145.58086,2,0.76,1,Moderate (1-50%),0.006,0.7035,0.2906,0.994,3.72,3.72,301.2543
51,2026-04-05,41,-15.499777,145.51018,13,3.18,1,Moderate (1-50%),0.0042,0.7085,0.2873,0.9958,3.49,3.49,301.3
51,2026-04-05,42,-14.85125,145.27235,2,2.66,1,Moderate (1-50%),0.0027,0.7199,0.2774,0.9973,4.48,4.3,301.28714
51,2026-04-05,43,-14.728744,145.10814,16,1.86,1,Moderate (1-50%),0.0021,0.7383,0.2595,0.9979,5.68,5.35,301.30713
51,2026-04-05,44,-14.4546,144.90607,7,3.05,1,Moderate (1-50%),0.0024,0.765,0.2326,0.9976,5.52,5.2,301.37427
51,2026-04-05,45,-14.1632,144.26332,5,1.82,1,Moderate (1-50%),0.0045,0.8312,0.1643,0.9955,3.7585714,3.63,301.59573
51,2026-04-05,46,-14.13435,144.5049,2,2.4,1,Moderate (1-50%),0.003,0.7007,0.2963,0.997,5.562857,5.08,301.44427
51,2026-04-05,47,-14.07125,143.8833,2,0.99,1,Moderate (1-50%),0.0066,0.8261,0.1672,0.9934,2.72,2.56,301.80573
51,2026-04-05,48,-13.922125,143.78668,4,1.3,1,Moderate (1-50%),0.0079,0.7101,0.2819,0.9921,2.85,2.69,301.78427
51,2026-04-05,49,-23.6966,152.1829,2,2.53,1,Moderate (1-50%),0.0248,0.9115,0.0637,0.9752,0.14,0.14,299.94284
51,2026-04-05,50,-17.776623,146.45274,9,2.36,1,Moderate (1-50%),0.0076,0.5922,0.4002,0.9924,1.67,1.67,301.22568
51,2026-04-05,51,-16.284166,145.4936,3,2.23,1,Moderate (1-50%),0.0052,0.5483,0.4465,0.9948,5.32,5.32,301.18716
51,2026-04-05,52,-15.71492,145.45647,5,2.28,1,Moderate (1-50%),0.0055,0.6898,0.3047,0.9945,3.08,3.08,301.20712
51,2026-04-05,53,-22.2081,150.33665,2,2.23,1,Moderate (1-50%),0.0984,0.7346,0.1671,0.9016,0.0,0.0,299.5886
51,2026-04-05,54,-22.024067,150.66617,3,0.92,1,Moderate (1-50%),0.0469,0.7806,0.1726,0.9531,0.3,0.3,300.06714
51,2026-04-05,55,-22.018534,150.34753,3,2.43,1,Moderate (1-50%),0.0585,0.7698,0.1716,0.9415,0.0,0.0,299.82144
51,2026-04-05,56,-21.95394,150.1631,5,2.64,1,Moderate (1-50%),0.075,0.7908,0.1342,0.925,0.0,0.0,299.8943
51,2026-04-05,57,-21.6832,150.28384,4,1.29,1,Moderate (1-50%),0.0399,0.8655,0.0946,0.9601,0.0,0.0,300.25
51,2026-04-05,58,-21.455212,149.86604,8,2.39,1,Moderate (1-50%),0.024,0.9014,0.0746,0.976,0.15,0.15,300.21997
51,2026-04-05,59,-18.062532,146.56087,3,2.04,1,Moderate (1-50%),0.005,0.5051,0.4899,0.995,1.44,1.44,301.22144
51,2026-04-05,60,-23.958666,151.47777,3,1.84,1,Moderate (1-50%),0.0806,0.8789,0.0405,0.9194,1.4828571,0.9,298.77426
51,2026-04-05,61,-23.767967,151.33594,3,1.36,1,Moderate (1-50%),0.0523,0.8978,0.05,0.9477,1.86,1.01,298.8943
51,2026-04-05,62,-23.5347,151.73087,3,1.23,1,Moderate (1-50%),0.0474,0.8398,0.1127,0.9526,0.17,0.17,299.4971
51,2026-04-05,63,-19.2064,147.0493,3,3.28,1,Moderate (1-50%),0.0806,0.6382,0.2813,0.9194,0.76,0.76,300.78854
51,2026-04-05,64,-18.0518,146.78749,12,2.9,1,Moderate (1-50%),0.0066,0.544,0.4494,0.9934,1.66,1.66,301.27286
51,2026-04-05,65,-18.008833,146.16989,9,1.88,1,Moderate (1-50%),0.0266,0.7625,0.2109,0.9734,0.99,0.99,301.09283
51,2026-04-05,66,-17.721071,146.1557,7,2.09,1,Moderate (1-50%),0.0059,0.7055,0.2886,0.9941,2.6,2.6,301.1243
51,2026-04-05,67,-17.467283,146.3924,6,2.04,1,Moderate (1-50%),0.0038,0.5177,0.4785,0.9962,2.99,2.99,301.2557
51,2026-04-05,68,-17.20583,146.07251,10,2.15,1,Moderate (1-50%),0.0039,0.6532,0.343,0.9961,3.81,3.81,301.11713
51,2026-04-05,69,-16.545633,145.52946,3,2.34,1,Moderate (1-50%),0.0048,0.6152,0.38,0.9952,5.09,5.09,301.1743
51,2026-04-05,70,-16.379562,145.56004,47,1.67,2,Severe (>50%),0.0067,0.4853,0.508,0.9933,5.1,5.1,301.16714
51,2026-04-05,71,-15.9993,145.4327,3,2.82,1,Moderate (1-50%),0.0053,0.6545,0.3402,0.9947,3.5,3.5,301.18573
51,2026-04-05,72,-15.156473,145.46036,11,2.59,1,Moderate (1-50%),0.0043,0.654,0.3417,0.9957,3.04,3.04,301.31
51,2026-04-05,73,-11.8956,143.1068,2,3.03,1,Moderate (1-50%),0.0884,0.7218,0.1898,0.9116,0.98,0.62,301.95712
51,2026-04-05,74,-10.14675,151.16306,2,3.4,1,Moderate (1-50%),0.003,0.5596,0.4375,0.997,12.441428,10.097143,302.69855
51,2026-04-05,75,-18.4208,147.34987,3,2.66,1,Moderate (1-50%),0.011,0.6868,0.3022,0.989,1.5,1.35,301.23145
51,2026-04-05,76,-19.54529,149.26216,28,2.63,1,Moderate (1-50%),0.1074,0.808,0.0846,0.8926,0.0,0.0,300.9114
51,2026-04-05,77,-18.665953,147.07942,15,1.11,1,Moderate (1-50%),0.0312,0.7643,0.2045,0.9688,0.76,0.76,301.18143
51,2026-04-05,78,-18.441046,146.99043,15,2.42,1,Moderate (1-50%),0.0099,0.769,0.2211,0.9901,2.07,2.07,301.22998
51,2026-04-05,79,-22.0,152.67,2,2.83,1,Moderate (1-50%),0.0308,0.8711,0.0981,0.9692,0.0,0.0,300.28714
51,2026-04-05,80,-18.402128,146.79951,11,3.63,1,Moderate (1-50%),0.0082,0.6077,0.3841,0.9918,1.54,1.54,301.15854
51,2026-04-05,81,-18.52425,147.1444,2,2.05,1,Moderate (1-50%),0.0359,0.8008,0.1633,0.9641,0.77,0.77,301.2143
51,2026-04-05,82,-21.3925,152.50706,5,2.69,1,Moderate (1-50%),0.0557,0.8956,0.0487,0.9443,0.0,0.0,300.60428
51,2026-04-05,83,-21.121021,152.48535,9,1.16,1,Moderate (1-50%),0.0417,0.9141,0.0442,0.9583,0.33,0.15,300.71713
51,2026-04-05,84,-21.106472,152.2254,11,2.06,1,Moderate (1-50%),0.0375,0.9191,0.0434,0.9625,0.34,0.15,300.6743
51,2026-04-05,85,-20.96795,149.75764,2,1.96,1,Moderate (1-50%),0.0465,0.8432,0.1103,0.9535,0.0,0.0,300.73856
51,2026-04-05,86,-20.928566,150.04893,3,2.52,1,Moderate (1-50%),0.0479,0.811,0.1411,0.9521,0.15,0.0,300.7557
51,2026-04-05,87,-19.68672,149.93729,5,1.83,1,Moderate (1-50%),0.0326,0.8881,0.0793,0.9674,0.74,0.74,300.87573
51,2026-04-05,88,-19.501034,148.7524,3,3.57,1,Moderate (1-50%),0.0797,0.8527,0.0677,0.9203,0.0,0.0,300.88858
51,2026-04-05,89,-19.3041,148.6315,4,2.42,1,Moderate (1-50%),0.0608,0.8465,0.0926,0.9392,0.3,0.3,300.8743
51,2026-04-05,90,-19.20995,148.542,2,2.45,1,Moderate (1-50%),0.0565,0.855,0.0884,0.9435,0.31,0.31,300.88718
51,2026-04-05,91,-18.82149,147.65489,18,2.15,1,Moderate (1-50%),0.0634,0.8133,0.1233,0.9366,0.0,0.0,301.11996
51,2026-04-05,92,-17.5251,146.52454,3,0.05,1,Moderate (1-50%),0.0044,0.7082,0.2874,0.9956,2.56,2.56,301.28427
51,2026-04-05,93,-14.88175,145.50227,6,2.56,1,Moderate (1-50%),0.0037,0.6445,0.3518,0.9963,4.39,4.08,301.40717
51,2026-04-05,94,-24.112192,152.71562,14,1.71,1,Moderate (1-50%),0.0233,0.9481,0.0286,0.9767,0.14,0.14,300.08856
51,2026-04-05,95,-19.449833,148.86703,3,2.89,1,Moderate (1-50%),0.0999,0.8109,0.0892,0.9001,0.15,0.15,300.86996
51,2026-04-05,96,-16.409634,145.74434,3,2.68,2,Severe (>50%),0.0066,0.4965,0.4968,0.9934,5.17,5.17,301.16855
51,2026-04-05,97,-12.67815,143.5829,2,0.93,1,Moderate (1-50%),0.0073,0.8528,0.14,0.9927,2.92,2.58,301.67856
51,2026-04-05,98,-12.2257,143.2841,2,0.99,1,Moderate (1-50%),0.0619,0.7706,0.1675,0.9381,1.34,1.0,301.8357
51,2026-04-05,99,-11.782,142.95316,5,2.5,1,Moderate (1-50%),0.1473,0.5714,0.2813,0.8527,1.32,0.33,302.07855
51,2026-04-05,100,-11.7694,143.09245,2,2.0,1,Moderate (1-50%),0.1108,0.6911,0.1982,0.8892,1.01,0.29,301.99713
51,2026-04-05,101,-11.482866,143.01598,9,1.32,1,Moderate (1-50%),0.1648,0.602,0.2331,0.8352,1.59,0.0,302.02
51,2026-04-05,102,-11.191144,142.98755,9,2.26,1,Moderate (1-50%),0.1876,0.6096,0.2028,0.8124,2.392857,0.15,302.06
51,2026-04-05,103,-14.610958,145.62405,19,1.56,1,Moderate (1-50%),0.0044,0.6102,0.3854,0.9956,4.64,3.94,301.49142
51,2026-04-05,104,-14.704066,145.44646,9,3.28,1,Moderate (1-50%),0.0044,0.7012,0.2944,0.9956,5.12,4.64,301.3686
51,2026-04-05,105,-23.32,151.98,2,0.75,1,Moderate (1-50%),0.0425,0.822,0.1355,0.9575,0.61,0.61,299.83002
51,2026-04-05,106,-18.26362,147.38202,5,1.47,1,Moderate (1-50%),0.0066,0.5311,0.4623,0.9934,2.65,2.35,301.18573
51,2026-04-05,107,-14.0,146.0,2,3.87,1,Moderate (1-50%),0.0328,0.7775,0.1897,0.9672,5.01,2.3885715,301.7271
51,2026-04-05,108,-21.87,152.19,2,1.64,1,Moderate (1-50%),0.0671,0.863,0.0699,0.9329,0.15,0.15,300.35
51,2026-04-05,109,-21.13605,150.77615,2,1.23,1,Moderate (1-50%),0.0258,0.9128,0.0614,0.9742,0.18,0.0,300.7314
51,2026-04-05,110,-20.66895,150.2588,2,1.81,1,Moderate (1-50%),0.0293,0.9024,0.0683,0.9707,0.17,0.0,300.77286
51,2026-04-05,111,-20.08315,149.93718,4,1.56,1,Moderate (1-50%),0.0845,0.8498,0.0657,0.9155,0.0,0.0,300.84427
51,2026-04-05,112,-19.6179,149.67664,3,0.81,1,Moderate (1-50%),0.038,0.8921,0.0699,0.962,0.15,0.15,300.82858
51,2026-04-05,113,-18.791527,147.52235,34,1.86,1,Moderate (1-50%),0.0436,0.8036,0.1529,0.9564,0.14,0.0,301.1843
51,2026-04-05,114,-18.53455,147.49355,4,2.22,1,Moderate (1-50%),0.0248,0.8375,0.1377,0.9752,0.61,0.3,301.20572
51,2026-04-05,115,-18.1362,146.9716,2,1.3,2,Severe (>50%),0.0036,0.4255,0.5709,0.9964,3.15,3.15,301.28287
51,2026-04-05,116,-15.359506,145.7791,18,1.78,1,Moderate (1-50%),0.0047,0.6988,0.2965,0.9953,4.22,4.22,301.39426
51,2026-04-05,117,-14.925742,145.68793,38,1.39,1,Moderate (1-50%),0.0039,0.5456,0.4504,0.9961,5.18,4.56,301.41855
51,2026-04-05,118,-15.02785,145.56805,2,0.81,1,Moderate (1-50%),0.0043,0.6533,0.3424,0.9957,4.01,3.85,301.3986
51,2026-04-05,119,-12.767325,143.42282,4,0.89,1,Moderate (1-50%),0.0092,0.6735,0.3173,0.9908,3.62,2.81,301.7686
51,2026-04-05,120,-11.997334,143.27243,6,2.5,1,Moderate (1-50%),0.0723,0.7461,0.1816,0.9277,0.98,0.46,301.84857
51,2026-04-05,121,-11.0088,142.98685,2,2.22,1,Moderate (1-50%),0.2044,0.6002,0.1954,0.7956,3.0757143,0.46,302.0886
51,2026-04-05,122,-20.751085,149.4548,7,3.39,1,Moderate (1-50%),0.0449,0.8973,0.0579,0.9551,0.0,0.0,300.54428
51,2026-04-05,123,-18.65635,147.71594,2,2.28,1,Moderate (1-50%),0.0232,0.8272,0.1496,0.9768,0.16,0.16,301.12714
51,2026-04-05,124,-12.470825,143.48958,4,1.65,1,Moderate (1-50%),0.053,0.7584,0.1887,0.947,2.1,1.78,301.70856
51,2026-04-05,125,-12.30835,143.37485,2,1.85,1,Moderate (1-50%),0.0804,0.7444,0.1752,0.9196,1.88,1.55,301.76288
51,2026-04-05,126,-10.69155,142.73485,2,2.13,1,Moderate (1-50%),0.1977,0.6329,0.1694,0.8023,2.94,0.34,302.19144
51,2026-04-05,127,-18.9561,146.9562,15,2.89,1,Moderate (1-50%),0.0733,0.7301,0.1967,0.9267,0.0,0.0,300.98856
51,2026-04-05,128,-13.844505,146.55128,41,3.35,1,Moderate (1-50%),0.0077,0.9069,0.0854,0.9923,6.23,2.5428572,301.72284
51,2026-04-05,129,-16.22582,146.00262,10,2.39,1,Moderate (1-50%),0.0046,0.5948,0.4006,0.9954,4.42,4.42,301.29282
51,2026-04-05,130,-15.51399,145.77756,20,1.25,1,Moderate (1-50%),0.0048,0.5945,0.4007,0.9952,4.42,4.42,301.3414
51,2026-04-05,131,-16.0,145.9667,2,2.92,1,Moderate (1-50%),0.0052,0.6694,0.3253,0.9948,5.39,5.39,301.33145
51,2026-04-05,132,-17.0,149.1,4,3.85,1,Moderate (1-50%),0.0261,0.7272,0.2467,0.9739,0.61,0.61,301.38998
52,2026-04-12,0,-19.166714,146.84863,209,2.65,1,Moderate (1-50%),0.1075,0.6998,0.1927,0.8925,1.4357142,1.26,300.0357
52,2026-04-12,1,-18.646925,146.54514,149,3.23,1,Moderate (1-50%),0.0581,0.7525,0.1894,0.9419,0.6,0.6,300.45142
52,2026-04-12,2,-10.2196665,150.84866,3,2.66,2,Severe (>50%),0.0023,0.3937,0.604,0.9977,10.547143,8.734285,302.2757
52,2026-04-12,3,-23.443886,151.92134,187,2.13,1,Moderate (1-50%),0.0599,0.894,0.0461,0.9401,0.47,0.47,299.49146
52,2026-04-12,4,-18.75,146.25,2,3.83,1,Moderate (1-50%),0.0226,0.5702,0.4072,0.9774,2.13,1.97,300.57428
52,2026-04-12,5,-23.146168,150.95728,60,2.97,1,Moderate (1-50%),0.1699,0.8102,0.0199,0.8301,1.7,1.7,298.9243
52,2026-04-12,6,-19.760475,149.15018,69,3.06,1,Moderate (1-50%),0.0961,0.8574,0.0465,0.9039,0.0,0.0,300.37857
52,2026-04-12,7,-18.227266,146.74213,3,1.83,1,Moderate (1-50%),0.0163,0.6742,0.3096,0.9837,1.7,1.7,300.65143
52,2026-04-12,8,-19.020872,146.6052,11,2.13,1,Moderate (1-50%),0.0995,0.8048,0.0956,0.9005,0.17,0.14,300.2857
52,2026-04-12,9,-18.739391,147.2709,12,1.66,1,Moderate (1-50%),0.0818,0.7888,0.1294,0.9182,0.15,0.15,300.64996
52,2026-04-12,10,-17.885866,146.59,3,2.0,1,Moderate (1-50%),0.0104,0.7039,0.2857,0.9896,1.48,1.48,300.71854
52,2026-04-12,11,-17.239176,146.34703,8,2.82,1,Moderate (1-50%),0.0077,0.685,0.3073,0.9923,2.92,2.92,300.7457
52,2026-04-12,12,-20.237434,148.9795,103,1.46,1,Moderate (1-50%),0.1741,0.77,0.056,0.8259,0.0,0.0,299.85428
52,2026-04-12,13,-20.3759,150.17145,8,0.38,1,Moderate (1-50%),0.1031,0.8314,0.0655,0.8969,0.0,0.0,300.3257
52,2026-04-12,14,-20.251957,148.81541,23,2.75,1,Moderate (1-50%),0.2287,0.7281,0.0432,0.7713,0.0,0.0,299.64572
52,2026-04-12,15,-20.090439,148.5869,23,2.12,1,Moderate (1-50%),0.1591,0.7426,0.0983,0.8409,0.16,0.16,299.9
52,2026-04-12,16,-20.022484,148.28569,12,1.15,1,Moderate (1-50%),0.0882,0.8075,0.1043,0.9118,0.48,0.48,299.8686
52,2026-04-12,17,-19.86675,147.92262,4,0.95,1,Moderate (1-50%),0.0778,0.7676,0.1547,0.9222,0.66,0.66,299.86996
52,2026-04-12,18,-23.992844,151.69751,7,3.03,1,Moderate (1-50%),0.1873,0.7936,0.0191,0.8127,0.51,0.35,298.5886
52,2026-04-12,19,-23.520433,151.2612,3,1.5,1,Moderate (1-50%),0.2541,0.7335,0.0123,0.7459,0.93,0.64,298.82144
52,2026-04-12,20,-23.408117,151.1666,6,2.06,1,Moderate (1-50%),0.1495,0.839,0.0115,0.8505,1.2371428,0.99,298.8257
52,2026-04-12,21,-23.326,150.92995,2,0.52,1,Moderate (1-50%),0.1493,0.8314,0.0193,0.8507,2.2371428,1.82,298.81857
52,2026-04-12,22,-21.991533,152.46994,3,1.91,1,Moderate (1-50%),0.0718,0.8616,0.0666,0.9282,0.0,0.0,299.83713
52,2026-04-12,23,-20.911617,149.42245,11,1.51,1,Moderate (1-50%),0.1307,0.8337,0.0356,0.8693,0.15,0.15,299.83856
52,2026-04-12,24,-20.758585,150.43915,7,2.34,1,Moderate (1-50%),0.0846,0.8304,0.085,0.9154,0.17,0.0,300.29715
52,2026-04-12,25,-19.7155,147.77403,7,1.06,1,Moderate (1-50%),0.0463,0.8441,0.1097,0.9537,0.15,0.15,300.04
52,2026-04-12,26,-19.34095,148.0835,2,1.99,1,Moderate (1-50%),0.0909,0.7628,0.1463,0.9091,0.0,0.0,300.44
52,2026-04-12,27,-19.32325,148.4333,2,0.89,1,Moderate (1-50%),0.1323,0.7766,0.0911,0.8677,0.0,0.0,300.5143
52,2026-04-12,28,-19.311234,148.34396,3,2.51,1,Moderate (1-50%),0.1096,0.8085,0.0819,0.8904,0.0,0.0,300.51855
52,2026-04-12,29,-19.2076,148.8596,2,2.52,1,Moderate (1-50%),0.053,0.8542,0.0927,0.947,0.47,0.47,300.54855
52,2026-04-12,30,-19.11165,148.33365,6,1.74,1,Moderate (1-50%),0.0711,0.755,0.1739,0.9289,0.3,0.3,300.45856
52,2026-04-12,31,-18.9913,148.06412,6,2.14,1,Moderate (1-50%),0.0386,0.7959,0.1655,0.9614,0.0,0.0,300.56143
52,2026-04-12,32,-18.847086,147.91052,7,2.89,1,Moderate (1-50%),0.0231,0.7437,0.2331,0.9769,0.16,0.16,300.59146
52,2026-04-12,33,-18.1497,146.28976,3,3.16,1,Moderate (1-50%),0.015,0.7768,0.2082,0.985,1.27,1.27,300.57144
52,2026-04-12,34,-17.6551,146.49199,6,2.85,1,Moderate (1-50%),0.0108,0.7169,0.2723,0.9892,2.03,2.03,300.6643
52,2026-04-12,35,-17.34235,146.52235,4,1.95,1,Moderate (1-50%),0.0046,0.6112,0.3842,0.9954,3.16,3.16,300.79712
52,2026-04-12,36,-16.871353,146.21158,88,1.49,1,Moderate (1-50%),0.0046,0.6446,0.3507,0.9954,4.22,4.22,300.8357
52,2026-04-12,37,-16.935507,145.98845,13,1.85,1,Moderate (1-50%),0.0051,0.589,0.406,0.9949,4.92,4.92,300.55716
52,2026-04-12,38,-16.52347,145.99037,108,1.65,2,Severe (>50%),0.0036,0.4169,0.5796,0.9964,4.85,4.85,300.7686
52,2026-04-12,39,-16.12418,145.83456,243,1.03,1,Moderate (1-50%),0.0064,0.6075,0.3862,0.9936,4.59,4.59,300.82855
52,2026-04-12,40,-15.77885,145.58086,2,0.76,1,Moderate (1-50%),0.0034,0.7096,0.287,0.9966,3.72,3.72,300.7457
52,2026-04-12,41,-15.499777,145.51018,13,3.18,1,Moderate (1-50%),0.0041,0.7818,0.2141,0.9959,3.49,3.49,300.83856
52,2026-04-12,42,-14.85125,145.27235,2,2.66,1,Moderate (1-50%),0.0024,0.685,0.3127,0.9976,4.48,4.3,300.76144
52,2026-04-12,43,-14.728744,145.10814,16,1.86,1,Moderate (1-50%),0.0015,0.7632,0.2353,0.9985,5.68,5.35,300.80142
52,2026-04-12,44,-14.4546,144.90607,7,3.05,1,Moderate (1-50%),0.001,0.6708,0.3282,0.999,5.52,5.2,300.84857
52,2026-04-12,45,-14.1632,144.26332,5,1.82,1,Moderate (1-50%),0.002,0.8439,0.1541,0.998,3.7585714,3.63,301.09857
52,2026-04-12,46,-14.13435,144.5049,2,2.4,1,Moderate (1-50%),0.0009,0.7296,0.2696,0.9991,5.562857,5.08,300.99286
52,2026-04-12,47,-14.07125,143.8833,2,0.99,1,Moderate (1-50%),0.0043,0.9019,0.0938,0.9957,2.72,2.56,301.42856
52,2026-04-12,48,-13.922125,143.78668,4,1.3,1,Moderate (1-50%),0.0037,0.8922,0.1042,0.9963,2.85,2.69,301.39713
52,2026-04-12,49,-23.6966,152.1829,2,2.53,1,Moderate (1-50%),0.0779,0.8103,0.1117,0.9221,0.14,0.14,299.70428
52,2026-04-12,50,-17.776623,146.45274,9,2.36,1,Moderate (1-50%),0.0087,0.8051,0.1861,0.9913,1.67,1.67,300.65854
52,2026-04-12,51,-16.284166,145.4936,3,2.23,2,Severe (>50%),0.0041,0.4793,0.5165,0.9959,5.32,5.32,300.54288
52,2026-04-12,52,-15.71492,145.45647,5,2.28,1,Moderate (1-50%),0.0034,0.7696,0.227,0.9966,3.08,3.08,300.65997
52,2026-04-12,53,-22.2081,150.33665,2,2.23,1,Moderate (1-50%),0.2341,0.6624,0.1035,0.7659,0.0,0.0,299.25287
52,2026-04-12,54,-22.024067,150.66617,3,0.92,1,Moderate (1-50%),0.1281,0.7268,0.1451,0.8719,0.3,0.3,299.64285
52,2026-04-12,55,-22.018534,150.34753,3,2.43,1,Moderate (1-50%),0.2224,0.6848,0.0927,0.7776,0.0,0.0,299.32858
52,2026-04-12,56,-21.95394,150.1631,5,2.64,1,Moderate (1-50%),0.2684,0.6719,0.0597,0.7316,0.0,0.0,299.3814
52,2026-04-12,57,-21.6832,150.28384,4,1.29,1,Moderate (1-50%),0.1174,0.7936,0.0891,0.8826,0.0,0.0,299.6
52,2026-04-12,58,-21.455212,149.86604,8,2.39,1,Moderate (1-50%),0.0997,0.7989,0.1014,0.9003,0.15,0.15,299.74
52,2026-04-12,59,-18.062532,146.56087,3,2.04,1,Moderate (1-50%),0.0108,0.7113,0.278,0.9892,1.44,1.44,300.66
52,2026-04-12,60,-23.958666,151.47777,3,1.84,1,Moderate (1-50%),0.2866,0.6944,0.019,0.7134,1.4828571,0.9,298.53
52,2026-04-12,61,-23.767967,151.33594,3,1.36,1,Moderate (1-50%),0.1629,0.8194,0.0177,0.8371,1.86,1.01,298.6486
52,2026-04-12,62,-23.5347,151.73087,3,1.23,1,Moderate (1-50%),0.1097,0.8441,0.0462,0.8903,0.17,0.17,299.31857
52,2026-04-12,63,-19.2064,147.0493,3,3.28,1,Moderate (1-50%),0.1819,0.768,0.0501,0.8181,0.76,0.76,300.03998
52,2026-04-12,64,-18.0518,146.78749,12,2.9,1,Moderate (1-50%),0.0147,0.6025,0.3828,0.9853,1.66,1.66,300.76288
52,2026-04-12,65,-18.008833,146.16989,9,1.88,1,Moderate (1-50%),0.0207,0.8906,0.0887,0.9793,0.99,0.99,300.56857
52,2026-04-12,66,-17.721071,146.1557,7,2.09,1,Moderate (1-50%),0.0068,0.7652,0.228,0.9932,2.6,2.6,300.58282
52,2026-04-12,67,-17.467283,146.3924,6,2.04,1,Moderate (1-50%),0.0065,0.7023,0.2911,0.9935,2.99,2.99,300.68997
52,2026-04-12,68,-17.20583,146.07251,10,2.15,1,Moderate (1-50%),0.0036,0.8318,0.1646,0.9964,3.81,3.81,300.62857
52,2026-04-12,69,-16.545633,145.52946,3,2.34,1,Moderate (1-50%),0.0045,0.5543,0.4412,0.9955,5.09,5.09,300.53857
52,2026-04-12,70,-16.379562,145.56004,47,1.67,1,Moderate (1-50%),0.004,0.5408,0.4553,0.996,5.1,5.1,300.57144
52,2026-04-12,71,-15.9993,145.4327,3,2.82,1,Moderate (1-50%),0.0028,0.8041,0.193,0.9972,3.5,3.5,300.5757
52,2026-04-12,72,-15.156473,145.46036,11,2.59,1,Moderate (1-50%),0.0047,0.7075,0.2878,0.9953,3.04,3.04,300.89713
52,2026-04-12,73,-11.8956,143.1068,2,3.03,1,Moderate (1-50%),0.1039,0.8238,0.0723,0.8961,0.98,0.62,301.3457
52,2026-04-12,74,-10.14675,151.16306,2,3.4,2,Severe (>50%),0.0014,0.3939,0.6048,0.9986,12.441428,9.23,301.97858
52,2026-04-12,75,-18.4208,147.34987,3,2.66,1,Moderate (1-50%),0.0116,0.826,0.1624,0.9884,1.5,1.3285714,300.73856
52,2026-04-12,76,-19.54529,149.26216,28,2.63,1,Moderate (1-50%),0.1305,0.7844,0.0852,0.8695,0.0,0.0,300.46143
52,2026-04-12,77,-18.665953,147.07942,15,1.11,1,Moderate (1-50%),0.0486,0.8221,0.1293,0.9514,0.76,0.76,300.61426
52,2026-04-12,78,-18.441046,146.99043,15,2.42,1,Moderate (1-50%),0.0181,0.7136,0.2682,0.9819,2.07,2.07,300.70285
52,2026-04-12,79,-22.0,152.67,2,2.83,1,Moderate (1-50%),0.0407,0.87,0.0893,0.9593,0.0,0.0,299.89572
52,2026-04-12,80,-18.402128,146.79951,11,3.63,1,Moderate (1-50%),0.0109,0.7223,0.2668,0.9891,1.54,1.54,300.58716
52,2026-04-12,81,-18.52425,147.1444,2,2.05,1,Moderate (1-50%),0.037,0.7214,0.2416,0.963,0.77,0.77,300.71857
52,2026-04-12,82,-21.3925,152.50706,5,2.69,1,Moderate (1-50%),0.0598,0.8901,0.05,0.9402,0.0,0.0,300.18573
52,2026-04-12,83,-21.121021,152.48535,9,1.16,1,Moderate (1-50%),0.0592,0.869,0.0718,0.9408,0.33,0.15,300.30716
52,2026-04-12,84,-21.106472,152.2254,11,2.06,1,Moderate (1-50%),0.0873,0.8414,0.0713,0.9127,0.34,0.15,300.2957
52,2026-04-12,85,-20.96795,149.75764,2,1.96,1,Moderate (1-50%),0.2637,0.6708,0.0654,0.7363,0.0,0.0,300.23712
52,2026-04-12,86,-20.928566,150.04893,3,2.52,1,Moderate (1-50%),0.2826,0.6476,0.0698,0.7174,0.15,0.0,300.27432
52,2026-04-12,87,-19.68672,149.93729,5,1.83,1,Moderate (1-50%),0.0502,0.8667,0.0831,0.9498,0.74,0.74,300.45575
52,2026-04-12,88,-19.501034,148.7524,3,3.57,1,Moderate (1-50%),0.1159,0.8171,0.067,0.8841,0.0,0.0,300.41284
52,2026-04-12,89,-19.3041,148.6315,4,2.42,1,Moderate (1-50%),0.1009,0.7839,0.1151,0.8991,0.3,0.3,300.43286
52,2026-04-12,90,-19.20995,148.542,2,2.45,1,Moderate (1-50%),0.0798,0.7825,0.1377,0.9202,0.31,0.31,300.45712
52,2026-04-12,91,-18.82149,147.65489,18,2.15,1,Moderate (1-50%),0.0522,0.8587,0.0891,0.9478,0.0,0.0,300.59
52,2026-04-12,92,-17.5251,146.52454,3,0.05,1,Moderate (1-50%),0.0064,0.6376,0.3559,0.9936,2.56,2.56,300.76288
52,2026-04-12,93,-14.88175,145.50227,6,2.56,1,Moderate (1-50%),0.002,0.618,0.38,0.998,4.39,4.08,300.95285
52,2026-04-12,94,-24.112192,152.71562,14,1.71,1,Moderate (1-50%),0.1328,0.7646,0.1026,0.8672,0.14,0.14,299.86002
52,2026-04-12,95,-19.449833,148.86703,3,2.89,1,Moderate (1-50%),0.1465,0.7778,0.0757,0.8535,0.15,0.15,300.44
52,2026-04-12,96,-16.409634,145.74434,3,2.68,2,Severe (>50%),0.004,0.4479,0.5481,0.996,5.17,5.17,300.60428
52,2026-04-12,97,-12.67815,143.5829,2,0.93,1,Moderate (1-50%),0.0065,0.8794,0.1141,0.9935,2.92,2.58,301.19284
52,2026-04-12,98,-12.2257,143.2841,2,0.99,1,Moderate (1-50%),0.0258,0.8481,0.1261,0.9742,1.34,1.0,301.25854
52,2026-04-12,99,-11.782,142.95316,5,2.5,1,Moderate (1-50%),0.146,0.7335,0.1205,0.854,1.32,0.33,301.41998
52,2026-04-12,100,-11.7694,143.09245,2,2.0,1,Moderate (1-50%),0.1269,0.7949,0.0782,0.8731,1.01,0.29,301.3557
52,2026-04-12,101,-11.482866,143.01598,9,1.32,1,Moderate (1-50%),0.1273,0.6555,0.2172,0.8727,1.59,0.0,301.52426
52,2026-04-12,102,-11.191144,142.98755,9,2.26,1,Moderate (1-50%),0.158,0.7639,0.0781,0.842,2.392857,0.15,301.72574
52,2026-04-12,103,-14.610958,145.62405,19,1.56,1,Moderate (1-50%),0.0039,0.675,0.3211,0.9961,4.64,3.94,301.06857
52,2026-04-12,104,-14.704066,145.44646,9,3.28,1,Moderate (1-50%),0.0015,0.6165,0.382,0.9985,5.12,4.64,300.96
52,2026-04-12,105,-23.32,151.98,2,0.75,1,Moderate (1-50%),0.0545,0.8224,0.123,0.9455,0.61,0.61,299.6186
52,2026-04-12,106,-18.26362,147.38202,5,1.47,1,Moderate (1-50%),0.0071,0.8067,0.1862,0.9929,2.65,2.2228572,300.75287
52,2026-04-12,107,-14.0,146.0,2,3.87,1,Moderate (1-50%),0.033,0.83,0.137,0.967,5.01,2.32,301.3357
52,2026-04-12,108,-21.87,152.19,2,1.64,1,Moderate (1-50%),0.0445,0.9154,0.0401,0.9555,0.15,0.15,299.9243
52,2026-04-12,109,-21.13605,150.77615,2,1.23,1,Moderate (1-50%),0.0737,0.844,0.0823,0.9263,0.18,0.0,300.18854
52,2026-04-12,110,-20.66895,150.2588,2,1.81,1,Moderate (1-50%),0.1072,0.8089,0.0839,0.8928,0.17,0.0,300.3043
52,2026-04-12,111,-20.08315,149.93718,4,1.56,1,Moderate (1-50%),0.0984,0.8556,0.046,0.9016,0.0,0.0,300.38715
52,2026-04-12,112,-19.6179,149.67664,3,0.81,1,Moderate (1-50%),0.092,0.8396,0.0684,0.908,0.15,0.15,300.41714
52,2026-04-12,113,-18.791527,147.52235,34,1.86,1,Moderate (1-50%),0.0475,0.8881,0.0644,0.9525,0.14,0.0,300.64285
52,2026-04-12,114,-18.53455,147.49355,4,2.22,1,Moderate (1-50%),0.0359,0.8395,0.1246,0.9641,0.61,0.3,300.73428
52,2026-04-12,115,-18.1362,146.9716,2,1.3,1,Moderate (1-50%),0.0074,0.5588,0.4338,0.9926,3.15,3.03,300.78857
52,2026-04-12,116,-15.359506,145.7791,18,1.78,1,Moderate (1-50%),0.0033,0.5897,0.4071,0.9967,4.22,4.22,300.95712
52,2026-04-12,117,-14.925742,145.68793,38,1.39,1,Moderate (1-50%),0.0032,0.598,0.3987,0.9968,5.18,4.56,301.02856
52,2026-04-12,118,-15.02785,145.56805,2,0.81,1,Moderate (1-50%),0.0031,0.7268,0.2701,0.9969,4.01,3.85,300.9957
52,2026-04-12,119,-12.767325,143.42282,4,0.89,1,Moderate (1-50%),0.0044,0.868,0.1276,0.9956,3.62,2.81,301.17856
52,2026-04-12,120,-11.997334,143.27243,6,2.5,1,Moderate (1-50%),0.1038,0.8098,0.0863,0.8962,0.98,0.46,301.32144
52,2026-04-12,121,-11.0088,142.98685,2,2.22,1,Moderate (1-50%),0.1639,0.764,0.0721,0.8361,3.0757143,0.46,301.7357
52,2026-04-12,122,-20.751085,149.4548,7,3.39,1,Moderate (1-50%),0.1921,0.7401,0.0677,0.8079,0.0,0.0,300.08856
52,2026-04-12,123,-18.65635,147.71594,2,2.28,1,Moderate (1-50%),0.0554,0.8232,0.1213,0.9446,0.16,0.16,300.65427
52,2026-04-12,124,-12.470825,143.48958,4,1.65,1,Moderate (1-50%),0.0199,0.8605,0.1196,0.9801,2.1,1.78,301.2514
52,2026-04-12,125,-12.30835,143.37485,2,1.85,1,Moderate (1-50%),0.0208,0.7834,0.1958,0.9792,1.88,1.55,301.2657
52,2026-04-12,126,-10.69155,142.73485,2,2.13,1,Moderate (1-50%),0.1817,0.71,0.1083,0.8183,2.94,0.34,301.86716
52,2026-04-12,127,-18.9561,146.9562,15,2.89,1,Moderate (1-50%),0.1183,0.8239,0.0578,0.8817,0.0,0.0,300.39716
52,2026-04-12,128,-13.844505,146.55128,41,3.35,1,Moderate (1-50%),0.0123,0.9056,0.0821,0.9877,6.23,2.38,301.49857
52,2026-04-12,129,-16.22582,146.00262,10,2.39,1,Moderate (1-50%),0.0041,0.5303,0.4656,0.9959,4.42,4.42,300.8986
52,2026-04-12,130,-15.51399,145.77756,20,1.25,1,Moderate (1-50%),0.0044,0.5795,0.4161,0.9956,4.42,4.42,300.95996
52,2026-04-12,131,-16.0,145.9667,2,2.92,2,Severe (>50%),0.0041,0.4583,0.5376,0.9959,5.39,5.321429,300.90997
52,2026-04-12,132,-17.0,149.1,4,3.85,1,Moderate (1-50%),0.023,0.8121,0.1649,0.977,0.61,0.61,300.84
