MEAN_LIVE_CORAL,LIVE_CORAL_LAG1,DEAD_CORAL_LAG1,COTS_LAG1,CORAL_TRAJECTORY,YEAR_GAP,DHW_MAX,DHW_MAX_PREV,SSTA_MAX,SSTA_MAX_PREV,LATITUDE,LONGITUDE,SHELF_M,SHELF_O,REEF_ID,REEF_NAME,REPORT_YEAR,SECTOR
11.319,5.625,0.729,0.083,2.78,1.0,6.8100000000000005,6.18,1.87,1.83,-11.0275,143.251,1,0,11016S,MCSWEENEY REEF,2022,CG
13.654,11.319,1.25,0.194,5.694000000000001,1.0,0.78,6.8100000000000005,2.07,1.87,-11.0275,143.251,1,0,11016S,MCSWEENEY REEF,2023,CG
17.25,7.054,0.357,0.0,-0.13399999999999945,1.0,6.55,5.87,1.9,1.85,-11.133333,143.258333,1,0,11029S,MONSOON REEF,2022,CG
21.05,17.25,1.583,0.2,10.196,1.0,0.77,6.55,2.11,1.9,-11.133333,143.258333,1,0,11029S,MONSOON REEF,2023,CG
7.568,3.106,0.379,0.0,-1.016,1.0,5.49,10.27,1.85,1.82,-11.358333,143.333333,1,0,11049S,11049S,2021,CG
19.695,7.568,0.946,0.324,4.462,1.0,5.8100000000000005,5.49,1.91,1.85,-11.358333,143.333333,1,0,11049S,11049S,2022,CG
18.672,19.695,1.829,0.78,12.127,1.0,1.03,5.8100000000000005,2.25,1.91,-11.358333,143.333333,1,0,11049S,11049S,2023,CG
29.194,17.429,0.143,0.0,8.549999999999999,1.0,5.54,4.22,1.88,1.84,-11.6,143.291667,1,0,11162S,11162S,2022,CG
22.083,29.194,0.565,0.065,11.765,1.0,0.62,5.54,2.29,1.88,-11.6,143.291667,1,0,11162S,11162S,2023,CG
52.961,57.167,2.5,0.0,12.693000000000005,3.0,0.0,1.3,1.36,2.0,-11.908333,143.466667,1,0,11184C1,SIR CHARLES HARDY ISLANDS (1),2005,CG
52.059,44.028,2.5,0.0,-17.288000000000004,3.0,0.0,1.3,1.36,2.0,-11.908333,143.466667,1,0,11184C2,SIR CHARLES HARDY ISLANDS (2),2005,CG
10.068,11.97,21.212,0.273,-16.208999999999996,3.0,9.7,2.3000000000000003,1.95,1.74,-11.566667,143.716667,1,0,11211S,PEARSON REEF,2020,CG
18.71,10.068,0.743,0.0,-1.902000000000001,1.0,5.16,9.7,1.59,1.95,-11.566667,143.716667,1,0,11211S,PEARSON REEF,2021,CG
31.836,18.71,0.726,0.0,8.642000000000001,1.0,6.16,5.16,1.89,1.59,-11.566667,143.716667,1,0,11211S,PEARSON REEF,2022,CG
20.286,31.836,1.719,0.0,13.125999999999998,1.0,1.26,6.16,2.29,1.89,-11.566667,143.716667,1,0,11211S,PEARSON REEF,2023,CG
34.375,52.125,16.25,0.0,-11.375,2.0,1.91,1.14,1.42,1.8,-11.763333,143.651667,1,0,11222S2,MIDDLE BANKS (2),2019,CG
49.125,34.375,2.5,0.0,-17.75,1.0,9.68,1.91,1.86,1.42,-11.763333,143.651667,1,0,11222S2,MIDDLE BANKS (2),2020,CG
31.375,49.125,1.75,0.0,14.75,1.0,4.3100000000000005,9.68,1.58,1.86,-11.763333,143.651667,1,0,11222S2,MIDDLE BANKS (2),2021,CG
77.083,31.375,0.25,0.0,-17.75,1.0,5.67,4.3100000000000005,2.03,1.58,-11.763333,143.651667,1,0,11222S2,MIDDLE BANKS (2),2022,CG
68.889,77.083,2.5,0.0,45.708,1.0,0.77,5.67,2.3000000000000003,2.03,-11.763333,143.651667,1,0,11222S2,MIDDLE BANKS (2),2023,CG
50.096,53.021,4.167,0.0,17.339,2.0,1.91,1.14,1.42,1.8,-11.771667,143.658333,1,0,11222S3,MIDDLE BANKS B (3),2019,CG
61.375,50.096,2.5,0.0,-2.9250000000000043,1.0,9.68,1.91,1.86,1.42,-11.771667,143.658333,1,0,11222S3,MIDDLE BANKS B (3),2020,CG
73.021,61.375,1.5,0.0,11.279000000000003,1.0,4.3100000000000005,9.68,1.58,1.86,-11.771667,143.658333,1,0,11222S3,MIDDLE BANKS B (3),2021,CG
64.722,73.021,2.292,0.083,11.646,1.0,5.67,4.3100000000000005,2.03,1.58,-11.771667,143.658333,1,0,11222S3,MIDDLE BANKS B (3),2022,CG
49.479,64.722,1.667,0.0,-8.299000000000007,1.0,0.77,5.67,2.3000000000000003,2.03,-11.771667,143.658333,1,0,11222S3,MIDDLE BANKS B (3),2023,CG
38.864,58.977,4.318,0.0,35.568,2.0,1.92,1.13,1.38,1.79,-11.885167,143.629333,1,0,11237A,ASHMORE BANKS (1),2019,CG
43.229,38.864,2.5,0.0,-20.113,1.0,8.78,1.92,1.78,1.38,-11.885167,143.629333,1,0,11237A,ASHMORE BANKS (1),2020,CG
59.886,43.229,2.5,0.0,4.365000000000002,1.0,4.38,8.78,1.66,1.78,-11.885167,143.629333,1,0,11237A,ASHMORE BANKS (1),2021,CG
86.458,59.886,2.5,0.0,16.657000000000004,1.0,5.36,4.38,2.08,1.66,-11.885167,143.629333,1,0,11237A,ASHMORE BANKS (1),2022,CG
51.591,86.458,1.875,0.0,26.571999999999996,1.0,0.63,5.36,2.33,2.08,-11.885167,143.629333,1,0,11237A,ASHMORE BANKS (1),2023,CG
53.167,54.196,1.964,0.0,27.767,2.0,1.83,1.44,1.29,1.79,-11.88,143.709833,1,0,11237B,ASHMORE BANKS (2),2019,CG
54.375,53.167,1.167,0.0,-1.0289999999999964,1.0,7.52,1.83,1.75,1.29,-11.88,143.709833,1,0,11237B,ASHMORE BANKS (2),2020,CG
62.875,54.375,2.031,0.0,1.2079999999999984,1.0,4.54,7.52,1.57,1.75,-11.88,143.709833,1,0,11237B,ASHMORE BANKS (2),2021,CG
66.875,62.875,0.5,0.0,8.5,1.0,6.12,4.54,2.06,1.57,-11.88,143.709833,1,0,11237B,ASHMORE BANKS (2),2022,CG
72.0,66.875,2.083,0.0,4.0,1.0,0.94,6.12,2.28,2.06,-11.88,143.709833,1,0,11237B,ASHMORE BANKS (2),2023,CG
37.045,58.409,2.5,0.0,35.18,2.0,1.71,1.29,1.36,1.78,-11.926667,143.688167,1,0,11237C,ASHMORE BANKS (3),2019,CG
50.125,37.045,2.273,0.0,-21.363999999999997,1.0,7.52,1.71,1.76,1.36,-11.926667,143.688167,1,0,11237C,ASHMORE BANKS (3),2020,CG
67.188,50.125,1.0,0.0,13.079999999999998,1.0,4.3500000000000005,7.52,1.65,1.76,-11.926667,143.688167,1,0,11237C,ASHMORE BANKS (3),2021,CG
72.031,67.188,0.417,0.0,17.063000000000002,1.0,5.75,4.3500000000000005,2.14,1.65,-11.926667,143.688167,1,0,11237C,ASHMORE BANKS (3),2022,CG
67.875,72.031,2.188,0.0,4.8430000000000035,1.0,0.63,5.75,2.33,2.14,-11.926667,143.688167,1,0,11237C,ASHMORE BANKS (3),2023,CG
35.341,40.313,0.417,0.0,1.0130000000000052,1.0,0.0,3.23,1.88,1.59,-12.233333,143.283333,0,0,12010S,KAY REEF,1995,CG
39.461,35.341,1.212,0.0,-4.972000000000001,1.0,0.8300000000000001,0.0,2.4,1.88,-12.233333,143.283333,0,0,12010S,KAY REEF,1996,CG
34.229,39.461,1.552,0.017,4.119999999999997,2.0,0.67,0.0,1.58,0.63,-12.233333,143.283333,0,0,12010S,KAY REEF,1998,CG
36.387,42.581,2.298,0.0,8.352000000000004,1.0,2.19,0.61,2.0,1.25,-12.233333,143.283333,0,0,12010S,KAY REEF,2003,CG
38.008,36.387,2.383,0.0,-6.194000000000003,2.0,0.0,0.59,1.26,1.71,-12.233333,143.283333,0,0,12010S,KAY REEF,2005,CG
40.181,38.008,1.797,0.0,1.6210000000000022,1.0,0.15,0.0,1.46,1.26,-12.233333,143.283333,0,0,12010S,KAY REEF,2006,CG
39.714,56.036,3.214,0.514,5.079999999999998,3.0,0.0,0.43,1.02,1.75,-12.291667,143.408333,1,0,12016B,FORBES ISLANDS REEF,2005,CG
32.143,21.667,1.875,0.0,4.896000000000001,1.0,7.930000000000001,6.93,1.94,1.63,-12.275,143.891667,0,1,12056S,MANTIS REEF,2021,CG
33.241,32.143,0.446,0.0,10.475999999999999,1.0,10.45,7.930000000000001,2.13,1.94,-12.275,143.891667,0,1,12056S,MANTIS REEF,2022,CG
39.357,33.241,0.926,0.0,1.097999999999999,1.0,2.8000000000000003,10.45,2.21,2.13,-12.275,143.891667,0,1,12056S,MANTIS REEF,2023,CG
29.935,33.795,0.955,0.0,-7.972000000000001,1.0,0.0,0.89,1.25,1.23,-12.391667,143.741667,0,1,12061S,LAGOON REEF,1995,CG
36.313,29.935,1.293,0.0,-3.860000000000003,1.0,0.97,0.0,2.33,1.25,-12.391667,143.741667,0,1,12061S,LAGOON REEF,1996,CG
34.481,36.313,1.25,0.0,6.378000000000004,2.0,0.89,0.0,1.49,0.81,-12.391667,143.741667,0,1,12061S,LAGOON REEF,1998,CG
27.338,29.151,1.557,0.0,-5.330000000000002,1.0,0.0,0.0,1.13,0.91,-12.391667,143.741667,0,1,12061S,LAGOON REEF,2006,CG
39.227,39.864,1.591,0.0,12.525999999999996,1.0,4.34,0.98,1.57,1.26,-12.391667,143.741667,0,1,12061S,LAGOON REEF,2020,CG
38.013,39.227,1.5,0.0,-0.6370000000000005,1.0,5.14,4.34,1.59,1.57,-12.391667,143.741667,0,1,12061S,LAGOON REEF,2021,CG
35.093,38.013,1.429,0.0,-1.2139999999999986,1.0,7.17,5.14,2.26,1.59,-12.391667,143.741667,0,1,12061S,LAGOON REEF,2022,CG
46.623,35.093,1.389,0.0,-2.9199999999999946,1.0,1.58,7.17,2.07,2.26,-12.391667,143.741667,0,1,12061S,LAGOON REEF,2023,CG
29.185,39.12,0.556,0.0,1.3930000000000007,1.0,6.33,4.98,1.72,1.44,-12.483333,143.75,0,1,12071S,12071S,2021,CG
37.589,29.185,1.087,0.0,-9.934999999999999,2.0,1.87,7.83,1.93,2.19,-12.483333,143.75,0,1,12071S,12071S,2023,CG
39.013,20.962,2.404,0.0,-10.663,1.0,6.890000000000001,5.24,1.7,1.38,-12.566667,143.775,0,1,12098S,SECOND SMALL REEF,2021,CG
43.092,39.013,0.921,0.0,18.051,2.0,2.53,8.46,1.94,2.19,-12.566667,143.775,0,1,12098S,SECOND SMALL REEF,2023,CG
20.37,20.7,2.1,0.0,-7.600000000000001,3.0,0.0,0.63,1.1,1.34,-12.591667,143.55,0,0,12102S,CURD REEF,2005,CG
14.632,12.75,23.042,0.133,-19.203,2.0,0.63,0.45,1.74,1.22,-12.591667,143.55,0,0,12102S,CURD REEF,2019,CG
17.759,14.632,0.662,0.0,1.8819999999999997,2.0,3.38,4.0600000000000005,1.61,1.51,-12.591667,143.55,0,0,12102S,CURD REEF,2021,CG
36.773,39.913,2.151,0.047,1.689,3.0,0.0,0.34,1.46,1.25,-13.041667,143.625,0,0,13006S,OSBORNE REEF,2005,PC
3.476,15.0,24.535,0.163,-1.6149999999999984,3.0,4.51,1.48,1.51,1.51,-13.041667,143.625,0,0,13006S,OSBORNE REEF,2020,PC
9.881,3.476,0.427,0.0,-11.524000000000001,3.0,3.38,7.88,2.26,2.25,-13.041667,143.625,0,0,13006S,OSBORNE REEF,2023,PC
31.25,35.556,2.431,0.0,0.884999999999998,3.0,1.6,0.78,1.5,1.17,-13.266667,143.941667,0,1,13040S,13040S,2003,PC
10.174,31.25,2.5,0.0,-4.305999999999997,3.0,0.79,0.0,1.23,1.02,-13.266667,143.941667,0,1,13040S,13040S,2006,PC
16.556,27.436,2.5,0.0,17.262,1.0,5.71,1.69,1.73,1.44,-13.266667,143.941667,0,1,13040S,13040S,2020,PC
35.25,16.556,1.122,0.0,-10.879999999999999,1.0,7.640000000000001,5.71,1.63,1.73,-13.266667,143.941667,0,1,13040S,13040S,2021,PC
27.4,34.125,1.375,0.0,-0.7860000000000014,3.0,0.35,2.01,1.04,1.58,-13.358333,143.958333,0,1,13056S,SAND BANK NO 8 REEF,1999,PC
24.75,19.135,2.404,0.0,-8.264999999999997,2.0,7.99,6.05,1.61,1.74,-13.358333,143.958333,0,1,13056S,SAND BANK NO 8 REEF,2021,PC
43.4,24.75,1.0,0.0,5.614999999999998,2.0,3.96,7.49,2.27,2.13,-13.358333,143.958333,0,1,13056S,SAND BANK NO 8 REEF,2023,PC
21.136,21.034,1.078,0.138,-2.8019999999999996,3.0,0.14,1.62,0.95,1.55,-13.416667,143.816667,1,0,13063S,13063S,1999,PC
16.27,21.136,1.909,0.055,0.10200000000000031,3.0,0.91,0.46,1.11,1.77,-13.416667,143.816667,1,0,13063S,13063S,2002,PC
40.662,40.076,0.227,0.0,16.547,3.0,0.0,0.33,1.64,1.51,-13.658333,143.725,0,0,13081S,FIFE REEF,2001,PC
30.742,23.514,0.608,0.0,15.104999999999999,3.0,0.0,0.32,1.65,1.49,-13.916667,143.841667,0,0,13107S,PELICAN ISLAND REEF(13107),2001,PC
33.243,36.571,0.5,0.0,-0.892000000000003,3.0,0.0,0.61,1.44,1.33,-13.625,144.108333,0,1,13118A,CREECH REEF (NORTH),2001,PC
32.256,53.864,1.932,0.0,20.620999999999995,2.0,12.03,9.82,2.32,2.2,-13.625,144.108333,0,1,13118A,CREECH REEF (NORTH),2017,PC
34.943,32.256,6.22,0.0,-21.607999999999997,2.0,0.6,0.98,1.43,1.81,-13.625,144.108333,0,1,13118A,CREECH REEF (NORTH),2019,PC
39.189,34.943,2.5,0.045,2.6869999999999976,1.0,7.74,0.6,1.91,1.43,-13.625,144.108333,0,1,13118A,CREECH REEF (NORTH),2020,PC
38.993,39.189,1.554,0.0,4.246000000000002,1.0,8.52,7.74,1.69,1.91,-13.625,144.108333,0,1,13118A,CREECH REEF (NORTH),2021,PC
46.969,38.993,1.319,0.0,-0.19599999999999795,2.0,4.44,7.94,2.56,2.12,-13.625,144.108333,0,1,13118A,CREECH REEF (NORTH),2023,PC
11.477,25.11,0.956,0.0,9.725,2.0,12.45,9.98,2.37,2.38,-13.783333,144.266667,0,1,13121S,13121S,2017,PC
8.397,11.477,8.523,0.0,-13.633,2.0,0.76,0.98,1.35,1.69,-13.783333,144.266667,0,1,13121S,13121S,2019,PC
22.386,8.397,2.051,0.0,-3.08,2.0,7.390000000000001,7.390000000000001,1.79,1.97,-13.783333,144.266667,0,1,13121S,13121S,2021,PC
29.421,22.386,0.53,0.0,13.988999999999999,2.0,3.61,9.34,2.57,2.14,-13.783333,144.266667,0,1,13121S,13121S,2023,PC
15.385,20.69,0.517,0.0,2.6900000000000013,1.0,1.11,3.01,1.51,1.83,-13.866667,144.091667,1,0,13124S,13124S,1995,PC
16.574,15.385,0.529,0.058,-5.3050000000000015,1.0,2.0,1.11,3.1,1.51,-13.866667,144.091667,1,0,13124S,13124S,1996,PC
13.958,16.574,1.25,0.056,1.1890000000000018,2.0,2.05,0.0,1.65,1.06,-13.866667,144.091667,1,0,13124S,13124S,1998,PC
23.495,13.958,0.792,0.083,-2.6160000000000014,1.0,0.14,2.05,1.13,1.65,-13.866667,144.091667,1,0,13124S,13124S,1999,PC
22.807,23.495,1.667,0.0,9.537,1.0,0.49,0.14,1.34,1.13,-13.866667,144.091667,1,0,13124S,13124S,2000,PC
20.593,22.807,2.412,0.035,-0.6880000000000024,1.0,0.0,0.49,1.61,1.34,-13.866667,144.091667,1,0,13124S,13124S,2001,PC
24.147,20.593,1.864,0.237,-2.2139999999999986,1.0,0.78,0.0,1.39,1.61,-13.866667,144.091667,1,0,13124S,13124S,2002,PC
17.984,24.147,2.381,0.095,3.5539999999999985,1.0,0.47,0.78,1.31,1.39,-13.866667,144.091667,1,0,13124S,13124S,2003,PC
16.708,17.984,2.5,0.016,-6.162999999999997,1.0,0.16,0.47,1.34,1.31,-13.866667,144.091667,1,0,13124S,13124S,2004,PC
20.223,16.708,2.458,0.05,-1.2760000000000034,1.0,0.0,0.16,1.13,1.34,-13.866667,144.091667,1,0,13124S,13124S,2005,PC
18.934,20.223,0.938,0.054,3.5150000000000006,1.0,0.0,0.0,1.12,1.13,-13.866667,144.091667,1,0,13124S,13124S,2006,PC
25.357,30.484,2.46,0.065,11.55,2.0,0.86,0.0,1.46,0.74,-13.866667,144.091667,1,0,13124S,13124S,2015,PC
20.299,25.357,2.183,0.413,-5.1270000000000024,2.0,10.02,7.04,2.38,2.29,-13.866667,144.091667,1,0,13124S,13124S,2017,PC
19.228,20.299,2.43,0.099,-5.058,2.0,0.6,0.79,1.61,1.47,-13.866667,144.091667,1,0,13124S,13124S,2019,PC
20.544,19.228,2.243,0.0,-1.070999999999998,1.0,6.23,0.6,1.74,1.61,-13.866667,144.091667,1,0,13124S,13124S,2020,PC
24.978,20.544,1.008,0.129,1.315999999999999,1.0,5.18,6.23,1.71,1.74,-13.866667,144.091667,1,0,13124S,13124S,2021,PC
31.438,24.978,1.509,0.0,4.434000000000001,1.0,5.55,5.18,2.05,1.71,-13.866667,144.091667,1,0,13124S,13124S,2022,PC
36.028,31.438,0.708,0.0,6.459999999999997,1.0,3.1,5.55,2.77,2.05,-13.866667,144.091667,1,0,13124S,13124S,2023,PC
21.875,27.5,1.181,0.0,-1.9570000000000007,1.0,0.87,2.31,1.42,1.91,-13.925,144.366667,0,1,13127S,RODDA REEF,1995,PC
35.5,21.875,0.909,0.0,-5.625,1.0,2.72,0.87,2.8000000000000003,1.42,-13.925,144.366667,0,1,13127S,RODDA REEF,1996,PC
29.893,35.5,1.214,0.029,13.625,2.0,2.48,0.5,1.64,1.25,-13.925,144.366667,0,1,13127S,RODDA REEF,1998,PC
38.625,29.893,1.643,0.0,-5.606999999999999,1.0,0.44,2.48,1.24,1.64,-13.925,144.366667,0,1,13127S,RODDA REEF,1999,PC
40.197,38.625,2.25,0.0,8.732,1.0,0.54,0.44,1.43,1.24,-13.925,144.366667,0,1,13127S,RODDA REEF,2000,PC
42.571,40.197,2.5,0.0,1.5720000000000027,1.0,0.0,0.54,1.51,1.43,-13.925,144.366667,0,1,13127S,RODDA REEF,2001,PC
37.171,42.571,2.286,0.057,2.3739999999999952,1.0,1.22,0.0,1.43,1.51,-13.925,144.366667,0,1,13127S,RODDA REEF,2002,PC
27.604,37.171,2.368,0.447,-5.399999999999999,2.0,1.88,1.57,1.58,1.26,-13.925,144.366667,0,1,13127S,RODDA REEF,2004,PC
22.049,27.604,2.778,1.139,-9.567,1.0,0.0,1.88,1.02,1.58,-13.925,144.366667,0,1,13127S,RODDA REEF,2005,PC
12.763,22.049,1.806,0.167,-5.555,1.0,0.29,0.0,1.16,1.02,-13.925,144.366667,0,1,13127S,RODDA REEF,2006,PC
24.716,35.068,1.824,0.0,22.305,2.0,11.0,8.24,2.42,2.37,-13.925,144.366667,0,1,13127S,RODDA REEF,2017,PC
26.969,24.716,3.068,0.0,-10.351999999999997,2.0,0.75,0.66,1.42,1.56,-13.925,144.366667,0,1,13127S,RODDA REEF,2019,PC
40.208,26.969,2.5,0.0,2.253,2.0,6.15,6.78,1.81,1.96,-13.925,144.366667,0,1,13127S,RODDA REEF,2021,PC
52.195,40.208,2.222,0.0,13.238999999999997,1.0,6.99,6.15,2.09,1.81,-13.925,144.366667,0,1,13127S,RODDA REEF,2022,PC
38.819,52.195,1.402,0.0,11.987000000000002,1.0,2.27,6.99,2.47,2.09,-13.925,144.366667,0,1,13127S,RODDA REEF,2023,PC
30.994,26.364,0.909,0.0,14.4,3.0,0.0,0.67,1.49,1.38,-13.975,144.458333,0,1,13130S,DAVIE REEF,2001,PC
29.762,30.994,2.273,0.023,4.629999999999999,3.0,1.45,1.8,1.62,1.34,-13.975,144.458333,0,1,13130S,DAVIE REEF,2004,PC
25.058,35.75,2.222,0.0,5.9879999999999995,2.0,10.54,7.75,2.29,2.22,-13.975,144.458333,0,1,13130S,DAVIE REEF,2017,PC
27.5,25.058,2.035,0.0,-10.692,2.0,0.45,0.65,1.46,1.55,-13.975,144.458333,0,1,13130S,DAVIE REEF,2019,PC
24.439,27.5,2.5,0.02,2.442,1.0,6.3,0.45,2.04,1.46,-13.975,144.458333,0,1,13130S,DAVIE REEF,2020,PC
32.358,24.439,1.122,0.0,-3.061,1.0,5.53,6.3,1.77,2.04,-13.975,144.458333,0,1,13130S,DAVIE REEF,2021,PC
38.169,32.358,1.705,0.0,7.918999999999997,1.0,5.82,5.53,2.11,1.77,-13.975,144.458333,0,1,13130S,DAVIE REEF,2022,PC
37.075,38.169,0.523,0.0,5.811,1.0,1.78,5.82,2.46,2.11,-13.975,144.458333,0,1,13130S,DAVIE REEF,2023,PC
31.412,20.862,0.862,0.0,13.402999999999999,3.0,1.99,2.5,1.66,1.64,-13.983333,144.516667,0,1,13133S,TYDEMAN REEF,1999,PC
30.82,31.412,1.806,0.0,10.55,3.0,1.87,0.0,1.41,1.47,-13.983333,144.516667,0,1,13133S,TYDEMAN REEF,2002,PC
26.042,30.82,2.5,0.0,-0.5919999999999987,3.0,0.0,1.31,1.26,1.63,-13.983333,144.516667,0,1,13133S,TYDEMAN REEF,2005,PC
36.404,23.404,1.423,0.0,-2.6380000000000017,1.0,5.83,5.32,2.13,1.8,-13.983333,144.516667,0,1,13133S,TYDEMAN REEF,2022,PC
31.395,36.404,0.439,0.0,13.000000000000004,1.0,1.93,5.83,2.43,2.13,-13.983333,144.516667,0,1,13133S,TYDEMAN REEF,2023,PC
10.3,14.1,2.45,0.0,-1.3520000000000003,1.0,6.41,0.8200000000000001,1.7,1.64,-14.0,144.108333,1,0,14016S,CORBETT REEF,2020,PC
25.052,10.3,1.075,0.0,-3.799999999999999,1.0,4.4,6.41,1.84,1.7,-14.0,144.108333,1,0,14016S,CORBETT REEF,2021,PC
30.462,25.052,1.933,0.0,14.751999999999999,1.0,4.23,4.4,2.16,1.84,-14.0,144.108333,1,0,14016S,CORBETT REEF,2022,PC
26.829,30.462,0.462,0.0,5.41,1.0,2.32,4.23,2.82,2.16,-14.0,144.108333,1,0,14016S,CORBETT REEF,2023,PC
34.697,24.421,0.671,0.0,6.262999999999998,3.0,1.6,2.07,1.65,1.69,-14.191667,144.916667,0,1,14045S,SAND BANK NO 1 REEF,1999,PC
31.944,34.697,1.894,0.0,10.276000000000003,3.0,4.49,0.31,1.51,1.77,-14.191667,144.916667,0,1,14045S,SAND BANK NO 1 REEF,2002,PC
24.324,31.944,2.361,0.0,-2.7530000000000037,3.0,0.0,2.06,1.23,1.83,-14.191667,144.916667,0,1,14045S,SAND BANK NO 1 REEF,2005,PC
25.658,14.464,2.5,0.0,-9.860000000000001,1.0,6.86,0.8300000000000001,2.17,1.42,-14.191667,144.916667,0,1,14045S,SAND BANK NO 1 REEF,2020,PC
32.5,25.658,0.724,0.0,11.194,1.0,5.5600000000000005,6.86,1.92,2.17,-14.191667,144.916667,0,1,14045S,SAND BANK NO 1 REEF,2021,PC
52.928,32.5,1.278,0.0,6.841999999999999,1.0,6.74,5.5600000000000005,2.22,1.92,-14.191667,144.916667,0,1,14045S,SAND BANK NO 1 REEF,2022,PC
34.551,52.928,0.592,0.0,20.427999999999997,1.0,2.06,6.74,2.5,2.22,-14.191667,144.916667,0,1,14045S,SAND BANK NO 1 REEF,2023,PC
18.885,8.355,0.263,0.0,1.8310000000000004,3.0,0.49,0.45,2.0,1.24,-14.325,144.858333,1,0,14054S,STAPLETON REEF,2001,CL
19.797,18.885,1.554,0.027,10.530000000000001,3.0,1.24,1.93,1.94,1.51,-14.325,144.858333,1,0,14054S,STAPLETON REEF,2004,CL
20.478,19.797,2.326,0.302,0.911999999999999,3.0,0.92,0.0,1.34,1.09,-14.325,144.858333,1,0,14054S,STAPLETON REEF,2007,CL
6.023,9.063,0.833,0.021,1.9200000000000008,2.0,1.8,0.0,1.84,1.08,-14.325,144.958333,1,0,14056S,14056S,1998,CL
9.389,6.023,0.568,0.023,-3.040000000000001,1.0,1.16,1.8,1.42,1.84,-14.325,144.958333,1,0,14056S,14056S,1999,CL
11.779,9.389,1.167,0.0,3.3659999999999997,1.0,0.46,1.16,1.25,1.42,-14.325,144.958333,1,0,14056S,14056S,2000,CL
10.35,11.779,2.452,0.019,2.3900000000000006,1.0,0.49,0.46,1.94,1.25,-14.325,144.958333,1,0,14056S,14056S,2001,CL
9.592,10.35,1.5,0.02,-1.4290000000000003,1.0,4.68,0.49,1.54,1.94,-14.325,144.958333,1,0,14056S,14056S,2002,CL
7.56,9.592,1.173,0.082,-0.7579999999999991,2.0,1.46,1.88,2.13,1.43,-14.325,144.958333,1,0,14056S,14056S,2004,CL
10.972,7.56,1.845,0.0,-2.032000000000001,1.0,0.0,1.46,1.25,2.13,-14.325,144.958333,1,0,14056S,14056S,2005,CL
9.76,10.972,1.389,0.0,3.412,1.0,0.15,0.0,1.05,1.25,-14.325,144.958333,1,0,14056S,14056S,2006,CL
11.893,15.175,0.307,0.0,5.261000000000001,3.0,0.46,0.15,1.99,1.16,-14.358333,144.758333,1,0,14061S,SWITZER REEF,2001,CL
19.754,11.893,1.107,0.0,-3.282,3.0,1.62,1.82,1.87,1.54,-14.358333,144.758333,1,0,14061S,SWITZER REEF,2004,CL
27.944,22.5,0.67,0.0,14.265,3.0,0.49,0.32,1.84,1.25,-14.283333,145.175,0,1,14075S,14075S,2001,CL
31.25,27.944,2.222,0.156,5.443999999999999,3.0,2.07,1.95,1.92,1.34,-14.283333,145.175,0,1,14075S,14075S,2004,CL
32.868,35.313,2.188,0.188,0.6700000000000017,1.0,0.96,3.3200000000000003,1.91,2.27,-14.65,145.491667,1,0,14114S,MACGILLIVRAY REEF,1995,CL
30.089,32.868,2.5,0.294,-2.4450000000000003,1.0,1.97,0.96,2.05,1.91,-14.65,145.491667,1,0,14114S,MACGILLIVRAY REEF,1996,CL
29.706,30.089,4.643,0.857,-2.7790000000000035,1.0,0.0,1.97,0.74,2.05,-14.65,145.491667,1,0,14114S,MACGILLIVRAY REEF,1997,CL
15.833,29.706,2.353,0.529,-0.3829999999999991,1.0,1.11,0.0,1.65,0.74,-14.65,145.491667,1,0,14114S,MACGILLIVRAY REEF,1998,CL
31.333,15.833,2.5,0.4,-13.873,1.0,0.46,1.11,1.24,1.65,-14.65,145.491667,1,0,14114S,MACGILLIVRAY REEF,1999,CL
24.853,31.333,1.667,0.0,15.499999999999998,1.0,0.3,0.46,1.19,1.24,-14.65,145.491667,1,0,14114S,MACGILLIVRAY REEF,2000,CL
25.25,24.853,2.5,0.0,-6.479999999999997,1.0,0.0,0.3,1.66,1.19,-14.65,145.491667,1,0,14114S,MACGILLIVRAY REEF,2001,CL
16.765,25.25,2.5,0.067,0.39699999999999847,1.0,1.29,0.0,1.62,1.66,-14.65,145.491667,1,0,14114S,MACGILLIVRAY REEF,2002,CL
23.906,16.765,1.912,0.0,-8.485,1.0,1.1,1.29,1.23,1.62,-14.65,145.491667,1,0,14114S,MACGILLIVRAY REEF,2003,CL
14.688,23.906,2.344,0.0,7.140999999999998,1.0,2.5,1.1,2.81,1.23,-14.65,145.491667,1,0,14114S,MACGILLIVRAY REEF,2004,CL
21.25,14.688,2.813,0.375,-9.217999999999998,1.0,0.0,2.5,1.09,2.81,-14.65,145.491667,1,0,14114S,MACGILLIVRAY REEF,2005,CL
26.324,21.25,2.5,0.0,6.561999999999999,1.0,0.0,0.0,1.25,1.09,-14.65,145.491667,1,0,14114S,MACGILLIVRAY REEF,2006,CL
33.833,26.324,2.353,0.059,5.074000000000002,1.0,1.16,0.0,1.33,1.25,-14.65,145.491667,1,0,14114S,MACGILLIVRAY REEF,2007,CL
23.75,33.833,2.5,0.0,7.508999999999997,1.0,0.85,1.16,1.37,1.33,-14.65,145.491667,1,0,14114S,MACGILLIVRAY REEF,2008,CL
36.333,23.75,2.321,0.0,-10.082999999999998,1.0,1.56,0.85,1.66,1.37,-14.65,145.491667,1,0,14114S,MACGILLIVRAY REEF,2009,CL
27.969,36.333,2.5,0.133,12.582999999999998,1.0,2.45,1.56,1.97,1.66,-14.65,145.491667,1,0,14114S,MACGILLIVRAY REEF,2010,CL
25.938,27.969,2.5,0.0,-8.363999999999997,1.0,2.25,2.45,1.67,1.97,-14.65,145.491667,1,0,14114S,MACGILLIVRAY REEF,2011,CL
34.211,25.938,2.5,0.0,-2.0310000000000024,2.0,1.34,0.0,1.55,1.31,-14.65,145.491667,1,0,14114S,MACGILLIVRAY REEF,2013,CL
6.667,34.211,1.711,0.263,8.273,2.0,1.71,0.0,1.46,1.04,-14.65,145.491667,1,0,14114S,MACGILLIVRAY REEF,2015,CL
4.821,6.667,1.806,0.667,-27.543999999999997,2.0,8.36,9.51,2.65,2.43,-14.65,145.491667,1,0,14114S,MACGILLIVRAY REEF,2017,CL
5.0,4.821,2.321,0.0,-1.846,2.0,0.46,0.32,1.59,1.37,-14.65,145.491667,1,0,14114S,MACGILLIVRAY REEF,2019,CL
9.063,5.0,0.667,0.0,0.17900000000000027,1.0,6.68,0.46,1.95,1.59,-14.65,145.491667,1,0,14114S,MACGILLIVRAY REEF,2020,CL
21.719,9.063,0.625,0.0,4.063000000000001,1.0,4.19,6.68,1.97,1.95,-14.65,145.491667,1,0,14114S,MACGILLIVRAY REEF,2021,CL
31.316,21.719,0.781,0.0,12.656,1.0,4.19,4.19,2.06,1.97,-14.65,145.491667,1,0,14114S,MACGILLIVRAY REEF,2022,CL
36.912,31.316,0.658,0.0,9.596999999999998,1.0,1.52,4.19,2.62,2.06,-14.65,145.491667,1,0,14114S,MACGILLIVRAY REEF,2023,CL
39.881,41.786,1.667,0.0,10.636000000000003,3.0,0.48,1.32,1.24,1.95,-14.658333,145.25,1,0,14115S,NYMPH REEF,1999,CL
31.196,39.881,2.5,0.81,-1.9050000000000011,3.0,3.04,0.0,1.64,1.66,-14.658333,145.25,1,0,14115S,NYMPH REEF,2002,CL
29.75,31.196,2.5,0.13,-8.684999999999999,3.0,0.16,2.76,1.17,2.7,-14.658333,145.25,1,0,14115S,NYMPH REEF,2005,CL
11.667,19.833,2.833,0.533,-3.8830000000000027,1.0,1.76,0.96,2.0,1.86,-14.675,145.466667,1,0,14116S,LIZARD ISLAND,1996,CL
11.506,11.667,2.778,1.444,-8.165999999999999,1.0,0.0,1.76,0.77,2.0,-14.675,145.466667,1,0,14116S,LIZARD ISLAND,1997,CL
5.142,11.506,2.159,0.898,-0.1609999999999996,1.0,1.14,0.0,1.65,0.77,-14.675,145.466667,1,0,14116S,LIZARD ISLAND,1998,CL
9.038,5.142,2.045,1.92,-6.364,1.0,0.46,1.14,1.24,1.65,-14.675,145.466667,1,0,14116S,LIZARD ISLAND,1999,CL
13.056,9.038,1.026,0.051,3.896,1.0,0.15,0.46,1.15,1.24,-14.675,145.466667,1,0,14116S,LIZARD ISLAND,2000,CL
7.176,13.056,1.821,0.0,4.017999999999999,1.0,0.0,0.15,1.64,1.15,-14.675,145.466667,1,0,14116S,LIZARD ISLAND,2001,CL
6.767,7.176,1.294,0.0,-5.879999999999999,1.0,1.62,0.0,1.66,1.64,-14.675,145.466667,1,0,14116S,LIZARD ISLAND,2002,CL
11.528,6.767,0.9,0.013,-0.4089999999999998,1.0,0.93,1.62,1.22,1.66,-14.675,145.466667,1,0,14116S,LIZARD ISLAND,2003,CL
5.316,11.528,1.75,0.011,4.761,1.0,2.5,0.93,2.8000000000000003,1.22,-14.675,145.466667,1,0,14116S,LIZARD ISLAND,2004,CL
13.189,5.316,2.025,0.0,-6.212000000000001,1.0,0.0,2.5,1.09,2.8000000000000003,-14.675,145.466667,1,0,14116S,LIZARD ISLAND,2005,CL
11.481,13.189,1.837,0.031,7.873,1.0,0.0,0.0,1.26,1.09,-14.675,145.466667,1,0,14116S,LIZARD ISLAND,2006,CL
14.75,11.481,2.006,0.0,-1.7080000000000002,1.0,1.14,0.0,1.3,1.26,-14.675,145.466667,1,0,14116S,LIZARD ISLAND,2007,CL
14.545,14.75,2.313,0.05,3.269,1.0,0.8200000000000001,1.14,1.33,1.3,-14.675,145.466667,1,0,14116S,LIZARD ISLAND,2008,CL
11.552,14.545,2.159,0.068,-0.20500000000000007,1.0,1.69,0.8200000000000001,1.64,1.33,-14.675,145.466667,1,0,14116S,LIZARD ISLAND,2009,CL
14.348,11.552,1.609,0.034,-2.9930000000000003,1.0,1.99,1.69,1.97,1.64,-14.675,145.466667,1,0,14116S,LIZARD ISLAND,2010,CL
12.661,14.348,2.092,0.087,2.796000000000001,1.0,1.89,1.99,1.64,1.97,-14.675,145.466667,1,0,14116S,LIZARD ISLAND,2011,CL
11.512,12.661,2.07,0.161,-1.6870000000000012,2.0,1.32,0.0,1.61,1.29,-14.675,145.466667,1,0,14116S,LIZARD ISLAND,2013,CL
5.235,11.512,2.18,0.744,-1.1489999999999991,2.0,1.69,0.0,1.45,1.0,-14.675,145.466667,1,0,14116S,LIZARD ISLAND,2015,CL
3.182,5.235,0.882,0.094,-6.277,2.0,8.66,8.61,2.68,2.37,-14.675,145.466667,1,0,14116S,LIZARD ISLAND,2017,CL
3.438,3.182,1.932,0.0,-2.0530000000000004,2.0,0.47,0.33,1.6,1.4,-14.675,145.466667,1,0,14116S,LIZARD ISLAND,2019,CL
13.417,3.438,0.344,0.0,0.2560000000000002,2.0,4.13,5.98,1.91,1.91,-14.675,145.466667,1,0,14116S,LIZARD ISLAND,2021,CL
22.368,13.417,0.5,0.011,9.979,1.0,3.88,4.13,2.04,1.91,-14.675,145.466667,1,0,14116S,LIZARD ISLAND,2022,CL
24.083,22.368,1.235,0.0,8.950999999999999,1.0,1.48,3.88,2.65,2.04,-14.675,145.466667,1,0,14116S,LIZARD ISLAND,2023,CL
19.688,14.683,1.944,0.127,-1.809000000000001,3.0,0.0,0.14,1.69,1.11,-14.716667,145.375,1,0,14118S,EYRIE REEF,2001,CL
13.636,19.688,2.148,0.094,5.004999999999999,3.0,2.35,1.4,2.71,1.19,-14.716667,145.375,1,0,14118S,EYRIE REEF,2004,CL
22.91,13.636,2.311,0.0,-6.052,3.0,1.14,0.29,1.29,1.37,-14.716667,145.375,1,0,14118S,EYRIE REEF,2007,CL
5.548,26.81,1.343,0.851,3.8999999999999986,2.0,1.58,0.0,1.56,0.96,-14.716667,145.375,1,0,14118S,EYRIE REEF,2015,CL
37.206,35.368,1.765,0.0,8.820000000000004,1.0,0.15,0.49,1.17,1.24,-14.736667,145.2,0,0,14120B,TURTLE GROUP REEF (NO 2),2000,CL
26.641,37.206,2.206,0.0,1.838000000000001,1.0,0.0,0.15,1.6,1.17,-14.736667,145.2,0,0,14120B,TURTLE GROUP REEF (NO 2),2001,CL
25.134,29.625,1.85,0.0,7.375,1.0,1.7,1.03,1.9,1.85,-14.766667,145.358333,0,0,14123S,MARTIN REEF(14123),1996,CL
22.837,25.134,2.188,0.232,-4.491,1.0,0.0,1.7,0.84,1.9,-14.766667,145.358333,0,0,14123S,MARTIN REEF(14123),1997,CL
19.921,22.837,1.202,0.173,-2.2970000000000006,1.0,1.41,0.0,1.86,0.84,-14.766667,145.358333,0,0,14123S,MARTIN REEF(14123),1998,CL
25.324,19.921,2.103,0.429,-2.9160000000000004,1.0,0.46,1.41,1.2,1.86,-14.766667,145.358333,0,0,14123S,MARTIN REEF(14123),1999,CL
28.0,25.324,1.852,0.463,5.403000000000002,1.0,0.0,0.46,1.06,1.2,-14.766667,145.358333,0,0,14123S,MARTIN REEF(14123),2000,CL
25.848,28.0,2.462,0.138,2.6759999999999984,1.0,0.0,0.0,1.7,1.06,-14.766667,145.358333,0,0,14123S,MARTIN REEF(14123),2001,CL
23.039,25.848,2.232,0.089,-2.152000000000001,1.0,2.91,0.0,1.7,1.7,-14.766667,145.358333,0,0,14123S,MARTIN REEF(14123),2002,CL
26.644,23.039,1.422,0.0,-2.8089999999999975,1.0,1.43,2.91,1.24,1.7,-14.766667,145.358333,0,0,14123S,MARTIN REEF(14123),2003,CL
14.825,26.644,2.315,0.0,3.604999999999997,1.0,2.62,1.43,2.54,1.24,-14.766667,145.358333,0,0,14123S,MARTIN REEF(14123),2004,CL
30.319,14.825,2.632,0.0,-11.818999999999999,1.0,0.17,2.62,1.2,2.54,-14.766667,145.358333,0,0,14123S,MARTIN REEF(14123),2005,CL
28.561,30.319,1.814,0.0,15.494,1.0,0.29,0.17,1.37,1.2,-14.766667,145.358333,0,0,14123S,MARTIN REEF(14123),2006,CL
28.393,28.561,2.348,0.0,-1.7579999999999991,1.0,1.13,0.29,1.31,1.37,-14.766667,145.358333,0,0,14123S,MARTIN REEF(14123),2007,CL
19.755,28.393,2.449,0.0,-0.16799999999999926,1.0,0.64,1.13,1.25,1.31,-14.766667,145.358333,0,0,14123S,MARTIN REEF(14123),2008,CL
27.146,19.755,2.157,0.0,-8.638000000000002,1.0,1.97,0.64,1.58,1.25,-14.766667,145.358333,0,0,14123S,MARTIN REEF(14123),2009,CL
31.366,27.146,1.667,0.017,7.391000000000002,1.0,1.83,1.97,1.97,1.58,-14.766667,145.358333,0,0,14123S,MARTIN REEF(14123),2010,CL
35.602,31.366,2.037,0.0,4.219999999999999,1.0,1.36,1.83,1.59,1.97,-14.766667,145.358333,0,0,14123S,MARTIN REEF(14123),2011,CL
27.444,35.602,1.991,0.019,4.235999999999997,2.0,1.56,0.0,1.91,1.18,-14.766667,145.358333,0,0,14123S,MARTIN REEF(14123),2013,CL
8.692,6.389,0.602,0.0,-21.055,2.0,0.85,0.98,1.68,1.45,-14.766667,145.358333,0,0,14123S,MARTIN REEF(14123),2019,CL
25.68,8.692,0.192,0.0,2.303,2.0,4.63,4.94,1.87,1.83,-14.766667,145.358333,0,0,14123S,MARTIN REEF(14123),2021,CL
23.06,25.68,0.263,0.0,16.988,1.0,4.47,4.63,2.14,1.87,-14.766667,145.358333,0,0,14123S,MARTIN REEF(14123),2022,CL
41.602,23.06,0.948,0.0,-2.620000000000001,1.0,1.15,4.47,2.81,2.14,-14.766667,145.358333,0,0,14123S,MARTIN REEF(14123),2023,CL
31.523,34.414,1.172,0.063,2.7730000000000032,1.0,1.71,1.34,1.95,1.86,-14.783333,145.341667,0,0,14126S,LINNET REEF,1996,CL
26.536,31.523,2.188,0.469,-2.891000000000002,1.0,0.0,1.71,0.84,1.95,-14.783333,145.341667,0,0,14126S,LINNET REEF,1997,CL
27.635,26.536,1.429,0.371,-4.986999999999998,1.0,1.42,0.0,1.94,0.84,-14.783333,145.341667,0,0,14126S,LINNET REEF,1998,CL
34.007,27.635,2.432,0.595,1.0990000000000002,1.0,0.47,1.42,1.2,1.94,-14.783333,145.341667,0,0,14126S,LINNET REEF,1999,CL
22.286,34.007,2.279,0.265,6.371999999999996,1.0,0.0,0.47,1.04,1.2,-14.783333,145.341667,0,0,14126S,LINNET REEF,2000,CL
24.28,22.286,2.214,0.0,-11.720999999999997,1.0,0.0,0.0,1.69,1.04,-14.783333,145.341667,0,0,14126S,LINNET REEF,2001,CL
28.625,24.28,1.894,0.0,1.9939999999999998,1.0,2.96,0.0,1.7,1.69,-14.783333,145.341667,0,0,14126S,LINNET REEF,2002,CL
26.78,28.625,2.25,0.0,4.344999999999999,1.0,1.48,2.96,1.28,1.7,-14.783333,145.341667,0,0,14126S,LINNET REEF,2003,CL
15.469,26.78,2.5,0.03,-1.8449999999999989,1.0,3.08,1.48,2.52,1.28,-14.783333,145.341667,0,0,14126S,LINNET REEF,2004,CL
24.242,15.469,2.188,0.031,-11.311000000000002,1.0,0.17,3.08,1.22,2.52,-14.783333,145.341667,0,0,14126S,LINNET REEF,2005,CL
21.283,24.242,1.818,0.0,8.773000000000001,1.0,0.44,0.17,1.39,1.22,-14.783333,145.341667,0,0,14126S,LINNET REEF,2006,CL
27.931,21.283,2.303,0.0,-2.9589999999999996,1.0,1.27,0.44,1.32,1.39,-14.783333,145.341667,0,0,14126S,LINNET REEF,2007,CL
22.071,27.931,2.5,0.034,6.648,1.0,0.63,1.27,1.24,1.32,-14.783333,145.341667,0,0,14126S,LINNET REEF,2008,CL
23.945,22.071,2.143,0.0,-5.859999999999999,1.0,2.46,0.63,1.63,1.24,-14.783333,145.341667,0,0,14126S,LINNET REEF,2009,CL
29.265,23.945,0.859,0.0,1.8739999999999988,1.0,1.68,2.46,1.97,1.63,-14.783333,145.341667,0,0,14126S,LINNET REEF,2010,CL
33.71,29.265,1.838,0.0,5.32,1.0,1.37,1.68,1.65,1.97,-14.783333,145.341667,0,0,14126S,LINNET REEF,2011,CL
28.107,33.71,2.339,0.065,4.445,2.0,1.45,0.0,1.9,1.14,-14.783333,145.341667,0,0,14126S,LINNET REEF,2013,CL
9.444,2.917,0.069,0.0,-25.189999999999998,2.0,0.88,0.98,1.69,1.44,-14.783333,145.341667,0,0,14126S,LINNET REEF,2019,CL
20.262,9.444,0.625,0.0,6.527000000000001,1.0,5.2700000000000005,0.88,1.86,1.69,-14.783333,145.341667,0,0,14126S,LINNET REEF,2020,CL
16.136,20.262,0.756,0.0,10.818,1.0,4.76,5.2700000000000005,1.87,1.86,-14.783333,145.341667,0,0,14126S,LINNET REEF,2021,CL
29.839,16.136,0.076,0.0,-4.126000000000001,1.0,5.14,4.76,2.22,1.87,-14.783333,145.341667,0,0,14126S,LINNET REEF,2022,CL
34.393,29.839,1.29,0.0,13.703,1.0,1.31,5.14,2.83,2.22,-14.783333,145.341667,0,0,14126S,LINNET REEF,2023,CL
10.526,22.606,3.457,1.213,-6.484999999999999,3.0,0.29,1.3,1.19,1.78,-14.95,145.491667,1,0,14135S,HELSDON REEF,1999,CL
15.732,10.526,2.237,0.368,-12.080000000000002,3.0,3.06,0.14,1.58,1.83,-14.95,145.491667,1,0,14135S,HELSDON REEF,2002,CL
14.894,15.732,2.195,0.0,5.2059999999999995,3.0,0.17,2.03,1.21,1.95,-14.95,145.491667,1,0,14135S,HELSDON REEF,2005,CL
23.693,21.359,2.228,0.0,6.465000000000002,1.0,1.76,1.14,1.89,1.54,-14.95,145.491667,1,0,14135S,HELSDON REEF,2010,CL
19.15,23.693,2.273,0.023,2.3339999999999996,1.0,0.89,1.76,1.76,1.89,-14.95,145.491667,1,0,14135S,HELSDON REEF,2011,CL
23.958,19.15,2.2,0.12,-4.543000000000003,2.0,1.43,0.0,1.98,1.18,-14.95,145.491667,1,0,14135S,HELSDON REEF,2013,CL
7.452,23.958,2.708,0.958,4.808,2.0,1.56,0.0,1.57,0.95,-14.95,145.491667,1,0,14135S,HELSDON REEF,2015,CL
17.17,18.173,0.192,0.0,1.6849999999999987,1.0,1.96,1.12,2.05,1.95,-14.55,145.583333,0,1,14137S,CARTER REEF,1996,CL
18.382,17.17,0.797,0.0,-1.0029999999999966,2.0,0.62,0.0,1.64,0.6,-14.55,145.583333,0,1,14137S,CARTER REEF,1998,CL
29.955,18.382,1.588,0.012,1.2119999999999997,1.0,0.14,0.62,1.23,1.64,-14.55,145.583333,0,1,14137S,CARTER REEF,1999,CL
29.89,29.955,1.667,0.0,11.572999999999997,1.0,0.45,0.14,1.17,1.23,-14.55,145.583333,0,1,14137S,CARTER REEF,2000,CL
31.279,29.89,2.445,0.0,-0.06499999999999773,1.0,0.0,0.45,1.66,1.17,-14.55,145.583333,0,1,14137S,CARTER REEF,2001,CL
35.058,31.279,2.328,0.0,1.3889999999999993,1.0,1.06,0.0,1.53,1.66,-14.55,145.583333,0,1,14137S,CARTER REEF,2002,CL
32.84,35.058,1.89,0.0,3.779,1.0,1.77,1.06,1.3,1.53,-14.55,145.583333,0,1,14137S,CARTER REEF,2003,CL
20.54,32.84,2.191,0.0,-2.2179999999999964,1.0,2.59,1.77,2.57,1.3,-14.55,145.583333,0,1,14137S,CARTER REEF,2004,CL
28.59,20.54,2.438,0.0,-12.300000000000004,1.0,0.0,2.59,1.03,2.57,-14.55,145.583333,0,1,14137S,CARTER REEF,2005,CL
14.345,28.59,1.89,0.0,8.05,1.0,0.14,0.0,1.28,1.03,-14.55,145.583333,0,1,14137S,CARTER REEF,2006,CL
14.266,14.345,1.339,0.0,-14.245,1.0,1.15,0.14,1.39,1.28,-14.55,145.583333,0,1,14137S,CARTER REEF,2007,CL
13.577,14.266,2.31,0.0,-0.07900000000000063,1.0,0.91,1.15,1.5,1.39,-14.55,145.583333,0,1,14137S,CARTER REEF,2008,CL
14.647,13.577,1.649,0.0,-0.6890000000000001,1.0,2.58,0.91,1.76,1.5,-14.55,145.583333,0,1,14137S,CARTER REEF,2009,CL
21.344,14.647,1.467,0.0,1.0700000000000003,2.0,2.64,2.9,1.72,1.94,-14.55,145.583333,0,1,14137S,CARTER REEF,2011,CL
12.5,21.344,2.094,0.0,6.697000000000001,2.0,1.55,0.14,1.61,1.37,-14.55,145.583333,0,1,14137S,CARTER REEF,2013,CL
9.688,12.5,0.895,0.0,-8.844000000000001,2.0,1.51,0.0,1.51,1.29,-14.55,145.583333,0,1,14137S,CARTER REEF,2015,CL
3.937,9.688,0.651,0.0,-2.8119999999999994,2.0,8.64,10.93,2.45,2.53,-14.55,145.583333,0,1,14137S,CARTER REEF,2017,CL
6.709,3.937,6.638,0.0,-5.751000000000001,2.0,0.31,0.14,1.49,1.4,-14.55,145.583333,0,1,14137S,CARTER REEF,2019,CL
17.727,6.709,0.127,0.0,2.772,2.0,3.91,7.390000000000001,2.11,1.97,-14.55,145.583333,0,1,14137S,CARTER REEF,2021,CL
29.162,17.727,0.032,0.0,11.018,1.0,4.43,3.91,2.06,2.11,-14.55,145.583333,0,1,14137S,CARTER REEF,2022,CL
32.826,29.162,0.771,0.0,11.434999999999999,1.0,2.31,4.43,2.47,2.06,-14.55,145.583333,0,1,14137S,CARTER REEF,2023,CL
22.596,17.467,0.855,0.013,3.2079999999999984,1.0,1.12,3.43,1.93,2.22,-14.6,145.625,0,1,14138S,YONGE REEF,1995,CL
18.393,22.596,0.687,0.0,5.129000000000001,1.0,1.75,1.12,2.01,1.93,-14.6,145.625,0,1,14138S,YONGE REEF,1996,CL
25.181,18.393,0.744,0.0,-4.202999999999999,1.0,0.0,1.75,0.58,2.01,-14.6,145.625,0,1,14138S,YONGE REEF,1997,CL
30.438,25.181,0.658,0.0,6.788,1.0,0.76,0.0,1.62,0.58,-14.6,145.625,0,1,14138S,YONGE REEF,1998,CL
29.531,30.438,1.201,0.0,5.256999999999998,1.0,0.0,0.76,1.17,1.62,-14.6,145.625,0,1,14138S,YONGE REEF,1999,CL
29.397,29.531,2.031,0.0,-0.907,1.0,0.44,0.0,1.15,1.17,-14.6,145.625,0,1,14138S,YONGE REEF,2000,CL
29.641,29.397,2.294,0.0,-0.13400000000000034,1.0,0.0,0.44,1.63,1.15,-14.6,145.625,0,1,14138S,YONGE REEF,2001,CL
26.647,29.641,2.438,0.0,0.24399999999999977,1.0,1.22,0.0,1.53,1.63,-14.6,145.625,0,1,14138S,YONGE REEF,2002,CL
26.012,26.647,2.265,0.0,-2.9939999999999998,1.0,1.93,1.22,1.31,1.53,-14.6,145.625,0,1,14138S,YONGE REEF,2003,CL
24.3,26.012,2.5,0.0,-0.634999999999998,1.0,2.54,1.93,2.77,1.31,-14.6,145.625,0,1,14138S,YONGE REEF,2004,CL
34.019,24.3,2.2,0.0,-1.7119999999999997,1.0,0.0,2.54,1.0,2.77,-14.6,145.625,0,1,14138S,YONGE REEF,2005,CL
17.614,34.019,1.234,0.0,9.718999999999998,1.0,0.14,0.0,1.33,1.0,-14.6,145.625,0,1,14138S,YONGE REEF,2006,CL
15.107,17.614,1.875,0.0,-16.404999999999998,1.0,1.13,0.14,1.34,1.33,-14.6,145.625,0,1,14138S,YONGE REEF,2007,CL
18.417,15.107,1.964,0.0,-2.5070000000000014,1.0,0.75,1.13,1.48,1.34,-14.6,145.625,0,1,14138S,YONGE REEF,2008,CL
17.166,18.417,1.767,0.0,3.3100000000000023,1.0,3.0500000000000003,0.75,1.76,1.48,-14.6,145.625,0,1,14138S,YONGE REEF,2009,CL
15.057,17.166,1.017,0.0,-1.2510000000000012,2.0,2.5,2.74,1.7,1.92,-14.6,145.625,0,1,14138S,YONGE REEF,2011,CL
12.963,15.057,1.264,0.0,-2.109,2.0,1.71,0.15,1.63,1.35,-14.6,145.625,0,1,14138S,YONGE REEF,2013,CL
9.226,12.963,0.679,0.0,-2.094000000000001,2.0,1.49,0.0,1.48,1.28,-14.6,145.625,0,1,14138S,YONGE REEF,2015,CL
5.513,9.226,0.774,0.0,-3.7369999999999983,2.0,9.2,11.36,2.43,2.53,-14.6,145.625,0,1,14138S,YONGE REEF,2017,CL
11.765,5.513,9.583,0.0,-3.713000000000001,2.0,0.47,0.14,1.52,1.44,-14.6,145.625,0,1,14138S,YONGE REEF,2019,CL
18.946,11.765,0.294,0.0,6.252000000000001,2.0,3.6,7.87,2.11,1.95,-14.6,145.625,0,1,14138S,YONGE REEF,2021,CL
28.51,18.946,0.12,0.0,7.181000000000001,1.0,4.32,3.6,2.04,2.11,-14.6,145.625,0,1,14138S,YONGE REEF,2022,CL
35.436,28.51,1.282,0.0,9.564,1.0,2.35,4.32,2.46,2.04,-14.6,145.625,0,1,14138S,YONGE REEF,2023,CL
29.159,32.218,0.161,0.0,3.0050000000000026,1.0,1.75,1.12,2.01,1.93,-14.65,145.65,0,1,14139S,NO NAME REEF,1996,CL
25.505,29.159,0.818,0.0,-3.0590000000000046,1.0,0.0,1.75,0.58,2.01,-14.65,145.65,0,1,14139S,NO NAME REEF,1997,CL
26.886,25.505,0.625,0.0,-3.654,1.0,0.76,0.0,1.62,0.58,-14.65,145.65,0,1,14139S,NO NAME REEF,1998,CL
40.487,26.886,1.14,0.0,1.3810000000000002,1.0,0.0,0.76,1.17,1.62,-14.65,145.65,0,1,14139S,NO NAME REEF,1999,CL
27.561,40.487,2.331,0.0,13.601000000000003,1.0,0.44,0.0,1.15,1.17,-14.65,145.65,0,1,14139S,NO NAME REEF,2000,CL
24.183,27.561,2.5,0.0,-12.926000000000002,1.0,0.0,0.44,1.63,1.15,-14.65,145.65,0,1,14139S,NO NAME REEF,2001,CL
23.46,24.183,2.452,0.0,-3.378,1.0,1.22,0.0,1.53,1.63,-14.65,145.65,0,1,14139S,NO NAME REEF,2002,CL
31.14,23.46,2.5,0.0,-0.722999999999999,1.0,1.93,1.22,1.31,1.53,-14.65,145.65,0,1,14139S,NO NAME REEF,2003,CL
21.895,31.14,2.5,0.0,7.68,1.0,2.54,1.93,2.77,1.31,-14.65,145.65,0,1,14139S,NO NAME REEF,2004,CL
23.571,21.895,2.5,0.0,-9.245000000000001,1.0,0.0,2.54,1.0,2.77,-14.65,145.65,0,1,14139S,NO NAME REEF,2005,CL
17.284,23.571,2.46,0.0,1.676000000000002,1.0,0.14,0.0,1.33,1.0,-14.65,145.65,0,1,14139S,NO NAME REEF,2006,CL
11.125,17.284,2.5,0.0,-6.287000000000003,1.0,1.13,0.14,1.34,1.33,-14.65,145.65,0,1,14139S,NO NAME REEF,2007,CL
17.475,11.125,1.708,0.0,-6.158999999999999,1.0,0.75,1.13,1.48,1.34,-14.65,145.65,0,1,14139S,NO NAME REEF,2008,CL
17.193,17.475,1.961,0.0,6.350000000000001,1.0,3.0500000000000003,0.75,1.76,1.48,-14.65,145.65,0,1,14139S,NO NAME REEF,2009,CL
19.627,17.193,1.579,0.0,-0.28200000000000003,1.0,2.74,3.0500000000000003,1.92,1.76,-14.65,145.65,0,1,14139S,NO NAME REEF,2010,CL
15.932,19.627,2.127,0.0,2.4339999999999975,1.0,2.5,2.74,1.7,1.92,-14.65,145.65,0,1,14139S,NO NAME REEF,2011,CL
14.653,15.932,1.314,0.0,-3.6949999999999985,2.0,1.71,0.15,1.63,1.35,-14.65,145.65,0,1,14139S,NO NAME REEF,2013,CL
12.407,14.653,1.806,0.0,-1.279,2.0,1.49,0.0,1.48,1.28,-14.65,145.65,0,1,14139S,NO NAME REEF,2015,CL
4.267,12.407,0.787,0.0,-2.2460000000000004,2.0,9.2,11.36,2.43,2.53,-14.65,145.65,0,1,14139S,NO NAME REEF,2017,CL
8.417,4.267,8.836,0.0,-8.14,2.0,0.47,0.14,1.52,1.44,-14.65,145.65,0,1,14139S,NO NAME REEF,2019,CL
12.793,8.417,0.833,0.0,4.1499999999999995,1.0,7.87,0.47,1.95,1.52,-14.65,145.65,0,1,14139S,NO NAME REEF,2020,CL
22.182,12.793,0.234,0.0,4.3759999999999994,1.0,3.6,7.87,2.11,1.95,-14.65,145.65,0,1,14139S,NO NAME REEF,2021,CL
29.936,22.182,0.045,0.0,9.389,1.0,4.32,3.6,2.04,2.11,-14.65,145.65,0,1,14139S,NO NAME REEF,2022,CL
25.411,29.936,0.424,0.0,7.754000000000001,1.0,2.35,4.32,2.46,2.04,-14.65,145.65,0,1,14139S,NO NAME REEF,2023,CL
25.147,33.958,4.444,0.556,-6.557000000000002,1.0,1.69,0.95,1.97,1.84,-14.741667,145.508333,1,0,14143S,NORTH DIRECTION REEF,1996,CL
22.941,25.147,2.5,0.118,-8.811,1.0,0.0,1.69,0.78,1.97,-14.741667,145.508333,1,0,14143S,NORTH DIRECTION REEF,1997,CL
15.556,22.941,2.5,0.176,-2.2059999999999995,1.0,1.16,0.0,1.63,0.78,-14.741667,145.508333,1,0,14143S,NORTH DIRECTION REEF,1998,CL
26.667,15.556,2.5,0.167,-7.385,1.0,0.45,1.16,1.22,1.63,-14.741667,145.508333,1,0,14143S,NORTH DIRECTION REEF,1999,CL
26.579,26.667,1.944,0.0,11.111000000000002,1.0,0.0,0.45,1.07,1.22,-14.741667,145.508333,1,0,14143S,NORTH DIRECTION REEF,2000,CL
24.706,26.579,2.5,0.0,-0.08800000000000097,1.0,0.0,0.0,1.62,1.07,-14.741667,145.508333,1,0,14143S,NORTH DIRECTION REEF,2001,CL
18.056,24.706,2.5,0.0,-1.873000000000001,1.0,2.07,0.0,1.64,1.62,-14.741667,145.508333,1,0,14143S,NORTH DIRECTION REEF,2002,CL
29.211,18.056,2.5,0.111,-6.649999999999999,1.0,1.26,2.07,1.26,1.64,-14.741667,145.508333,1,0,14143S,NORTH DIRECTION REEF,2003,CL
20.0,29.211,2.5,0.0,11.154999999999998,1.0,2.38,1.26,2.74,1.26,-14.741667,145.508333,1,0,14143S,NORTH DIRECTION REEF,2004,CL
37.946,20.0,3.056,0.056,-9.210999999999999,1.0,0.0,2.38,1.03,2.74,-14.741667,145.508333,1,0,14143S,NORTH DIRECTION REEF,2005,CL
38.421,37.946,2.321,0.0,17.945999999999998,1.0,0.0,0.0,1.23,1.03,-14.741667,145.508333,1,0,14143S,NORTH DIRECTION REEF,2006,CL
33.75,38.421,2.5,0.0,0.4750000000000014,1.0,1.13,0.0,1.3,1.23,-14.741667,145.508333,1,0,14143S,NORTH DIRECTION REEF,2007,CL
25.833,33.75,2.5,0.063,-4.670999999999999,1.0,0.8200000000000001,1.13,1.32,1.3,-14.741667,145.508333,1,0,14143S,NORTH DIRECTION REEF,2008,CL
47.941,25.833,2.5,0.0,-7.917000000000002,1.0,1.71,0.8200000000000001,1.65,1.32,-14.741667,145.508333,1,0,14143S,NORTH DIRECTION REEF,2009,CL
37.188,47.941,2.5,0.0,22.108000000000004,1.0,2.29,1.71,1.95,1.65,-14.741667,145.508333,1,0,14143S,NORTH DIRECTION REEF,2010,CL
28.158,37.188,2.5,0.0,-10.753,1.0,2.2,2.29,1.63,1.95,-14.741667,145.508333,1,0,14143S,NORTH DIRECTION REEF,2011,CL
29.643,28.158,2.5,0.158,-9.030000000000001,2.0,1.48,0.0,1.62,1.29,-14.741667,145.508333,1,0,14143S,NORTH DIRECTION REEF,2013,CL
4.861,29.643,3.452,0.714,1.4849999999999994,2.0,1.82,0.0,1.42,1.05,-14.741667,145.508333,1,0,14143S,NORTH DIRECTION REEF,2015,CL
3.125,4.861,2.083,0.0,-24.782,2.0,8.74,8.94,2.64,2.39,-14.741667,145.508333,1,0,14143S,NORTH DIRECTION REEF,2017,CL
9.063,3.125,2.344,0.0,-1.7359999999999998,2.0,0.47,0.19,1.56,1.47,-14.741667,145.508333,1,0,14143S,NORTH DIRECTION REEF,2019,CL
49.632,9.063,0.469,0.0,5.938000000000001,2.0,3.95,6.57,1.89,1.85,-14.741667,145.508333,1,0,14143S,NORTH DIRECTION REEF,2021,CL
43.75,49.632,0.147,0.0,40.568999999999996,1.0,4.36,3.95,2.01,1.89,-14.741667,145.508333,1,0,14143S,NORTH DIRECTION REEF,2022,CL
49.853,43.75,1.528,0.0,-5.881999999999998,1.0,1.53,4.36,2.62,2.01,-14.741667,145.508333,1,0,14143S,NORTH DIRECTION REEF,2023,CL
20.667,18.784,2.432,0.054,0.2309999999999981,3.0,1.8,0.0,1.79,1.25,-14.825,145.525,1,0,14147A,SOUTH DIRECTION REEF (NORTH),2013,CL
7.23,20.667,2.556,1.222,1.8830000000000027,2.0,1.57,0.0,1.5,1.04,-14.825,145.525,1,0,14147A,SOUTH DIRECTION REEF (NORTH),2015,CL
25.0,30.104,2.396,0.0,-24.497999999999998,3.0,1.31,3.0700000000000003,1.31,1.56,-14.933333,145.683333,0,1,14152S,NO 10 PATCHES (NO 2),2003,CL
22.5,25.0,2.5,0.0,-5.103999999999999,3.0,0.0,0.15,1.27,1.12,-14.933333,145.683333,0,1,14152S,NO 10 PATCHES (NO 2),2006,CL
25.12,24.753,0.901,0.0,-3.1370000000000005,3.0,0.48,0.8,1.31,1.58,-14.991667,145.708333,0,1,14154S,RIBBON NO 9 REEF,1999,CL
22.774,25.12,2.363,0.0,0.3670000000000009,3.0,3.22,0.45,1.56,1.78,-14.991667,145.708333,0,1,14154S,RIBBON NO 9 REEF,2002,CL
27.112,22.774,2.043,0.0,-2.346,3.0,0.14,2.1,1.05,1.88,-14.991667,145.708333,0,1,14154S,RIBBON NO 9 REEF,2005,CL
7.895,31.85,5.7,3.6,-9.579,3.0,0.0,1.08,1.16,1.82,-15.025,145.441667,0,0,15002S,TWO ISLANDS REEF,1999,CL
13.523,7.895,1.711,0.0,-23.955000000000002,3.0,3.11,0.45,1.48,1.98,-15.025,145.441667,0,0,15002S,TWO ISLANDS REEF,2002,CL
23.269,13.523,2.045,0.0,5.628,3.0,0.16,1.45,1.19,1.77,-15.025,145.441667,0,0,15002S,TWO ISLANDS REEF,2005,CL
33.9,46.534,2.386,0.0,23.265,2.0,1.49,0.0,2.04,1.1,-15.025,145.441667,0,0,15002S,TWO ISLANDS REEF,2013,CL
32.609,33.864,2.386,2.136,-3.011000000000003,3.0,0.0,0.0,1.02,1.14,-15.116667,145.425,0,0,15005S,THREE ISLANDS REEF,2000,CL
33.661,32.609,2.174,0.0,-1.2549999999999955,3.0,0.45,3.04,1.13,1.46,-15.116667,145.425,0,0,15005S,THREE ISLANDS REEF,2003,CL
42.3,33.661,2.143,0.0,1.0519999999999996,3.0,0.29,0.15,1.22,1.13,-15.116667,145.425,0,0,15005S,THREE ISLANDS REEF,2006,CL
10.328,9.083,2.667,1.667,-20.270000000000003,3.0,0.0,0.0,1.02,1.22,-15.166667,145.5,1,0,15009S,FORRESTER REEF,2000,CL
14.298,10.328,2.336,0.066,1.2449999999999992,3.0,0.3,3.33,1.08,1.53,-15.166667,145.5,1,0,15009S,FORRESTER REEF,2003,CL
17.935,14.298,2.456,0.088,3.9700000000000006,3.0,0.0,0.3,1.2,1.16,-15.166667,145.5,1,0,15009S,FORRESTER REEF,2006,CL
22.083,17.935,2.138,0.0,3.6369999999999987,3.0,0.92,0.14,1.54,1.05,-15.166667,145.5,1,0,15009S,FORRESTER REEF,2009,CL
5.164,15.582,4.212,2.082,-6.500999999999998,2.0,1.06,0.0,1.54,0.95,-15.166667,145.5,1,0,15009S,FORRESTER REEF,2015,CL
41.864,26.165,0.085,0.0,21.000999999999998,2.0,0.43,3.76,2.6,2.13,-15.166667,145.5,1,0,15009S,FORRESTER REEF,2023,CL
26.004,26.118,2.675,0.0,-1.0250000000000021,1.0,0.88,1.92,1.61,2.02,-15.416667,145.425,0,0,15012S,BOULDER REEF,1995,CL
22.119,26.004,1.434,0.0,-0.11399999999999721,1.0,1.57,0.88,2.16,1.61,-15.416667,145.425,0,0,15012S,BOULDER REEF,1996,CL
29.577,22.119,1.186,0.051,-3.8850000000000016,1.0,0.0,1.57,0.66,2.16,-15.416667,145.425,0,0,15012S,BOULDER REEF,1997,CL
17.222,29.577,0.887,0.0,7.458000000000002,1.0,0.46,0.0,1.69,0.66,-15.416667,145.425,0,0,15012S,BOULDER REEF,1998,CL
22.5,17.222,2.103,0.683,-12.355,1.0,0.0,0.46,1.02,1.69,-15.416667,145.425,0,0,15012S,BOULDER REEF,1999,CL
22.695,22.5,3.102,1.481,5.277999999999999,1.0,0.0,0.0,0.92,1.02,-15.416667,145.425,0,0,15012S,BOULDER REEF,2000,CL
28.113,22.695,1.914,0.125,0.19500000000000028,1.0,0.16,0.0,1.75,0.92,-15.416667,145.425,0,0,15012S,BOULDER REEF,2001,CL
28.979,28.113,2.255,0.0,5.417999999999999,1.0,1.53,0.16,1.49,1.75,-15.416667,145.425,0,0,15012S,BOULDER REEF,2002,CL
24.813,28.979,2.417,0.0,0.8659999999999997,1.0,0.14,1.53,1.1,1.49,-15.416667,145.425,0,0,15012S,BOULDER REEF,2003,CL
18.566,24.813,2.5,0.0,-4.166,1.0,0.88,0.14,1.59,1.1,-15.416667,145.425,0,0,15012S,BOULDER REEF,2004,CL
23.354,18.566,2.459,0.0,-6.247,1.0,0.31,0.88,1.25,1.59,-15.416667,145.425,0,0,15012S,BOULDER REEF,2005,CL
22.773,23.354,1.875,0.0,4.788,1.0,0.14,0.31,1.06,1.25,-15.416667,145.425,0,0,15012S,BOULDER REEF,2006,CL
31.923,22.773,2.461,0.016,-0.5809999999999995,1.0,0.0,0.14,1.02,1.06,-15.416667,145.425,0,0,15012S,BOULDER REEF,2007,CL
29.246,31.923,2.5,0.0,9.149999999999999,2.0,0.46,0.0,1.41,1.0,-15.416667,145.425,0,0,15012S,BOULDER REEF,2009,CL
32.004,29.246,2.222,0.0,-2.6769999999999996,1.0,0.15,0.46,1.5,1.41,-15.416667,145.425,0,0,15012S,BOULDER REEF,2010,CL
23.822,32.004,2.183,0.0,2.757999999999999,1.0,0.0,0.15,1.63,1.5,-15.416667,145.425,0,0,15012S,BOULDER REEF,2011,CL
27.192,23.822,1.739,0.0,-8.181999999999999,2.0,1.12,0.0,1.79,0.9,-15.416667,145.425,0,0,15012S,BOULDER REEF,2013,CL
31.53,25.952,0.04,0.0,-1.2399999999999984,2.0,0.0,2.64,2.69,1.99,-15.416667,145.425,0,0,15012S,BOULDER REEF,2023,CL
18.827,18.62,1.354,0.0,0.7200000000000024,3.0,0.0,0.15,1.01,1.7,-15.475,145.416667,0,0,15013S,EGRET REEF,1999,CL
15.313,18.827,2.143,2.02,0.20700000000000074,3.0,1.34,0.16,1.48,1.77,-15.475,145.416667,0,0,15013S,EGRET REEF,2002,CL
12.108,15.313,1.823,0.0,-3.514000000000001,3.0,0.31,0.87,1.25,1.59,-15.475,145.416667,0,0,15013S,EGRET REEF,2005,CL
16.0,12.108,2.108,0.0,-3.205,2.0,0.0,0.14,1.03,1.07,-15.475,145.416667,0,0,15013S,EGRET REEF,2007,CL
15.926,16.0,1.25,0.0,3.8919999999999995,2.0,0.62,0.0,1.4,0.98,-15.475,145.416667,0,0,15013S,EGRET REEF,2009,CL
16.009,15.926,1.62,0.0,-0.07399999999999984,2.0,0.0,0.15,1.57,1.48,-15.475,145.416667,0,0,15013S,EGRET REEF,2011,CL
15.784,9.167,0.0,0.0,-6.8420000000000005,2.0,0.0,2.8000000000000003,2.7,1.94,-15.475,145.416667,0,0,15013S,EGRET REEF,2023,CL
10.088,8.25,2.625,1.567,-3.353999999999999,3.0,0.3,0.0,1.84,0.98,-15.15,145.575,1,0,15024S,MACKAY REEFS,2001,CL
4.25,10.088,2.237,0.035,1.8379999999999992,3.0,1.45,0.3,1.73,1.09,-15.15,145.575,1,0,15024S,MACKAY REEFS,2004,CL
8.796,4.25,2.125,0.017,-5.837999999999999,3.0,0.0,0.0,1.1,1.19,-15.15,145.575,1,0,15024S,MACKAY REEFS,2007,CL
10.0,8.796,1.667,0.019,4.545999999999999,3.0,1.78,0.97,1.82,1.59,-15.15,145.575,1,0,15024S,MACKAY REEFS,2010,CL
8.906,35.391,1.563,0.0,13.029999999999998,2.0,7.11,8.540000000000001,3.0,2.32,-15.133333,145.691667,0,1,15025S,HARRIER REEF,2017,CL
17.813,25.99,2.292,0.208,-5.260000000000002,3.0,0.3,3.35,1.11,1.58,-15.2,145.616667,1,0,15027S,MARX REEF,2003,CL
20.333,17.813,2.5,0.042,-8.177,3.0,0.0,0.15,1.14,1.14,-15.2,145.616667,1,0,15027S,MARX REEF,2006,CL
28.704,20.333,1.917,0.0,2.5199999999999996,3.0,0.97,0.6,1.62,1.13,-15.2,145.616667,1,0,15027S,MARX REEF,2009,CL
26.25,28.704,2.5,0.0,8.371000000000002,1.0,1.78,0.97,1.8,1.62,-15.2,145.616667,1,0,15027S,MARX REEF,2010,CL
25.302,26.25,2.396,0.0,-2.4540000000000006,1.0,0.68,1.78,1.79,1.8,-15.2,145.616667,1,0,15027S,MARX REEF,2011,CL
22.813,25.302,2.5,0.0,-0.9480000000000004,2.0,1.55,0.0,1.87,1.1,-15.2,145.616667,1,0,15027S,MARX REEF,2013,CL
11.371,22.813,2.969,0.469,-2.4890000000000008,2.0,1.11,0.0,1.58,0.98,-15.2,145.616667,1,0,15027S,MARX REEF,2015,CL
13.214,5.859,2.266,0.375,-18.037999999999997,3.0,0.3,0.0,1.76,0.98,-15.208333,145.55,1,0,15028S2,STARTLE (EAST),2001,CL
8.952,13.214,2.357,0.0,7.355,3.0,1.48,0.3,1.8,1.12,-15.208333,145.55,1,0,15028S2,STARTLE (EAST),2004,CL
19.141,8.952,2.016,0.065,-4.2620000000000005,3.0,0.0,0.0,1.06,1.15,-15.208333,145.55,1,0,15028S2,STARTLE (EAST),2007,CL
18.077,19.141,2.5,0.0,10.188999999999998,2.0,1.09,0.29,1.58,1.09,-15.208333,145.55,1,0,15028S2,STARTLE (EAST),2009,CL
15.517,18.077,2.372,0.179,-1.0639999999999965,1.0,1.53,1.09,1.77,1.58,-15.208333,145.55,1,0,15028S2,STARTLE (EAST),2010,CL
19.857,15.517,2.414,0.069,-2.5600000000000023,1.0,0.48,1.53,1.86,1.77,-15.208333,145.55,1,0,15028S2,STARTLE (EAST),2011,CL
13.313,19.857,2.929,0.314,4.34,2.0,1.41,0.0,1.97,1.05,-15.208333,145.55,1,0,15028S2,STARTLE (EAST),2013,CL
4.744,13.313,3.688,1.225,-6.543999999999999,2.0,1.09,0.0,1.58,0.96,-15.208333,145.55,1,0,15028S2,STARTLE (EAST),2015,CL
16.25,17.333,2.833,0.467,-3.136000000000003,3.0,0.15,0.0,1.83,1.02,-15.241667,145.533333,1,0,15030S,SWINGER REEF,2001,CL
14.333,16.25,2.5,0.0,-1.0829999999999984,3.0,1.42,0.3,1.77,1.09,-15.241667,145.533333,1,0,15030S,SWINGER REEF,2004,CL
25.234,14.333,2.5,0.0,-1.9169999999999998,3.0,0.0,0.0,1.05,1.17,-15.241667,145.533333,1,0,15030S,SWINGER REEF,2007,CL
29.75,25.234,2.5,0.0,10.901000000000002,2.0,0.77,0.14,1.52,1.05,-15.241667,145.533333,1,0,15030S,SWINGER REEF,2009,CL
23.929,29.75,2.25,0.05,4.515999999999998,1.0,1.32,0.77,1.72,1.52,-15.241667,145.533333,1,0,15030S,SWINGER REEF,2010,CL
39.338,25.781,0.156,0.0,14.530999999999999,2.0,0.29,3.72,2.64,2.12,-15.241667,145.533333,1,0,15030S,SWINGER REEF,2023,CL
22.618,34.792,1.75,0.0,0.240000000000002,3.0,0.92,2.81,1.24,1.66,-15.283333,145.75,0,1,15032S,RIBBON NO 6 REEF,2003,CL
22.409,16.311,1.189,0.0,-6.306999999999999,2.0,2.0,0.0,1.69,1.15,-15.283333,145.75,0,1,15032S,RIBBON NO 6 REEF,2015,CL
10.727,22.409,0.727,0.0,6.097999999999999,2.0,7.76,8.46,2.8000000000000003,2.08,-15.283333,145.75,0,1,15032S,RIBBON NO 6 REEF,2017,CL
24.917,36.289,2.422,0.0,10.304000000000002,3.0,2.94,0.66,1.66,1.75,-15.316667,145.766667,0,1,15034S,15034S,2002,CL
25.645,24.917,2.333,0.0,-11.372,3.0,0.0,2.4,1.08,1.83,-15.316667,145.766667,0,1,15034S,15034S,2005,CL
24.336,21.765,1.765,0.0,-3.879999999999999,3.0,1.58,0.0,1.67,1.08,-15.316667,145.766667,0,1,15034S,15034S,2013,CL
32.063,29.013,2.566,0.026,-1.8909999999999982,3.0,0.0,0.0,1.22,1.54,-15.466667,145.683333,1,0,15047S,15047S,1999,CL
20.788,32.063,2.5,0.325,3.0500000000000007,3.0,3.33,0.84,1.62,1.86,-15.466667,145.683333,1,0,15047S,15047S,2002,CL
19.222,20.788,2.5,0.043,-11.275000000000002,3.0,0.3,1.82,1.18,1.79,-15.466667,145.683333,1,0,15047S,15047S,2005,CL
16.094,19.222,2.453,0.057,-1.565999999999999,2.0,0.0,0.0,1.27,1.13,-15.466667,145.683333,1,0,15047S,15047S,2007,CL
19.375,16.094,2.396,0.021,-3.128,3.0,1.21,1.27,1.77,1.55,-15.466667,145.683333,1,0,15047S,15047S,2010,CL
22.5,19.375,2.5,0.022,3.280999999999999,1.0,0.86,1.21,1.64,1.77,-15.466667,145.683333,1,0,15047S,15047S,2011,CL
20.104,22.5,2.267,0.047,3.125,2.0,1.19,0.0,1.71,0.94,-15.466667,145.683333,1,0,15047S,15047S,2013,CL
25.668,19.188,0.958,0.0,-4.791,3.0,0.88,0.0,1.87,0.74,-15.483333,145.8,0,1,15050S,RIBBON NO 3 REEF,2001,CL
17.964,25.668,2.329,0.0,6.48,3.0,3.19,0.49,1.91,1.28,-15.483333,145.8,0,1,15050S,RIBBON NO 3 REEF,2004,CL
18.088,15.789,2.171,0.105,-13.793999999999999,3.0,0.85,0.0,1.9,0.8,-15.558333,145.65,1,0,15077S,15077S,2001,CL
8.429,18.088,2.5,0.059,2.2990000000000013,3.0,1.41,0.0,1.64,1.1,-15.558333,145.65,1,0,15077S,15077S,2004,CL
9.643,8.429,3.214,0.0,-9.659,3.0,0.0,0.0,1.26,1.14,-15.558333,145.65,1,0,15077S,15077S,2007,CL
13.205,9.643,1.286,0.0,1.2140000000000004,2.0,0.97,0.0,1.44,0.96,-15.558333,145.65,1,0,15077S,15077S,2009,CL
16.118,13.205,1.987,0.0,3.5619999999999994,1.0,1.01,0.97,1.77,1.44,-15.558333,145.65,1,0,15077S,15077S,2010,CL
13.293,16.118,2.105,0.0,2.9129999999999985,3.0,1.03,0.0,1.64,0.85,-15.558333,145.65,1,0,15077S,15077S,2013,CL
15.915,13.293,2.378,0.366,-2.8249999999999993,2.0,1.45,0.0,1.53,0.98,-15.558333,145.65,1,0,15077S,15077S,2015,CL
37.743,25.0,0.484,0.0,0.2940000000000005,3.0,0.96,0.0,1.99,0.9,-15.608333,145.8,0,1,15080S,RIBBON NO 1 REEF,2001,CL
19.081,37.743,1.528,0.0,12.743000000000002,3.0,2.95,0.17,1.93,1.18,-15.608333,145.8,0,1,15080S,RIBBON NO 1 REEF,2004,CL
21.932,19.081,2.647,0.0,-18.662000000000003,3.0,0.15,0.14,1.35,1.23,-15.608333,145.8,0,1,15080S,RIBBON NO 1 REEF,2007,CL
18.924,20.347,2.083,0.889,-6.363999999999997,3.0,1.99,0.48,1.55,1.78,-15.616667,145.516667,1,0,15081S,ROSSER REEF,2002,CL
19.655,18.924,2.257,0.0,-1.4230000000000018,3.0,0.32,0.89,1.33,1.61,-15.616667,145.516667,1,0,15081S,ROSSER REEF,2005,CL
22.873,19.655,2.5,0.0,0.7310000000000016,2.0,0.0,0.0,1.15,1.08,-15.616667,145.516667,1,0,15081S,ROSSER REEF,2007,CL
30.212,22.873,2.5,0.0,3.218,2.0,0.97,0.0,1.39,0.89,-15.616667,145.516667,1,0,15081S,ROSSER REEF,2009,CL
33.504,30.212,1.822,0.0,7.338999999999999,2.0,0.46,0.66,1.56,1.73,-15.616667,145.516667,1,0,15081S,ROSSER REEF,2011,CL
17.642,19.198,1.84,0.038,0.5620000000000012,3.0,0.0,0.0,0.86,1.22,-15.65,145.716667,1,0,15084S,IRENE REEF,2000,CL
15.45,17.642,2.311,0.038,-1.556000000000001,3.0,0.0,3.49,1.08,1.6,-15.65,145.716667,1,0,15084S,IRENE REEF,2003,CL
18.724,15.45,2.25,0.0,-2.192,3.0,0.0,0.15,1.2,1.16,-15.65,145.716667,1,0,15084S,IRENE REEF,2006,CL
11.7,18.724,2.041,0.0,3.274000000000001,1.0,0.0,0.0,1.31,1.2,-15.65,145.716667,1,0,15084S,IRENE REEF,2007,CL
13.705,15.364,1.682,1.127,3.6640000000000015,2.0,1.31,0.0,1.64,1.0,-15.65,145.716667,1,0,15084S,IRENE REEF,2015,CL
32.583,16.25,0.179,0.0,-3.75,3.0,0.0,0.44,0.9,1.3,-15.65,145.8,0,1,15085S,LENA REEF,2000,CL
21.707,32.583,1.722,0.0,16.333,3.0,0.17,4.3500000000000005,1.18,1.6,-15.65,145.8,0,1,15085S,LENA REEF,2003,CL
38.237,39.128,0.0,0.0,18.73,2.0,0.31,3.3200000000000003,2.56,1.95,-15.65,145.8,0,1,15085S,LENA REEF,2023,CL
22.025,13.231,0.962,0.0,-9.819999999999999,3.0,0.0,0.0,1.25,1.53,-15.75,145.783333,0,1,15088S,RUBY REEF,1999,CA
25.152,22.025,1.056,0.0,8.793999999999999,3.0,3.79,0.99,1.6,2.07,-15.75,145.783333,0,1,15088S,RUBY REEF,2002,CA
24.768,25.152,2.273,0.0,3.1270000000000024,3.0,0.14,1.77,1.13,1.77,-15.75,145.783333,0,1,15088S,RUBY REEF,2005,CA
33.22,24.313,0.875,0.0,-1.0549999999999997,3.0,0.0,0.14,0.98,1.28,-15.791667,145.8,0,1,15090S,ANDERSEN REEF,2000,CA
38.051,33.22,2.576,0.0,8.907,3.0,0.14,3.95,1.05,1.6,-15.791667,145.8,0,1,15090S,ANDERSEN REEF,2003,CA
27.535,31.151,1.316,0.0,3.75,3.0,1.17,0.0,2.09,0.97,-15.825,145.816667,0,1,15092S,RACHEL CARSON REEF,2001,CA
34.359,27.535,1.458,0.0,-3.6159999999999997,3.0,2.08,0.0,1.81,1.05,-15.825,145.816667,0,1,15092S,RACHEL CARSON REEF,2004,CA
30.357,20.579,1.28,0.0,-13.780000000000001,1.0,1.71,6.08,1.55,1.83,-15.825,145.816667,0,1,15092S,RACHEL CARSON REEF,2021,CA
17.095,25.909,1.883,0.117,5.945999999999998,1.0,0.0,0.0,1.51,0.67,-15.875,145.583333,1,0,15093S,PICKERSGILL REEF,1998,CA
22.644,17.095,2.534,0.311,-8.814,1.0,0.0,0.0,1.11,1.51,-15.875,145.583333,1,0,15093S,PICKERSGILL REEF,1999,CA
31.128,22.644,2.443,0.126,5.5489999999999995,1.0,0.0,0.0,0.84,1.11,-15.875,145.583333,1,0,15093S,PICKERSGILL REEF,2000,CA
25.194,31.128,3.021,0.111,8.484000000000002,1.0,0.65,0.0,1.83,0.84,-15.875,145.583333,1,0,15093S,PICKERSGILL REEF,2001,CA
17.388,25.194,2.254,0.099,-5.934000000000001,2.0,0.0,1.18,1.08,1.68,-15.875,145.583333,1,0,15093S,PICKERSGILL REEF,2003,CA
15.617,17.388,2.09,0.0,-7.805999999999997,1.0,0.84,0.0,1.65,1.08,-15.875,145.583333,1,0,15093S,PICKERSGILL REEF,2004,CA
15.0,15.617,2.468,0.0,-1.7710000000000008,2.0,0.0,0.16,1.05,1.27,-15.875,145.583333,1,0,15093S,PICKERSGILL REEF,2006,CA
12.432,15.0,1.667,0.0,-0.6170000000000009,1.0,0.0,0.0,1.1,1.05,-15.875,145.583333,1,0,15093S,PICKERSGILL REEF,2007,CA
17.025,12.432,1.096,0.0,-2.5679999999999996,1.0,0.0,0.0,0.93,1.1,-15.875,145.583333,1,0,15093S,PICKERSGILL REEF,2008,CA
20.25,17.025,2.373,0.0,4.592999999999998,2.0,0.66,1.12,1.73,1.37,-15.875,145.583333,1,0,15093S,PICKERSGILL REEF,2010,CA
22.018,20.25,2.0,0.0,3.2250000000000014,1.0,0.67,0.66,1.54,1.73,-15.875,145.583333,1,0,15093S,PICKERSGILL REEF,2011,CA
17.667,7.928,1.217,0.0,-11.724999999999998,1.0,2.44,0.63,1.67,1.48,-15.875,145.583333,1,0,15093S,PICKERSGILL REEF,2020,CA
34.784,17.667,1.1,0.0,9.739,1.0,0.63,2.44,1.64,1.67,-15.875,145.583333,1,0,15093S,PICKERSGILL REEF,2021,CA
28.553,16.762,0.41,0.0,-1.2149999999999999,3.0,0.0,0.0,0.93,1.27,-15.883333,145.791667,0,1,15094S1,ESCAPE (1),2000,CA
28.75,28.553,2.325,0.0,11.791,3.0,0.0,3.01,1.05,1.68,-15.883333,145.791667,0,1,15094S1,ESCAPE (1),2003,CA
29.949,19.602,2.443,0.182,-12.565000000000001,3.0,0.93,0.0,2.04,0.87,-15.908333,145.658333,1,0,15095S,EVENING REEF,2001,CA
17.766,29.949,2.245,0.0,10.347000000000001,3.0,1.14,0.0,1.62,1.02,-15.908333,145.658333,1,0,15095S,EVENING REEF,2004,CA
17.5,17.766,2.5,0.021,-12.183000000000003,3.0,0.0,0.0,1.07,1.14,-15.908333,145.658333,1,0,15095S,EVENING REEF,2007,CA
25.95,9.412,0.931,0.0,0.1930000000000014,1.0,0.77,2.45,1.59,1.66,-15.908333,145.658333,1,0,15095S,EVENING REEF,2021,CA
28.627,25.95,0.65,0.02,16.537999999999997,1.0,4.09,0.77,1.95,1.59,-15.908333,145.658333,1,0,15095S,EVENING REEF,2022,CA
25.734,21.7,0.9,0.0,0.6129999999999995,3.0,0.15,0.0,1.31,1.48,-15.95,145.816667,0,1,15096S,AGINCOURT REEFS (NO 4),1999,CA
28.159,25.734,1.627,0.0,4.0340000000000025,3.0,3.33,1.2,1.71,2.14,-15.95,145.816667,0,1,15096S,AGINCOURT REEFS (NO 4),2002,CA
23.891,28.159,2.0,0.0,2.424999999999997,3.0,0.14,2.02,1.12,1.7,-15.95,145.816667,0,1,15096S,AGINCOURT REEFS (NO 4),2005,CA
24.844,16.667,2.5,0.0,-16.805,2.0,1.1,0.0,1.34,0.95,-15.975,145.666667,1,0,15098S,MORNING REEF,2009,CA
26.712,22.263,0.862,0.0,-0.134999999999998,3.0,0.0,0.44,0.91,1.34,-15.991667,145.825,0,1,15099A,AGINCOURT REEFS (NO 3),2000,CA
26.094,26.712,2.011,0.457,4.448999999999998,3.0,0.0,3.0700000000000003,1.03,1.78,-15.991667,145.825,0,1,15099A,AGINCOURT REEFS (NO 3),2003,CA
13.621,21.008,0.081,0.0,6.652999999999999,1.0,1.53,1.3,1.94,2.02,-16.05,145.858333,0,1,15099C,AGINCOURT REEFS (NO 1),1996,CA
30.202,13.621,1.034,0.0,-7.386999999999999,1.0,0.0,1.53,0.89,1.94,-16.05,145.858333,0,1,15099C,AGINCOURT REEFS (NO 1),1997,CA
23.047,30.202,0.484,0.0,16.581000000000003,1.0,0.0,0.0,1.46,0.89,-16.05,145.858333,0,1,15099C,AGINCOURT REEFS (NO 1),1998,CA
18.929,23.047,1.484,0.0,-7.155000000000001,1.0,0.47,0.0,1.4,1.46,-16.05,145.858333,0,1,15099C,AGINCOURT REEFS (NO 1),1999,CA
32.339,18.929,0.786,0.0,-4.118000000000002,1.0,0.0,0.47,0.94,1.4,-16.05,145.858333,0,1,15099C,AGINCOURT REEFS (NO 1),2000,CA
35.042,32.339,3.629,0.0,13.41,1.0,1.26,0.0,2.21,0.94,-16.05,145.858333,0,1,15099C,AGINCOURT REEFS (NO 1),2001,CA
28.843,35.042,2.25,0.0,2.703000000000003,1.0,3.24,1.26,1.81,2.21,-16.05,145.858333,0,1,15099C,AGINCOURT REEFS (NO 1),2002,CA
20.167,28.843,2.315,0.0,-6.199000000000002,1.0,0.45,3.24,1.07,1.81,-16.05,145.858333,0,1,15099C,AGINCOURT REEFS (NO 1),2003,CA
27.5,20.167,2.167,0.0,-8.675999999999998,1.0,2.22,0.45,1.7,1.07,-16.05,145.858333,0,1,15099C,AGINCOURT REEFS (NO 1),2004,CA
31.397,27.5,2.424,0.0,7.332999999999998,1.0,0.15,2.22,1.15,1.7,-16.05,145.858333,0,1,15099C,AGINCOURT REEFS (NO 1),2005,CA
17.931,31.397,2.941,0.0,3.8969999999999985,1.0,0.14,0.15,1.14,1.15,-16.05,145.858333,0,1,15099C,AGINCOURT REEFS (NO 1),2006,CA
21.481,17.931,2.5,0.0,-13.465999999999998,1.0,0.0,0.14,0.99,1.14,-16.05,145.858333,0,1,15099C,AGINCOURT REEFS (NO 1),2007,CA
18.716,21.481,1.296,0.0,3.5500000000000007,1.0,0.0,0.0,1.0,0.99,-16.05,145.858333,0,1,15099C,AGINCOURT REEFS (NO 1),2008,CA
14.141,18.716,0.946,0.0,-2.7650000000000006,1.0,1.61,0.0,1.46,1.0,-16.05,145.858333,0,1,15099C,AGINCOURT REEFS (NO 1),2009,CA
23.125,14.141,1.484,0.0,-4.575000000000001,1.0,1.19,1.61,1.92,1.46,-16.05,145.858333,0,1,15099C,AGINCOURT REEFS (NO 1),2010,CA
17.422,23.125,1.597,0.0,8.984,1.0,1.65,1.19,1.82,1.92,-16.05,145.858333,0,1,15099C,AGINCOURT REEFS (NO 1),2011,CA
10.203,17.422,1.406,0.0,-5.702999999999999,1.0,0.16,1.65,1.19,1.82,-16.05,145.858333,0,1,15099C,AGINCOURT REEFS (NO 1),2012,CA
9.015,10.203,0.811,0.0,-7.219000000000001,1.0,1.52,0.16,1.6,1.19,-16.05,145.858333,0,1,15099C,AGINCOURT REEFS (NO 1),2013,CA
11.115,9.015,0.076,0.0,-1.1879999999999988,1.0,0.0,1.52,0.95,1.6,-16.05,145.858333,0,1,15099C,AGINCOURT REEFS (NO 1),2014,CA
11.029,11.115,1.081,0.0,2.0999999999999996,1.0,1.59,0.0,1.56,0.95,-16.05,145.858333,0,1,15099C,AGINCOURT REEFS (NO 1),2015,CA
17.419,11.029,0.368,0.0,-0.0860000000000003,1.0,7.0600000000000005,1.59,2.04,1.56,-16.05,145.858333,0,1,15099C,AGINCOURT REEFS (NO 1),2016,CA
11.603,17.419,0.0,0.0,6.390000000000001,1.0,7.96,7.0600000000000005,2.6,2.04,-16.05,145.858333,0,1,15099C,AGINCOURT REEFS (NO 1),2017,CA
15.391,11.603,7.756,0.0,-5.816000000000001,1.0,0.15,7.96,1.26,2.6,-16.05,145.858333,0,1,15099C,AGINCOURT REEFS (NO 1),2018,CA
10.786,15.391,1.25,0.0,3.7880000000000003,1.0,0.6900000000000001,0.15,1.55,1.26,-16.05,145.858333,0,1,15099C,AGINCOURT REEFS (NO 1),2019,CA
25.078,10.786,1.357,0.0,-4.605,1.0,7.57,0.6900000000000001,1.86,1.55,-16.05,145.858333,0,1,15099C,AGINCOURT REEFS (NO 1),2020,CA
30.993,25.078,0.938,0.0,14.292,1.0,1.07,7.57,1.64,1.86,-16.05,145.858333,0,1,15099C,AGINCOURT REEFS (NO 1),2021,CA
45.313,30.993,0.0,0.0,5.914999999999999,2.0,0.59,4.28,2.64,1.91,-16.05,145.858333,0,1,15099C,AGINCOURT REEFS (NO 1),2023,CA
22.5,25.0,1.944,0.0,-2.0829999999999984,3.0,1.19,0.0,2.17,0.91,-16.013333,145.791667,1,0,16013A,16013A,2001,CA
27.222,22.5,2.5,0.0,-2.5,3.0,1.64,0.0,1.63,0.96,-16.013333,145.791667,1,0,16013A,16013A,2004,CA
21.0,27.222,0.556,0.0,4.722000000000001,3.0,0.0,0.0,1.02,1.13,-16.013333,145.791667,1,0,16013A,16013A,2007,CA
24.375,21.389,2.5,0.0,0.38899999999999935,1.0,0.77,4.71,1.6,1.69,-16.013333,145.791667,1,0,16013A,16013A,2021,CA
43.333,39.286,1.786,0.0,-4.256,3.0,1.23,0.0,2.19,0.93,-16.013333,145.8,1,0,16013B,16013B,2001,CA
23.333,43.333,2.5,0.0,4.046999999999997,3.0,1.85,0.14,1.6,1.02,-16.013333,145.8,1,0,16013B,16013B,2004,CA
47.143,23.333,2.5,0.0,-20.0,3.0,0.0,0.0,1.01,1.15,-16.013333,145.8,1,0,16013B,16013B,2007,CA
64.531,25.357,1.786,0.0,-21.786,1.0,0.78,5.96,1.62,1.78,-16.013333,145.8,1,0,16013B,16013B,2021,CA
8.125,20.625,3.75,0.25,-14.375,3.0,1.23,0.0,2.19,0.93,-16.03,145.803333,1,0,16013C,16013C,2001,CA
6.25,8.125,2.5,0.0,-12.5,3.0,1.85,0.14,1.6,1.02,-16.03,145.803333,1,0,16013C,16013C,2004,CA
8.75,6.25,2.5,0.0,-1.875,3.0,0.0,0.0,1.01,1.15,-16.03,145.803333,1,0,16013C,16013C,2007,CA
22.5,3.75,0.625,0.0,-5.0,1.0,0.78,5.96,1.62,1.78,-16.03,145.803333,1,0,16013C,16013C,2021,CA
28.25,30.25,1.625,0.1,-5.185000000000002,1.0,1.37,1.44,1.99,1.99,-16.05,145.65,1,0,16015S,MACKAY REEF,1996,CA
27.031,28.25,2.125,0.05,-2.0,2.0,0.0,0.0,1.45,0.64,-16.05,145.65,1,0,16015S,MACKAY REEF,1998,CA
19.3,27.031,2.604,0.5,-1.2190000000000012,1.0,0.0,0.0,1.17,1.45,-16.05,145.65,1,0,16015S,MACKAY REEF,1999,CA
29.948,19.3,3.0,0.28,-7.730999999999998,1.0,0.0,0.0,0.85,1.17,-16.05,145.65,1,0,16015S,MACKAY REEF,2000,CA
19.091,29.948,2.5,0.0,10.648,1.0,0.91,0.0,2.0,0.85,-16.05,145.65,1,0,16015S,MACKAY REEF,2001,CA
20.341,19.091,2.386,0.0,-10.857,1.0,1.32,0.91,1.82,2.0,-16.05,145.65,1,0,16015S,MACKAY REEF,2002,CA
12.619,20.341,2.5,0.0,1.25,1.0,0.0,1.32,1.03,1.82,-16.05,145.65,1,0,16015S,MACKAY REEF,2003,CA
18.58,12.619,2.5,0.0,-7.722000000000001,1.0,0.84,0.0,1.66,1.03,-16.05,145.65,1,0,16015S,MACKAY REEF,2004,CA
18.409,18.58,2.159,0.0,5.9609999999999985,1.0,0.16,0.84,1.21,1.66,-16.05,145.65,1,0,16015S,MACKAY REEF,2005,CA
21.364,18.409,1.818,0.0,-0.17099999999999937,1.0,0.0,0.16,1.0,1.21,-16.05,145.65,1,0,16015S,MACKAY REEF,2006,CA
24.605,21.364,1.818,0.0,2.955000000000002,1.0,0.0,0.0,1.09,1.0,-16.05,145.65,1,0,16015S,MACKAY REEF,2007,CA
21.957,24.605,1.316,0.0,3.2409999999999997,1.0,0.0,0.0,1.01,1.09,-16.05,145.65,1,0,16015S,MACKAY REEF,2008,CA
26.146,21.957,2.391,0.0,-2.6479999999999997,1.0,1.1,0.0,1.33,1.01,-16.05,145.65,1,0,16015S,MACKAY REEF,2009,CA
27.727,26.146,2.917,0.0,4.189,1.0,0.71,1.1,1.89,1.33,-16.05,145.65,1,0,16015S,MACKAY REEF,2010,CA
30.435,27.727,2.273,0.0,1.5809999999999995,1.0,0.84,0.71,1.64,1.89,-16.05,145.65,1,0,16015S,MACKAY REEF,2011,CA
33.25,30.435,2.283,0.0,2.7079999999999984,2.0,1.47,0.0,1.61,0.95,-16.05,145.65,1,0,16015S,MACKAY REEF,2013,CA
14.583,33.25,2.4,0.2,2.8150000000000013,2.0,0.8,0.0,1.45,0.93,-16.05,145.65,1,0,16015S,MACKAY REEF,2015,CA
14.643,14.583,2.188,1.0,-18.667,1.0,2.75,0.8,1.84,1.45,-16.05,145.65,1,0,16015S,MACKAY REEF,2016,CA
13.696,14.643,0.0,0.0,0.0600000000000005,1.0,9.13,2.75,2.73,1.84,-16.05,145.65,1,0,16015S,MACKAY REEF,2017,CA
10.435,13.696,2.174,0.0,-0.947000000000001,2.0,0.65,0.0,1.47,1.4,-16.05,145.65,1,0,16015S,MACKAY REEF,2019,CA
32.228,10.435,1.087,0.0,-3.2609999999999992,2.0,0.32,2.98,1.55,1.72,-16.05,145.65,1,0,16015S,MACKAY REEF,2021,CA
44.946,32.228,1.304,0.0,21.793,1.0,4.14,0.32,1.87,1.55,-16.05,145.65,1,0,16015S,MACKAY REEF,2022,CA
32.031,44.946,0.326,0.0,12.717999999999996,1.0,0.47,4.14,2.9,1.87,-16.05,145.65,1,0,16015S,MACKAY REEF,2023,CA
15.833,17.647,2.5,1.0,-23.026000000000003,3.0,0.0,2.35,1.0,1.9,-16.083333,145.725,1,0,16017S,16017S,2003,CA
32.031,31.75,2.167,0.0,15.917,3.0,0.91,1.12,1.95,1.34,-16.083333,145.725,1,0,16017S,16017S,2010,CA
20.147,32.031,2.813,0.0,0.2809999999999988,3.0,1.46,0.0,1.52,1.04,-16.083333,145.725,1,0,16017S,16017S,2013,CA
19.355,15.32,0.727,0.0,-2.963000000000001,1.0,0.0,1.33,0.8300000000000001,1.79,-16.108333,145.833333,0,1,16019S,ST CRISPIN REEF,1997,CA
14.781,19.355,0.342,0.0,4.035,1.0,0.0,0.0,1.48,0.8300000000000001,-16.108333,145.833333,0,1,16019S,ST CRISPIN REEF,1998,CA
14.812,14.781,0.625,0.0,-4.574,1.0,0.49,0.0,1.42,1.48,-16.108333,145.833333,0,1,16019S,ST CRISPIN REEF,1999,CA
24.889,14.812,1.129,0.0,0.030999999999998806,1.0,0.0,0.49,0.93,1.42,-16.108333,145.833333,0,1,16019S,ST CRISPIN REEF,2000,CA
20.503,24.889,2.556,0.189,10.077,1.0,1.24,0.0,2.24,0.93,-16.108333,145.833333,0,1,16019S,ST CRISPIN REEF,2001,CA
13.879,20.503,1.925,0.0,-4.385999999999999,1.0,2.77,1.24,1.92,2.24,-16.108333,145.833333,0,1,16019S,ST CRISPIN REEF,2002,CA
11.875,13.879,1.379,0.0,-6.6240000000000006,1.0,0.15,2.77,1.04,1.92,-16.108333,145.833333,0,1,16019S,ST CRISPIN REEF,2003,CA
10.517,11.875,2.083,0.0,-2.0039999999999996,1.0,1.69,0.15,1.61,1.04,-16.108333,145.833333,0,1,16019S,ST CRISPIN REEF,2004,CA
11.221,10.517,1.868,0.0,-1.3580000000000005,1.0,0.15,1.69,1.17,1.61,-16.108333,145.833333,0,1,16019S,ST CRISPIN REEF,2005,CA
12.593,11.221,1.308,0.0,0.7040000000000006,1.0,0.0,0.15,1.1,1.17,-16.108333,145.833333,0,1,16019S,ST CRISPIN REEF,2006,CA
12.907,12.593,1.512,0.0,1.3719999999999999,1.0,0.0,0.0,0.97,1.1,-16.108333,145.833333,0,1,16019S,ST CRISPIN REEF,2007,CA
14.353,12.907,0.783,0.0,0.31400000000000006,1.0,0.0,0.0,0.99,0.97,-16.108333,145.833333,0,1,16019S,ST CRISPIN REEF,2008,CA
15.753,14.353,1.324,0.0,1.4459999999999997,1.0,1.17,0.0,1.39,0.99,-16.108333,145.833333,0,1,16019S,ST CRISPIN REEF,2009,CA
13.943,15.753,0.994,0.0,1.4000000000000004,1.0,0.95,1.17,1.97,1.39,-16.108333,145.833333,0,1,16019S,ST CRISPIN REEF,2010,CA
15.736,13.943,1.34,0.0,-1.8100000000000005,1.0,1.57,0.95,1.8,1.97,-16.108333,145.833333,0,1,16019S,ST CRISPIN REEF,2011,CA
13.294,15.736,1.917,0.0,1.793000000000001,1.0,0.15,1.57,1.13,1.8,-16.108333,145.833333,0,1,16019S,ST CRISPIN REEF,2012,CA
12.983,13.294,1.385,0.0,-2.442,1.0,1.61,0.15,1.51,1.13,-16.108333,145.833333,0,1,16019S,ST CRISPIN REEF,2013,CA
14.832,12.983,0.824,0.0,-0.31099999999999994,1.0,0.0,1.61,1.01,1.51,-16.108333,145.833333,0,1,16019S,ST CRISPIN REEF,2014,CA
18.831,14.832,1.494,0.012,1.8490000000000002,1.0,1.4,0.0,1.57,1.01,-16.108333,145.833333,0,1,16019S,ST CRISPIN REEF,2015,CA
20.882,18.831,0.968,0.0,3.9989999999999988,1.0,5.82,1.4,2.05,1.57,-16.108333,145.833333,0,1,16019S,ST CRISPIN REEF,2016,CA
7.946,20.882,0.0,0.0,2.051000000000002,1.0,8.58,5.82,2.53,2.05,-16.108333,145.833333,0,1,16019S,ST CRISPIN REEF,2017,CA
6.361,7.946,8.036,0.0,-12.936000000000002,1.0,0.0,8.58,1.29,2.53,-16.108333,145.833333,0,1,16019S,ST CRISPIN REEF,2018,CA
7.661,6.361,0.806,0.0,-1.585,1.0,0.66,0.0,1.51,1.29,-16.108333,145.833333,0,1,16019S,ST CRISPIN REEF,2019,CA
8.174,7.661,0.806,0.0,1.2999999999999998,1.0,6.34,0.66,1.77,1.51,-16.108333,145.833333,0,1,16019S,ST CRISPIN REEF,2020,CA
21.677,8.174,0.506,0.0,0.5129999999999999,1.0,0.6,6.34,1.7,1.77,-16.108333,145.833333,0,1,16019S,ST CRISPIN REEF,2021,CA
14.942,21.677,0.152,0.0,13.503,2.0,0.46,4.5,2.81,1.9,-16.108333,145.833333,0,1,16019S,ST CRISPIN REEF,2023,CA
13.038,11.007,0.784,0.0,4.377,1.0,1.26,2.76,1.96,2.1,-16.125,145.666667,1,0,16020A,UNDINE REEF (WEST),1995,CA
13.023,24.275,1.9,0.06,-12.304000000000002,3.0,0.29,0.14,1.27,1.48,-16.2,145.7,1,0,16023S,RUDDER REEF,1999,CA
10.698,13.023,3.14,1.116,-11.251999999999999,3.0,2.2,1.48,1.95,2.17,-16.2,145.7,1,0,16023S,RUDDER REEF,2002,CA
15.781,10.698,1.86,0.0,-2.3249999999999993,3.0,0.47,1.18,1.26,1.76,-16.2,145.7,1,0,16023S,RUDDER REEF,2005,CA
18.171,15.781,1.25,0.0,5.083,2.0,0.0,0.14,1.06,1.05,-16.2,145.7,1,0,16023S,RUDDER REEF,2007,CA
10.438,12.938,1.938,0.025,-23.311999999999998,3.0,0.15,2.83,1.09,1.95,-16.208333,145.8,1,0,16024S,CHINAMAN REEF(16024),2003,CA
25.116,16.061,1.061,0.0,5.622999999999999,3.0,1.19,1.2,2.12,1.39,-16.208333,145.8,1,0,16024S,CHINAMAN REEF(16024),2010,CA
20.163,25.116,2.326,0.0,9.055,3.0,1.47,0.14,1.47,1.1,-16.208333,145.8,1,0,16024S,CHINAMAN REEF(16024),2013,CA
29.925,17.86,0.959,0.0,-4.961000000000002,1.0,0.0,1.21,0.8,1.73,-16.216667,145.891667,0,1,16025S2,OPAL (2),1997,CA
18.162,29.925,0.633,0.012,12.065000000000001,1.0,0.0,0.0,1.5,0.8,-16.216667,145.891667,0,1,16025S2,OPAL (2),1998,CA
24.943,18.162,1.471,0.0,-11.763000000000002,1.0,0.55,0.0,1.55,1.5,-16.216667,145.891667,0,1,16025S2,OPAL (2),1999,CA
25.321,24.943,1.629,0.0,6.781000000000002,1.0,0.0,0.55,0.92,1.55,-16.216667,145.891667,0,1,16025S2,OPAL (2),2000,CA
13.346,25.321,3.786,2.0,0.3780000000000001,1.0,1.27,0.0,2.29,0.92,-16.216667,145.891667,0,1,16025S2,OPAL (2),2001,CA
16.439,13.346,2.5,0.088,-11.975000000000001,1.0,2.82,1.27,1.9,2.29,-16.216667,145.891667,0,1,16025S2,OPAL (2),2002,CA
9.556,16.439,1.932,0.182,3.093,1.0,0.3,2.82,1.12,1.9,-16.216667,145.891667,0,1,16025S2,OPAL (2),2003,CA
13.538,9.556,1.25,0.0,-6.883000000000001,1.0,1.69,0.3,1.54,1.12,-16.216667,145.891667,0,1,16025S2,OPAL (2),2004,CA
11.688,13.538,2.154,0.0,3.982000000000001,1.0,0.46,1.69,1.24,1.54,-16.216667,145.891667,0,1,16025S2,OPAL (2),2005,CA
15.854,11.688,1.786,0.0,-1.8499999999999996,1.0,0.0,0.46,1.09,1.24,-16.216667,145.891667,0,1,16025S2,OPAL (2),2006,CA
18.162,15.854,1.677,0.0,4.165999999999999,1.0,0.0,0.0,0.9,1.09,-16.216667,145.891667,0,1,16025S2,OPAL (2),2007,CA
17.353,18.162,1.581,0.0,2.308,2.0,1.65,0.0,1.42,1.05,-16.216667,145.891667,0,1,16025S2,OPAL (2),2009,CA
22.071,17.353,1.029,0.0,-0.8089999999999975,2.0,1.57,1.33,1.83,2.1,-16.216667,145.891667,0,1,16025S2,OPAL (2),2011,CA
18.038,22.071,2.052,0.0,4.718,2.0,1.46,0.15,1.47,1.13,-16.216667,145.891667,0,1,16025S2,OPAL (2),2013,CA
20.865,18.038,0.846,0.0,-4.033000000000001,2.0,1.42,0.0,1.61,1.03,-16.216667,145.891667,0,1,16025S2,OPAL (2),2015,CA
16.74,20.865,1.423,0.0,2.826999999999998,2.0,9.45,5.82,2.52,2.06,-16.216667,145.891667,0,1,16025S2,OPAL (2),2017,CA
7.8,16.74,12.635,0.0,-4.125,2.0,0.65,0.0,1.51,1.3,-16.216667,145.891667,0,1,16025S2,OPAL (2),2019,CA
11.282,7.8,0.933,0.0,-8.939999999999998,2.0,0.88,7.4,1.81,1.88,-16.216667,145.891667,0,1,16025S2,OPAL (2),2021,CA
4.034,5.577,0.538,0.0,-2.4559999999999995,3.0,0.54,0.16,1.53,1.49,-16.316667,145.816667,1,0,16026S2,TONGUE (2),1999,CA
4.035,4.034,0.739,0.068,-1.5430000000000001,3.0,2.73,1.67,1.95,2.26,-16.316667,145.816667,1,0,16026S2,TONGUE (2),2002,CA
2.794,4.035,1.14,0.018,0.001000000000000334,3.0,0.51,1.19,1.38,1.63,-16.316667,145.816667,1,0,16026S2,TONGUE (2),2005,CA
3.468,2.794,0.331,0.0,-1.241,2.0,0.0,0.14,0.96,1.06,-16.316667,145.816667,1,0,16026S2,TONGUE (2),2007,CA
30.043,29.569,1.81,0.0,3.811,1.0,0.0,1.48,0.48,1.72,-16.383333,145.566667,0,0,16028S,LOW ISLANDS REEF,1997,CA
37.419,30.043,1.983,0.0,0.4740000000000002,1.0,0.31,0.0,1.38,0.48,-16.383333,145.566667,0,0,16028S,LOW ISLANDS REEF,1998,CA
23.879,37.419,2.177,0.097,7.375999999999998,1.0,0.0,0.31,1.16,1.38,-16.383333,145.566667,0,0,16028S,LOW ISLANDS REEF,1999,CA
12.857,23.879,2.672,0.207,-13.539999999999996,1.0,0.0,0.0,0.81,1.16,-16.383333,145.566667,0,0,16028S,LOW ISLANDS REEF,2000,CA
12.069,12.857,2.054,0.0,-11.022000000000002,2.0,1.16,1.25,1.8,2.14,-16.383333,145.566667,0,0,16028S,LOW ISLANDS REEF,2002,CA
16.25,12.069,0.603,0.0,-0.7879999999999985,2.0,0.7000000000000001,0.0,1.71,1.42,-16.383333,145.566667,0,0,16028S,LOW ISLANDS REEF,2004,CA
20.75,16.25,2.0,0.0,4.180999999999999,2.0,0.6,0.64,1.15,1.3,-16.383333,145.566667,0,0,16028S,LOW ISLANDS REEF,2006,CA
24.5,20.75,1.083,0.0,4.5,1.0,0.45,0.6,1.18,1.15,-16.383333,145.566667,0,0,16028S,LOW ISLANDS REEF,2007,CA
26.641,24.5,0.6,0.0,3.75,1.0,0.3,0.45,1.2,1.18,-16.383333,145.566667,0,0,16028S,LOW ISLANDS REEF,2008,CA
37.93,26.641,1.953,0.0,2.1409999999999982,2.0,0.95,1.18,2.01,1.39,-16.383333,145.566667,0,0,16028S,LOW ISLANDS REEF,2010,CA
26.935,44.861,3.148,0.0,6.930999999999997,2.0,0.31,0.16,1.48,1.3,-16.383333,145.566667,0,0,16028S,LOW ISLANDS REEF,2019,CA
16.204,26.935,1.129,0.0,-17.926,1.0,5.54,0.31,2.06,1.48,-16.383333,145.566667,0,0,16028S,LOW ISLANDS REEF,2020,CA
21.797,16.204,0.741,0.0,-10.730999999999998,1.0,0.81,5.54,1.76,2.06,-16.383333,145.566667,0,0,16028S,LOW ISLANDS REEF,2021,CA
41.211,21.797,0.625,0.0,5.593,1.0,4.33,0.81,1.97,1.76,-16.383333,145.566667,0,0,16028S,LOW ISLANDS REEF,2022,CA
39.234,41.211,0.234,0.0,19.413999999999998,1.0,0.61,4.33,3.08,1.97,-16.383333,145.566667,0,0,16028S,LOW ISLANDS REEF,2023,CA
32.241,27.674,1.042,0.028,3.651,3.0,0.0,0.0,1.4,0.66,-16.433333,146.0,0,1,16030S,NORMAN REEF,1998,CA
20.333,18.292,2.5,0.0,-13.948999999999998,3.0,0.0,0.0,1.0,1.05,-16.433333,146.0,0,1,16030S,NORMAN REEF,2007,CA
17.643,18.854,0.694,0.0,0.4969999999999999,1.0,1.26,8.43,1.51,1.97,-16.433333,146.0,0,1,16030S,NORMAN REEF,2021,CA
40.0,23.571,0.476,0.0,4.5710000000000015,3.0,0.78,0.0,1.66,1.44,-16.466667,145.983333,1,0,16032S,SAXON REEF,1999,CA
23.125,40.0,2.5,0.0,16.429,3.0,3.36,1.65,1.87,2.19,-16.466667,145.983333,1,0,16032S,SAXON REEF,2002,CA
26.08,23.125,1.125,0.0,-16.875,3.0,0.96,1.66,1.53,1.54,-16.466667,145.983333,1,0,16032S,SAXON REEF,2005,CA
14.375,26.08,2.159,0.0,2.9549999999999983,2.0,0.0,0.0,1.05,1.07,-16.466667,145.983333,1,0,16032S,SAXON REEF,2007,CA
28.542,35.278,1.667,0.0,14.142,3.0,0.74,0.16,1.65,1.49,-16.55,145.858333,1,0,16040S,PIXIE REEF,1999,CA
16.923,28.542,2.292,0.0,-6.735999999999997,3.0,3.03,1.45,1.96,2.19,-16.55,145.858333,1,0,16040S,PIXIE REEF,2002,CA
41.932,16.923,2.115,0.0,-11.619000000000003,3.0,0.79,1.01,1.4,1.63,-16.55,145.858333,1,0,16040S,PIXIE REEF,2005,CA
20.208,41.932,2.5,0.0,25.009000000000004,2.0,0.0,0.58,1.19,1.08,-16.55,145.858333,1,0,16040S,PIXIE REEF,2007,CA
44.25,20.208,2.5,0.0,-21.724000000000004,3.0,1.52,1.91,2.58,1.55,-16.55,145.858333,1,0,16040S,PIXIE REEF,2010,CA
8.298,9.333,1.0,0.0,2.8050000000000006,3.0,0.95,0.3,1.77,1.53,-16.633333,145.933333,1,0,16043A,OYSTER REEF,1999,CA
2.798,8.298,1.915,0.277,-1.0350000000000001,3.0,2.91,1.53,1.91,2.13,-16.633333,145.933333,1,0,16043A,OYSTER REEF,2002,CA
6.463,2.798,0.595,0.024,-5.5,3.0,0.65,0.87,1.45,1.56,-16.633333,145.933333,1,0,16043A,OYSTER REEF,2005,CA
4.214,6.463,0.671,0.0,3.665,2.0,0.0,0.75,1.14,1.1,-16.633333,145.933333,1,0,16043A,OYSTER REEF,2007,CA
13.438,8.106,1.061,0.0,0.8919999999999995,3.0,0.0,1.01,0.74,1.81,-16.65,146.0,1,0,16044B,VLASOFF REEF,2000,CA
5.667,13.438,2.266,1.219,5.332000000000001,3.0,0.0,3.26,1.32,1.91,-16.65,146.0,1,0,16044B,VLASOFF REEF,2003,CA
11.286,5.667,1.25,0.0,-7.771000000000001,3.0,0.45,0.66,1.1,1.48,-16.65,146.0,1,0,16044B,VLASOFF REEF,2006,CA
9.286,11.286,1.571,0.0,5.619,1.0,0.0,0.45,1.07,1.1,-16.65,146.0,1,0,16044B,VLASOFF REEF,2007,CA
3.264,11.1,1.8,0.08,1.0309999999999988,3.0,1.49,0.0,2.15,0.73,-16.675,145.933333,1,0,16046S,UPOLU REEF,2001,CA
2.708,3.264,1.389,0.083,-7.836,3.0,0.86,0.0,1.58,1.32,-16.675,145.933333,1,0,16046S,UPOLU REEF,2004,CA
2.417,2.708,0.625,0.0,-0.5559999999999996,3.0,0.0,0.78,1.16,1.16,-16.675,145.933333,1,0,16046S,UPOLU REEF,2007,CA
9.057,6.419,0.811,0.027,-2.644000000000001,1.0,2.12,2.26,2.15,1.82,-16.758333,145.98,0,0,16049S,GREEN ISLAND REEF,1995,CA
16.223,9.057,0.943,0.019,2.638000000000001,1.0,1.63,2.12,1.74,2.15,-16.758333,145.98,0,0,16049S,GREEN ISLAND REEF,1996,CA
9.202,16.223,1.489,0.021,7.165999999999999,1.0,0.0,1.63,0.5700000000000001,1.74,-16.758333,145.98,0,0,16049S,GREEN ISLAND REEF,1997,CA
4.439,9.202,1.011,0.0,-7.020999999999999,1.0,0.95,0.0,1.59,0.5700000000000001,-16.758333,145.98,0,0,16049S,GREEN ISLAND REEF,1998,CA
5.185,4.439,3.878,0.102,-4.763,1.0,1.26,0.95,2.03,1.59,-16.758333,145.98,0,0,16049S,GREEN ISLAND REEF,1999,CA
4.415,5.185,1.898,0.019,0.7459999999999996,3.0,2.01,1.24,1.8,2.13,-16.758333,145.98,0,0,16049S,GREEN ISLAND REEF,2002,CA
3.056,4.415,0.16,0.0,-0.7699999999999996,1.0,0.0,2.01,1.23,1.8,-16.758333,145.98,0,0,16049S,GREEN ISLAND REEF,2003,CA
5.357,3.056,0.722,0.0,-1.359,1.0,1.03,0.0,1.6,1.23,-16.758333,145.98,0,0,16049S,GREEN ISLAND REEF,2004,CA
4.423,5.357,1.071,0.0,2.301,1.0,0.5,1.03,1.51,1.6,-16.758333,145.98,0,0,16049S,GREEN ISLAND REEF,2005,CA
7.745,4.423,0.673,0.0,-0.9340000000000002,1.0,0.98,0.5,1.25,1.51,-16.758333,145.98,0,0,16049S,GREEN ISLAND REEF,2006,CA
6.5,7.745,1.029,0.0,3.322,1.0,0.43,0.98,1.23,1.25,-16.758333,145.98,0,0,16049S,GREEN ISLAND REEF,2007,CA
10.58,6.5,0.75,0.0,-1.245,3.0,1.4,2.17,2.45,1.65,-16.758333,145.98,0,0,16049S,GREEN ISLAND REEF,2010,CA
9.898,10.58,1.027,0.0,4.08,2.0,0.29,1.05,1.13,1.82,-16.758333,145.98,0,0,16049S,GREEN ISLAND REEF,2012,CA
8.393,9.898,1.786,0.02,-0.6820000000000004,1.0,2.02,0.29,1.73,1.13,-16.758333,145.98,0,0,16049S,GREEN ISLAND REEF,2013,CA
6.705,8.393,1.696,0.571,-1.504999999999999,2.0,1.88,0.0,1.78,1.05,-16.758333,145.98,0,0,16049S,GREEN ISLAND REEF,2015,CA
14.942,6.705,0.511,0.023,-1.6880000000000006,2.0,11.08,3.67,2.84,2.07,-16.758333,145.98,0,0,16049S,GREEN ISLAND REEF,2017,CA
4.444,14.942,1.453,0.0,8.237,2.0,0.61,0.15,1.3,1.24,-16.758333,145.98,0,0,16049S,GREEN ISLAND REEF,2019,CA
13.205,4.444,0.88,0.0,-10.498000000000001,2.0,0.31,5.42,1.59,1.95,-16.758333,145.98,0,0,16049S,GREEN ISLAND REEF,2021,CA
20.441,13.205,0.064,0.0,8.761,1.0,4.23,0.31,2.12,1.59,-16.758333,145.98,0,0,16049S,GREEN ISLAND REEF,2022,CA
18.698,20.441,0.882,0.0,7.235999999999999,1.0,0.94,4.23,2.98,2.12,-16.758333,145.98,0,0,16049S,GREEN ISLAND REEF,2023,CA
8.581,6.181,0.069,0.0,1.5860000000000003,1.0,1.6,2.26,1.65,2.14,-16.925,145.983333,0,0,16054S,FITZROY ISLAND REEF,1996,CA
27.292,8.581,1.081,0.0,2.3999999999999995,2.0,1.01,0.0,1.55,0.53,-16.925,145.983333,0,0,16054S,FITZROY ISLAND REEF,1998,CA
8.542,27.292,2.083,0.028,18.711000000000002,1.0,1.31,1.01,2.12,1.55,-16.925,145.983333,0,0,16054S,FITZROY ISLAND REEF,1999,CA
4.103,8.542,0.972,0.0,-18.75,3.0,1.29,0.17,1.73,1.91,-16.925,145.983333,0,0,16054S,FITZROY ISLAND REEF,2002,CA
13.5,4.103,0.064,0.0,-4.439,3.0,0.52,0.99,1.52,1.51,-16.925,145.983333,0,0,16054S,FITZROY ISLAND REEF,2005,CA
12.292,13.5,0.125,0.0,9.397,1.0,1.52,0.52,1.44,1.52,-16.925,145.983333,0,0,16054S,FITZROY ISLAND REEF,2006,CA
17.073,12.292,1.319,0.0,-1.2080000000000002,1.0,0.62,1.52,1.18,1.44,-16.925,145.983333,0,0,16054S,FITZROY ISLAND REEF,2007,CA
20.571,17.073,0.915,0.0,4.781000000000001,1.0,0.0,0.62,1.17,1.18,-16.925,145.983333,0,0,16054S,FITZROY ISLAND REEF,2008,CA
31.25,20.571,1.286,0.0,3.498000000000001,1.0,1.61,0.0,1.57,1.17,-16.925,145.983333,0,0,16054S,FITZROY ISLAND REEF,2009,CA
31.711,31.25,2.063,0.0,10.678999999999998,1.0,1.08,1.61,2.17,1.57,-16.925,145.983333,0,0,16054S,FITZROY ISLAND REEF,2010,CA
21.646,31.711,1.645,0.0,0.4609999999999985,2.0,0.31,1.02,1.24,1.79,-16.925,145.983333,0,0,16054S,FITZROY ISLAND REEF,2012,CA
35.594,34.063,1.458,0.0,10.806000000000001,1.0,3.35,0.32,1.96,1.58,-16.925,145.983333,0,0,16054S,FITZROY ISLAND REEF,2022,CA
30.833,35.594,1.313,0.0,1.5309999999999988,1.0,0.46,3.35,2.95,1.96,-16.925,145.983333,0,0,16054S,FITZROY ISLAND REEF,2023,CA
20.444,13.008,0.381,0.0,0.7129999999999992,1.0,2.29,2.93,2.11,2.05,-16.516667,146.016667,1,0,16057S,HASTINGS REEF,1995,CA
13.465,20.444,0.847,0.0,7.436,1.0,1.55,2.29,1.71,2.11,-16.516667,146.016667,1,0,16057S,HASTINGS REEF,1996,CA
14.423,13.465,0.702,0.0,-6.978999999999999,1.0,0.0,1.55,0.6,1.71,-16.516667,146.016667,1,0,16057S,HASTINGS REEF,1997,CA
10.216,14.423,0.654,0.031,0.9580000000000002,1.0,0.0,0.0,1.43,0.6,-16.516667,146.016667,1,0,16057S,HASTINGS REEF,1998,CA
12.008,10.216,1.552,0.0,-4.207000000000001,1.0,0.95,0.0,1.7,1.43,-16.516667,146.016667,1,0,16057S,HASTINGS REEF,1999,CA
18.611,12.008,1.885,0.033,1.7919999999999998,1.0,0.0,0.95,0.73,1.7,-16.516667,146.016667,1,0,16057S,HASTINGS REEF,2000,CA
15.04,18.611,2.639,0.222,6.6030000000000015,1.0,1.75,0.0,2.14,0.73,-16.516667,146.016667,1,0,16057S,HASTINGS REEF,2001,CA
13.105,15.04,1.706,0.143,-3.5710000000000015,1.0,3.33,1.75,1.86,2.14,-16.516667,146.016667,1,0,16057S,HASTINGS REEF,2002,CA
11.083,13.105,1.411,0.468,-1.9349999999999987,1.0,0.0,3.33,1.29,1.86,-16.516667,146.016667,1,0,16057S,HASTINGS REEF,2003,CA
11.229,11.083,1.042,0.0,-2.0220000000000002,1.0,1.69,0.0,1.59,1.29,-16.516667,146.016667,1,0,16057S,HASTINGS REEF,2004,CA
10.391,11.229,1.695,0.0,0.14599999999999902,1.0,0.81,1.69,1.48,1.59,-16.516667,146.016667,1,0,16057S,HASTINGS REEF,2005,CA
12.008,10.391,1.211,0.0,-0.8379999999999992,1.0,0.14,0.81,1.07,1.48,-16.516667,146.016667,1,0,16057S,HASTINGS REEF,2006,CA
15.395,12.008,1.721,0.0,1.616999999999999,1.0,0.0,0.14,1.04,1.07,-16.516667,146.016667,1,0,16057S,HASTINGS REEF,2007,CA
12.964,15.395,0.877,0.0,3.3870000000000005,1.0,0.45,0.0,1.18,1.04,-16.516667,146.016667,1,0,16057S,HASTINGS REEF,2008,CA
15.75,12.964,0.766,0.0,-2.430999999999999,2.0,1.52,2.83,2.57,1.62,-16.516667,146.016667,1,0,16057S,HASTINGS REEF,2010,CA
14.821,15.75,1.708,0.0,2.7859999999999996,2.0,0.29,1.41,1.08,1.91,-16.516667,146.016667,1,0,16057S,HASTINGS REEF,2012,CA
15.724,14.821,2.366,0.0,-0.9290000000000003,1.0,1.66,0.29,1.55,1.08,-16.516667,146.016667,1,0,16057S,HASTINGS REEF,2013,CA
16.545,15.724,0.724,0.0,0.9030000000000005,1.0,0.0,1.66,1.0,1.55,-16.516667,146.016667,1,0,16057S,HASTINGS REEF,2014,CA
18.097,16.545,1.773,0.018,0.8210000000000015,1.0,1.63,0.0,1.82,1.0,-16.516667,146.016667,1,0,16057S,HASTINGS REEF,2015,CA
22.407,18.097,1.157,0.0,1.5519999999999996,1.0,5.29,1.63,2.26,1.82,-16.516667,146.016667,1,0,16057S,HASTINGS REEF,2016,CA
17.568,22.407,0.0,0.0,4.309999999999999,1.0,10.25,5.29,2.75,2.26,-16.516667,146.016667,1,0,16057S,HASTINGS REEF,2017,CA
8.276,17.568,4.899,0.0,-4.838999999999999,1.0,0.14,10.25,1.32,2.75,-16.516667,146.016667,1,0,16057S,HASTINGS REEF,2018,CA
5.551,8.276,1.25,0.0,-9.292000000000002,1.0,0.45,0.14,1.23,1.32,-16.516667,146.016667,1,0,16057S,HASTINGS REEF,2019,CA
4.331,5.551,1.398,0.0,-2.7249999999999996,1.0,7.59,0.45,1.91,1.23,-16.516667,146.016667,1,0,16057S,HASTINGS REEF,2020,CA
15.885,4.331,0.246,0.0,-1.2199999999999998,1.0,0.93,7.59,1.55,1.91,-16.516667,146.016667,1,0,16057S,HASTINGS REEF,2021,CA
16.563,15.885,0.077,0.0,11.553999999999998,1.0,4.74,0.93,1.96,1.55,-16.516667,146.016667,1,0,16057S,HASTINGS REEF,2022,CA
24.631,16.563,0.234,0.0,0.677999999999999,1.0,0.8,4.74,2.86,1.96,-16.516667,146.016667,1,0,16057S,HASTINGS REEF,2023,CA
38.672,63.077,2.115,0.0,41.647999999999996,3.0,0.29,0.95,1.06,1.35,-16.53,146.125,0,1,16058S,HOPE REEF(16058),2006,CA
33.125,38.672,2.5,0.0,-24.405,1.0,0.0,0.29,0.99,1.06,-16.53,146.125,0,1,16058S,HOPE REEF(16058),2007,CA
11.881,9.307,0.842,0.02,-0.007999999999999119,1.0,2.28,2.74,2.12,2.01,-16.583333,146.016667,1,0,16060S,MICHAELMAS REEF,1995,CA
7.905,11.881,0.561,0.047,2.574,1.0,1.57,2.28,1.72,2.12,-16.583333,146.016667,1,0,16060S,MICHAELMAS REEF,1996,CA
15.714,7.905,0.473,0.009,-3.976,1.0,0.0,1.57,0.64,1.72,-16.583333,146.016667,1,0,16060S,MICHAELMAS REEF,1997,CA
7.754,15.714,0.786,0.019,7.809,1.0,0.14,0.0,1.47,0.64,-16.583333,146.016667,1,0,16060S,MICHAELMAS REEF,1998,CA
8.874,7.754,0.918,0.078,-7.960000000000001,1.0,0.98,0.14,1.75,1.47,-16.583333,146.016667,1,0,16060S,MICHAELMAS REEF,1999,CA
10.542,8.874,1.577,0.135,1.120000000000001,1.0,0.0,0.98,0.74,1.75,-16.583333,146.016667,1,0,16060S,MICHAELMAS REEF,2000,CA
13.569,10.542,1.542,0.05,1.6679999999999993,1.0,1.57,0.0,2.12,0.74,-16.583333,146.016667,1,0,16060S,MICHAELMAS REEF,2001,CA
10.958,13.569,0.565,0.008,3.027000000000001,1.0,3.31,1.57,1.9,2.12,-16.583333,146.016667,1,0,16060S,MICHAELMAS REEF,2002,CA
10.754,10.958,0.678,0.019,-2.6110000000000007,1.0,0.0,3.31,1.3,1.9,-16.583333,146.016667,1,0,16060S,MICHAELMAS REEF,2003,CA
10.42,10.754,1.142,0.0,-0.20400000000000063,1.0,1.39,0.0,1.62,1.3,-16.583333,146.016667,1,0,16060S,MICHAELMAS REEF,2004,CA
11.944,10.42,1.92,0.0,-0.33399999999999963,1.0,0.66,1.39,1.48,1.62,-16.583333,146.016667,1,0,16060S,MICHAELMAS REEF,2005,CA
12.917,11.944,1.412,0.0,1.524000000000001,1.0,0.44,0.66,1.09,1.48,-16.583333,146.016667,1,0,16060S,MICHAELMAS REEF,2006,CA
12.346,12.917,1.771,0.0,0.972999999999999,1.0,0.0,0.44,1.04,1.09,-16.583333,146.016667,1,0,16060S,MICHAELMAS REEF,2007,CA
15.317,12.346,0.855,0.0,-0.5709999999999997,2.0,2.84,0.45,1.64,1.16,-16.583333,146.016667,1,0,16060S,MICHAELMAS REEF,2009,CA
12.547,9.213,0.906,0.008,-6.104000000000001,2.0,2.08,0.0,1.82,1.02,-16.583333,146.016667,1,0,16060S,MICHAELMAS REEF,2015,CA
14.598,12.547,1.238,0.009,3.3340000000000014,2.0,10.33,4.62,2.78,2.23,-16.583333,146.016667,1,0,16060S,MICHAELMAS REEF,2017,CA
8.066,14.598,2.098,0.0,2.051,2.0,0.45,0.14,1.23,1.31,-16.583333,146.016667,1,0,16060S,MICHAELMAS REEF,2019,CA
9.44,8.066,0.943,0.0,-6.532,2.0,0.9,7.51,1.58,1.89,-16.583333,146.016667,1,0,16060S,MICHAELMAS REEF,2021,CA
13.839,9.44,0.714,0.0,1.3739999999999988,2.0,0.96,4.76,2.9,1.97,-16.583333,146.016667,1,0,16060S,MICHAELMAS REEF,2023,CA
13.667,11.455,1.136,0.0,3.1630000000000003,2.0,1.46,2.73,2.49,1.69,-16.716667,146.066667,1,0,16064S,ARLINGTON REEF,2010,CA
10.667,13.667,0.833,0.0,2.2119999999999997,2.0,0.44,1.37,1.11,1.85,-16.716667,146.066667,1,0,16064S,ARLINGTON REEF,2012,CA
12.458,10.667,2.125,0.0,-3.0,2.0,0.0,2.34,1.03,1.74,-16.716667,146.066667,1,0,16064S,ARLINGTON REEF,2014,CA
15.042,12.458,1.5,0.233,1.7910000000000004,2.0,4.11,2.23,2.11,1.86,-16.716667,146.066667,1,0,16064S,ARLINGTON REEF,2016,CA
16.375,15.042,0.0,0.133,2.5839999999999996,1.0,11.29,4.11,2.79,2.11,-16.716667,146.066667,1,0,16064S,ARLINGTON REEF,2017,CA
7.417,16.375,2.25,0.017,1.3330000000000002,1.0,0.15,11.29,1.22,2.79,-16.716667,146.066667,1,0,16064S,ARLINGTON REEF,2018,CA
8.75,7.417,1.5,0.0,-8.958,2.0,6.82,0.65,1.93,1.3,-16.716667,146.066667,1,0,16064S,ARLINGTON REEF,2020,CA
23.393,12.841,0.795,0.0,-3.5230000000000015,3.0,0.0,0.0,1.38,0.64,-16.733333,146.275,0,1,16065S,FLYNN REEF,1998,CA
21.471,19.853,1.176,0.029,9.985000000000001,1.0,1.58,1.95,1.57,2.18,-16.808333,146.191667,1,0,16068S,THETFORD REEF,1996,CA
26.182,21.471,1.544,0.088,1.6179999999999986,1.0,0.0,1.58,0.66,1.57,-16.808333,146.191667,1,0,16068S,THETFORD REEF,1997,CA
28.313,26.182,1.216,0.135,4.7109999999999985,1.0,0.15,0.0,1.46,0.66,-16.808333,146.191667,1,0,16068S,THETFORD REEF,1998,CA
28.611,28.313,2.125,0.0,2.1310000000000002,1.0,1.32,0.15,2.07,1.46,-16.808333,146.191667,1,0,16068S,THETFORD REEF,1999,CA
23.452,28.611,2.153,0.0,0.2980000000000018,1.0,0.0,1.32,0.84,2.07,-16.808333,146.191667,1,0,16068S,THETFORD REEF,2000,CA
9.167,23.452,2.5,0.619,-5.158999999999999,2.0,1.91,1.35,1.89,2.11,-16.808333,146.191667,1,0,16068S,THETFORD REEF,2002,CA
6.282,9.167,1.25,0.0,-14.285000000000002,1.0,0.0,1.91,1.21,1.89,-16.808333,146.191667,1,0,16068S,THETFORD REEF,2003,CA
6.89,6.282,1.667,0.0,-2.885,1.0,1.82,0.0,1.54,1.21,-16.808333,146.191667,1,0,16068S,THETFORD REEF,2004,CA
4.545,6.89,2.073,0.0,0.6079999999999997,1.0,0.66,1.82,1.46,1.54,-16.808333,146.191667,1,0,16068S,THETFORD REEF,2005,CA
11.25,4.545,0.795,0.0,-2.3449999999999998,1.0,0.77,0.66,1.18,1.46,-16.808333,146.191667,1,0,16068S,THETFORD REEF,2006,CA
15.833,11.25,1.438,0.0,6.705,1.0,0.0,0.77,1.16,1.18,-16.808333,146.191667,1,0,16068S,THETFORD REEF,2007,CA
13.171,15.833,0.972,0.0,4.583,1.0,0.14,0.0,1.27,1.16,-16.808333,146.191667,1,0,16068S,THETFORD REEF,2008,CA
16.047,13.171,1.768,0.0,-2.662000000000001,1.0,2.66,0.14,1.67,1.27,-16.808333,146.191667,1,0,16068S,THETFORD REEF,2009,CA
21.25,16.047,1.802,0.0,2.8760000000000012,1.0,1.24,2.66,2.34,1.67,-16.808333,146.191667,1,0,16068S,THETFORD REEF,2010,CA
11.736,21.25,1.375,0.0,5.202999999999999,2.0,0.32,1.4,1.22,1.9,-16.808333,146.191667,1,0,16068S,THETFORD REEF,2012,CA
17.313,11.736,2.708,0.0,-9.514,1.0,2.8000000000000003,0.32,1.7,1.22,-16.808333,146.191667,1,0,16068S,THETFORD REEF,2013,CA
18.813,17.313,1.375,0.05,5.576999999999998,2.0,2.3000000000000003,0.0,1.88,0.97,-16.808333,146.191667,1,0,16068S,THETFORD REEF,2015,CA
22.557,18.813,2.188,0.125,1.5,1.0,3.39,2.3000000000000003,1.94,1.88,-16.808333,146.191667,1,0,16068S,THETFORD REEF,2016,CA
22.336,22.557,2.5,0.023,3.7439999999999998,1.0,10.88,3.39,2.7,1.94,-16.808333,146.191667,1,0,16068S,THETFORD REEF,2017,CA
12.303,22.336,2.039,0.0,-0.22100000000000009,1.0,0.15,10.88,1.16,2.7,-16.808333,146.191667,1,0,16068S,THETFORD REEF,2018,CA
8.488,12.303,2.039,0.0,-10.032999999999998,1.0,0.7000000000000001,0.15,1.4,1.16,-16.808333,146.191667,1,0,16068S,THETFORD REEF,2019,CA
14.36,8.488,0.233,0.0,-3.8150000000000013,1.0,6.23,0.7000000000000001,1.93,1.4,-16.808333,146.191667,1,0,16068S,THETFORD REEF,2020,CA
15.256,14.36,1.105,0.0,5.872,1.0,0.6,6.23,1.51,1.93,-16.808333,146.191667,1,0,16068S,THETFORD REEF,2021,CA
30.756,15.256,1.218,0.0,0.8960000000000008,1.0,4.6000000000000005,0.6,1.97,1.51,-16.808333,146.191667,1,0,16068S,THETFORD REEF,2022,CA
26.22,30.756,1.047,0.0,15.5,1.0,0.65,4.6000000000000005,2.81,1.97,-16.808333,146.191667,1,0,16068S,THETFORD REEF,2023,CA
15.145,17.687,0.485,0.0,9.194,3.0,0.0,1.31,0.8200000000000001,2.07,-16.866667,146.233333,1,0,16071S,MOORE REEF,2000,IN
12.769,13.767,1.655,0.0,-1.3780000000000001,1.0,0.0,0.76,1.14,1.16,-16.866667,146.233333,1,0,16071S,MOORE REEF,2007,IN
13.644,12.769,1.231,0.0,-0.9979999999999993,3.0,1.22,2.32,2.29,1.64,-16.866667,146.233333,1,0,16071S,MOORE REEF,2010,IN
11.385,13.644,1.021,0.0,0.875,2.0,0.47,1.7,1.29,1.92,-16.866667,146.233333,1,0,16071S,MOORE REEF,2012,IN
14.081,11.385,1.284,0.0,-2.2590000000000003,2.0,0.0,2.79,0.94,1.72,-16.866667,146.233333,1,0,16071S,MOORE REEF,2014,IN
16.681,14.081,1.536,0.0,2.6959999999999997,2.0,3.01,1.86,1.91,1.9,-16.866667,146.233333,1,0,16071S,MOORE REEF,2016,IN
8.233,16.681,1.695,0.011,2.6000000000000014,2.0,0.15,10.7,1.14,2.7,-16.866667,146.233333,1,0,16071S,MOORE REEF,2018,IN
7.097,8.233,1.033,0.0,-8.448,2.0,5.6000000000000005,0.72,1.92,1.5,-16.866667,146.233333,1,0,16071S,MOORE REEF,2020,IN
11.656,7.097,0.403,0.0,-1.1360000000000001,1.0,0.61,5.6000000000000005,1.49,1.92,-16.866667,146.233333,1,0,16071S,MOORE REEF,2021,IN
8.103,16.379,2.888,0.914,0.7540000000000013,2.0,0.0,1.35,0.92,2.18,-17.075,146.183333,1,0,17004S,SCOTT REEF,2000,IN
8.024,8.103,1.379,0.103,-8.276000000000002,1.0,0.29,0.0,1.9,0.92,-17.075,146.183333,1,0,17004S,SCOTT REEF,2001,IN
12.131,8.024,0.806,0.0,-0.07900000000000063,3.0,1.09,0.0,1.5,1.18,-17.075,146.183333,1,0,17004S,SCOTT REEF,2004,IN
15.56,12.328,1.078,0.0,-14.418,2.0,2.16,0.0,1.58,1.12,-17.133333,146.466667,0,1,17008S,NOGGIN REEF,2009,IN
6.333,20.0,1.818,0.0,5.4350000000000005,3.0,1.34,1.76,2.14,1.41,-17.183333,146.291667,1,0,17010S,FLORA REEF,1999,IN
3.824,6.333,3.444,1.422,-13.667,1.0,0.0,1.34,0.84,2.14,-17.183333,146.291667,1,0,17010S,FLORA REEF,2000,IN
7.65,3.824,1.863,0.0,-2.5090000000000003,2.0,1.57,0.31,1.98,1.84,-17.183333,146.291667,1,0,17010S,FLORA REEF,2002,IN
4.907,7.65,1.55,0.02,3.8260000000000005,3.0,0.67,1.56,1.54,1.52,-17.183333,146.291667,1,0,17010S,FLORA REEF,2005,IN
13.098,4.907,0.509,0.0,-2.7430000000000003,2.0,0.0,0.98,1.11,1.39,-17.183333,146.291667,1,0,17010S,FLORA REEF,2007,IN
12.895,17.647,0.735,0.0,7.368999999999998,3.0,1.27,2.23,2.07,1.55,-17.208333,146.083333,0,0,17012A,NORMANBY-MABEL REEF,1999,IN
5.139,12.895,1.447,0.0,-4.751999999999999,3.0,1.25,0.15,1.76,1.7,-17.208333,146.083333,0,0,17012A,NORMANBY-MABEL REEF,2002,IN
18.472,5.139,1.389,0.0,-7.755999999999999,3.0,0.84,0.94,1.62,1.4,-17.208333,146.083333,0,0,17012A,NORMANBY-MABEL REEF,2005,IN
16.103,18.472,0.556,0.0,13.333000000000002,2.0,0.44,2.49,1.14,1.75,-17.208333,146.083333,0,0,17012A,NORMANBY-MABEL REEF,2007,IN
18.582,22.595,2.197,0.227,8.367999999999999,3.0,0.0,1.2,0.78,1.9,-17.233333,146.483333,0,1,17014S,HEDLEY REEF,2000,IN
11.895,15.946,2.0,0.0,-2.636000000000001,1.0,0.0,0.45,1.02,1.15,-17.233333,146.483333,0,1,17014S,HEDLEY REEF,2007,IN
12.845,11.895,1.21,0.0,-4.051,1.0,0.0,0.0,1.18,1.02,-17.233333,146.483333,0,1,17014S,HEDLEY REEF,2008,IN
12.614,12.845,1.509,0.0,0.9500000000000011,2.0,1.01,1.78,2.18,1.49,-17.233333,146.483333,0,1,17014S,HEDLEY REEF,2010,IN
9.67,12.614,1.402,0.0,-0.23099999999999987,2.0,0.66,2.5,1.41,2.01,-17.233333,146.483333,0,1,17014S,HEDLEY REEF,2012,IN
5.302,11.667,0.0,0.063,1.9969999999999999,2.0,0.0,7.98,1.25,2.47,-17.233333,146.483333,0,1,17014S,HEDLEY REEF,2018,IN
6.047,5.302,1.509,0.017,-6.365,2.0,5.3100000000000005,0.32,1.82,1.32,-17.233333,146.483333,0,1,17014S,HEDLEY REEF,2020,IN
15.391,6.047,1.554,0.0,0.7450000000000001,3.0,0.43,3.41,2.66,1.91,-17.233333,146.483333,0,1,17014S,HEDLEY REEF,2023,IN
9.729,10.542,1.145,0.012,3.875,2.0,1.02,1.17,2.18,1.43,-17.283333,146.45,1,0,17016S,MCCULLOCH,2010,IN
7.351,9.729,1.295,0.0,-0.8130000000000006,2.0,0.67,2.01,1.35,1.95,-17.283333,146.45,1,0,17016S,MCCULLOCH,2012,IN
4.194,10.531,2.5,0.664,3.1800000000000006,2.0,0.15,8.34,1.15,2.46,-17.283333,146.45,1,0,17016S,MCCULLOCH,2018,IN
3.589,4.194,0.753,0.0,-6.337000000000001,2.0,5.53,0.46,1.81,1.3,-17.283333,146.45,1,0,17016S,MCCULLOCH,2020,IN
20.25,9.115,0.573,0.0,0.2370000000000001,2.0,1.15,0.8200000000000001,2.14,1.42,-17.483333,146.391667,1,0,17024S,PEART REEF,2010,IN
11.146,20.25,1.55,0.0,11.135,2.0,0.84,0.84,1.37,1.8,-17.483333,146.391667,1,0,17024S,PEART REEF,2012,IN
19.122,11.146,1.719,0.0,-9.104,2.0,0.0,2.81,1.05,1.7,-17.483333,146.391667,1,0,17024S,PEART REEF,2014,IN
21.295,19.122,1.809,0.0,7.975999999999999,2.0,2.29,2.27,1.82,1.75,-17.483333,146.391667,1,0,17024S,PEART REEF,2016,IN
4.022,21.295,2.5,0.964,2.173000000000002,2.0,0.59,9.52,1.9,2.47,-17.483333,146.391667,1,0,17024S,PEART REEF,2018,IN
8.01,4.022,1.793,0.435,-17.273000000000003,2.0,5.37,0.33,1.85,1.41,-17.483333,146.391667,1,0,17024S,PEART REEF,2020,IN
10.2,8.01,0.612,0.0,3.9879999999999995,2.0,4.48,0.3,2.05,1.53,-17.483333,146.391667,1,0,17024S,PEART REEF,2022,IN
27.188,10.2,0.25,0.0,2.1899999999999995,1.0,0.94,4.48,2.81,2.05,-17.483333,146.391667,1,0,17024S,PEART REEF,2023,IN
21.885,23.862,1.027,0.0,8.085999999999999,1.0,0.64,3.91,1.26,2.38,-17.45,146.541667,0,1,17032S,WARDLE REEF,1996,IN
26.048,21.885,1.311,0.0,-1.9769999999999968,1.0,0.0,0.64,0.89,1.26,-17.45,146.541667,0,1,17032S,WARDLE REEF,1997,IN
19.375,26.048,1.434,0.015,4.162999999999997,1.0,1.67,0.0,1.57,0.89,-17.45,146.541667,0,1,17032S,WARDLE REEF,1998,IN
12.198,19.375,3.017,0.224,-6.672999999999998,1.0,1.47,1.67,2.03,1.57,-17.45,146.541667,0,1,17032S,WARDLE REEF,1999,IN
13.125,12.198,2.026,0.069,-7.177,1.0,0.0,1.47,0.51,2.03,-17.45,146.541667,0,1,17032S,WARDLE REEF,2000,IN
19.923,13.125,1.992,0.031,0.9269999999999996,2.0,1.74,1.07,1.83,2.09,-17.45,146.541667,0,1,17032S,WARDLE REEF,2002,IN
9.375,19.923,2.385,0.0,6.797999999999998,1.0,0.58,1.74,1.24,1.83,-17.45,146.541667,0,1,17032S,WARDLE REEF,2003,IN
18.263,9.375,1.563,0.0,-10.547999999999998,2.0,0.97,1.84,1.39,1.64,-17.45,146.541667,0,1,17032S,WARDLE REEF,2005,IN
11.477,18.263,1.441,0.0,8.888000000000002,1.0,0.3,0.97,1.21,1.39,-17.45,146.541667,0,1,17032S,WARDLE REEF,2006,IN
5.269,11.477,1.364,0.0,-6.786000000000001,1.0,0.0,0.3,0.91,1.21,-17.45,146.541667,0,1,17032S,WARDLE REEF,2007,IN
8.255,5.269,0.423,0.0,-6.208,1.0,0.3,0.0,1.37,0.91,-17.45,146.541667,0,1,17032S,WARDLE REEF,2008,IN
7.097,8.255,0.896,0.019,2.9860000000000007,1.0,1.44,0.3,1.45,1.37,-17.45,146.541667,0,1,17032S,WARDLE REEF,2009,IN
18.361,16.129,1.653,0.065,9.032,1.0,3.36,2.44,1.95,1.89,-17.45,146.541667,0,1,17032S,WARDLE REEF,2016,IN
11.164,18.361,1.762,0.0,2.2319999999999993,1.0,7.49,3.36,2.43,1.95,-17.45,146.541667,0,1,17032S,WARDLE REEF,2017,IN
26.563,24.911,1.429,0.0,-1.546999999999997,1.0,0.64,3.63,1.32,2.37,-17.533333,146.383333,1,0,17034S,FEATHER REEF,1996,IN
13.75,26.563,1.719,0.0,1.6519999999999975,1.0,0.0,0.64,0.96,1.32,-17.533333,146.383333,1,0,17034S,FEATHER REEF,1997,IN
16.516,13.75,0.595,0.0,-12.812999999999999,1.0,2.56,0.0,1.53,0.96,-17.533333,146.383333,1,0,17034S,FEATHER REEF,1998,IN
12.15,16.516,2.234,0.021,2.7659999999999982,1.0,1.47,2.56,2.07,1.53,-17.533333,146.383333,1,0,17034S,FEATHER REEF,1999,IN
5.978,12.15,2.4,0.0,-4.365999999999998,1.0,0.0,1.47,0.6,2.07,-17.533333,146.383333,1,0,17034S,FEATHER REEF,2000,IN
5.273,5.978,3.098,5.326,-6.172000000000001,1.0,0.8,0.0,2.07,0.6,-17.533333,146.383333,1,0,17034S,FEATHER REEF,2001,IN
5.0,5.273,1.818,2.309,-0.7050000000000001,1.0,1.07,0.8,1.75,2.07,-17.533333,146.383333,1,0,17034S,FEATHER REEF,2002,IN
2.733,5.0,1.31,0.0,-0.2729999999999997,1.0,0.47,1.07,1.3,1.75,-17.533333,146.383333,1,0,17034S,FEATHER REEF,2003,IN
8.636,2.733,0.407,0.0,-2.267,1.0,1.78,0.47,1.49,1.3,-17.533333,146.383333,1,0,17034S,FEATHER REEF,2004,IN
9.25,8.636,1.545,0.0,5.902999999999999,1.0,1.22,1.78,1.65,1.49,-17.533333,146.383333,1,0,17034S,FEATHER REEF,2005,IN
9.9,9.25,0.4,0.0,0.6140000000000008,1.0,0.44,1.22,1.3,1.65,-17.533333,146.383333,1,0,17034S,FEATHER REEF,2006,IN
4.286,9.9,1.3,0.0,0.6500000000000004,1.0,0.0,0.44,1.11,1.3,-17.533333,146.383333,1,0,17034S,FEATHER REEF,2007,IN
6.543,4.286,0.102,0.0,-5.614000000000001,1.0,1.09,0.0,1.45,1.11,-17.533333,146.383333,1,0,17034S,FEATHER REEF,2008,IN
10.741,6.543,0.638,0.0,2.2570000000000006,1.0,0.8200000000000001,1.09,1.42,1.45,-17.533333,146.383333,1,0,17034S,FEATHER REEF,2009,IN
9.5,10.741,0.972,0.0,4.1979999999999995,3.0,0.66,0.6900000000000001,1.29,1.77,-17.533333,146.383333,1,0,17034S,FEATHER REEF,2012,IN
13.4,9.5,1.444,0.0,-1.2409999999999997,2.0,0.0,2.95,1.04,1.68,-17.533333,146.383333,1,0,17034S,FEATHER REEF,2014,IN
20.978,13.4,1.25,0.0,3.9000000000000004,1.0,2.25,0.0,1.8,1.04,-17.533333,146.383333,1,0,17034S,FEATHER REEF,2015,IN
24.953,20.978,2.283,0.0,7.578000000000001,1.0,2.3000000000000003,2.25,1.84,1.8,-17.533333,146.383333,1,0,17034S,FEATHER REEF,2016,IN
26.348,24.953,1.604,0.0,3.974999999999998,1.0,8.91,2.3000000000000003,2.42,1.84,-17.533333,146.383333,1,0,17034S,FEATHER REEF,2017,IN
7.955,26.348,2.696,0.02,1.3949999999999996,1.0,0.61,8.91,1.91,2.42,-17.533333,146.383333,1,0,17034S,FEATHER REEF,2018,IN
7.174,7.955,1.648,0.114,-18.393,1.0,0.19,0.61,1.42,1.91,-17.533333,146.383333,1,0,17034S,FEATHER REEF,2019,IN
8.315,7.174,1.304,0.109,-0.7809999999999997,1.0,5.45,0.19,1.84,1.42,-17.533333,146.383333,1,0,17034S,FEATHER REEF,2020,IN
18.361,8.315,0.652,0.0,1.1409999999999991,1.0,0.45,5.45,1.53,1.84,-17.533333,146.383333,1,0,17034S,FEATHER REEF,2021,IN
17.075,18.361,0.833,0.0,10.046000000000001,1.0,4.65,0.45,2.02,1.53,-17.533333,146.383333,1,0,17034S,FEATHER REEF,2022,IN
25.769,17.075,0.991,0.0,-1.2860000000000014,1.0,0.93,4.65,2.77,2.02,-17.533333,146.383333,1,0,17034S,FEATHER REEF,2023,IN
2.712,22.563,1.0,0.0,5.1690000000000005,3.0,0.0,1.31,0.54,2.08,-17.725,146.4,1,0,17044S,ELLISON REEF,2000,IN
2.394,2.712,2.288,2.695,-19.851,3.0,0.3,0.6900000000000001,1.32,1.63,-17.725,146.4,1,0,17044S,ELLISON REEF,2003,IN
7.344,2.394,0.423,0.0,-0.31800000000000006,3.0,0.16,0.97,1.38,1.73,-17.725,146.4,1,0,17044S,ELLISON REEF,2006,IN
5.115,7.344,1.25,0.0,4.95,1.0,0.0,0.16,1.25,1.38,-17.725,146.4,1,0,17044S,ELLISON REEF,2007,IN
3.534,32.276,1.923,0.0,5.026000000000003,3.0,0.0,2.03,0.62,2.03,-17.85,146.483333,1,0,17051S,BEAVER REEF,2000,IN
2.5,3.534,2.328,2.345,-28.742000000000004,3.0,0.0,0.8300000000000001,1.23,1.63,-17.85,146.483333,1,0,17051S,BEAVER REEF,2003,IN
3.879,2.5,1.797,0.0,-1.0339999999999998,3.0,0.15,0.95,1.31,1.66,-17.85,146.483333,1,0,17051S,BEAVER REEF,2006,IN
3.5,3.879,1.207,0.0,1.379,1.0,0.0,0.15,1.18,1.31,-17.85,146.483333,1,0,17051S,BEAVER REEF,2007,IN
9.766,3.5,1.167,0.0,-0.379,2.0,0.65,1.37,1.51,1.41,-17.85,146.483333,1,0,17051S,BEAVER REEF,2009,IN
15.13,21.9,2.25,0.1,-10.041,3.0,1.56,1.08,1.82,2.03,-17.583333,146.583333,0,1,17057S,GILBEY REEF,2002,IN
18.561,15.13,2.5,0.979,-6.769999999999998,3.0,0.8300000000000001,1.88,1.4,1.6,-17.583333,146.583333,0,1,17057S,GILBEY REEF,2005,IN
12.125,26.25,1.79,0.057,-1.7190000000000012,2.0,0.0,1.91,0.58,2.04,-17.7,146.55,0,1,17059A,POTTER REEF (NO 1),2000,IN
9.872,12.125,2.531,5.8,-14.125,2.0,1.09,1.0,1.78,2.16,-17.7,146.55,0,1,17059A,POTTER REEF (NO 1),2002,IN
33.887,28.576,2.373,0.051,21.141000000000002,1.0,3.15,2.31,1.9,1.74,-17.7,146.55,0,1,17059A,POTTER REEF (NO 1),2016,IN
6.897,5.397,1.468,0.0,1.846,2.0,1.41,0.81,2.25,1.45,-17.783333,146.516667,1,0,17063A,FARQUHARSON REEF (NO 1),2010,IN
4.5,6.897,0.474,0.0,1.5,2.0,0.44,1.05,1.24,1.87,-17.783333,146.516667,1,0,17063A,FARQUHARSON REEF (NO 1),2012,IN
9.701,15.821,0.0,0.0,11.321,2.0,0.18,8.16,1.37,2.44,-17.783333,146.516667,1,0,17063A,FARQUHARSON REEF (NO 1),2018,IN
9.331,9.701,2.5,8.269,-6.119999999999999,2.0,5.91,0.0,1.85,1.23,-17.783333,146.516667,1,0,17063A,FARQUHARSON REEF (NO 1),2020,IN
12.313,9.331,0.458,0.0,-0.370000000000001,3.0,0.64,5.1000000000000005,2.62,2.04,-17.783333,146.516667,1,0,17063A,FARQUHARSON REEF (NO 1),2023,IN
2.543,2.843,0.539,0.0,-6.157,2.0,0.46,0.0,1.38,1.04,-17.833333,146.55,1,0,17064S,TAYLOR REEF,2008,IN
12.234,2.543,0.216,0.0,-0.2999999999999998,2.0,1.4,0.66,2.28,1.46,-17.833333,146.55,1,0,17064S,TAYLOR REEF,2010,IN
6.786,12.234,1.649,0.0,9.690999999999999,2.0,0.44,1.2,1.25,1.87,-17.833333,146.55,1,0,17064S,TAYLOR REEF,2012,IN
32.75,45.614,2.5,0.0,38.827999999999996,1.0,7.61,2.32,2.47,1.92,-17.833333,146.55,1,0,17064S,TAYLOR REEF,2017,IN
9.388,32.75,6.0,1.26,-12.863999999999997,1.0,0.16,7.61,1.24,2.47,-17.833333,146.55,1,0,17064S,TAYLOR REEF,2018,IN
7.727,9.388,3.52,13.102,-23.362000000000002,2.0,5.84,0.0,1.85,1.23,-17.833333,146.55,1,0,17064S,TAYLOR REEF,2020,IN
13.852,7.727,1.045,0.0,-1.6609999999999996,2.0,5.38,0.0,1.99,1.41,-17.833333,146.55,1,0,17064S,TAYLOR REEF,2022,IN
14.873,13.852,0.697,0.0,6.125,1.0,0.49,5.38,2.6,1.99,-17.833333,146.55,1,0,17064S,TAYLOR REEF,2023,IN
25.833,25.55,2.5,0.0,-3.3619999999999983,2.0,2.79,2.32,1.74,2.39,-17.95,146.8,0,1,17068S,MOSS REEF,2002,IN
42.273,25.833,2.353,0.0,0.2829999999999977,3.0,0.51,2.56,1.45,1.55,-17.95,146.8,0,1,17068S,MOSS REEF,2005,IN
5.556,41.776,1.447,0.0,10.987000000000002,3.0,0.0,0.75,0.41,1.56,-18.141667,146.975,0,1,18023S,18023S,2000,TO
3.75,5.556,22.361,85.833,-36.220000000000006,2.0,2.81,2.61,1.78,2.46,-18.141667,146.975,0,1,18023S,18023S,2002,TO
2.5,3.75,1.389,0.0,-1.806,1.0,0.34,2.81,1.44,1.78,-18.141667,146.975,0,1,18023S,18023S,2003,TO
2.636,15.368,0.526,0.0,3.4480000000000004,3.0,0.0,1.1,0.5700000000000001,1.72,-18.416667,146.708333,1,0,18029S,BRAMBLE REEF,2000,TO
2.475,2.636,2.795,0.964,-12.732,3.0,0.0,3.13,1.3,1.84,-18.416667,146.708333,1,0,18029S,BRAMBLE REEF,2003,TO
10.317,7.018,0.439,0.0,1.3599999999999994,2.0,1.35,0.84,2.19,1.39,-18.441667,146.991667,1,0,18030S,KELSO REEF,2010,TO
22.639,10.536,1.027,0.018,0.21899999999999942,2.0,3.52,3.06,2.09,1.75,-18.441667,146.991667,1,0,18030S,KELSO REEF,2016,TO
20.36,22.639,2.778,0.0,12.103,2.0,0.15,7.640000000000001,1.17,2.5,-18.441667,146.991667,1,0,18030S,KELSO REEF,2018,TO
32.822,20.36,1.229,0.051,-2.279,2.0,5.4,0.0,2.06,1.14,-18.441667,146.991667,1,0,18030S,KELSO REEF,2020,TO
26.729,32.822,1.212,0.136,12.462000000000003,1.0,0.0,5.4,1.38,2.06,-18.441667,146.991667,1,0,18030S,KELSO REEF,2021,TO
40.182,26.729,1.708,0.0,-6.0930000000000035,1.0,5.24,0.0,2.2,1.38,-18.441667,146.991667,1,0,18030S,KELSO REEF,2022,TO
37.313,40.182,1.091,0.0,13.453000000000003,1.0,1.64,5.24,2.52,2.2,-18.441667,146.991667,1,0,18030S,KELSO REEF,2023,TO
3.828,11.917,4.917,4.367,-6.1480000000000015,3.0,0.79,1.16,1.19,1.41,-18.475,147.0,1,0,18031S,LITTLE KELSO REEF,2006,TO
6.563,3.828,1.25,0.0,-8.089,2.0,0.0,0.0,1.26,1.48,-18.475,147.0,1,0,18031S,LITTLE KELSO REEF,2008,TO
9.274,6.563,0.781,0.0,2.735,2.0,1.3,0.8200000000000001,2.17,1.36,-18.475,147.0,1,0,18031S,LITTLE KELSO REEF,2010,TO
9.219,9.274,1.29,0.0,2.7109999999999994,2.0,0.93,1.29,1.19,1.55,-18.475,147.0,1,0,18031S,LITTLE KELSO REEF,2012,TO
20.492,9.219,1.406,0.0,-0.054999999999999716,2.0,0.0,1.85,0.8200000000000001,1.67,-18.475,147.0,1,0,18031S,LITTLE KELSO REEF,2014,TO
36.801,20.492,1.364,0.0,11.273000000000001,2.0,3.3200000000000003,3.01,2.12,1.74,-18.475,147.0,1,0,18031S,LITTLE KELSO REEF,2016,TO
27.375,36.801,2.5,0.0,16.309,2.0,0.0,7.16,1.13,2.46,-18.475,147.0,1,0,18031S,LITTLE KELSO REEF,2018,TO
14.492,27.375,2.167,0.533,-9.426000000000002,2.0,5.43,0.0,2.07,1.11,-18.475,147.0,1,0,18031S,LITTLE KELSO REEF,2020,TO
24.556,14.492,0.781,0.031,-12.883,1.0,0.0,5.43,1.39,2.07,-18.475,147.0,1,0,18031S,LITTLE KELSO REEF,2021,TO
26.912,24.556,1.129,0.0,10.064,2.0,1.47,5.19,2.5,2.19,-18.475,147.0,1,0,18031S,LITTLE KELSO REEF,2023,TO
42.316,45.451,0.694,0.0,11.155999999999999,1.0,0.33,2.97,1.34,2.73,-18.483333,146.883333,1,0,18032S,RIB REEF,1996,TO
35.091,42.316,2.206,0.0,-3.134999999999998,1.0,0.16,0.33,1.15,1.34,-18.483333,146.883333,1,0,18032S,RIB REEF,1997,TO
38.924,35.091,2.5,0.024,-7.225000000000001,1.0,4.21,0.16,1.92,1.15,-18.483333,146.883333,1,0,18032S,RIB REEF,1998,TO
27.879,38.924,2.361,0.0,3.8329999999999984,1.0,0.6900000000000001,4.21,1.43,1.92,-18.483333,146.883333,1,0,18032S,RIB REEF,1999,TO
16.818,27.879,3.03,6.061,-11.044999999999998,1.0,0.0,0.6900000000000001,0.62,1.43,-18.483333,146.883333,1,0,18032S,RIB REEF,2000,TO
5.833,16.818,5.379,1.364,-11.061,1.0,1.78,0.0,2.49,0.62,-18.483333,146.883333,1,0,18032S,RIB REEF,2001,TO
8.784,5.833,3.939,8.545,-10.985000000000001,1.0,2.6,1.78,2.0,2.49,-18.483333,146.883333,1,0,18032S,RIB REEF,2002,TO
4.632,8.784,3.041,0.514,2.9510000000000005,1.0,0.0,2.6,1.28,2.0,-18.483333,146.883333,1,0,18032S,RIB REEF,2003,TO
5.962,4.632,3.162,3.176,-4.152000000000001,1.0,1.64,0.0,1.43,1.28,-18.483333,146.883333,1,0,18032S,RIB REEF,2004,TO
8.828,5.962,2.308,0.026,1.33,1.0,1.57,1.64,1.66,1.43,-18.483333,146.883333,1,0,18032S,RIB REEF,2005,TO
5.962,8.828,1.406,0.0,2.8659999999999997,1.0,0.8,1.57,1.22,1.66,-18.483333,146.883333,1,0,18032S,RIB REEF,2006,TO
7.586,5.962,0.673,0.0,-2.8659999999999997,1.0,0.0,0.8,1.5,1.22,-18.483333,146.883333,1,0,18032S,RIB REEF,2007,TO
14.091,7.586,0.0,0.0,1.6240000000000006,1.0,0.0,0.0,1.24,1.5,-18.483333,146.883333,1,0,18032S,RIB REEF,2008,TO
19.044,14.091,1.515,0.0,6.504999999999999,1.0,0.99,0.0,1.39,1.24,-18.483333,146.883333,1,0,18032S,RIB REEF,2009,TO
25.393,19.044,0.882,0.0,4.953000000000001,1.0,1.64,0.99,2.37,1.39,-18.483333,146.883333,1,0,18032S,RIB REEF,2010,TO
7.847,25.393,1.143,0.0,6.349,1.0,0.96,1.64,1.55,2.37,-18.483333,146.883333,1,0,18032S,RIB REEF,2011,TO
9.118,7.847,1.667,0.0,-17.546,1.0,1.26,0.96,1.33,1.55,-18.483333,146.883333,1,0,18032S,RIB REEF,2012,TO
21.107,9.118,1.912,0.0,1.271,1.0,2.17,1.26,2.07,1.33,-18.483333,146.883333,1,0,18032S,RIB REEF,2013,TO
30.214,21.107,1.143,0.029,11.988999999999999,1.0,0.0,2.17,0.87,2.07,-18.483333,146.883333,1,0,18032S,RIB REEF,2014,TO
45.526,30.214,2.357,0.0,9.107,1.0,3.0500000000000003,0.0,1.86,0.87,-18.483333,146.883333,1,0,18032S,RIB REEF,2015,TO
54.393,45.526,2.5,0.053,15.312000000000005,1.0,2.5,3.0500000000000003,1.98,1.86,-18.483333,146.883333,1,0,18032S,RIB REEF,2016,TO
28.088,54.393,1.857,0.143,8.866999999999997,1.0,7.44,2.5,2.46,1.98,-18.483333,146.883333,1,0,18032S,RIB REEF,2017,TO
13.447,28.088,22.831,1.118,-26.305,1.0,0.0,7.44,1.1,2.46,-18.483333,146.883333,1,0,18032S,RIB REEF,2018,TO
13.882,13.447,2.727,5.909,-14.641000000000002,1.0,0.0,0.0,1.18,1.1,-18.483333,146.883333,1,0,18032S,RIB REEF,2019,TO
8.047,13.882,1.447,0.0,0.4350000000000005,1.0,5.11,0.0,2.14,1.18,-18.483333,146.883333,1,0,18032S,RIB REEF,2020,TO
10.0,8.047,0.703,0.0,-5.834999999999999,1.0,0.0,5.11,1.45,2.14,-18.483333,146.883333,1,0,18032S,RIB REEF,2021,TO
24.441,10.0,1.014,0.0,1.9529999999999994,1.0,5.2,0.0,2.23,1.45,-18.483333,146.883333,1,0,18032S,RIB REEF,2022,TO
21.694,24.441,0.724,0.0,14.440999999999999,1.0,1.66,5.2,2.66,2.23,-18.483333,146.883333,1,0,18032S,RIB REEF,2023,TO
27.857,18.563,0.625,0.0,-10.572000000000003,1.0,1.2,2.17,1.78,2.22,-18.266667,147.391667,0,1,18034S,MYRMIDON REEF,1995,TO
23.342,27.857,0.816,0.0,9.294,1.0,0.72,1.2,1.58,1.78,-18.266667,147.391667,0,1,18034S,MYRMIDON REEF,1996,TO
20.061,23.342,0.217,0.0,-4.515000000000001,1.0,0.0,0.72,0.62,1.58,-18.266667,147.391667,0,1,18034S,MYRMIDON REEF,1997,TO
30.897,20.061,1.707,0.0,-3.280999999999999,1.0,0.65,0.0,1.25,0.62,-18.266667,147.391667,0,1,18034S,MYRMIDON REEF,1998,TO
25.814,30.897,1.902,0.022,10.835999999999999,1.0,0.93,0.65,1.2,1.25,-18.266667,147.391667,0,1,18034S,MYRMIDON REEF,1999,TO
19.837,25.814,1.977,0.0,-5.082999999999998,1.0,0.0,0.93,0.3,1.2,-18.266667,147.391667,0,1,18034S,MYRMIDON REEF,2000,TO
25.136,19.837,2.228,0.0,-5.977,1.0,2.57,0.0,2.02,0.3,-18.266667,147.391667,0,1,18034S,MYRMIDON REEF,2001,TO
19.0,25.136,2.391,0.0,5.2989999999999995,1.0,3.82,2.57,1.66,2.02,-18.266667,147.391667,0,1,18034S,MYRMIDON REEF,2002,TO
20.294,19.0,2.5,0.0,-6.135999999999999,1.0,0.29,3.82,1.19,1.66,-18.266667,147.391667,0,1,18034S,MYRMIDON REEF,2003,TO
29.375,20.294,2.5,0.0,1.2940000000000005,2.0,1.45,4.03,1.34,1.9,-18.266667,147.391667,0,1,18034S,MYRMIDON REEF,2005,TO
12.34,29.375,0.815,0.0,9.081,2.0,0.0,0.95,1.32,1.19,-18.266667,147.391667,0,1,18034S,MYRMIDON REEF,2007,TO
7.8,4.944,0.889,0.0,-7.396,2.0,1.14,1.11,1.58,1.31,-18.266667,147.391667,0,1,18034S,MYRMIDON REEF,2013,TO
7.386,7.8,0.8,0.0,2.856,2.0,3.45,0.0,1.65,1.04,-18.266667,147.391667,0,1,18034S,MYRMIDON REEF,2015,TO
14.279,7.386,0.0,0.0,-0.4139999999999997,2.0,7.46,7.24,2.18,2.15,-18.266667,147.391667,0,1,18034S,MYRMIDON REEF,2017,TO
24.122,14.279,2.692,0.0,6.893,2.0,0.0,0.46,1.05,1.28,-18.266667,147.391667,0,1,18034S,MYRMIDON REEF,2019,TO
17.65,24.122,0.0,0.0,9.843,1.0,8.3,0.0,2.18,1.05,-18.266667,147.391667,0,1,18034S,MYRMIDON REEF,2020,TO
38.375,17.65,1.95,0.0,-6.472000000000001,1.0,0.15,8.3,1.25,2.18,-18.266667,147.391667,0,1,18034S,MYRMIDON REEF,2021,TO
45.875,38.375,1.1,0.0,20.725,1.0,6.3,0.15,2.11,1.25,-18.266667,147.391667,0,1,18034S,MYRMIDON REEF,2022,TO
49.016,45.875,1.4,0.0,7.5,1.0,1.6,6.3,2.54,2.11,-18.266667,147.391667,0,1,18034S,MYRMIDON REEF,2023,TO
14.625,15.714,1.012,0.0,1.5679999999999996,1.0,0.79,1.7,1.39,1.62,-18.416667,147.458333,0,1,18039S,DIP REEF,1996,TO
15.268,14.625,0.563,0.0,-1.0890000000000004,1.0,0.0,0.79,0.51,1.39,-18.416667,147.458333,0,1,18039S,DIP REEF,1997,TO
19.556,15.268,1.31,0.0,0.6430000000000007,1.0,1.06,0.0,1.25,0.51,-18.416667,147.458333,0,1,18039S,DIP REEF,1998,TO
13.75,19.556,1.667,0.0,4.288,1.0,0.94,1.06,1.2,1.25,-18.416667,147.458333,0,1,18039S,DIP REEF,1999,TO
20.854,13.75,1.364,0.0,-5.806000000000001,1.0,0.0,0.94,0.28,1.2,-18.416667,147.458333,0,1,18039S,DIP REEF,2000,TO
18.333,20.854,2.256,0.0,7.103999999999999,1.0,2.32,0.0,1.91,0.28,-18.416667,147.458333,0,1,18039S,DIP REEF,2001,TO
16.755,18.333,2.0,0.0,-2.521000000000001,1.0,2.58,2.32,1.58,1.91,-18.416667,147.458333,0,1,18039S,DIP REEF,2002,TO
19.528,16.755,2.713,0.0,-1.5779999999999994,1.0,0.16,2.58,1.21,1.58,-18.416667,147.458333,0,1,18039S,DIP REEF,2003,TO
18.864,19.528,2.444,0.0,2.7729999999999997,1.0,3.52,0.16,1.78,1.21,-18.416667,147.458333,0,1,18039S,DIP REEF,2004,TO
24.714,18.864,2.841,0.0,-0.6639999999999979,1.0,1.01,3.52,1.54,1.78,-18.416667,147.458333,0,1,18039S,DIP REEF,2005,TO
17.151,24.714,2.5,0.0,5.849999999999998,2.0,0.0,0.62,1.15,1.13,-18.416667,147.458333,0,1,18039S,DIP REEF,2007,TO
12.965,12.159,1.648,0.0,3.8900000000000006,2.0,6.8,6.28,2.18,2.15,-18.416667,147.458333,0,1,18039S,DIP REEF,2017,TO
16.806,12.965,3.605,0.0,0.8059999999999992,2.0,0.0,0.45,1.11,1.24,-18.416667,147.458333,0,1,18039S,DIP REEF,2019,TO
22.304,16.806,0.722,0.0,3.841000000000001,2.0,0.0,7.1000000000000005,1.22,2.07,-18.416667,147.458333,0,1,18039S,DIP REEF,2021,TO
26.397,22.304,0.98,0.0,5.4979999999999976,1.0,5.6000000000000005,0.0,1.94,1.22,-18.416667,147.458333,0,1,18039S,DIP REEF,2022,TO
33.011,26.397,0.539,0.0,4.093,1.0,1.44,5.6000000000000005,2.47,1.94,-18.416667,147.458333,0,1,18039S,DIP REEF,2023,TO
28.092,24.261,1.364,0.0,8.351999999999999,2.0,0.98,0.8200000000000001,2.07,1.38,-18.433333,147.066667,1,0,18042S,ROXBURGH REEF,2010,TO
6.5,28.092,1.711,0.0,3.8309999999999995,2.0,1.08,1.5,1.19,1.6,-18.433333,147.066667,1,0,18042S,ROXBURGH REEF,2012,TO
13.095,6.5,0.75,0.0,-21.592,2.0,0.0,1.94,0.8,1.54,-18.433333,147.066667,1,0,18042S,ROXBURGH REEF,2014,TO
15.9,13.095,0.952,0.0,6.595000000000001,2.0,5.0,2.98,2.18,1.71,-18.433333,147.066667,1,0,18042S,ROXBURGH REEF,2016,TO
25.06,15.9,2.7,0.0,2.8049999999999997,2.0,0.15,7.54,1.18,2.5,-18.433333,147.066667,1,0,18042S,ROXBURGH REEF,2018,TO
34.674,25.06,1.786,0.0,9.159999999999998,2.0,6.5200000000000005,0.0,2.06,1.1,-18.433333,147.066667,1,0,18042S,ROXBURGH REEF,2020,TO
31.65,34.674,1.087,0.0,9.614,3.0,1.78,5.7700000000000005,2.49,2.17,-18.433333,147.066667,1,0,18042S,ROXBURGH REEF,2023,TO
2.663,6.343,2.87,4.333,-11.762,3.0,0.79,1.16,1.19,1.41,-18.5,147.033333,1,0,18043S,FORE AND AFT REEF,2006,TO
3.854,2.663,0.163,0.0,-3.68,2.0,0.0,0.0,1.26,1.48,-18.5,147.033333,1,0,18043S,FORE AND AFT REEF,2008,TO
8.883,3.462,1.01,0.0,-0.3919999999999999,2.0,0.0,1.85,0.8200000000000001,1.67,-18.5,147.033333,1,0,18043S,FORE AND AFT REEF,2014,TO
24.769,8.883,0.532,0.021,5.420999999999999,2.0,3.3200000000000003,3.01,2.12,1.74,-18.5,147.033333,1,0,18043S,FORE AND AFT REEF,2016,TO
25.991,24.769,2.593,0.0,15.886,2.0,0.0,7.16,1.13,2.46,-18.5,147.033333,1,0,18043S,FORE AND AFT REEF,2018,TO
23.135,14.857,0.857,0.0,4.180999999999999,1.0,5.44,0.0,2.28,0.39,-18.675,146.516667,0,0,18053S,FANTOME (EUMILLI) ISLAND REEF,1998,TO
7.321,23.135,1.667,0.0,8.278000000000002,2.0,0.0,1.01,0.49,1.47,-18.675,146.516667,0,0,18053S,FANTOME (EUMILLI) ISLAND REEF,2000,TO
4.795,7.321,1.027,0.0,-15.814000000000002,1.0,0.67,0.0,2.37,0.49,-18.675,146.516667,0,0,18053S,FANTOME (EUMILLI) ISLAND REEF,2001,TO
4.068,4.795,0.171,0.0,-2.526,2.0,0.14,2.09,1.97,1.5,-18.675,146.516667,0,0,18053S,FANTOME (EUMILLI) ISLAND REEF,2003,TO
13.182,48.295,1.136,0.0,6.911000000000001,1.0,5.4,0.0,2.39,0.39,-18.85,146.541667,0,0,18065S,HAVANNAH REEF,1998,TO
4.231,13.182,24.848,0.0,-35.113,1.0,0.49,5.4,1.33,2.39,-18.85,146.541667,0,0,18065S,HAVANNAH REEF,1999,TO
5.078,4.231,1.731,0.0,-8.951,1.0,0.0,0.49,0.61,1.33,-18.85,146.541667,0,0,18065S,HAVANNAH REEF,2000,TO
5.0,5.078,1.406,0.0,0.8470000000000004,1.0,0.49,0.0,2.4,0.61,-18.85,146.541667,0,0,18065S,HAVANNAH REEF,2001,TO
4.138,5.0,0.385,0.0,-0.07800000000000029,1.0,2.28,0.49,1.59,2.4,-18.85,146.541667,0,0,18065S,HAVANNAH REEF,2002,TO
8.5,4.138,0.69,0.0,-0.8620000000000001,1.0,0.14,2.28,2.11,1.59,-18.85,146.541667,0,0,18065S,HAVANNAH REEF,2003,TO
12.375,8.5,1.25,0.0,4.362,2.0,0.68,0.77,1.43,1.56,-18.85,146.541667,0,0,18065S,HAVANNAH REEF,2005,TO
7.5,12.375,0.75,0.0,3.875,1.0,0.97,0.68,1.38,1.43,-18.85,146.541667,0,0,18065S,HAVANNAH REEF,2006,TO
10.759,7.5,0.726,0.0,-4.875,1.0,0.0,0.97,1.31,1.38,-18.85,146.541667,0,0,18065S,HAVANNAH REEF,2007,TO
13.621,10.759,0.179,0.0,3.2590000000000003,1.0,0.0,0.0,0.85,1.31,-18.85,146.541667,0,0,18065S,HAVANNAH REEF,2008,TO
8.333,13.621,0.172,0.0,2.862,1.0,0.0,0.0,1.6,0.85,-18.85,146.541667,0,0,18065S,HAVANNAH REEF,2009,TO
10.202,8.333,1.583,0.0,-5.288,2.0,1.07,0.67,1.64,2.0,-18.85,146.541667,0,0,18065S,HAVANNAH REEF,2011,TO
8.472,10.202,0.645,0.0,1.8689999999999998,2.0,1.98,1.8,1.69,1.38,-18.85,146.541667,0,0,18065S,HAVANNAH REEF,2013,TO
20.304,20.642,0.574,0.0,7.856999999999999,1.0,0.15,2.97,1.4,2.82,-18.633333,147.058333,1,0,18075S,JOHN BREWER REEF,1996,TO
22.437,20.304,1.143,0.0,-0.33800000000000097,1.0,0.0,0.15,0.66,1.4,-18.633333,147.058333,1,0,18075S,JOHN BREWER REEF,1997,TO
29.55,22.437,1.709,0.025,2.1330000000000027,1.0,3.0,0.0,2.07,0.66,-18.633333,147.058333,1,0,18075S,JOHN BREWER REEF,1998,TO
20.296,29.55,2.5,0.0,7.1129999999999995,1.0,0.47,3.0,1.32,2.07,-18.633333,147.058333,1,0,18075S,JOHN BREWER REEF,1999,TO
23.801,20.296,2.5,0.0,-9.254000000000001,1.0,0.0,0.47,0.49,1.32,-18.633333,147.058333,1,0,18075S,JOHN BREWER REEF,2000,TO
14.786,23.801,2.568,0.11,3.504999999999999,1.0,1.15,0.0,2.24,0.49,-18.633333,147.058333,1,0,18075S,JOHN BREWER REEF,2001,TO
11.686,14.786,2.857,1.671,-9.014999999999999,1.0,1.88,1.15,1.87,2.24,-18.633333,147.058333,1,0,18075S,JOHN BREWER REEF,2002,TO
3.013,11.686,6.017,2.349,-3.0999999999999996,1.0,0.0,1.88,1.35,1.87,-18.633333,147.058333,1,0,18075S,JOHN BREWER REEF,2003,TO
2.872,3.013,2.404,4.397,-8.673,1.0,1.31,0.0,1.32,1.35,-18.633333,147.058333,1,0,18075S,JOHN BREWER REEF,2004,TO
2.905,2.872,1.858,0.0,-0.14100000000000001,1.0,1.05,1.31,1.51,1.32,-18.633333,147.058333,1,0,18075S,JOHN BREWER REEF,2005,TO
2.882,2.905,0.304,0.0,0.03299999999999992,2.0,0.0,0.29,1.56,1.05,-18.633333,147.058333,1,0,18075S,JOHN BREWER REEF,2007,TO
2.803,2.882,0.0,0.0,-0.022999999999999687,1.0,0.0,0.0,1.17,1.56,-18.633333,147.058333,1,0,18075S,JOHN BREWER REEF,2008,TO
3.882,2.803,0.114,0.0,-0.07900000000000018,1.0,0.48,0.0,1.35,1.17,-18.633333,147.058333,1,0,18075S,JOHN BREWER REEF,2009,TO
4.93,3.882,0.118,0.0,1.0790000000000002,2.0,1.41,1.01,1.6,2.3000000000000003,-18.633333,147.058333,1,0,18075S,JOHN BREWER REEF,2011,TO
16.164,4.93,0.458,0.0,1.0479999999999996,2.0,1.74,0.47,1.75,1.18,-18.633333,147.058333,1,0,18075S,JOHN BREWER REEF,2013,TO
34.516,16.164,1.351,0.011,11.234000000000002,2.0,2.17,0.0,1.77,0.8200000000000001,-18.633333,147.058333,1,0,18075S,JOHN BREWER REEF,2015,TO
43.075,34.516,2.375,0.013,18.351999999999997,1.0,1.92,2.17,2.01,1.77,-18.633333,147.058333,1,0,18075S,JOHN BREWER REEF,2016,TO
37.753,43.075,2.471,0.0,8.559000000000005,1.0,5.7,1.92,2.39,2.01,-18.633333,147.058333,1,0,18075S,JOHN BREWER REEF,2017,TO
17.703,37.753,4.595,0.014,-5.322000000000003,2.0,0.0,0.0,1.1,1.03,-18.633333,147.058333,1,0,18075S,JOHN BREWER REEF,2019,TO
13.333,17.703,1.977,0.035,-20.05,1.0,4.21,0.0,2.16,1.1,-18.633333,147.058333,1,0,18075S,JOHN BREWER REEF,2020,TO
23.906,13.333,1.467,0.0,-4.369999999999999,1.0,0.0,4.21,1.47,2.16,-18.633333,147.058333,1,0,18075S,JOHN BREWER REEF,2021,TO
23.225,23.906,2.125,0.0,10.572999999999999,1.0,5.07,0.0,2.2,1.47,-18.633333,147.058333,1,0,18075S,JOHN BREWER REEF,2022,TO
25.688,23.225,1.08,0.0,-0.6809999999999974,1.0,1.45,5.07,2.64,2.2,-18.633333,147.058333,1,0,18075S,JOHN BREWER REEF,2023,TO
27.232,24.554,1.429,0.0,19.554,3.0,0.48,3.16,1.31,1.65,-18.633333,147.3,1,0,18076S,HELIX REEF,1999,TO
31.346,27.232,2.5,0.0,2.678000000000001,3.0,3.22,1.39,1.73,2.02,-18.633333,147.3,1,0,18076S,HELIX REEF,2002,TO
39.417,31.346,2.5,0.077,4.114000000000001,1.0,0.0,3.22,1.15,1.73,-18.633333,147.3,1,0,18076S,HELIX REEF,2003,TO
37.188,39.417,2.5,0.0,8.071000000000002,2.0,0.81,2.08,1.25,1.51,-18.633333,147.3,1,0,18076S,HELIX REEF,2005,TO
33.971,37.188,2.5,0.625,-2.228999999999999,1.0,0.0,0.81,1.01,1.25,-18.633333,147.3,1,0,18076S,HELIX REEF,2006,TO
17.833,33.971,2.5,0.941,-3.217000000000006,2.0,0.0,0.0,1.05,1.4,-18.633333,147.3,1,0,18076S,HELIX REEF,2008,TO
20.917,17.833,0.5,0.0,-16.137999999999998,2.0,0.92,0.61,2.0,1.29,-18.633333,147.3,1,0,18076S,HELIX REEF,2010,TO
4.643,20.917,2.5,0.0,3.084000000000003,2.0,0.6,1.13,1.14,1.54,-18.633333,147.3,1,0,18076S,HELIX REEF,2012,TO
19.773,4.643,1.25,0.0,-16.274,2.0,0.0,0.98,0.78,1.4,-18.633333,147.3,1,0,18076S,HELIX REEF,2014,TO
21.111,19.773,1.136,0.0,15.129999999999999,2.0,2.92,2.4,1.98,1.73,-18.633333,147.3,1,0,18076S,HELIX REEF,2016,TO
42.656,21.111,2.5,0.0,1.338000000000001,2.0,0.14,5.54,1.15,2.39,-18.633333,147.3,1,0,18076S,HELIX REEF,2018,TO
49.25,42.656,2.188,0.0,21.544999999999998,2.0,5.78,0.0,2.1,1.33,-18.633333,147.3,1,0,18076S,HELIX REEF,2020,TO
53.603,49.25,2.0,0.0,6.594000000000001,3.0,1.14,5.13,2.59,2.02,-18.633333,147.3,1,0,18076S,HELIX REEF,2023,TO
7.955,10.867,2.296,0.082,-7.7109999999999985,3.0,0.0,0.97,1.0,1.38,-18.633333,147.425,1,0,18077S,GRUB REEF(18077),2006,TO
9.451,7.955,1.42,0.136,-2.912000000000001,2.0,0.0,0.0,1.01,1.26,-18.633333,147.425,1,0,18077S,GRUB REEF(18077),2008,TO
3.696,3.631,0.238,0.0,-5.82,2.0,0.0,0.81,0.74,1.28,-18.633333,147.425,1,0,18077S,GRUB REEF(18077),2014,TO
10.222,3.696,0.217,0.0,0.06500000000000039,2.0,3.6,2.36,1.91,1.75,-18.633333,147.425,1,0,18077S,GRUB REEF(18077),2016,TO
9.05,10.222,2.389,0.022,6.526,2.0,0.15,5.55,1.19,2.35,-18.633333,147.425,1,0,18077S,GRUB REEF(18077),2018,TO
12.843,9.05,0.8,0.0,-1.1719999999999988,2.0,5.8500000000000005,0.0,2.06,1.37,-18.633333,147.425,1,0,18077S,GRUB REEF(18077),2020,TO
19.286,24.583,2.5,0.074,-2.1060000000000016,3.0,0.14,0.8300000000000001,1.02,1.42,-18.583333,147.558333,0,1,18081S,KNIFE REEF,2006,TO
21.293,19.286,2.5,0.143,-5.296999999999997,2.0,0.0,0.0,1.03,1.02,-18.583333,147.558333,0,1,18081S,KNIFE REEF,2008,TO
25.278,21.293,1.724,0.0,2.006999999999998,2.0,0.95,1.43,1.58,1.32,-18.583333,147.558333,0,1,18081S,KNIFE REEF,2010,TO
2.679,25.278,1.204,0.0,3.9849999999999994,2.0,1.3,2.26,1.25,1.43,-18.583333,147.558333,0,1,18081S,KNIFE REEF,2012,TO
10.804,2.679,1.071,0.0,-22.599,2.0,0.0,1.23,0.72,1.29,-18.583333,147.558333,0,1,18081S,KNIFE REEF,2014,TO
19.375,10.804,0.893,0.0,8.125,2.0,4.94,2.49,1.85,1.65,-18.583333,147.558333,0,1,18081S,KNIFE REEF,2016,TO
14.464,19.375,3.929,0.0,8.571,2.0,0.16,6.15,1.22,2.16,-18.583333,147.558333,0,1,18081S,KNIFE REEF,2018,TO
28.78,14.464,0.536,0.0,-4.911,2.0,6.3500000000000005,0.0,2.06,1.22,-18.583333,147.558333,0,1,18081S,KNIFE REEF,2020,TO
48.911,28.78,2.619,0.0,14.316,2.0,5.24,0.0,1.85,1.29,-18.583333,147.558333,0,1,18081S,KNIFE REEF,2022,TO
4.485,16.774,1.371,0.0,-3.8290000000000006,2.0,1.28,2.09,1.25,1.42,-18.616667,147.558333,0,1,18083S,FORK REEF,2012,TO
9.015,4.485,0.0,0.0,-12.289000000000001,2.0,0.0,0.97,0.73,1.34,-18.616667,147.558333,0,1,18083S,FORK REEF,2014,TO
17.667,9.015,0.833,0.03,4.53,2.0,4.36,2.34,1.87,1.7,-18.616667,147.558333,0,1,18083S,FORK REEF,2016,TO
22.929,17.667,2.667,0.033,8.652000000000001,2.0,0.15,5.33,1.19,2.17,-18.616667,147.558333,0,1,18083S,FORK REEF,2018,TO
35.811,22.929,0.571,0.143,5.261999999999997,2.0,5.96,0.0,2.04,1.24,-18.616667,147.558333,0,1,18083S,FORK REEF,2020,TO
18.718,16.477,0.852,0.0,-3.6479999999999997,1.0,0.16,1.79,1.29,1.91,-18.658333,147.708333,0,1,18086S,CHICKEN REEF,1996,TO
13.188,18.718,0.577,0.0,2.2409999999999997,1.0,0.0,0.16,0.53,1.29,-18.658333,147.708333,0,1,18086S,CHICKEN REEF,1997,TO
25.462,13.188,0.813,0.0,-5.529999999999999,1.0,0.15,0.0,1.21,0.53,-18.658333,147.708333,0,1,18086S,CHICKEN REEF,1998,TO
18.83,25.462,2.228,0.0,12.274,1.0,0.46,0.15,1.27,1.21,-18.658333,147.708333,0,1,18086S,CHICKEN REEF,1999,TO
18.537,18.83,2.5,0.0,-6.6320000000000014,1.0,0.0,0.46,0.49,1.27,-18.658333,147.708333,0,1,18086S,CHICKEN REEF,2000,TO
20.145,18.537,2.012,0.024,-0.29299999999999926,1.0,1.17,0.0,1.82,0.49,-18.658333,147.708333,0,1,18086S,CHICKEN REEF,2001,TO
19.613,20.145,1.86,0.0,1.6080000000000005,1.0,1.61,1.17,1.42,1.82,-18.658333,147.708333,0,1,18086S,CHICKEN REEF,2002,TO
19.096,19.613,2.619,0.0,-0.532,1.0,0.14,1.61,1.13,1.42,-18.658333,147.708333,0,1,18086S,CHICKEN REEF,2003,TO
8.564,19.096,2.606,3.957,-0.5169999999999995,1.0,2.59,0.14,1.76,1.13,-18.658333,147.708333,0,1,18086S,CHICKEN REEF,2004,TO
7.926,8.564,3.032,2.511,-10.532,1.0,0.65,2.59,1.29,1.76,-18.658333,147.708333,0,1,18086S,CHICKEN REEF,2005,TO
9.643,7.926,1.915,3.915,-0.6379999999999999,1.0,0.0,0.65,0.98,1.29,-18.658333,147.708333,0,1,18086S,CHICKEN REEF,2006,TO
7.866,9.643,1.286,0.0,1.7170000000000005,1.0,0.0,0.0,0.96,0.98,-18.658333,147.708333,0,1,18086S,CHICKEN REEF,2007,TO
6.0,7.866,1.402,0.0,-1.777000000000001,1.0,0.0,0.0,1.03,0.96,-18.658333,147.708333,0,1,18086S,CHICKEN REEF,2008,TO
11.968,6.0,0.438,0.0,-1.8659999999999997,1.0,1.34,0.0,1.38,1.03,-18.658333,147.708333,0,1,18086S,CHICKEN REEF,2009,TO
11.218,11.968,1.383,0.0,5.968,1.0,0.8300000000000001,1.34,1.63,1.38,-18.658333,147.708333,0,1,18086S,CHICKEN REEF,2010,TO
3.354,11.218,1.154,0.0,-0.75,1.0,1.62,0.8300000000000001,1.42,1.63,-18.658333,147.708333,0,1,18086S,CHICKEN REEF,2011,TO
2.622,3.354,0.61,0.0,-7.864,1.0,1.63,1.62,1.28,1.42,-18.658333,147.708333,0,1,18086S,CHICKEN REEF,2012,TO
5.449,2.622,0.061,0.0,-0.7320000000000002,1.0,0.86,1.63,1.47,1.28,-18.658333,147.708333,0,1,18086S,CHICKEN REEF,2013,TO
6.221,5.449,1.026,0.0,2.827,1.0,0.0,0.86,0.72,1.47,-18.658333,147.708333,0,1,18086S,CHICKEN REEF,2014,TO
9.722,6.221,0.116,0.0,0.7720000000000002,1.0,2.34,0.0,1.59,0.72,-18.658333,147.708333,0,1,18086S,CHICKEN REEF,2015,TO
11.359,9.722,1.722,0.0,3.5009999999999994,1.0,4.1,2.34,2.03,1.59,-18.658333,147.708333,0,1,18086S,CHICKEN REEF,2016,TO
14.62,11.359,2.391,0.0,1.6370000000000005,1.0,5.36,4.1,2.26,2.03,-18.658333,147.708333,0,1,18086S,CHICKEN REEF,2017,TO
18.587,14.62,1.685,0.0,3.2609999999999992,1.0,0.0,5.36,1.09,2.26,-18.658333,147.708333,0,1,18086S,CHICKEN REEF,2018,TO
22.104,18.587,1.522,0.0,3.9670000000000005,2.0,6.5200000000000005,0.0,2.03,1.21,-18.658333,147.708333,0,1,18086S,CHICKEN REEF,2020,TO
32.306,22.104,1.402,0.0,3.5169999999999995,1.0,0.0,6.5200000000000005,1.37,2.03,-18.658333,147.708333,0,1,18086S,CHICKEN REEF,2021,TO
38.804,32.306,2.056,0.0,10.201999999999998,1.0,5.45,0.0,1.97,1.37,-18.658333,147.708333,0,1,18086S,CHICKEN REEF,2022,TO
35.806,38.804,1.63,0.0,6.498000000000005,1.0,0.65,5.45,2.34,1.97,-18.658333,147.708333,0,1,18086S,CHICKEN REEF,2023,TO
5.351,14.792,2.292,0.0,-1.8059999999999992,3.0,0.0,0.86,0.98,1.45,-18.725,147.541667,1,0,18088S,CENTIPEDE REEF,2006,TO
5.833,5.351,1.491,1.825,-9.440999999999999,2.0,0.0,0.0,1.01,1.16,-18.725,147.541667,1,0,18088S,CENTIPEDE REEF,2008,TO
5.776,5.833,0.57,0.0,0.4820000000000002,2.0,0.71,0.47,1.74,1.24,-18.725,147.541667,1,0,18088S,CENTIPEDE REEF,2010,TO
12.5,14.886,2.614,0.0,9.11,2.0,0.0,4.68,1.12,2.27,-18.725,147.541667,1,0,18088S,CENTIPEDE REEF,2018,TO
14.216,12.5,1.94,0.017,-2.3859999999999992,2.0,5.46,0.0,2.03,1.35,-18.725,147.541667,1,0,18088S,CENTIPEDE REEF,2020,TO
26.359,44.583,1.905,0.0,23.822,1.0,0.51,2.45,1.4,1.39,-18.808333,147.525,1,0,18095S,WHEELER REEF,1999,TO
43.333,26.359,2.5,0.0,-18.223999999999997,2.0,0.55,0.0,1.87,0.5700000000000001,-18.808333,147.525,1,0,18095S,WHEELER REEF,2001,TO
34.688,43.333,2.5,0.0,16.973999999999997,1.0,3.04,0.55,1.6,1.87,-18.808333,147.525,1,0,18095S,WHEELER REEF,2002,TO
40.25,34.688,2.5,0.0,-8.644999999999996,1.0,0.0,3.04,1.25,1.6,-18.808333,147.525,1,0,18095S,WHEELER REEF,2003,TO
42.386,40.25,2.5,0.0,5.561999999999998,1.0,1.9,0.0,1.49,1.25,-18.808333,147.525,1,0,18095S,WHEELER REEF,2004,TO
46.193,42.386,2.5,0.0,2.136000000000003,3.0,0.0,0.15,1.25,1.08,-18.808333,147.525,1,0,18095S,WHEELER REEF,2007,TO
65.95,69.375,2.159,0.0,50.852000000000004,2.0,1.59,5.38,2.56,2.11,-18.808333,147.525,1,0,18095S,WHEELER REEF,2023,TO
29.202,25.872,1.047,0.0,4.167000000000002,1.0,2.16,1.48,2.29,1.89,-18.825,147.641667,1,0,18096S,DAVIES REEF,1995,TO
30.156,29.202,1.117,0.0,3.330000000000002,1.0,0.16,2.16,1.38,2.29,-18.825,147.641667,1,0,18096S,DAVIES REEF,1996,TO
24.0,30.156,0.188,0.0,0.9539999999999971,1.0,0.0,0.16,0.44,1.38,-18.825,147.641667,1,0,18096S,DAVIES REEF,1997,TO
32.957,24.0,1.056,0.067,-6.155999999999999,1.0,1.19,0.0,1.26,0.44,-18.825,147.641667,1,0,18096S,DAVIES REEF,1998,TO
30.807,32.957,2.5,0.122,8.957,1.0,0.49,1.19,1.35,1.26,-18.825,147.641667,1,0,18096S,DAVIES REEF,1999,TO
28.553,30.807,2.5,0.0,-2.150000000000002,1.0,0.0,0.49,0.47,1.35,-18.825,147.641667,1,0,18096S,DAVIES REEF,2000,TO
16.989,28.553,2.368,0.0,-2.253999999999998,1.0,0.54,0.0,1.84,0.47,-18.825,147.641667,1,0,18096S,DAVIES REEF,2001,TO
23.936,16.989,2.386,0.0,-11.564,1.0,2.74,0.54,1.54,1.84,-18.825,147.641667,1,0,18096S,DAVIES REEF,2002,TO
23.177,23.936,2.447,0.021,6.946999999999999,1.0,0.0,2.74,1.19,1.54,-18.825,147.641667,1,0,18096S,DAVIES REEF,2003,TO
22.841,23.177,2.5,0.042,-0.7590000000000003,1.0,2.27,0.0,1.58,1.19,-18.825,147.641667,1,0,18096S,DAVIES REEF,2004,TO
23.085,22.841,2.5,0.205,-0.3359999999999985,1.0,0.72,2.27,1.45,1.58,-18.825,147.641667,1,0,18096S,DAVIES REEF,2005,TO
18.311,23.085,2.5,0.149,0.24399999999999977,2.0,0.0,0.14,1.15,1.02,-18.825,147.641667,1,0,18096S,DAVIES REEF,2007,TO
21.0,18.311,2.5,0.0,-4.774000000000001,2.0,0.15,0.0,1.22,0.96,-18.825,147.641667,1,0,18096S,DAVIES REEF,2009,TO
11.543,21.0,2.0,0.0,2.689,2.0,0.77,0.6900000000000001,1.49,1.68,-18.825,147.641667,1,0,18096S,DAVIES REEF,2011,TO
10.0,11.543,1.596,0.0,-9.457,2.0,1.21,0.94,1.51,1.21,-18.825,147.641667,1,0,18096S,DAVIES REEF,2013,TO
19.186,10.0,1.554,0.027,-1.5429999999999993,2.0,2.48,0.0,1.84,0.77,-18.825,147.641667,1,0,18096S,DAVIES REEF,2015,TO
24.787,19.186,2.326,0.023,9.186,2.0,4.61,2.3000000000000003,2.23,1.79,-18.825,147.641667,1,0,18096S,DAVIES REEF,2017,TO
31.332,24.787,1.862,0.0,5.600999999999999,2.0,0.0,0.0,1.19,1.02,-18.825,147.641667,1,0,18096S,DAVIES REEF,2019,TO
41.699,31.332,2.228,0.022,6.545000000000002,2.0,0.0,5.17,1.45,2.04,-18.825,147.641667,1,0,18096S,DAVIES REEF,2021,TO
52.898,41.699,2.244,0.0,10.366999999999997,1.0,5.12,0.0,2.1,1.45,-18.825,147.641667,1,0,18096S,DAVIES REEF,2022,TO
48.958,52.898,1.932,0.0,11.199000000000005,1.0,1.26,5.12,2.45,2.1,-18.825,147.641667,1,0,18096S,DAVIES REEF,2023,TO
13.909,15.869,1.525,0.0,1.1869999999999994,3.0,0.53,0.0,1.86,0.42,-18.858333,147.891667,1,0,18099S,SAVILLE-KENT REEF,2001,TO
14.818,13.909,2.364,0.0,-1.959999999999999,1.0,1.71,0.53,1.66,1.86,-18.858333,147.891667,1,0,18099S,SAVILLE-KENT REEF,2002,TO
13.19,14.818,2.455,0.0,0.9089999999999989,1.0,0.0,1.71,1.12,1.66,-18.858333,147.891667,1,0,18099S,SAVILLE-KENT REEF,2003,TO
13.75,13.19,2.5,0.017,-1.6280000000000001,1.0,1.98,0.0,1.85,1.12,-18.858333,147.891667,1,0,18099S,SAVILLE-KENT REEF,2004,TO
26.396,17.941,0.196,0.0,12.165,3.0,0.51,1.68,1.41,1.33,-18.966667,147.7,1,0,18106S,(LITTLE) BROADHURST REEF,1999,TO
19.643,26.396,2.333,0.017,8.455000000000002,3.0,3.2,0.5,1.64,1.96,-18.966667,147.7,1,0,18106S,(LITTLE) BROADHURST REEF,2002,TO
7.031,19.643,2.5,0.125,-6.753,1.0,0.0,3.2,1.26,1.64,-18.966667,147.7,1,0,18106S,(LITTLE) BROADHURST REEF,2003,TO
4.414,7.031,3.516,8.578,-12.612000000000002,1.0,2.05,0.0,1.64,1.26,-18.966667,147.7,1,0,18106S,(LITTLE) BROADHURST REEF,2004,TO
45.733,24.286,0.238,0.0,6.060000000000002,3.0,0.14,0.76,1.52,1.41,-18.866667,148.141667,0,1,18112S,VIPER REEF,1999,CU
29.009,45.733,1.983,0.0,21.446999999999996,3.0,2.74,0.51,1.67,1.79,-18.866667,148.141667,0,1,18112S,VIPER REEF,2002,CU
40.195,29.009,2.5,0.0,-16.723999999999997,3.0,0.47,2.78,1.16,2.12,-18.866667,148.141667,0,1,18112S,VIPER REEF,2005,CU
28.269,21.667,2.115,0.0,6.667000000000002,3.0,0.0,0.0,0.47,1.64,-18.95,148.083333,1,0,18118S,SHRIMP REEF,2000,CU
20.425,28.269,2.548,0.077,6.601999999999997,3.0,0.0,2.29,1.11,1.66,-18.95,148.083333,1,0,18118S,SHRIMP REEF,2003,CU
13.775,20.425,2.5,0.02,-7.843999999999998,2.0,0.32,2.39,1.18,1.86,-18.95,148.083333,1,0,18118S,SHRIMP REEF,2005,CU
12.594,13.775,2.108,3.275,-6.65,2.0,0.0,0.29,1.04,1.05,-18.95,148.083333,1,0,18118S,SHRIMP REEF,2007,CU
29.865,30.042,0.75,0.0,7.792000000000002,3.0,0.0,0.73,1.52,1.55,-18.983333,148.425,0,1,18120S,JAGUAR REEF,1999,CU
20.875,29.865,1.149,0.027,-0.17700000000000315,3.0,1.8,0.65,1.67,1.92,-18.983333,148.425,0,1,18120S,JAGUAR REEF,2002,CU
47.5,37.27,1.842,0.0,16.395000000000003,1.0,6.140000000000001,0.0,2.27,1.34,-18.983333,148.425,0,1,18120S,JAGUAR REEF,2022,CU
15.316,13.75,0.729,0.014,-0.5,1.0,1.91,1.31,2.06,1.97,-19.033333,147.933333,1,0,19019S,BOWDEN REEF,1995,CU
15.29,15.316,0.759,0.0,1.5660000000000007,1.0,0.61,1.91,1.34,2.06,-19.033333,147.933333,1,0,19019S,BOWDEN REEF,1996,CU
18.487,15.29,0.254,0.0,-0.026000000000001577,1.0,0.0,0.61,0.42,1.34,-19.033333,147.933333,1,0,19019S,BOWDEN REEF,1997,CU
20.556,18.487,1.184,0.013,3.196999999999999,1.0,1.13,0.0,1.56,0.42,-19.033333,147.933333,1,0,19019S,BOWDEN REEF,1998,CU
24.599,20.556,1.984,0.0,2.0690000000000026,1.0,0.3,1.13,1.67,1.56,-19.033333,147.933333,1,0,19019S,BOWDEN REEF,1999,CU
18.7,24.599,1.186,0.0,4.042999999999999,1.0,0.0,0.3,0.54,1.67,-19.033333,147.933333,1,0,19019S,BOWDEN REEF,2000,CU
14.783,18.7,1.767,0.0,-5.899000000000001,1.0,0.51,0.0,1.9,0.54,-19.033333,147.933333,1,0,19019S,BOWDEN REEF,2001,CU
18.151,14.783,1.703,0.13,-3.917,1.0,2.7,0.51,1.75,1.9,-19.033333,147.933333,1,0,19019S,BOWDEN REEF,2002,CU
20.933,18.151,2.218,0.0,3.3680000000000003,1.0,0.0,2.7,1.16,1.75,-19.033333,147.933333,1,0,19019S,BOWDEN REEF,2003,CU
16.118,20.933,2.333,0.04,2.782,1.0,2.19,0.0,1.6,1.16,-19.033333,147.933333,1,0,19019S,BOWDEN REEF,2004,CU
14.188,16.118,2.237,0.092,-4.815000000000001,1.0,0.84,2.19,1.42,1.6,-19.033333,147.933333,1,0,19019S,BOWDEN REEF,2005,CU
13.587,14.188,2.175,0.247,-1.929999999999998,2.0,0.0,0.0,1.24,0.92,-19.033333,147.933333,1,0,19019S,BOWDEN REEF,2007,CU
22.688,22.33,2.068,0.0,10.284999999999998,3.0,0.0,3.5,1.01,2.19,-19.033333,147.933333,1,0,19019S,BOWDEN REEF,2018,CU
35.373,22.688,1.813,0.038,0.35800000000000054,3.0,0.0,4.64,1.48,1.83,-19.033333,147.933333,1,0,19019S,BOWDEN REEF,2021,CU
28.013,35.373,1.169,0.026,12.684999999999999,1.0,5.46,0.0,2.4,1.48,-19.033333,147.933333,1,0,19019S,BOWDEN REEF,2022,CU
32.07,28.013,2.436,0.0,-7.359999999999996,1.0,1.12,5.46,2.5500000000000003,2.4,-19.033333,147.933333,1,0,19019S,BOWDEN REEF,2023,CU
18.854,18.49,0.833,0.042,10.773,3.0,0.0,0.0,0.53,1.67,-19.066667,148.183333,1,0,19028S,SHELL REEF,2000,CU
8.214,18.854,2.188,0.083,0.36400000000000077,3.0,0.0,1.13,1.05,1.6,-19.066667,148.183333,1,0,19028S,SHELL REEF,2003,CU
23.55,8.214,1.905,0.048,-10.639999999999999,2.0,0.65,1.72,1.24,1.59,-19.066667,148.183333,1,0,19028S,SHELL REEF,2005,CU
17.5,23.55,2.5,0.44,15.336,2.0,0.0,0.14,0.96,1.04,-19.066667,148.183333,1,0,19028S,SHELL REEF,2007,CU
17.5,17.258,0.887,0.0,4.757999999999999,1.0,1.34,1.27,1.75,2.1,-19.283333,148.35,1,0,19044S,FAITH REEF,1995,CU
14.545,17.5,0.735,0.0,0.24200000000000088,1.0,0.0,1.34,1.33,1.75,-19.283333,148.35,1,0,19044S,FAITH REEF,1996,CU
19.924,14.545,0.455,0.0,-2.955,1.0,0.0,0.0,0.45,1.33,-19.283333,148.35,1,0,19044S,FAITH REEF,1997,CU
23.281,19.924,1.515,0.03,5.379,1.0,0.97,0.0,1.75,0.45,-19.283333,148.35,1,0,19044S,FAITH REEF,1998,CU
24.648,23.281,1.719,0.031,3.3569999999999993,1.0,0.0,0.97,1.85,1.75,-19.283333,148.35,1,0,19044S,FAITH REEF,1999,CU
20.948,24.648,1.328,0.063,1.3670000000000009,1.0,0.0,0.0,0.5700000000000001,1.85,-19.283333,148.35,1,0,19044S,FAITH REEF,2000,CU
15.726,20.948,1.724,0.034,-3.6999999999999993,1.0,0.0,0.0,1.83,0.5700000000000001,-19.283333,148.35,1,0,19044S,FAITH REEF,2001,CU
19.667,15.726,2.5,0.0,-5.2219999999999995,1.0,0.45,0.0,1.41,1.83,-19.283333,148.35,1,0,19044S,FAITH REEF,2002,CU
12.097,19.667,2.5,0.0,3.9410000000000007,1.0,0.0,0.45,1.0,1.41,-19.283333,148.35,1,0,19044S,FAITH REEF,2003,CU
13.629,12.097,2.097,0.032,-7.570000000000002,1.0,1.44,0.0,1.5,1.0,-19.283333,148.35,1,0,19044S,FAITH REEF,2004,CU
14.028,13.629,1.935,0.29,1.532,1.0,0.61,1.44,1.22,1.5,-19.283333,148.35,1,0,19044S,FAITH REEF,2005,CU
10.682,14.028,1.944,0.028,0.3990000000000009,2.0,0.0,0.0,0.89,1.04,-19.283333,148.35,1,0,19044S,FAITH REEF,2007,CU
32.674,27.059,1.838,0.088,10.93,1.0,4.75,0.0,2.28,1.42,-19.283333,148.35,1,0,19044S,FAITH REEF,2022,CU
17.955,11.117,0.388,0.0,3.617000000000001,3.0,0.32,2.2,1.63,1.57,-19.3,148.083333,1,0,19045S,STANLEY REEF,1999,CU
19.454,17.955,1.322,0.0,6.837999999999997,3.0,2.22,0.34,1.71,1.81,-19.3,148.083333,1,0,19045S,STANLEY REEF,2002,CU
10.874,19.454,2.416,0.025,1.4990000000000023,3.0,1.06,1.45,1.43,1.45,-19.3,148.083333,1,0,19045S,STANLEY REEF,2005,CU
9.167,10.874,1.723,0.117,-8.58,2.0,0.0,0.0,1.2,1.16,-19.3,148.083333,1,0,19045S,STANLEY REEF,2007,CU
17.462,6.29,0.726,0.0,2.578,3.0,0.0,0.0,0.61,1.67,-19.366667,148.333333,1,0,19047S,CHARITY REEF,2000,CU
8.712,17.462,1.894,0.0,11.172,3.0,0.0,1.54,0.99,1.53,-19.366667,148.333333,1,0,19047S,CHARITY REEF,2003,CU
18.065,20.381,0.89,0.034,-3.8930000000000007,3.0,0.49,0.0,1.91,0.59,-19.216667,148.9,0,1,19061S,JACQUELINE REEF,2001,CU
20.933,21.461,0.845,0.0,-2.6350000000000016,3.0,0.0,0.0,1.85,1.74,-19.25,148.625,1,0,19063A,KANGAROO REEF (EAST),1999,CU
15.417,20.933,1.867,0.013,-0.5279999999999987,3.0,0.63,0.47,1.61,2.06,-19.25,148.625,1,0,19063A,KANGAROO REEF (EAST),2002,CU
15.938,7.7,0.5,0.0,-0.5140000000000002,3.0,0.0,0.0,1.95,1.77,-19.258333,148.55,1,0,19063B,KANGAROO REEF (WEST),1999,CU
23.646,15.938,1.786,0.036,8.238,3.0,1.07,0.44,1.7,2.04,-19.258333,148.55,1,0,19063B,KANGAROO REEF (WEST),2002,CU
16.688,23.472,2.5,0.0,5.251000000000001,3.0,0.0,2.44,1.0,1.71,-19.491667,148.908333,1,0,19076S,SHOWERS REEF,2003,CU
21.328,16.688,2.0,0.0,-6.7840000000000025,2.0,0.0,1.58,1.15,1.62,-19.491667,148.908333,1,0,19076S,SHOWERS REEF,2005,CU
24.971,21.328,2.396,0.0,4.640000000000001,2.0,0.0,0.0,0.86,1.39,-19.491667,148.908333,1,0,19076S,SHOWERS REEF,2007,CU
22.904,27.703,0.946,0.0,1.5919999999999987,3.0,0.8,0.0,1.88,0.73,-19.333333,149.05,1,0,19082S,ELIZABETH REEF,2001,CU
21.227,20.767,1.023,0.0,-19.011,3.0,0.48,0.0,1.91,0.56,-19.508333,149.116667,1,0,19098S,WANSFELL REEF,2001,CU
7.727,4.048,0.833,0.0,0.548,3.0,0.0,0.0,1.56,0.8300000000000001,-19.716667,148.358333,0,0,19103S,HOLBOURNE ISLAND REEF,2001,CU
7.25,7.727,0.795,0.0,3.6790000000000003,3.0,3.09,0.0,1.91,1.32,-19.716667,148.358333,0,0,19103S,HOLBOURNE ISLAND REEF,2004,CU
34.401,26.625,1.15,0.0,-4.797000000000001,1.0,0.33,1.24,1.43,2.03,-19.766667,149.366667,1,0,19131S,19131S,1996,WH
13.962,34.401,1.771,0.0,7.776000000000003,1.0,0.0,0.33,0.79,1.43,-19.766667,149.366667,1,0,19131S,19131S,1997,WH
14.833,13.962,1.557,0.0,-20.439000000000004,1.0,0.96,0.0,1.66,0.79,-19.766667,149.366667,1,0,19131S,19131S,1998,WH
10.408,14.833,1.889,0.0,0.8710000000000004,1.0,0.16,0.96,1.89,1.66,-19.766667,149.366667,1,0,19131S,19131S,1999,WH
17.989,10.408,1.786,0.0,-4.425000000000001,1.0,0.0,0.16,0.35,1.89,-19.766667,149.366667,1,0,19131S,19131S,2000,WH
14.4,17.989,1.793,0.0,7.581000000000001,1.0,0.59,0.0,2.2,0.35,-19.766667,149.366667,1,0,19131S,19131S,2001,WH
18.953,14.4,1.85,0.0,-3.5890000000000004,1.0,2.66,0.59,1.74,2.2,-19.766667,149.366667,1,0,19131S,19131S,2002,WH
7.917,18.953,1.686,0.0,4.552999999999999,1.0,0.0,2.66,1.01,1.74,-19.766667,149.366667,1,0,19131S,19131S,2003,WH
13.99,7.917,1.905,0.0,-11.036,1.0,2.08,0.0,1.68,1.01,-19.766667,149.366667,1,0,19131S,19131S,2004,WH
13.95,13.99,2.692,0.0,6.073,1.0,0.0,2.08,1.06,1.68,-19.766667,149.366667,1,0,19131S,19131S,2005,WH
16.33,13.95,1.75,0.0,-0.040000000000000924,1.0,0.31,0.0,1.36,1.06,-19.766667,149.366667,1,0,19131S,19131S,2006,WH
19.286,16.33,1.436,0.0,2.379999999999999,1.0,0.0,0.31,1.08,1.36,-19.766667,149.366667,1,0,19131S,19131S,2007,WH
15.924,19.286,2.398,0.0,2.956000000000003,2.0,0.15,0.0,1.47,0.9,-19.766667,149.366667,1,0,19131S,19131S,2009,WH
18.641,15.924,1.957,0.0,-3.362000000000002,1.0,0.62,0.15,1.64,1.47,-19.766667,149.366667,1,0,19131S,19131S,2010,WH
16.25,18.641,1.63,0.0,2.7169999999999987,1.0,0.0,0.62,1.16,1.64,-19.766667,149.366667,1,0,19131S,19131S,2011,WH
15.969,16.25,1.146,0.0,-2.3909999999999982,2.0,0.0,0.5,1.01,1.24,-19.766667,149.366667,1,0,19131S,19131S,2013,WH
17.545,15.969,2.347,0.0,-0.2810000000000006,2.0,1.1,0.0,1.68,0.76,-19.766667,149.366667,1,0,19131S,19131S,2015,WH
24.909,17.545,1.636,0.0,1.5760000000000023,2.0,2.06,1.51,1.94,1.57,-19.766667,149.366667,1,0,19131S,19131S,2017,WH
14.185,24.909,2.5,0.0,7.363999999999997,2.0,0.0,0.0,1.15,0.8300000000000001,-19.766667,149.366667,1,0,19131S,19131S,2019,WH
16.702,14.185,0.924,0.0,-10.723999999999998,2.0,0.0,3.0700000000000003,1.22,1.68,-19.766667,149.366667,1,0,19131S,19131S,2021,WH
34.423,16.702,1.596,0.0,2.5170000000000012,1.0,5.01,0.0,2.15,1.22,-19.766667,149.366667,1,0,19131S,19131S,2022,WH
26.13,34.423,1.058,0.0,17.721,1.0,0.29,5.01,2.07,2.15,-19.766667,149.366667,1,0,19131S,19131S,2023,WH
35.614,30.524,0.988,0.0,-7.283000000000001,1.0,0.51,1.52,1.54,2.03,-19.758333,149.225,1,0,19135S,HARDY REEF,1996,WH
23.102,35.614,2.478,0.009,5.089999999999996,1.0,0.0,0.51,0.8300000000000001,1.54,-19.758333,149.225,1,0,19135S,HARDY REEF,1997,WH
27.107,23.102,1.673,0.008,-12.511999999999997,1.0,0.64,0.0,1.71,0.8300000000000001,-19.758333,149.225,1,0,19135S,HARDY REEF,1998,WH
26.843,27.107,1.714,0.0,4.004999999999999,1.0,0.16,0.64,1.93,1.71,-19.758333,149.225,1,0,19135S,HARDY REEF,1999,WH
35.814,26.843,1.315,0.0,-0.26399999999999935,1.0,0.0,0.16,0.43,1.93,-19.758333,149.225,1,0,19135S,HARDY REEF,2000,WH
23.349,35.814,1.972,0.0,8.971,1.0,0.53,0.0,2.09,0.43,-19.758333,149.225,1,0,19135S,HARDY REEF,2001,WH
32.354,23.349,1.966,0.031,-12.465,1.0,3.23,0.53,1.87,2.09,-19.758333,149.225,1,0,19135S,HARDY REEF,2002,WH
25.235,32.354,2.007,0.036,9.004999999999999,1.0,0.0,3.23,0.96,1.87,-19.758333,149.225,1,0,19135S,HARDY REEF,2003,WH
25.935,25.235,1.98,0.0,-7.119,1.0,2.08,0.0,1.77,0.96,-19.758333,149.225,1,0,19135S,HARDY REEF,2004,WH
36.056,36.006,0.854,0.0,-4.503999999999998,1.0,5.75,0.0,2.18,1.28,-19.758333,149.225,1,0,19135S,HARDY REEF,2022,WH
34.456,36.056,2.0,0.022,0.04999999999999716,1.0,0.3,5.75,2.22,2.18,-19.758333,149.225,1,0,19135S,HARDY REEF,2023,WH
29.439,27.292,2.222,0.056,-5.802,2.0,2.96,0.0,1.85,0.96,-19.808333,149.075,1,0,19137S,BAIT REEF,2004,WH
16.957,29.439,2.5,0.0,2.1469999999999985,1.0,0.81,2.96,1.39,1.85,-19.808333,149.075,1,0,19137S,BAIT REEF,2005,WH
28.547,25.043,1.293,0.0,1.5749999999999993,1.0,1.29,0.8300000000000001,2.06,1.84,-19.808333,149.425,1,0,19138S,19138S,1995,WH
25.714,28.547,0.946,0.0,3.5040000000000013,1.0,0.33,1.29,1.41,2.06,-19.808333,149.425,1,0,19138S,19138S,1996,WH
15.0,25.714,2.232,0.0,-2.833000000000002,1.0,0.0,0.33,0.8200000000000001,1.41,-19.808333,149.425,1,0,19138S,19138S,1997,WH
16.25,15.0,1.897,0.0,-10.713999999999999,1.0,1.47,0.0,1.66,0.8200000000000001,-19.808333,149.425,1,0,19138S,19138S,1998,WH
15.625,16.25,2.212,0.0,1.25,1.0,0.31,1.47,1.82,1.66,-19.808333,149.425,1,0,19138S,19138S,1999,WH
21.759,15.625,1.797,0.0,-0.625,1.0,0.0,0.31,0.33,1.82,-19.808333,149.425,1,0,19138S,19138S,2000,WH
20.0,21.759,1.019,0.0,6.134,1.0,0.62,0.0,2.26,0.33,-19.808333,149.425,1,0,19138S,19138S,2001,WH
21.532,20.0,2.417,0.0,-1.7590000000000003,1.0,2.86,0.62,1.72,2.26,-19.808333,149.425,1,0,19138S,19138S,2002,WH
16.538,21.532,2.016,0.0,1.532,1.0,0.0,2.86,1.03,1.72,-19.808333,149.425,1,0,19138S,19138S,2003,WH
13.75,16.538,2.212,0.0,-4.994,1.0,2.41,0.0,1.71,1.03,-19.808333,149.425,1,0,19138S,19138S,2004,WH
19.786,13.75,1.731,0.0,-2.7880000000000003,1.0,0.15,2.41,1.11,1.71,-19.808333,149.425,1,0,19138S,19138S,2005,WH
20.294,19.786,1.929,0.0,6.036000000000001,1.0,0.48,0.15,1.42,1.11,-19.808333,149.425,1,0,19138S,19138S,2006,WH
28.884,20.294,0.809,0.0,0.5079999999999991,1.0,0.0,0.48,1.1,1.42,-19.808333,149.425,1,0,19138S,19138S,2007,WH
22.333,28.884,2.5,0.0,8.59,1.0,0.0,0.0,0.85,1.1,-19.808333,149.425,1,0,19138S,19138S,2008,WH
22.958,22.333,2.333,0.0,-6.551000000000002,1.0,0.15,0.0,1.47,0.85,-19.808333,149.425,1,0,19138S,19138S,2009,WH
21.667,22.958,2.5,0.0,0.625,1.0,0.8,0.15,1.65,1.47,-19.808333,149.425,1,0,19138S,19138S,2010,WH
18.636,21.667,2.348,0.0,-1.2909999999999968,1.0,0.0,0.8,1.22,1.65,-19.808333,149.425,1,0,19138S,19138S,2011,WH
18.79,18.636,1.894,0.0,-3.0310000000000024,2.0,0.14,0.49,1.07,1.27,-19.808333,149.425,1,0,19138S,19138S,2013,WH
30.039,18.79,2.419,0.0,0.15399999999999991,2.0,1.13,0.0,1.68,0.77,-19.808333,149.425,1,0,19138S,19138S,2015,WH
35.977,30.039,2.5,0.0,11.249000000000002,2.0,2.44,1.54,1.92,1.63,-19.808333,149.425,1,0,19138S,19138S,2017,WH
17.155,35.977,2.5,0.0,5.937999999999995,2.0,0.0,0.0,1.15,0.8300000000000001,-19.808333,149.425,1,0,19138S,19138S,2019,WH
22.411,17.155,0.948,0.0,-18.821999999999996,2.0,0.0,3.52,1.28,1.77,-19.808333,149.425,1,0,19138S,19138S,2021,WH
24.784,22.411,0.625,0.036,5.256,1.0,5.4,0.0,2.17,1.28,-19.808333,149.425,1,0,19138S,19138S,2022,WH
19.643,24.784,1.552,0.034,2.3729999999999976,1.0,0.88,5.4,2.1,2.17,-19.808333,149.425,1,0,19138S,19138S,2023,WH
45.625,43.077,0.256,0.0,-8.471000000000004,1.0,0.17,0.3,1.47,1.78,-19.666667,149.925,0,1,19159S,SLATE REEF,1996,WH
29.821,45.625,1.953,0.0,2.548000000000002,1.0,0.0,0.17,0.61,1.47,-19.666667,149.925,0,1,19159S,SLATE REEF,1997,WH
34.125,29.821,1.571,0.0,-15.803999999999998,1.0,1.32,0.0,1.38,0.61,-19.666667,149.925,0,1,19159S,SLATE REEF,1998,WH
31.111,34.125,1.5,0.0,4.3039999999999985,1.0,0.29,1.32,1.12,1.38,-19.666667,149.925,0,1,19159S,SLATE REEF,1999,WH
37.756,31.111,2.431,0.028,-3.0139999999999993,1.0,0.0,0.29,0.78,1.12,-19.666667,149.925,0,1,19159S,SLATE REEF,2000,WH
40.865,37.756,2.051,0.026,6.645,1.0,1.12,0.0,2.11,0.78,-19.666667,149.925,0,1,19159S,SLATE REEF,2001,WH
38.871,40.865,1.987,0.0,3.1090000000000018,1.0,1.86,1.12,1.45,2.11,-19.666667,149.925,0,1,19159S,SLATE REEF,2002,WH
40.521,38.871,2.339,0.0,-1.9939999999999998,1.0,0.15,1.86,1.17,1.45,-19.666667,149.925,0,1,19159S,SLATE REEF,2003,WH
45.694,40.521,2.431,0.0,1.6499999999999986,1.0,3.6,0.15,1.75,1.17,-19.666667,149.925,0,1,19159S,SLATE REEF,2004,WH
49.426,45.694,2.292,0.028,5.173000000000002,1.0,0.0,3.6,1.03,1.75,-19.666667,149.925,0,1,19159S,SLATE REEF,2005,WH
40.203,49.426,1.081,0.0,3.7319999999999993,2.0,0.0,1.01,0.96,1.45,-19.666667,149.925,0,1,19159S,SLATE REEF,2007,WH
14.211,40.203,2.432,0.0,-9.222999999999999,2.0,3.06,0.32,2.01,1.28,-19.666667,149.925,0,1,19159S,SLATE REEF,2009,WH
8.235,5.855,1.118,0.0,-8.356,2.0,0.92,0.0,1.37,0.8,-19.666667,149.925,0,1,19159S,SLATE REEF,2015,WH
20.256,8.235,0.368,0.0,2.379999999999999,2.0,2.87,3.01,1.94,1.69,-19.666667,149.925,0,1,19159S,SLATE REEF,2017,WH
27.0,20.256,2.372,0.0,12.021,2.0,0.0,0.0,0.97,1.0,-19.666667,149.925,0,1,19159S,SLATE REEF,2019,WH
45.449,27.0,0.25,0.0,6.744,2.0,0.0,5.73,1.22,1.92,-19.666667,149.925,0,1,19159S,SLATE REEF,2021,WH
60.329,45.449,1.987,0.0,18.448999999999998,1.0,5.63,0.0,1.9,1.22,-19.666667,149.925,0,1,19159S,SLATE REEF,2022,WH
61.48,60.329,1.382,0.0,14.880000000000003,1.0,1.22,5.63,1.58,1.9,-19.666667,149.925,0,1,19159S,SLATE REEF,2023,WH
25.545,36.927,1.25,0.0,1.7950000000000017,1.0,0.14,0.33,1.74,1.51,-19.758333,150.091667,0,1,19207S,HYDE REEF,1995,WH
26.144,25.545,1.0,0.0,-11.381999999999998,1.0,0.16,0.14,1.42,1.74,-19.758333,150.091667,0,1,19207S,HYDE REEF,1996,WH
22.76,26.144,2.074,0.0,0.5989999999999966,1.0,0.0,0.16,0.62,1.42,-19.758333,150.091667,0,1,19207S,HYDE REEF,1997,WH
30.186,22.76,0.99,0.0,-3.383999999999997,1.0,1.09,0.0,1.42,0.62,-19.758333,150.091667,0,1,19207S,HYDE REEF,1998,WH
27.074,30.186,0.957,0.0,7.425999999999998,1.0,0.0,1.09,1.02,1.42,-19.758333,150.091667,0,1,19207S,HYDE REEF,1999,WH
30.982,27.074,1.862,0.0,-3.1119999999999983,1.0,0.0,0.0,0.66,1.02,-19.758333,150.091667,0,1,19207S,HYDE REEF,2000,WH
36.442,30.982,1.548,0.0,3.9079999999999977,1.0,1.15,0.0,2.15,0.66,-19.758333,150.091667,0,1,19207S,HYDE REEF,2001,WH
33.494,36.442,1.731,0.0,5.460000000000001,1.0,1.87,1.15,1.52,2.15,-19.758333,150.091667,0,1,19207S,HYDE REEF,2002,WH
32.663,33.494,2.216,0.0,-2.9480000000000004,1.0,0.0,1.87,1.12,1.52,-19.758333,150.091667,0,1,19207S,HYDE REEF,2003,WH
35.71,32.663,1.848,0.0,-0.8310000000000031,1.0,3.09,0.0,1.72,1.12,-19.758333,150.091667,0,1,19207S,HYDE REEF,2004,WH
28.373,35.71,3.352,0.0,3.047000000000004,1.0,0.15,3.09,1.15,1.72,-19.758333,150.091667,0,1,19207S,HYDE REEF,2005,WH
35.757,28.373,0.472,0.0,-7.337,2.0,0.0,1.0,1.08,1.46,-19.758333,150.091667,0,1,19207S,HYDE REEF,2007,WH
9.056,35.757,2.5,0.0,7.383999999999997,2.0,2.95,0.32,2.1,1.33,-19.758333,150.091667,0,1,19207S,HYDE REEF,2009,WH
5.513,9.056,1.778,0.067,-26.701,2.0,0.29,0.62,1.2,1.31,-19.758333,150.091667,0,1,19207S,HYDE REEF,2011,WH
4.15,5.513,0.321,0.0,-3.5429999999999993,2.0,0.0,0.0,0.94,1.25,-19.758333,150.091667,0,1,19207S,HYDE REEF,2013,WH
10.045,4.15,0.3,0.0,-1.3629999999999995,2.0,0.63,0.0,1.39,0.77,-19.758333,150.091667,0,1,19207S,HYDE REEF,2015,WH
23.3,10.045,0.67,0.0,5.895,2.0,2.61,2.15,1.99,1.6,-19.758333,150.091667,0,1,19207S,HYDE REEF,2017,WH
59.275,51.094,1.094,0.0,27.794,1.0,5.25,0.0,1.84,1.26,-19.758333,150.091667,0,1,19207S,HYDE REEF,2022,WH
53.075,59.275,1.3,0.0,8.180999999999997,1.0,0.78,5.25,1.45,1.84,-19.758333,150.091667,0,1,19207S,HYDE REEF,2023,WH
18.871,16.75,0.333,0.0,-9.943999999999999,1.0,0.15,0.32,1.39,1.72,-19.808333,150.15,0,1,19209S,REBE REEF,1996,WH
14.718,18.871,0.968,0.0,2.1209999999999987,1.0,0.0,0.15,0.62,1.39,-19.808333,150.15,0,1,19209S,REBE REEF,1997,WH
24.044,14.718,0.565,0.0,-4.152999999999999,1.0,1.09,0.0,1.46,0.62,-19.808333,150.15,0,1,19209S,REBE REEF,1998,WH
21.328,24.044,0.662,0.0,9.326,1.0,0.14,1.09,1.15,1.46,-19.808333,150.15,0,1,19209S,REBE REEF,1999,WH
25.455,21.328,1.719,0.0,-2.716000000000001,1.0,0.0,0.14,0.54,1.15,-19.808333,150.15,0,1,19209S,REBE REEF,2000,WH
23.643,25.455,1.742,0.0,4.126999999999999,1.0,1.15,0.0,2.13,0.54,-19.808333,150.15,0,1,19209S,REBE REEF,2001,WH
27.097,23.643,2.214,0.0,-1.8119999999999976,1.0,1.56,1.15,1.56,2.13,-19.808333,150.15,0,1,19209S,REBE REEF,2002,WH
20.458,27.097,1.774,0.0,3.4540000000000006,1.0,0.0,1.56,1.1,1.56,-19.808333,150.15,0,1,19209S,REBE REEF,2003,WH
18.162,20.458,1.5,0.0,-6.639000000000003,1.0,2.94,0.0,1.65,1.1,-19.808333,150.15,0,1,19209S,REBE REEF,2004,WH
26.742,18.162,2.279,0.0,-2.2959999999999994,1.0,0.15,2.94,1.16,1.65,-19.808333,150.15,0,1,19209S,REBE REEF,2005,WH
3.176,2.652,0.076,0.0,-24.09,2.0,0.0,0.15,0.89,1.26,-19.808333,150.15,0,1,19209S,REBE REEF,2013,WH
6.172,3.176,0.135,0.0,0.524,2.0,0.47,0.0,1.37,0.78,-19.808333,150.15,0,1,19209S,REBE REEF,2015,WH
27.422,6.172,0.234,0.0,2.9959999999999996,2.0,2.7,1.86,1.93,1.55,-19.808333,150.15,0,1,19209S,REBE REEF,2017,WH
35.188,27.422,1.172,0.0,21.25,2.0,0.0,0.0,1.04,1.05,-19.808333,150.15,0,1,19209S,REBE REEF,2019,WH
58.857,35.188,0.625,0.0,7.766000000000002,2.0,0.0,4.94,1.26,1.88,-19.808333,150.15,0,1,19209S,REBE REEF,2021,WH
56.5,58.857,1.286,0.0,23.668999999999997,1.0,4.6000000000000005,0.0,1.77,1.26,-19.808333,150.15,0,1,19209S,REBE REEF,2022,WH
59.291,56.5,1.625,0.0,-2.3569999999999993,1.0,0.75,4.6000000000000005,1.36,1.77,-19.808333,150.15,0,1,19209S,REBE REEF,2023,WH
37.421,28.75,2.169,0.0,-7.3160000000000025,3.0,0.0,1.22,1.03,1.61,-19.916667,150.2,1,0,19219S,CONDER REEF,2003,PO
11.875,16.25,1.161,0.0,-9.25,1.0,0.5,1.39,2.35,2.09,-20.066667,148.891667,0,0,20014S,HAYMAN ISLAND REEF,1995,WH
18.042,11.875,0.234,0.0,-4.375,1.0,1.11,0.5,1.8,2.35,-20.066667,148.891667,0,0,20014S,HAYMAN ISLAND REEF,1996,WH
16.25,18.042,2.5,0.0,6.167000000000002,1.0,0.0,1.11,0.46,1.8,-20.066667,148.891667,0,0,20014S,HAYMAN ISLAND REEF,1997,WH
16.976,16.25,1.591,0.0,-1.7920000000000016,1.0,0.61,0.0,1.71,0.46,-20.066667,148.891667,0,0,20014S,HAYMAN ISLAND REEF,1998,WH
18.214,16.976,0.645,0.0,0.7259999999999991,1.0,0.15,0.61,1.26,1.71,-20.066667,148.891667,0,0,20014S,HAYMAN ISLAND REEF,1999,WH
23.105,18.214,1.696,0.0,1.2379999999999995,1.0,0.0,0.15,0.8200000000000001,1.26,-20.066667,148.891667,0,0,20014S,HAYMAN ISLAND REEF,2000,WH
21.078,23.105,2.984,0.0,4.891000000000002,1.0,0.0,0.0,1.82,0.8200000000000001,-20.066667,148.891667,0,0,20014S,HAYMAN ISLAND REEF,2001,WH
23.09,21.078,1.466,0.0,-2.027000000000001,2.0,0.0,2.25,1.19,1.8,-20.066667,148.891667,0,0,20014S,HAYMAN ISLAND REEF,2003,WH
31.815,23.09,2.5,0.0,2.0120000000000005,1.0,3.31,0.0,2.01,1.19,-20.066667,148.891667,0,0,20014S,HAYMAN ISLAND REEF,2004,WH
21.453,9.615,0.192,0.0,-21.991999999999997,1.0,4.7700000000000005,0.0,2.29,1.59,-20.066667,148.891667,0,0,20014S,HAYMAN ISLAND REEF,2022,WH
15.096,21.453,0.135,0.0,11.838,1.0,0.59,4.7700000000000005,2.28,2.29,-20.066667,148.891667,0,0,20014S,HAYMAN ISLAND REEF,2023,WH
13.365,9.5,0.167,0.0,-7.609000000000002,1.0,1.11,0.5,1.8,2.35,-20.091667,148.875,0,0,20019S,LANGFORD-BIRD REEF,1996,WH
11.833,13.365,1.923,0.0,3.865,1.0,0.0,1.11,0.46,1.8,-20.091667,148.875,0,0,20019S,LANGFORD-BIRD REEF,1997,WH
15.242,11.833,0.833,0.0,-1.532,2.0,0.15,0.61,1.26,1.71,-20.091667,148.875,0,0,20019S,LANGFORD-BIRD REEF,1999,WH
17.1,15.242,1.774,0.0,3.4090000000000007,1.0,0.0,0.15,0.8200000000000001,1.26,-20.091667,148.875,0,0,20019S,LANGFORD-BIRD REEF,2000,WH
16.25,17.1,1.2,0.0,1.8580000000000005,1.0,0.0,0.0,1.82,0.8200000000000001,-20.091667,148.875,0,0,20019S,LANGFORD-BIRD REEF,2001,WH
10.948,16.25,2.115,0.0,-0.8500000000000014,2.0,0.0,2.25,1.19,1.8,-20.091667,148.875,0,0,20019S,LANGFORD-BIRD REEF,2003,WH
14.231,10.948,2.241,0.034,-5.302,1.0,3.31,0.0,2.01,1.19,-20.091667,148.875,0,0,20019S,LANGFORD-BIRD REEF,2004,WH
12.578,6.121,0.086,0.0,-9.415,2.0,0.59,4.7700000000000005,2.28,2.29,-20.091667,148.875,0,0,20019S,LANGFORD-BIRD REEF,2023,WH
14.795,17.123,1.698,0.0,-1.1370000000000005,1.0,0.0,1.02,0.44,1.63,-20.175,149.025,0,0,20067A,BORDER ISLAND REEF (NO 1),1997,WH
15.283,14.795,0.864,0.0,-2.328000000000001,1.0,0.29,0.0,1.64,0.44,-20.175,149.025,0,0,20067A,BORDER ISLAND REEF (NO 1),1998,WH
22.941,15.283,0.849,0.0,0.48799999999999955,2.0,0.0,0.0,0.76,1.23,-20.175,149.025,0,0,20067A,BORDER ISLAND REEF (NO 1),2000,WH
20.134,22.941,1.422,0.0,7.6579999999999995,1.0,0.0,0.0,1.69,0.76,-20.175,149.025,0,0,20067A,BORDER ISLAND REEF (NO 1),2001,WH
18.799,20.134,2.143,0.0,-2.8069999999999986,2.0,0.0,1.24,1.2,1.6,-20.175,149.025,0,0,20067A,BORDER ISLAND REEF (NO 1),2003,WH
16.618,18.799,1.863,0.0,-1.3350000000000009,1.0,3.16,0.0,1.94,1.2,-20.175,149.025,0,0,20067A,BORDER ISLAND REEF (NO 1),2004,WH
10.818,6.462,0.094,0.0,-11.402000000000001,1.0,4.51,0.0,2.19,1.57,-20.175,149.025,0,0,20067A,BORDER ISLAND REEF (NO 1),2022,WH
10.227,10.818,0.045,0.0,4.356,1.0,0.45,4.51,2.26,2.19,-20.175,149.025,0,0,20067A,BORDER ISLAND REEF (NO 1),2023,WH
8.056,7.083,0.729,0.0,-5.116999999999999,1.0,0.8,0.47,2.07,1.52,-20.033333,149.683333,1,0,20104S,20104S,1995,WH
16.413,8.056,0.185,0.0,0.972999999999999,1.0,0.47,0.8,1.26,2.07,-20.033333,149.683333,1,0,20104S,20104S,1996,WH
12.05,16.413,1.413,0.0,8.357000000000001,1.0,0.0,0.47,0.8,1.26,-20.033333,149.683333,1,0,20104S,20104S,1997,WH
12.283,12.05,1.0,0.0,-4.3629999999999995,1.0,1.55,0.0,1.64,0.8,-20.033333,149.683333,1,0,20104S,20104S,1998,WH
11.2,12.283,1.848,0.0,0.23299999999999876,1.0,0.3,1.55,1.41,1.64,-20.033333,149.683333,1,0,20104S,20104S,1999,WH
13.958,11.2,2.1,0.0,-1.0830000000000002,1.0,0.0,0.3,0.67,1.41,-20.033333,149.683333,1,0,20104S,20104S,2000,WH
18.487,13.958,1.667,0.0,2.758000000000001,1.0,0.84,0.0,2.42,0.67,-20.033333,149.683333,1,0,20104S,20104S,2001,WH
27.8,18.487,1.447,0.0,4.528999999999998,1.0,3.69,0.84,1.83,2.42,-20.033333,149.683333,1,0,20104S,20104S,2002,WH
22.857,27.8,1.9,0.0,9.313000000000002,1.0,0.0,3.69,0.97,1.83,-20.033333,149.683333,1,0,20104S,20104S,2003,WH
32.12,22.857,2.5,0.0,-4.943000000000001,1.0,2.54,0.0,1.71,0.97,-20.033333,149.683333,1,0,20104S,20104S,2004,WH
25.817,32.12,2.5,0.0,9.262999999999998,1.0,0.5,2.54,1.38,1.71,-20.033333,149.683333,1,0,20104S,20104S,2005,WH
26.05,25.817,2.885,0.308,-6.302999999999997,2.0,0.0,0.8200000000000001,1.02,1.55,-20.033333,149.683333,1,0,20104S,20104S,2007,WH
20.815,26.05,2.7,0.48,0.23300000000000054,2.0,0.44,0.0,1.44,0.76,-20.033333,149.683333,1,0,20104S,20104S,2009,WH
13.571,20.815,2.5,0.0,-5.234999999999999,1.0,1.14,0.44,1.58,1.44,-20.033333,149.683333,1,0,20104S,20104S,2010,WH
9.773,13.571,1.31,0.0,-7.2440000000000015,1.0,0.0,1.14,1.1,1.58,-20.033333,149.683333,1,0,20104S,20104S,2011,WH
14.545,9.773,0.795,0.0,-3.798,2.0,0.45,0.15,1.21,1.39,-20.033333,149.683333,1,0,20104S,20104S,2013,WH
26.05,14.545,1.136,0.045,4.772,2.0,0.79,0.0,1.57,0.73,-20.033333,149.683333,1,0,20104S,20104S,2015,WH
31.094,26.05,1.6,0.0,11.505,2.0,2.18,0.85,1.84,1.48,-20.033333,149.683333,1,0,20104S,20104S,2017,WH
31.042,33.207,0.217,0.0,2.1129999999999995,1.0,4.07,0.0,2.12,1.29,-20.033333,149.683333,1,0,20104S,20104S,2022,WH
15.0,31.042,1.979,0.0,-2.164999999999999,1.0,0.15,4.07,1.93,2.12,-20.033333,149.683333,1,0,20104S,20104S,2023,WH
14.122,17.917,1.701,0.0,-12.957999999999998,3.0,0.0,3.09,0.88,1.75,-20.141667,149.941667,1,0,20112S,EDGELL REEFS (NO 5),2003,PO
43.182,42.292,0.417,0.0,11.837000000000003,1.0,0.15,0.77,1.31,1.64,-20.008333,150.325,0,1,20113S,BEN REEF,1996,PO
36.667,43.182,2.273,0.0,0.8900000000000006,2.0,0.5,0.0,1.49,0.62,-20.008333,150.325,0,1,20113S,BEN REEF,1998,PO
33.636,36.667,1.5,0.0,-6.515000000000001,1.0,0.0,0.5,1.45,1.49,-20.008333,150.325,0,1,20113S,BEN REEF,1999,PO
45.703,33.636,2.273,0.0,-3.030999999999999,1.0,0.0,0.0,0.59,1.45,-20.008333,150.325,0,1,20113S,BEN REEF,2000,PO
39.75,45.703,2.188,0.0,12.067,1.0,1.1,0.0,2.08,0.59,-20.008333,150.325,0,1,20113S,BEN REEF,2001,PO
45.729,39.75,2.0,0.0,-5.953000000000003,1.0,0.67,1.1,1.58,2.08,-20.008333,150.325,0,1,20113S,BEN REEF,2002,PO
62.404,45.729,2.5,0.0,5.978999999999999,1.0,0.0,0.67,0.99,1.58,-20.008333,150.325,0,1,20113S,BEN REEF,2003,PO
58.646,62.404,1.538,0.0,16.675000000000004,1.0,0.8200000000000001,0.0,1.43,0.99,-20.008333,150.325,0,1,20113S,BEN REEF,2004,PO
61.346,58.646,2.5,0.0,-3.7580000000000027,1.0,0.0,0.8200000000000001,1.0,1.43,-20.008333,150.325,0,1,20113S,BEN REEF,2005,PO
65.0,61.346,2.5,0.0,2.6999999999999957,1.0,0.29,0.0,1.22,1.0,-20.008333,150.325,0,1,20113S,BEN REEF,2006,PO
40.625,65.0,2.25,0.0,3.6540000000000035,1.0,0.0,0.29,1.12,1.22,-20.008333,150.325,0,1,20113S,BEN REEF,2007,PO
2.917,3.167,0.0,0.0,-37.458,2.0,0.0,0.44,0.97,1.26,-20.008333,150.325,0,1,20113S,BEN REEF,2013,PO
41.667,25.703,1.25,0.0,22.786,3.0,1.96,0.0,1.5,1.05,-20.008333,150.325,0,1,20113S,BEN REEF,2020,PO
59.792,41.667,2.083,0.0,15.964000000000002,1.0,0.0,1.96,1.16,1.5,-20.008333,150.325,0,1,20113S,BEN REEF,2021,PO
45.804,59.792,1.667,0.0,18.125,2.0,0.0,2.23,1.21,1.59,-20.008333,150.325,0,1,20113S,BEN REEF,2023,PO
25.893,31.938,2.375,0.0,-17.943,3.0,7.22,0.3,2.7,1.78,-20.483333,150.141667,1,0,20144S,CANNAN REEF,2002,PO
21.522,25.893,2.143,0.0,-6.044999999999998,3.0,0.16,4.4,1.16,2.03,-20.483333,150.141667,1,0,20144S,CANNAN REEF,2005,PO
49.183,39.297,2.031,0.0,-12.241,3.0,0.0,0.14,0.51,1.24,-20.483333,150.208333,1,0,20145S,PACKER REEFS,2000,PO
42.885,49.183,2.212,0.0,9.886000000000003,3.0,0.0,6.19,0.94,2.79,-20.483333,150.208333,1,0,20145S,PACKER REEFS,2003,PO
48.563,45.587,1.888,0.0,-8.646999999999998,1.0,0.99,0.0,2.05,1.88,-20.541667,149.95,1,0,20287S,CREDLIN REEFS (EAST),1995,PO
49.913,48.563,1.667,0.0,2.975999999999999,1.0,0.18,0.99,1.31,2.05,-20.541667,149.95,1,0,20287S,CREDLIN REEFS (EAST),1996,PO
34.759,49.913,2.326,0.0,1.3499999999999943,2.0,2.19,0.0,1.6,0.68,-20.541667,149.95,1,0,20287S,CREDLIN REEFS (EAST),1998,PO
23.75,34.759,2.5,0.07,-15.153999999999996,1.0,0.15,2.19,1.22,1.6,-20.541667,149.95,1,0,20287S,CREDLIN REEFS (EAST),1999,PO
25.525,23.75,1.814,0.0,-11.009,1.0,0.0,0.15,0.38,1.22,-20.541667,149.95,1,0,20287S,CREDLIN REEFS (EAST),2000,PO
22.5,25.525,2.45,0.02,1.7749999999999986,1.0,0.14,0.0,1.73,0.38,-20.541667,149.95,1,0,20287S,CREDLIN REEFS (EAST),2001,PO
31.832,22.5,1.557,0.019,-3.0249999999999986,1.0,6.76,0.14,2.54,1.73,-20.541667,149.95,1,0,20287S,CREDLIN REEFS (EAST),2002,PO
14.541,31.832,2.328,0.155,9.332,1.0,0.0,6.76,1.11,2.54,-20.541667,149.95,1,0,20287S,CREDLIN REEFS (EAST),2003,PO
9.67,14.541,2.5,0.143,-17.291,1.0,4.16,0.0,2.02,1.11,-20.541667,149.95,1,0,20287S,CREDLIN REEFS (EAST),2004,PO
10.046,9.67,2.358,0.547,-4.871,1.0,0.79,4.16,1.48,2.02,-20.541667,149.95,1,0,20287S,CREDLIN REEFS (EAST),2005,PO
3.418,10.046,2.731,1.519,0.37599999999999945,1.0,1.44,0.79,1.44,1.48,-20.541667,149.95,1,0,20287S,CREDLIN REEFS (EAST),2006,PO
3.112,3.418,2.194,7.163,-6.627999999999999,1.0,0.0,1.44,1.09,1.44,-20.541667,149.95,1,0,20287S,CREDLIN REEFS (EAST),2007,PO
6.471,3.833,0.444,0.0,0.7210000000000001,2.0,0.67,1.4,1.39,1.7,-20.541667,149.95,1,0,20287S,CREDLIN REEFS (EAST),2013,PO
15.686,6.471,0.588,0.0,2.638,2.0,1.32,0.0,1.59,0.86,-20.541667,149.95,1,0,20287S,CREDLIN REEFS (EAST),2015,PO
20.259,15.686,0.735,0.0,9.215,1.0,2.22,1.32,1.66,1.59,-20.541667,149.95,1,0,20287S,CREDLIN REEFS (EAST),2016,PO
26.409,20.259,0.56,0.0,4.573,1.0,3.42,2.22,2.14,1.66,-20.541667,149.95,1,0,20287S,CREDLIN REEFS (EAST),2017,PO
13.255,26.409,2.5,0.0,6.149999999999999,2.0,0.0,0.15,1.57,1.15,-20.541667,149.95,1,0,20287S,CREDLIN REEFS (EAST),2019,PO
12.287,13.255,0.519,0.0,-13.153999999999998,2.0,0.0,9.48,1.51,2.22,-20.541667,149.95,1,0,20287S,CREDLIN REEFS (EAST),2021,PO
11.27,12.287,0.851,0.0,-0.968,2.0,1.0,7.15,1.91,2.06,-20.541667,149.95,1,0,20287S,CREDLIN REEFS (EAST),2023,PO
50.972,53.026,2.5,0.0,-21.735999999999997,3.0,0.0,0.0,0.54,1.07,-20.533333,150.383333,1,0,20297S,CREAL REEF,2000,PO
56.042,50.972,2.5,0.0,-2.054000000000002,3.0,0.0,5.47,0.88,2.66,-20.533333,150.383333,1,0,20297S,CREAL REEF,2003,PO
14.0,68.49,2.5,0.125,12.447999999999993,2.0,0.75,0.0,1.62,0.95,-20.533333,150.383333,1,0,20297S,CREAL REEF,2009,PO
25.45,15.263,2.368,0.0,9.549,2.0,0.0,0.0,1.4,1.02,-20.533333,150.383333,1,0,20297S,CREAL REEF,2019,PO
47.596,25.45,0.8,0.0,10.187,2.0,0.0,5.61,1.19,1.81,-20.533333,150.383333,1,0,20297S,CREAL REEF,2021,PO
44.219,45.156,2.5,0.125,2.238999999999997,3.0,0.0,0.0,1.47,0.45,-20.683833,150.4515,1,0,20299D,BRIGGS REEF (NO 4),2001,PO
18.889,44.219,2.5,0.5,-0.9369999999999976,3.0,3.08,0.0,1.67,0.94,-20.683833,150.4515,1,0,20299D,BRIGGS REEF (NO 4),2004,PO
26.0,46.208,2.583,4.7,7.551000000000002,2.0,1.31,0.45,1.69,1.47,-20.908333,150.033333,1,0,20309S,TERN REEF(20309),2010,PO
19.567,26.0,3.0,0.633,-20.208,2.0,1.46,0.0,1.94,1.05,-20.908333,150.033333,1,0,20309S,TERN REEF(20309),2012,PO
17.266,19.567,2.019,0.0,-6.433,2.0,0.0,0.66,0.86,1.42,-20.908333,150.033333,1,0,20309S,TERN REEF(20309),2014,PO
26.964,26.078,0.431,0.034,8.812000000000001,2.0,8.11,0.0,2.2,1.36,-20.908333,150.033333,1,0,20309S,TERN REEF(20309),2020,PO
36.328,26.964,0.893,0.0,0.8859999999999992,2.0,5.0,0.0,1.96,1.53,-20.908333,150.033333,1,0,20309S,TERN REEF(20309),2022,PO
32.574,36.328,1.172,0.0,9.364000000000004,1.0,0.8,5.0,1.98,1.96,-20.908333,150.033333,1,0,20309S,TERN REEF(20309),2023,PO
18.19,22.719,2.105,0.0,9.474000000000002,3.0,0.0,2.49,0.98,1.58,-20.891667,150.958333,1,0,20348S,20348S,2005,PO
3.947,3.173,1.298,0.058,-15.017000000000001,1.0,0.14,2.05,1.51,1.58,-20.891667,150.958333,1,0,20348S,20348S,2011,PO
5.231,3.947,0.658,0.018,0.774,3.0,0.0,0.0,0.8300000000000001,1.05,-20.891667,150.958333,1,0,20348S,20348S,2014,PO
12.339,5.231,0.694,0.0,1.2839999999999998,2.0,0.88,0.3,1.65,1.42,-20.891667,150.958333,1,0,20348S,20348S,2016,PO
31.706,31.547,1.525,0.0,19.208,1.0,0.14,2.22,1.64,2.07,-20.891667,150.958333,1,0,20348S,20348S,2023,PO
17.699,15.179,2.092,0.0,-11.123,2.0,0.99,0.0,1.9,1.31,-20.941667,150.533333,1,0,20351A,POMPEY REEF (NO 1),2012,PO
25.982,17.699,1.477,0.0,2.5200000000000014,2.0,0.0,0.68,0.85,1.37,-20.941667,150.533333,1,0,20351A,POMPEY REEF (NO 1),2014,PO
32.05,17.895,0.658,0.0,-8.087,2.0,8.94,0.0,2.04,1.41,-20.941667,150.533333,1,0,20351A,POMPEY REEF (NO 1),2020,PO
26.642,32.05,1.35,0.0,14.154999999999998,2.0,4.28,0.0,2.12,1.47,-20.941667,150.533333,1,0,20351A,POMPEY REEF (NO 1),2022,PO
34.013,26.642,1.275,0.0,-5.407999999999998,1.0,0.8200000000000001,4.28,1.92,2.12,-20.941667,150.533333,1,0,20351A,POMPEY REEF (NO 1),2023,PO
17.972,15.844,1.5,0.0,-11.983000000000002,2.0,1.0,0.0,1.94,1.32,-20.991667,150.525,1,0,20351B,POMPEY REEF (NO 2),2012,PO
15.688,17.972,0.722,0.0,2.128000000000002,2.0,0.0,0.64,0.85,1.31,-20.991667,150.525,1,0,20351B,POMPEY REEF (NO 2),2014,PO
10.208,8.382,0.368,0.0,-7.306000000000001,2.0,8.97,0.0,2.03,1.44,-20.991667,150.525,1,0,20351B,POMPEY REEF (NO 2),2020,PO
15.724,10.208,1.042,0.0,1.8260000000000005,2.0,3.54,0.0,2.14,1.48,-20.991667,150.525,1,0,20351B,POMPEY REEF (NO 2),2022,PO
16.611,15.724,0.395,0.0,5.516,1.0,0.81,3.54,1.95,2.14,-20.991667,150.525,1,0,20351B,POMPEY REEF (NO 2),2023,PO
9.4,46.652,2.5,0.0,8.549,2.0,1.91,0.76,1.67,1.6,-20.966667,150.916667,1,0,20353S,20353S,2010,PO
9.327,9.4,0.8,0.0,-37.252,2.0,0.48,0.0,1.65,1.53,-20.966667,150.916667,1,0,20353S,20353S,2012,PO
17.05,9.327,0.769,0.077,-0.0730000000000004,2.0,0.0,0.15,0.8200000000000001,1.21,-20.966667,150.916667,1,0,20353S,20353S,2014,PO
45.7,28.208,1.917,0.0,11.157999999999998,2.0,5.66,0.0,1.72,1.28,-20.966667,150.916667,1,0,20353S,20353S,2020,PO
60.323,45.7,1.9,0.0,17.492000000000004,3.0,0.3,2.14,1.73,2.2,-20.966667,150.916667,1,0,20353S,20353S,2023,PO
52.273,57.135,2.5,0.0,13.214999999999996,3.0,5.08,0.0,3.1,1.72,-20.975,150.95,1,0,20354S,20354S,2002,PO
43.2,52.273,2.5,0.045,-4.861999999999995,3.0,0.0,3.0,0.96,1.66,-20.975,150.95,1,0,20354S,20354S,2005,PO
48.58,42.644,1.635,0.038,17.584,1.0,0.3,2.14,1.73,2.2,-20.975,150.95,1,0,20354S,20354S,2023,PO
22.745,34.063,2.26,0.0,7.683000000000003,2.0,0.64,0.0,1.67,1.36,-21.016667,149.9,1,0,21025S,PENRITH REEF,2010,PO
9.659,10.909,2.386,0.5,-33.236000000000004,2.0,1.01,0.0,1.96,1.38,-21.016667,150.608333,1,0,21060S,21060S,2012,PO
2.5,9.659,3.636,1.227,-1.25,2.0,0.0,0.46,0.8,1.22,-21.016667,150.608333,1,0,21060S,21060S,2014,PO
10.238,7.778,0.0,0.0,5.278,2.0,8.68,0.0,2.01,1.45,-21.016667,150.608333,1,0,21060S,21060S,2020,PO
27.431,10.238,1.19,0.0,2.46,2.0,3.16,0.0,2.18,1.46,-21.016667,150.608333,1,0,21060S,21060S,2022,PO
34.881,27.431,1.389,0.0,17.193,1.0,0.65,3.16,1.89,2.18,-21.016667,150.608333,1,0,21060S,21060S,2023,PO
6.731,9.482,2.317,0.634,-30.518,2.0,0.47,0.79,1.53,1.47,-21.033333,150.866667,1,0,21062S,21062S,2016,PO
15.769,6.731,1.538,0.462,-2.7509999999999994,2.0,0.0,3.23,0.93,1.89,-21.033333,150.866667,1,0,21062S,21062S,2018,PO
21.033,45.7,2.5,0.08,0.9080000000000013,2.0,1.77,0.61,1.83,1.55,-21.058333,150.775,1,0,21064S,21064S,2010,PO
27.083,21.033,2.5,0.217,-24.667,2.0,0.81,0.0,1.88,1.47,-21.058333,150.775,1,0,21064S,21064S,2012,PO
12.546,27.083,1.786,0.524,6.049999999999997,2.0,0.0,0.15,0.8,1.17,-21.058333,150.775,1,0,21064S,21064S,2014,PO
6.944,12.546,2.222,1.741,-14.536999999999999,2.0,0.77,1.13,1.5,1.5,-21.058333,150.775,1,0,21064S,21064S,2016,PO
4.7,6.944,0.926,0.037,-5.601999999999999,2.0,0.0,3.83,0.93,1.99,-21.058333,150.775,1,0,21064S,21064S,2018,PO
6.667,4.7,1.4,0.52,-2.2439999999999998,2.0,7.34,0.0,1.92,1.41,-21.058333,150.775,1,0,21064S,21064S,2020,PO
22.2,6.667,2.188,1.875,1.9669999999999996,3.0,0.33,2.5,1.87,2.2,-21.058333,150.775,1,0,21064S,21064S,2023,PO
50.227,52.243,2.206,0.0,10.865000000000002,3.0,0.0,0.0,1.59,0.62,-21.158333,150.85,1,0,21074S,21074S,2001,PO
49.607,50.227,2.5,0.0,-2.0160000000000053,3.0,3.42,0.0,1.72,1.06,-21.158333,150.85,1,0,21074S,21074S,2004,PO
27.143,27.338,1.794,0.0,5.665000000000003,3.0,4.23,0.0,3.11,1.54,-21.1,151.241667,1,0,21104S,21104S,2002,PO
31.927,27.143,2.078,0.0,-0.19500000000000028,3.0,0.0,2.29,0.96,1.54,-21.1,151.241667,1,0,21104S,21104S,2005,PO
73.295,61.181,2.5,0.0,6.887999999999998,3.0,3.17,0.0,1.57,1.05,-21.4,151.416667,1,0,21137S,21137S,2004,PO
15.553,29.208,2.5,0.0,-7.503,2.0,2.02,0.32,1.66,1.43,-21.475,151.475,1,0,21139S,21139S,2010,PO
16.14,15.553,1.598,0.0,-13.654999999999998,2.0,0.18,0.15,1.56,1.7,-21.475,151.475,1,0,21139S,21139S,2012,PO
31.932,16.14,0.877,0.0,0.5869999999999997,2.0,0.0,0.0,0.86,1.07,-21.475,151.475,1,0,21139S,21139S,2014,PO
33.603,31.932,2.409,0.0,15.791999999999998,2.0,0.64,0.79,1.4,1.43,-21.475,151.475,1,0,21139S,21139S,2016,PO
40.833,33.603,2.255,0.0,1.671000000000003,2.0,0.0,3.62,1.0,1.9,-21.475,151.475,1,0,21139S,21139S,2018,PO
57.063,40.833,1.528,0.0,7.229999999999997,2.0,5.57,0.0,1.77,1.21,-21.475,151.475,1,0,21139S,21139S,2020,PO
61.159,57.063,1.833,0.017,16.230000000000004,2.0,1.7,0.0,1.8,1.3,-21.475,151.475,1,0,21139S,21139S,2022,PO
62.48,61.159,2.364,0.0,4.0959999999999965,1.0,0.29,1.7,1.66,1.8,-21.475,151.475,1,0,21139S,21139S,2023,PO
39.276,37.195,2.439,0.0,0.8870000000000005,3.0,3.72,0.0,1.65,1.19,-21.483333,151.283333,1,0,21140S,21140S,2004,PO
16.108,46.686,2.5,0.0,-4.389000000000003,2.0,1.54,0.33,1.7,1.51,-21.416667,151.641667,1,0,21187S,21187S,2010,PO
13.807,16.108,0.739,0.0,-30.578,2.0,0.0,0.0,1.31,1.58,-21.416667,151.641667,1,0,21187S,21187S,2012,PO
18.78,13.807,1.023,0.0,-2.301,2.0,0.0,0.0,0.91,0.95,-21.416667,151.641667,1,0,21187S,21187S,2014,PO
23.229,18.78,1.585,0.0,4.973000000000001,2.0,0.31,0.29,1.5,1.42,-21.416667,151.641667,1,0,21187S,21187S,2016,PO
33.333,23.229,1.979,0.063,4.448999999999998,2.0,0.0,2.35,1.06,1.8,-21.416667,151.641667,1,0,21187S,21187S,2018,PO
40.417,33.333,2.179,0.513,10.104,2.0,2.12,0.0,1.48,1.16,-21.416667,151.641667,1,0,21187S,21187S,2020,PO
52.554,40.417,2.262,0.643,7.084000000000003,2.0,1.18,0.0,1.76,1.17,-21.416667,151.641667,1,0,21187S,21187S,2022,PO
52.083,52.554,2.5,0.109,12.137,1.0,0.0,1.18,1.48,1.76,-21.416667,151.641667,1,0,21187S,21187S,2023,PO
11.604,28.254,2.262,0.0,-1.573999999999998,2.0,0.45,2.16,1.46,1.99,-21.308333,152.441667,1,0,21245S,21245S,2010,SW
7.415,11.604,0.566,0.0,-16.650000000000002,2.0,0.0,0.14,1.23,1.29,-21.308333,152.441667,1,0,21245S,21245S,2012,SW
16.056,7.415,1.229,0.017,-4.188999999999999,2.0,0.0,0.0,1.02,1.02,-21.308333,152.441667,1,0,21245S,21245S,2014,SW
22.885,16.056,1.552,0.034,8.641000000000002,2.0,0.0,0.61,1.71,1.47,-21.308333,152.441667,1,0,21245S,21245S,2016,SW
43.706,28.18,1.623,0.035,5.294999999999998,3.0,0.66,3.15,1.82,1.7,-21.308333,152.441667,1,0,21245S,21245S,2023,SW
21.958,19.107,1.875,0.0,-3.2929999999999993,2.0,0.46,2.92,1.39,2.17,-21.108333,152.55,1,0,21278S,21278S,2010,SW
15.217,21.958,0.75,0.0,2.850999999999999,2.0,0.14,0.78,1.36,1.48,-21.108333,152.55,1,0,21278S,21278S,2012,SW
25.125,15.217,1.087,0.0,-6.740999999999998,2.0,0.0,0.0,0.93,1.0,-21.108333,152.55,1,0,21278S,21278S,2014,SW
29.355,25.125,1.083,0.0,9.908,2.0,0.29,1.1,1.59,1.63,-21.108333,152.55,1,0,21278S,21278S,2016,SW
14.821,12.351,1.369,0.0,-0.3929999999999989,2.0,0.47,2.22,1.56,2.12,-21.341667,152.55,0,1,21296S,21296S,2010,SW
18.112,14.821,0.476,0.0,2.469999999999999,2.0,0.0,0.15,1.24,1.32,-21.341667,152.55,0,1,21296S,21296S,2012,SW
22.568,18.112,1.17,0.0,3.2909999999999986,2.0,0.0,0.0,0.97,1.02,-21.341667,152.55,0,1,21296S,21296S,2014,SW
19.783,22.568,1.081,0.0,4.456000000000003,2.0,0.0,0.63,1.69,1.48,-21.341667,152.55,0,1,21296S,21296S,2016,SW
16.161,19.783,1.196,0.0,-2.785,2.0,0.0,2.81,1.0,1.88,-21.341667,152.55,0,1,21296S,21296S,2018,SW
36.42,32.031,2.396,0.0,-7.469000000000001,2.0,0.64,1.94,1.59,2.03,-21.433333,152.575,0,1,21302S,21302S,2010,SW
25.673,36.42,0.227,0.0,4.389000000000003,2.0,0.0,0.15,1.22,1.3,-21.433333,152.575,0,1,21302S,21302S,2012,SW
31.094,25.673,1.346,0.0,-10.747000000000003,2.0,0.0,0.0,0.91,1.03,-21.433333,152.575,0,1,21302S,21302S,2014,SW
31.25,31.094,0.625,0.0,5.421000000000003,2.0,0.0,0.65,1.61,1.51,-21.433333,152.575,0,1,21302S,21302S,2016,SW
51.726,31.25,0.833,0.0,0.1559999999999988,2.0,0.0,2.11,1.01,1.8,-21.433333,152.575,0,1,21302S,21302S,2018,SW
14.387,20.913,0.913,0.0,1.0549999999999997,1.0,0.55,0.46,1.61,1.53,-21.491667,152.558333,0,1,21305S,EAST CAY REEF,1996,SW
17.134,14.387,1.274,0.0,-6.526,1.0,0.56,0.55,1.74,1.61,-21.491667,152.558333,0,1,21305S,EAST CAY REEF,1997,SW
18.456,17.134,0.647,0.0,2.747,1.0,1.06,0.56,1.47,1.74,-21.491667,152.558333,0,1,21305S,EAST CAY REEF,1998,SW
20.905,18.456,0.441,0.0,1.3219999999999992,1.0,0.0,1.06,1.17,1.47,-21.491667,152.558333,0,1,21305S,EAST CAY REEF,1999,SW
29.914,20.905,1.293,0.017,2.4490000000000016,1.0,0.0,0.0,0.44,1.17,-21.491667,152.558333,0,1,21305S,EAST CAY REEF,2000,SW
24.434,29.914,1.293,0.017,9.009,1.0,0.0,0.0,1.56,0.44,-21.491667,152.558333,0,1,21305S,EAST CAY REEF,2001,SW
23.728,24.434,1.992,0.0,-5.48,1.0,3.14,0.0,2.46,1.56,-21.491667,152.558333,0,1,21305S,EAST CAY REEF,2002,SW
26.159,23.728,1.535,0.053,-0.7059999999999995,1.0,0.0,3.14,1.1,2.46,-21.491667,152.558333,0,1,21305S,EAST CAY REEF,2003,SW
26.295,26.159,2.409,0.109,2.4309999999999974,1.0,2.63,0.0,1.54,1.1,-21.491667,152.558333,0,1,21305S,EAST CAY REEF,2004,SW
26.587,26.295,1.955,0.055,0.13600000000000279,1.0,0.0,2.63,0.96,1.54,-21.491667,152.558333,0,1,21305S,EAST CAY REEF,2005,SW
40.202,26.587,1.508,0.0,0.29199999999999804,1.0,0.8,0.0,1.4,0.96,-21.491667,152.558333,0,1,21305S,EAST CAY REEF,2006,SW
34.954,40.202,1.21,0.0,13.614999999999998,1.0,0.0,0.8,1.35,1.4,-21.491667,152.558333,0,1,21305S,EAST CAY REEF,2007,SW
27.873,34.954,1.852,0.019,-5.2479999999999976,1.0,0.53,0.0,1.31,1.35,-21.491667,152.558333,0,1,21305S,EAST CAY REEF,2008,SW
33.799,27.873,1.851,0.0,-7.0809999999999995,1.0,1.74,0.53,1.98,1.31,-21.491667,152.558333,0,1,21305S,EAST CAY REEF,2009,SW
32.365,33.799,1.576,0.0,5.925999999999998,1.0,0.93,1.74,1.58,1.98,-21.491667,152.558333,0,1,21305S,EAST CAY REEF,2010,SW
16.214,32.365,0.577,0.0,-1.4339999999999975,1.0,0.14,0.93,1.3,1.58,-21.491667,152.558333,0,1,21305S,EAST CAY REEF,2011,SW
20.615,16.214,0.929,0.014,-16.151000000000003,1.0,0.0,0.14,1.25,1.3,-21.491667,152.558333,0,1,21305S,EAST CAY REEF,2012,SW
26.012,20.615,1.905,0.0,4.401,1.0,0.0,0.0,1.04,1.25,-21.491667,152.558333,0,1,21305S,EAST CAY REEF,2013,SW
30.195,26.012,1.627,0.032,5.397000000000002,1.0,0.0,0.0,0.91,1.04,-21.491667,152.558333,0,1,21305S,EAST CAY REEF,2014,SW
26.607,30.195,1.719,0.0,4.183,1.0,0.65,0.0,1.54,0.91,-21.491667,152.558333,0,1,21305S,EAST CAY REEF,2015,SW
31.864,26.607,1.548,0.032,-3.588000000000001,1.0,0.0,0.65,1.6,1.54,-21.491667,152.558333,0,1,21305S,EAST CAY REEF,2016,SW
35.72,31.864,1.36,0.0,5.2570000000000014,1.0,1.79,0.0,1.81,1.6,-21.491667,152.558333,0,1,21305S,EAST CAY REEF,2017,SW
30.877,35.72,1.402,0.0,3.855999999999998,1.0,0.0,1.79,1.02,1.81,-21.491667,152.558333,0,1,21305S,EAST CAY REEF,2018,SW
48.295,30.877,1.343,0.015,-4.843,3.0,0.0,4.61,1.2,1.65,-21.491667,152.558333,0,1,21305S,EAST CAY REEF,2021,SW
45.653,48.295,0.5,0.436,17.418000000000003,1.0,1.48,0.0,1.76,1.2,-21.491667,152.558333,0,1,21305S,EAST CAY REEF,2022,SW
33.068,45.653,2.09,0.522,-2.642000000000003,1.0,0.61,1.48,1.61,1.76,-21.491667,152.558333,0,1,21305S,EAST CAY REEF,2023,SW
30.804,25.246,0.982,0.018,5.686999999999998,1.0,0.31,0.63,1.41,1.61,-21.883333,151.925,1,0,21467S,21467S,1996,SW
30.076,23.125,1.875,0.0,-10.313000000000002,1.0,0.51,0.63,1.32,1.33,-21.866667,152.175,1,0,21529S,21529S,1996,SW
23.25,30.076,1.136,0.0,6.9510000000000005,1.0,0.0,0.51,0.5700000000000001,1.32,-21.866667,152.175,1,0,21529S,21529S,1997,SW
26.875,23.25,1.125,0.0,-6.8260000000000005,1.0,0.91,0.0,1.5,0.5700000000000001,-21.866667,152.175,1,0,21529S,21529S,1998,SW
39.963,26.875,1.25,0.0,3.625,1.0,0.0,0.91,1.03,1.5,-21.866667,152.175,1,0,21529S,21529S,1999,SW
32.411,39.963,1.838,0.0,13.088000000000001,1.0,0.0,0.0,0.63,1.03,-21.866667,152.175,1,0,21529S,21529S,2000,SW
44.96,32.411,1.518,0.0,-7.552,1.0,0.0,0.0,1.9,0.63,-21.866667,152.175,1,0,21529S,21529S,2001,SW
43.051,44.96,2.339,0.0,12.549,1.0,3.12,0.0,2.17,1.9,-21.866667,152.175,1,0,21529S,21529S,2002,SW
44.053,43.051,2.206,0.0,-1.908999999999999,1.0,0.0,3.12,1.05,2.17,-21.866667,152.175,1,0,21529S,21529S,2003,SW
47.852,44.053,2.5,0.0,1.0019999999999953,1.0,2.92,0.0,1.56,1.05,-21.866667,152.175,1,0,21529S,21529S,2004,SW
51.492,47.852,2.5,0.0,3.7989999999999995,1.0,0.0,2.92,1.1,1.56,-21.866667,152.175,1,0,21529S,21529S,2005,SW
52.614,51.492,2.339,0.0,3.6400000000000006,1.0,1.41,0.0,1.6,1.1,-21.866667,152.175,1,0,21529S,21529S,2006,SW
49.861,52.614,1.97,0.0,1.1219999999999999,1.0,0.0,1.41,1.33,1.6,-21.866667,152.175,1,0,21529S,21529S,2007,SW
42.059,49.861,2.5,0.0,-2.753,1.0,1.26,0.0,1.6,1.33,-21.866667,152.175,1,0,21529S,21529S,2008,SW
45.72,42.059,1.029,0.0,-7.802,1.0,0.32,1.26,1.46,1.6,-21.866667,152.175,1,0,21529S,21529S,2009,SW
2.656,45.72,2.121,0.0,3.6610000000000014,1.0,1.98,0.32,1.69,1.46,-21.866667,152.175,1,0,21529S,21529S,2010,SW
3.851,2.656,0.313,0.0,-43.064,1.0,0.0,1.98,1.32,1.69,-21.866667,152.175,1,0,21529S,21529S,2011,SW
3.917,3.851,0.608,0.0,1.1949999999999998,2.0,0.45,0.45,1.14,1.42,-21.866667,152.175,1,0,21529S,21529S,2013,SW
14.474,3.917,0.333,0.0,0.06599999999999984,2.0,0.5,0.0,1.43,0.91,-21.866667,152.175,1,0,21529S,21529S,2015,SW
38.716,14.474,0.132,0.0,10.557,2.0,3.67,0.35,2.05,1.44,-21.866667,152.175,1,0,21529S,21529S,2017,SW
42.632,38.716,1.554,0.0,24.242,2.0,0.0,0.0,1.45,1.03,-21.866667,152.175,1,0,21529S,21529S,2019,SW
52.227,42.632,1.776,0.0,3.915999999999997,2.0,0.15,3.98,1.34,1.67,-21.866667,152.175,1,0,21529S,21529S,2021,SW
54.181,52.227,1.371,0.0,9.594999999999999,1.0,0.85,0.15,1.87,1.34,-21.866667,152.175,1,0,21529S,21529S,2022,SW
11.286,41.893,1.5,0.0,-4.137999999999998,2.0,1.46,0.17,1.57,1.43,-21.958333,152.316667,1,0,21550S,21550S,2010,SW
14.013,11.286,2.214,0.0,-30.607,2.0,0.3,0.0,1.46,1.22,-21.958333,152.316667,1,0,21550S,21550S,2012,SW
20.094,14.013,0.461,0.0,2.7270000000000003,2.0,0.0,0.31,1.0,1.19,-21.958333,152.316667,1,0,21550S,21550S,2014,SW
32.467,20.094,1.625,0.0,6.081000000000001,2.0,0.35,0.97,1.44,1.44,-21.958333,152.316667,1,0,21550S,21550S,2016,SW
38.229,32.467,1.908,0.0,12.372999999999998,2.0,0.0,2.7,1.07,1.97,-21.958333,152.316667,1,0,21550S,21550S,2018,SW
45.988,38.229,1.181,0.0,5.7620000000000005,2.0,5.89,0.0,1.85,1.49,-21.958333,152.316667,1,0,21550S,21550S,2020,SW
31.438,33.553,4.211,1.0,-22.697000000000003,1.0,0.0,0.32,1.25,1.53,-21.983333,152.475,1,0,21556S,GANNETT CAY REEF,1995,SW
48.158,31.438,2.75,0.25,-2.1149999999999984,1.0,0.35,0.0,1.39,1.25,-21.983333,152.475,1,0,21556S,GANNETT CAY REEF,1996,SW
38.274,48.158,3.289,0.211,16.720000000000002,1.0,0.0,0.35,0.47,1.39,-21.983333,152.475,1,0,21556S,GANNETT CAY REEF,1997,SW
24.539,38.274,4.048,3.333,-9.884,1.0,2.37,0.0,1.52,0.47,-21.983333,152.475,1,0,21556S,GANNETT CAY REEF,1998,SW
16.364,24.539,3.684,4.158,-13.735,1.0,0.14,2.37,1.04,1.52,-21.983333,152.475,1,0,21556S,GANNETT CAY REEF,1999,SW
22.024,16.364,2.5,1.273,-8.175,1.0,0.0,0.14,0.48,1.04,-21.983333,152.475,1,0,21556S,GANNETT CAY REEF,2000,SW
12.569,22.024,2.976,4.524,5.66,1.0,0.0,0.0,1.85,0.48,-21.983333,152.475,1,0,21556S,GANNETT CAY REEF,2001,SW
3.947,12.569,5.972,54.333,-9.455,1.0,4.2,0.0,2.13,1.85,-21.983333,152.475,1,0,21556S,GANNETT CAY REEF,2002,SW
2.727,3.947,3.816,5.263,-8.622,1.0,0.0,4.2,0.97,2.13,-21.983333,152.475,1,0,21556S,GANNETT CAY REEF,2003,SW
2.5,2.727,2.045,0.955,-1.2200000000000002,1.0,3.2,0.0,1.67,0.97,-21.983333,152.475,1,0,21556S,GANNETT CAY REEF,2004,SW
3.088,2.5,1.029,0.059,-0.22699999999999987,1.0,0.0,3.2,0.9,1.67,-21.983333,152.475,1,0,21556S,GANNETT CAY REEF,2005,SW
3.452,3.088,0.147,0.0,0.5880000000000001,1.0,1.62,0.0,1.51,0.9,-21.983333,152.475,1,0,21556S,GANNETT CAY REEF,2006,SW
5.313,3.452,0.476,0.0,0.3639999999999999,1.0,0.0,1.62,1.28,1.51,-21.983333,152.475,1,0,21556S,GANNETT CAY REEF,2007,SW
10.652,5.313,0.469,0.0,1.8609999999999998,1.0,0.34,0.0,1.21,1.28,-21.983333,152.475,1,0,21556S,GANNETT CAY REEF,2008,SW
10.417,10.652,0.761,0.0,5.3389999999999995,1.0,0.29,0.34,1.41,1.21,-21.983333,152.475,1,0,21556S,GANNETT CAY REEF,2009,SW
4.118,10.417,2.222,0.0,-0.23499999999999943,1.0,1.29,0.29,1.53,1.41,-21.983333,152.475,1,0,21556S,GANNETT CAY REEF,2010,SW
3.25,4.118,0.588,0.0,-6.2989999999999995,1.0,0.0,1.29,1.22,1.53,-21.983333,152.475,1,0,21556S,GANNETT CAY REEF,2011,SW
5.714,3.25,0.25,0.0,-0.8680000000000003,1.0,0.14,0.0,1.36,1.22,-21.983333,152.475,1,0,21556S,GANNETT CAY REEF,2012,SW
7.105,5.714,0.476,0.0,2.4640000000000004,1.0,0.0,0.14,1.0,1.36,-21.983333,152.475,1,0,21556S,GANNETT CAY REEF,2013,SW
15.714,7.105,1.579,0.0,1.391,2.0,0.62,0.0,1.46,1.05,-21.983333,152.475,1,0,21556S,GANNETT CAY REEF,2015,SW
47.625,15.714,1.19,0.0,8.609,2.0,1.11,0.35,1.96,1.44,-21.983333,152.475,1,0,21556S,GANNETT CAY REEF,2017,SW
31.75,47.625,2.125,0.05,31.911,2.0,0.0,0.0,1.54,1.05,-21.983333,152.475,1,0,21556S,GANNETT CAY REEF,2019,SW
23.594,31.75,3.25,3.8,-15.875,2.0,0.0,6.8,1.48,1.87,-21.983333,152.475,1,0,21556S,GANNETT CAY REEF,2021,SW
6.053,23.594,3.75,14.542,-8.155999999999999,1.0,0.66,0.0,1.81,1.48,-21.983333,152.475,1,0,21556S,GANNETT CAY REEF,2022,SW
3.194,6.053,2.632,6.316,-17.541,1.0,0.29,0.66,1.64,1.81,-21.983333,152.475,1,0,21556S,GANNETT CAY REEF,2023,SW
35.938,21.569,0.798,0.0,-9.585,2.0,0.0,0.0,0.89,0.97,-21.558333,152.541667,0,1,21558S,21558S,2014,SW
38.675,35.938,0.795,0.0,14.369000000000003,2.0,0.0,0.61,1.58,1.47,-21.558333,152.541667,0,1,21558S,21558S,2016,SW
54.599,38.675,2.1,0.0,2.7369999999999948,2.0,0.0,1.61,1.01,1.83,-21.558333,152.541667,0,1,21558S,21558S,2018,SW
39.314,49.821,1.607,0.19,-4.777999999999999,1.0,0.44,1.29,1.58,1.76,-21.558333,152.541667,0,1,21558S,21558S,2023,SW
37.813,38.554,1.422,0.0,12.402000000000001,1.0,0.33,0.0,1.31,1.29,-21.725,152.558333,0,1,21562S,TURNER REEF,1996,SW
38.636,37.813,1.302,0.0,-0.7409999999999997,1.0,0.16,0.33,1.24,1.31,-21.725,152.558333,0,1,21562S,TURNER REEF,1997,SW
40.714,38.636,0.864,0.0,0.8230000000000004,1.0,1.58,0.16,1.4,1.24,-21.725,152.558333,0,1,21562S,TURNER REEF,1998,SW
39.647,40.714,0.833,0.0,2.077999999999996,1.0,0.0,1.58,0.98,1.4,-21.725,152.558333,0,1,21562S,TURNER REEF,1999,SW
47.474,39.647,0.815,0.0,-1.0670000000000002,1.0,0.0,0.0,0.48,0.98,-21.725,152.558333,0,1,21562S,TURNER REEF,2000,SW
43.4,47.474,1.684,0.082,7.826999999999998,1.0,0.14,0.0,1.96,0.48,-21.725,152.558333,0,1,21562S,TURNER REEF,2001,SW
17.396,43.4,4.35,24.48,-4.073999999999998,1.0,3.86,0.14,2.43,1.96,-21.725,152.558333,0,1,21562S,TURNER REEF,2002,SW
11.556,17.396,5.833,20.833,-26.003999999999998,1.0,0.0,3.86,1.02,2.43,-21.725,152.558333,0,1,21562S,TURNER REEF,2003,SW
8.222,11.556,3.778,8.022,-5.840000000000002,1.0,3.56,0.0,1.62,1.02,-21.725,152.558333,0,1,21562S,TURNER REEF,2004,SW
13.125,8.222,2.0,1.111,-3.3339999999999996,1.0,0.0,3.56,1.05,1.62,-21.725,152.558333,0,1,21562S,TURNER REEF,2005,SW
6.034,13.125,0.721,0.058,4.9030000000000005,1.0,1.31,0.0,1.61,1.05,-21.725,152.558333,0,1,21562S,TURNER REEF,2006,SW
11.146,6.034,0.216,0.0,-7.091,1.0,0.0,1.31,1.31,1.61,-21.725,152.558333,0,1,21562S,TURNER REEF,2007,SW
12.149,11.146,1.198,0.0,5.112000000000001,1.0,0.51,0.0,1.29,1.31,-21.725,152.558333,0,1,21562S,TURNER REEF,2008,SW
21.375,12.149,1.228,0.0,1.0029999999999983,1.0,1.21,0.51,1.65,1.29,-21.725,152.558333,0,1,21562S,TURNER REEF,2009,SW
14.464,21.375,0.9,0.0,9.226,2.0,0.16,1.61,1.32,1.54,-21.725,152.558333,0,1,21562S,TURNER REEF,2011,SW
19.265,14.464,0.759,0.0,-6.911,2.0,0.0,0.0,0.95,1.3,-21.725,152.558333,0,1,21562S,TURNER REEF,2013,SW
35.841,19.265,1.716,0.0,4.801,2.0,0.46,0.0,1.48,0.93,-21.725,152.558333,0,1,21562S,TURNER REEF,2015,SW
52.432,35.841,1.394,0.0,16.576,2.0,1.4,0.16,1.8,1.5,-21.725,152.558333,0,1,21562S,TURNER REEF,2017,SW
5.536,52.432,2.182,0.036,16.591,2.0,0.0,0.0,1.59,1.07,-21.725,152.558333,0,1,21562S,TURNER REEF,2019,SW
15.932,5.536,2.188,4.393,-46.896,2.0,0.0,6.0,1.27,1.78,-21.725,152.558333,0,1,21562S,TURNER REEF,2021,SW
11.579,15.932,0.127,0.051,10.396,1.0,1.11,0.0,1.69,1.27,-21.725,152.558333,0,1,21562S,TURNER REEF,2022,SW
10.778,11.579,0.044,0.0,-4.353,1.0,0.0,1.11,1.58,1.69,-21.725,152.558333,0,1,21562S,TURNER REEF,2023,SW
5.556,6.419,0.946,0.0,1.9449999999999994,2.0,1.3,0.15,1.49,1.44,-21.875,152.508333,1,0,21572S,SMALL LAGOON REEF,2010,SW
11.5,5.556,0.0,0.0,-0.8629999999999995,2.0,0.0,0.0,1.32,1.24,-21.875,152.508333,1,0,21572S,SMALL LAGOON REEF,2012,SW
24.964,11.5,0.571,0.0,5.944,2.0,0.0,0.0,1.0,0.92,-21.875,152.508333,1,0,21572S,SMALL LAGOON REEF,2014,SW
30.341,24.964,1.714,0.0,13.463999999999999,2.0,0.33,0.58,1.43,1.43,-21.875,152.508333,1,0,21572S,SMALL LAGOON REEF,2016,SW
40.676,30.341,2.424,0.0,5.3770000000000024,2.0,0.0,1.24,1.07,1.88,-21.875,152.508333,1,0,21572S,SMALL LAGOON REEF,2018,SW
24.946,40.676,2.297,0.054,10.335,2.0,6.17,0.0,1.83,1.56,-21.875,152.508333,1,0,21572S,SMALL LAGOON REEF,2020,SW
7.571,24.946,3.315,4.13,-15.73,2.0,0.49,0.0,1.72,1.36,-21.875,152.508333,1,0,21572S,SMALL LAGOON REEF,2022,SW
10.484,13.534,2.069,0.0,9.55,2.0,2.19,0.6,1.54,1.54,-21.958333,152.6,1,0,21584S,JENKINS REEF,2010,SW
18.417,10.484,0.645,0.0,-3.0500000000000007,2.0,0.0,0.14,1.13,1.23,-21.958333,152.6,1,0,21584S,JENKINS REEF,2012,SW
40.947,18.417,1.417,0.033,7.933000000000002,2.0,0.0,0.0,1.05,0.9,-21.958333,152.6,1,0,21584S,JENKINS REEF,2014,SW
53.205,40.947,2.5,0.0,22.53,2.0,0.37,0.29,1.51,1.42,-21.958333,152.6,1,0,21584S,JENKINS REEF,2016,SW
5.27,53.205,2.5,0.026,12.257999999999996,2.0,0.0,1.07,1.15,1.73,-21.958333,152.6,1,0,21584S,JENKINS REEF,2018,SW
2.5,5.27,4.932,2.189,-47.935,2.0,6.41,0.0,1.89,1.58,-21.958333,152.6,1,0,21584S,JENKINS REEF,2020,SW
3.966,2.5,0.385,0.026,-2.7699999999999996,2.0,0.35,0.0,1.7,1.31,-21.958333,152.6,1,0,21584S,JENKINS REEF,2022,SW
17.75,14.83,0.682,0.0,5.73,2.0,2.19,0.6,1.54,1.54,-21.983333,152.65,1,0,21588S,WADE REEF,2010,SW
24.65,17.75,1.9,0.04,2.92,2.0,0.0,0.14,1.13,1.23,-21.983333,152.65,1,0,21588S,WADE REEF,2012,SW
27.784,24.65,1.0,0.0,6.899999999999999,2.0,0.0,0.0,1.05,0.9,-21.983333,152.65,1,0,21588S,WADE REEF,2014,SW
45.208,27.784,1.932,0.0,3.1340000000000003,2.0,0.37,0.29,1.51,1.42,-21.983333,152.65,1,0,21588S,WADE REEF,2016,SW
12.454,45.208,2.396,0.0,17.424,2.0,0.0,1.07,1.15,1.73,-21.983333,152.65,1,0,21588S,WADE REEF,2018,SW
2.845,12.454,1.019,0.778,-32.754,2.0,6.41,0.0,1.89,1.58,-21.983333,152.65,1,0,21588S,WADE REEF,2020,SW
7.609,2.845,0.776,0.103,-9.609,2.0,0.35,0.0,1.7,1.31,-21.983333,152.65,1,0,21588S,WADE REEF,2022,SW
11.563,7.609,0.435,0.0,4.763999999999999,1.0,0.0,0.35,1.68,1.7,-21.983333,152.65,1,0,21588S,WADE REEF,2023,SW
22.857,40.431,2.414,0.448,9.225999999999999,2.0,1.32,0.77,1.78,1.52,-21.025833,150.373,1,0,21591S,21591S,2010,PO
32.788,22.857,1.875,0.0,-17.573999999999998,2.0,1.15,0.0,2.02,1.22,-21.025833,150.373,1,0,21591S,21591S,2012,PO
20.667,32.788,2.115,0.0,9.930999999999997,2.0,0.0,0.62,0.84,1.28,-21.025833,150.373,1,0,21591S,21591S,2014,PO
21.848,15.962,1.25,0.0,-4.705000000000002,2.0,4.39,0.0,2.07,1.53,-21.025833,150.373,1,0,21591S,21591S,2022,PO
29.107,21.848,0.543,0.0,5.885999999999999,1.0,1.14,4.39,2.03,2.07,-21.025833,150.373,1,0,21591S,21591S,2023,PO
3.026,14.559,1.176,0.0,9.559,2.0,1.29,0.29,1.53,1.41,-22.0,152.458333,1,0,22084S,22084S,2010,SW
9.118,3.026,0.132,0.0,-11.533,2.0,0.14,0.0,1.36,1.22,-22.0,152.458333,1,0,22084S,22084S,2012,SW
21.818,9.118,0.294,0.0,6.0920000000000005,2.0,0.0,0.0,1.05,1.0,-22.0,152.458333,1,0,22084S,22084S,2014,SW
39.881,21.818,0.114,0.0,12.700000000000001,2.0,0.35,0.62,1.44,1.46,-22.0,152.458333,1,0,22084S,22084S,2016,SW
52.941,39.881,1.667,0.0,18.063,2.0,0.0,1.11,1.05,1.96,-22.0,152.458333,1,0,22084S,22084S,2018,SW
43.938,52.941,2.353,0.0,13.060000000000002,2.0,6.8,0.0,1.87,1.54,-22.0,152.458333,1,0,22084S,22084S,2020,SW
9.028,43.938,3.75,2.9,-9.003,2.0,0.66,0.0,1.81,1.48,-22.0,152.458333,1,0,22084S,22084S,2022,SW
16.195,17.463,0.425,0.22,-16.336,1.0,0.62,0.16,1.42,1.44,-22.025,152.15,1,0,22088S,SNAKE (22088),1995,SW
15.75,16.195,1.264,0.418,-1.2680000000000007,1.0,0.49,0.62,1.35,1.42,-22.025,152.15,1,0,22088S,SNAKE (22088),1996,SW
13.37,15.75,1.395,0.516,-0.4450000000000003,1.0,0.0,0.49,0.61,1.35,-22.025,152.15,1,0,22088S,SNAKE (22088),1997,SW
22.413,13.37,1.196,0.011,-2.380000000000001,1.0,2.05,0.0,1.52,0.61,-22.025,152.15,1,0,22088S,SNAKE (22088),1998,SW
27.269,22.413,0.95,0.0,9.043000000000001,1.0,0.0,2.05,0.99,1.52,-22.025,152.15,1,0,22088S,SNAKE (22088),1999,SW
19.948,27.269,1.576,0.0,4.855999999999998,1.0,0.0,0.0,0.64,0.99,-22.025,152.15,1,0,22088S,SNAKE (22088),2000,SW
19.319,19.948,1.719,0.0,-7.320999999999998,1.0,0.14,0.0,1.83,0.64,-22.025,152.15,1,0,22088S,SNAKE (22088),2001,SW
24.731,19.319,1.806,0.0,-0.6290000000000013,1.0,3.36,0.14,2.42,1.83,-22.025,152.15,1,0,22088S,SNAKE (22088),2002,SW
27.578,24.731,1.747,0.0,5.412000000000003,1.0,0.0,3.36,0.95,2.42,-22.025,152.15,1,0,22088S,SNAKE (22088),2003,SW
17.608,27.578,2.161,0.0,2.8469999999999978,1.0,2.96,0.0,1.57,0.95,-22.025,152.15,1,0,22088S,SNAKE (22088),2004,SW
23.798,17.608,1.667,0.0,-9.969999999999999,1.0,0.0,2.96,1.17,1.57,-22.025,152.15,1,0,22088S,SNAKE (22088),2005,SW
27.168,23.798,1.707,0.0,6.189999999999998,1.0,1.51,0.0,1.52,1.17,-22.025,152.15,1,0,22088S,SNAKE (22088),2006,SW
26.028,27.168,1.519,0.0,3.370000000000001,1.0,0.0,1.51,1.26,1.52,-22.025,152.15,1,0,22088S,SNAKE (22088),2007,SW
21.365,26.028,2.25,0.0,-1.1400000000000006,2.0,0.33,1.09,1.51,1.56,-22.025,152.15,1,0,22088S,SNAKE (22088),2009,SW
9.75,21.365,1.862,0.0,-4.663,2.0,0.0,1.3,1.31,1.58,-22.025,152.15,1,0,22088S,SNAKE (22088),2011,SW
13.816,9.75,0.725,0.0,-11.614999999999998,2.0,0.45,0.46,1.23,1.53,-22.025,152.15,1,0,22088S,SNAKE (22088),2013,SW
27.245,13.816,0.421,0.0,4.066000000000001,2.0,1.01,0.0,1.52,0.95,-22.025,152.15,1,0,22088S,SNAKE (22088),2015,SW
38.342,27.245,0.947,0.0,13.429,2.0,3.42,0.36,2.02,1.49,-22.025,152.15,1,0,22088S,SNAKE (22088),2017,SW
33.168,38.342,1.223,0.0,11.096999999999998,2.0,0.0,0.0,1.28,1.0,-22.025,152.15,1,0,22088S,SNAKE (22088),2019,SW
36.133,33.168,1.989,0.102,-5.1739999999999995,2.0,0.14,4.84,1.31,1.83,-22.025,152.15,1,0,22088S,SNAKE (22088),2021,SW
23.577,36.133,1.641,2.313,2.9650000000000034,1.0,0.71,0.14,1.89,1.31,-22.025,152.15,1,0,22088S,SNAKE (22088),2022,SW
25.645,20.25,0.667,0.0,-0.036000000000001364,1.0,0.15,0.32,1.2,1.45,-22.008333,152.658333,1,0,22102S,CHINAMAN REEF(22102),1995,SW
25.833,25.645,1.452,0.032,5.395,1.0,0.34,0.15,1.34,1.2,-22.008333,152.658333,1,0,22102S,CHINAMAN REEF(22102),1996,SW
23.977,25.833,1.083,0.0,0.18799999999999883,1.0,0.0,0.34,0.48,1.34,-22.008333,152.658333,1,0,22102S,CHINAMAN REEF(22102),1997,SW
35.076,23.977,1.212,0.152,-1.855999999999998,1.0,2.63,0.0,1.58,0.48,-22.008333,152.658333,1,0,22102S,CHINAMAN REEF(22102),1998,SW
36.696,35.076,1.136,1.333,11.099,1.0,0.32,2.63,1.18,1.58,-22.008333,152.658333,1,0,22102S,CHINAMAN REEF(22102),1999,SW
30.302,36.696,1.875,0.464,1.6199999999999974,1.0,0.0,0.32,0.64,1.18,-22.008333,152.658333,1,0,22102S,CHINAMAN REEF(22102),2000,SW
17.13,30.302,2.672,4.517,-6.393999999999998,1.0,0.0,0.0,1.61,0.64,-22.008333,152.658333,1,0,22102S,CHINAMAN REEF(22102),2001,SW
19.962,17.13,4.815,37.222,-13.172,1.0,4.47,0.0,2.03,1.61,-22.008333,152.658333,1,0,22102S,CHINAMAN REEF(22102),2002,SW
12.583,19.962,2.652,3.091,2.8320000000000007,1.0,0.0,4.47,1.01,2.03,-22.008333,152.658333,1,0,22102S,CHINAMAN REEF(22102),2003,SW
14.554,12.583,2.583,3.8,-7.379,1.0,4.2700000000000005,0.0,1.79,1.01,-22.008333,152.658333,1,0,22102S,CHINAMAN REEF(22102),2004,SW
16.466,14.554,2.232,0.357,1.971,1.0,0.0,4.2700000000000005,0.89,1.79,-22.008333,152.658333,1,0,22102S,CHINAMAN REEF(22102),2005,SW
15.455,16.466,1.293,0.034,1.9120000000000008,1.0,1.66,0.0,1.59,0.89,-22.008333,152.658333,1,0,22102S,CHINAMAN REEF(22102),2006,SW
17.833,15.455,1.212,0.03,-1.011000000000001,2.0,0.31,0.0,1.12,1.14,-22.008333,152.658333,1,0,22102S,CHINAMAN REEF(22102),2008,SW
18.611,17.833,0.583,0.0,2.3779999999999983,1.0,0.77,0.31,1.59,1.12,-22.008333,152.658333,1,0,22102S,CHINAMAN REEF(22102),2009,SW
17.109,18.611,2.037,0.074,0.7780000000000022,1.0,2.22,0.77,1.54,1.59,-22.008333,152.658333,1,0,22102S,CHINAMAN REEF(22102),2010,SW
22.0,17.109,1.484,0.0,-1.501999999999999,1.0,0.15,2.22,1.24,1.54,-22.008333,152.658333,1,0,22102S,CHINAMAN REEF(22102),2011,SW
24.032,22.0,1.143,0.0,4.890999999999998,1.0,0.0,0.15,1.09,1.24,-22.008333,152.658333,1,0,22102S,CHINAMAN REEF(22102),2012,SW
21.371,24.032,1.371,0.0,2.032,1.0,0.0,0.0,0.95,1.09,-22.008333,152.658333,1,0,22102S,CHINAMAN REEF(22102),2013,SW
34.688,21.371,2.258,0.129,-2.6610000000000014,1.0,0.0,0.0,1.07,0.95,-22.008333,152.658333,1,0,22102S,CHINAMAN REEF(22102),2014,SW
44.181,34.688,2.344,0.031,13.317000000000004,1.0,0.59,0.0,1.43,1.07,-22.008333,152.658333,1,0,22102S,CHINAMAN REEF(22102),2015,SW
37.536,44.181,1.897,0.0,9.492999999999995,1.0,0.54,0.59,1.59,1.43,-22.008333,152.658333,1,0,22102S,CHINAMAN REEF(22102),2016,SW
47.045,37.536,2.5,0.0,-6.644999999999996,1.0,1.09,0.54,1.68,1.59,-22.008333,152.658333,1,0,22102S,CHINAMAN REEF(22102),2017,SW
25.074,47.045,4.848,3.0,9.509,1.0,0.0,1.09,1.14,1.68,-22.008333,152.658333,1,0,22102S,CHINAMAN REEF(22102),2018,SW
4.397,25.074,1.25,2.618,-21.971,1.0,0.0,0.0,1.59,1.14,-22.008333,152.658333,1,0,22102S,CHINAMAN REEF(22102),2019,SW
4.474,4.397,1.466,1.931,-20.677,1.0,6.6000000000000005,0.0,1.93,1.59,-22.008333,152.658333,1,0,22102S,CHINAMAN REEF(22102),2020,SW
17.056,4.474,1.25,3.447,0.07699999999999996,1.0,0.0,6.6000000000000005,1.31,1.93,-22.008333,152.658333,1,0,22102S,CHINAMAN REEF(22102),2021,SW
28.208,17.056,0.161,0.032,12.582,1.0,0.35,0.0,1.7,1.31,-22.008333,152.658333,1,0,22102S,CHINAMAN REEF(22102),2022,SW
20.313,28.208,1.0,0.0,11.151999999999997,1.0,0.0,0.35,1.68,1.7,-22.008333,152.658333,1,0,22102S,CHINAMAN REEF(22102),2023,SW
26.884,34.804,2.38,1.157,14.273000000000003,1.0,0.35,0.0,1.37,1.17,-22.033333,152.591667,1,0,22104S,HORSESHOE,1996,SW
26.583,26.884,1.849,0.37,-7.920000000000002,1.0,0.0,0.35,0.46,1.37,-22.033333,152.591667,1,0,22104S,HORSESHOE,1997,SW
27.701,26.583,1.867,1.667,-0.30100000000000193,1.0,2.77,0.0,1.51,0.46,-22.033333,152.591667,1,0,22104S,HORSESHOE,1998,SW
20.109,27.701,2.407,4.914,1.118000000000002,1.0,0.15,2.77,1.11,1.51,-22.033333,152.591667,1,0,22104S,HORSESHOE,1999,SW
20.284,20.109,2.344,1.263,-7.591999999999999,1.0,0.0,0.15,0.49,1.11,-22.033333,152.591667,1,0,22104S,HORSESHOE,2000,SW
16.652,20.284,2.462,3.182,0.17499999999999716,1.0,0.0,0.0,1.68,0.49,-22.033333,152.591667,1,0,22104S,HORSESHOE,2001,SW
15.06,16.652,2.701,4.0,-3.631999999999998,1.0,4.43,0.0,2.05,1.68,-22.033333,152.591667,1,0,22104S,HORSESHOE,2002,SW
6.6,15.06,3.283,4.916,-1.5920000000000005,1.0,0.0,4.43,0.96,2.05,-22.033333,152.591667,1,0,22104S,HORSESHOE,2003,SW
5.0,6.6,5.933,15.653,-8.46,1.0,3.71,0.0,1.74,0.96,-22.033333,152.591667,1,0,22104S,HORSESHOE,2004,SW
4.881,5.0,2.281,2.963,-1.5999999999999996,1.0,0.0,3.71,0.86,1.74,-22.033333,152.591667,1,0,22104S,HORSESHOE,2005,SW
4.135,4.881,1.369,0.44,-0.11899999999999977,1.0,1.65,0.0,1.55,0.86,-22.033333,152.591667,1,0,22104S,HORSESHOE,2006,SW
6.911,4.135,0.449,0.218,-0.7460000000000004,1.0,0.0,1.65,1.2,1.55,-22.033333,152.591667,1,0,22104S,HORSESHOE,2007,SW
6.538,6.911,0.929,0.014,2.776,2.0,0.31,0.31,1.47,1.1,-22.033333,152.591667,1,0,22104S,HORSESHOE,2009,SW
12.824,6.538,1.218,0.0,-0.37299999999999933,2.0,0.0,1.44,1.23,1.52,-22.033333,152.591667,1,0,22104S,HORSESHOE,2011,SW
21.234,12.824,0.926,0.0,6.286,2.0,0.0,0.0,0.92,1.2,-22.033333,152.591667,1,0,22104S,HORSESHOE,2013,SW
26.5,21.234,1.071,0.0,8.410000000000002,2.0,0.43,0.0,1.42,1.07,-22.033333,152.591667,1,0,22104S,HORSESHOE,2015,SW
30.603,26.5,2.094,0.0,5.265999999999998,2.0,1.21,0.37,1.84,1.52,-22.033333,152.591667,1,0,22104S,HORSESHOE,2017,SW
3.265,30.603,1.971,0.035,4.1030000000000015,2.0,0.0,0.0,1.56,1.09,-22.033333,152.591667,1,0,22104S,HORSESHOE,2019,SW
3.705,3.265,3.676,4.329,-27.338,2.0,0.0,6.61,1.43,1.86,-22.033333,152.591667,1,0,22104S,HORSESHOE,2021,SW
6.591,3.705,0.452,1.036,0.43999999999999995,1.0,0.5,0.0,1.82,1.43,-22.033333,152.591667,1,0,22104S,HORSESHOE,2022,SW
8.83,6.591,0.483,0.341,2.886,1.0,0.29,0.5,1.67,1.82,-22.033333,152.591667,1,0,22104S,HORSESHOE,2023,SW
15.0,44.18,1.484,0.0,0.5080000000000027,2.0,0.16,0.0,1.36,1.45,-23.183333,151.908333,0,1,23045A,NORTH REEF (NORTH),2010,CB
48.419,23.547,1.622,0.0,8.547,2.0,0.0,1.04,1.5,1.61,-23.183333,151.908333,0,1,23045A,NORTH REEF (NORTH),2016,CB
44.224,48.419,1.912,0.0,24.871999999999996,2.0,0.0,3.0700000000000003,1.09,2.18,-23.183333,151.908333,0,1,23045A,NORTH REEF (NORTH),2018,CB
41.689,44.224,1.552,0.0,-4.195,2.0,7.42,0.0,1.96,1.69,-23.183333,151.908333,0,1,23045A,NORTH REEF (NORTH),2020,CB
46.034,41.689,1.959,0.0,-2.5349999999999966,1.0,0.0,7.42,1.4,1.96,-23.183333,151.908333,0,1,23045A,NORTH REEF (NORTH),2021,CB
23.75,22.0,0.389,0.0,0.8500000000000014,1.0,1.28,0.0,2.11,1.02,-23.275,151.941667,0,1,23048S,BROOMFIELD REEF,1996,CB
30.327,23.75,0.732,0.0,1.75,1.0,0.0,1.28,0.94,2.11,-23.275,151.941667,0,1,23048S,BROOMFIELD REEF,1997,CB
29.688,30.327,1.25,0.0,6.577000000000002,1.0,3.58,0.0,1.81,0.94,-23.275,151.941667,0,1,23048S,BROOMFIELD REEF,1998,CB
36.964,29.688,0.625,0.0,-0.6390000000000029,1.0,0.0,3.58,0.93,1.81,-23.275,151.941667,0,1,23048S,BROOMFIELD REEF,1999,CB
40.854,36.964,1.48,0.0,7.276,1.0,0.0,0.0,0.61,0.93,-23.275,151.941667,0,1,23048S,BROOMFIELD REEF,2000,CB
34.461,40.854,1.585,0.0,3.8900000000000006,1.0,0.0,0.0,1.61,0.61,-23.275,151.941667,0,1,23048S,BROOMFIELD REEF,2001,CB
35.61,34.461,2.5,0.0,-6.393000000000001,1.0,3.22,0.0,2.46,1.61,-23.275,151.941667,0,1,23048S,BROOMFIELD REEF,2002,CB
35.833,35.61,2.256,0.0,1.149000000000001,1.0,0.0,3.22,1.16,2.46,-23.275,151.941667,0,1,23048S,BROOMFIELD REEF,2003,CB
24.419,35.833,2.5,0.0,0.22299999999999898,1.0,2.46,0.0,2.07,1.16,-23.275,151.941667,0,1,23048S,BROOMFIELD REEF,2004,CB
29.528,24.419,2.384,0.0,-11.413999999999998,1.0,0.0,2.46,0.97,2.07,-23.275,151.941667,0,1,23048S,BROOMFIELD REEF,2005,CB
36.589,29.528,2.0,0.0,5.108999999999998,1.0,3.74,0.0,1.85,0.97,-23.275,151.941667,0,1,23048S,BROOMFIELD REEF,2006,CB
20.982,36.589,2.5,0.0,7.061,1.0,0.0,3.74,1.08,1.85,-23.275,151.941667,0,1,23048S,BROOMFIELD REEF,2007,CB
39.548,20.982,2.5,0.0,-15.607,1.0,0.0,0.0,0.79,1.08,-23.275,151.941667,0,1,23048S,BROOMFIELD REEF,2008,CB
14.942,39.548,1.543,0.0,18.566000000000003,1.0,0.0,0.0,1.29,0.79,-23.275,151.941667,0,1,23048S,BROOMFIELD REEF,2009,CB
16.806,14.942,2.442,0.0,-24.606,1.0,0.32,0.0,1.39,1.29,-23.275,151.941667,0,1,23048S,BROOMFIELD REEF,2010,CB
18.333,16.806,1.667,0.0,1.8640000000000008,1.0,0.0,0.32,1.27,1.39,-23.275,151.941667,0,1,23048S,BROOMFIELD REEF,2011,CB
32.455,18.333,1.927,0.0,1.5269999999999975,2.0,0.0,0.0,1.03,1.1,-23.275,151.941667,0,1,23048S,BROOMFIELD REEF,2013,CB
32.209,32.455,1.591,0.0,14.122,1.0,0.0,0.0,0.97,1.03,-23.275,151.941667,0,1,23048S,BROOMFIELD REEF,2014,CB
41.739,32.209,1.628,0.0,-0.2459999999999951,1.0,1.03,0.0,1.54,0.97,-23.275,151.941667,0,1,23048S,BROOMFIELD REEF,2015,CB
50.0,41.739,1.793,0.0,9.529999999999994,1.0,0.0,1.03,1.54,1.54,-23.275,151.941667,0,1,23048S,BROOMFIELD REEF,2016,CB
44.867,50.0,1.078,0.0,8.261000000000003,1.0,3.09,0.0,2.14,1.54,-23.275,151.941667,0,1,23048S,BROOMFIELD REEF,2017,CB
47.938,44.867,1.17,0.0,-5.133000000000003,1.0,0.0,3.09,1.15,2.14,-23.275,151.941667,0,1,23048S,BROOMFIELD REEF,2018,CB
52.995,47.938,1.688,0.0,3.071000000000005,1.0,0.0,0.0,1.63,1.15,-23.275,151.941667,0,1,23048S,BROOMFIELD REEF,2019,CB
51.675,52.995,1.51,0.0,5.056999999999995,1.0,6.9,0.0,1.93,1.63,-23.275,151.941667,0,1,23048S,BROOMFIELD REEF,2020,CB
58.194,51.675,0.65,0.0,-1.3200000000000003,1.0,0.0,6.9,1.43,1.93,-23.275,151.941667,0,1,23048S,BROOMFIELD REEF,2021,CB
59.286,58.194,0.231,0.0,6.5190000000000055,1.0,0.33,0.0,1.76,1.43,-23.275,151.941667,0,1,23048S,BROOMFIELD REEF,2022,CB
57.823,59.286,0.848,0.0,1.0919999999999987,1.0,0.97,0.33,1.87,1.76,-23.275,151.941667,0,1,23048S,BROOMFIELD REEF,2023,CB
31.083,25.288,0.897,0.0,-1.8230000000000004,1.0,0.0,1.26,0.99,2.03,-23.333333,151.966667,0,1,23051S,WRECK ISLAND REEF,1997,CB
34.191,31.083,1.167,0.0,5.794999999999998,1.0,3.96,0.0,1.8,0.99,-23.333333,151.966667,0,1,23051S,WRECK ISLAND REEF,1998,CB
47.583,34.191,0.662,0.0,3.108000000000004,1.0,0.15,3.96,1.05,1.8,-23.333333,151.966667,0,1,23051S,WRECK ISLAND REEF,1999,CB
46.696,47.583,2.167,0.0,13.391999999999996,1.0,0.0,0.15,0.6,1.05,-23.333333,151.966667,0,1,23051S,WRECK ISLAND REEF,2000,CB
45.273,46.696,1.905,0.0,-0.8870000000000005,1.0,0.0,0.0,1.65,0.6,-23.333333,151.966667,0,1,23051S,WRECK ISLAND REEF,2001,CB
43.036,45.273,2.5,0.0,-1.4229999999999947,1.0,3.47,0.0,2.42,1.65,-23.333333,151.966667,0,1,23051S,WRECK ISLAND REEF,2002,CB
39.482,43.036,2.357,0.0,-2.237000000000002,1.0,0.0,3.47,1.17,2.42,-23.333333,151.966667,0,1,23051S,WRECK ISLAND REEF,2003,CB
34.342,39.482,2.317,0.0,-3.554000000000002,1.0,2.36,0.0,2.01,1.17,-23.333333,151.966667,0,1,23051S,WRECK ISLAND REEF,2004,CB
23.885,34.342,2.5,0.0,-5.140000000000001,1.0,0.0,2.36,1.02,2.01,-23.333333,151.966667,0,1,23051S,WRECK ISLAND REEF,2005,CB
29.329,23.885,1.824,0.0,-10.456999999999997,2.0,0.0,2.69,1.09,1.72,-23.333333,151.966667,0,1,23051S,WRECK ISLAND REEF,2007,CB
24.125,29.329,2.012,0.0,5.443999999999999,2.0,0.0,0.0,1.17,0.79,-23.333333,151.966667,0,1,23051S,WRECK ISLAND REEF,2009,CB
15.611,24.125,1.875,0.0,-5.204000000000001,2.0,0.0,0.33,1.23,1.42,-23.333333,151.966667,0,1,23051S,WRECK ISLAND REEF,2011,CB
14.695,15.611,1.167,0.0,-8.514,2.0,0.0,0.0,0.97,1.11,-23.333333,151.966667,0,1,23051S,WRECK ISLAND REEF,2013,CB
19.524,14.695,1.22,0.0,-0.9160000000000004,2.0,1.04,0.0,1.54,0.99,-23.333333,151.966667,0,1,23051S,WRECK ISLAND REEF,2015,CB
56.028,19.524,0.774,0.0,4.829000000000001,2.0,2.84,0.0,2.16,1.58,-23.333333,151.966667,0,1,23051S,WRECK ISLAND REEF,2017,CB
51.453,56.028,1.222,0.0,36.504,2.0,0.0,0.0,1.6,1.21,-23.333333,151.966667,0,1,23051S,WRECK ISLAND REEF,2019,CB
72.917,51.453,2.151,0.0,-4.574999999999996,2.0,0.0,6.48,1.44,1.85,-23.333333,151.966667,0,1,23051S,WRECK ISLAND REEF,2021,CB
74.302,72.917,0.111,0.0,21.464,1.0,0.47,0.0,1.81,1.44,-23.333333,151.966667,0,1,23051S,WRECK ISLAND REEF,2022,CB
55.61,74.302,2.151,0.0,1.3850000000000051,1.0,1.12,0.47,1.83,1.81,-23.333333,151.966667,0,1,23051S,WRECK ISLAND REEF,2023,CB
26.731,16.623,0.044,0.0,-1.509999999999998,1.0,0.0,0.0,1.02,1.22,-23.5,152.066667,0,1,23055S,ONE TREE REEF,1995,CB
32.852,26.731,0.731,0.0,10.108,1.0,1.32,0.0,2.22,1.02,-23.5,152.066667,0,1,23055S,ONE TREE REEF,1996,CB
34.143,32.852,1.484,0.0,6.120999999999995,1.0,0.15,1.32,1.1,2.22,-23.5,152.066667,0,1,23055S,ONE TREE REEF,1997,CB
37.036,34.143,0.714,0.0,1.291000000000004,1.0,4.6000000000000005,0.15,1.85,1.1,-23.5,152.066667,0,1,23055S,ONE TREE REEF,1998,CB
44.288,37.036,0.444,0.0,2.8930000000000007,1.0,0.0,4.6000000000000005,1.02,1.85,-23.5,152.066667,0,1,23055S,ONE TREE REEF,1999,CB
46.892,44.288,2.192,0.0,7.251999999999995,1.0,0.0,0.0,0.6,1.02,-23.5,152.066667,0,1,23055S,ONE TREE REEF,2000,CB
39.394,46.892,2.431,0.0,2.6040000000000063,1.0,0.0,0.0,1.68,0.6,-23.5,152.066667,0,1,23055S,ONE TREE REEF,2001,CB
49.917,39.394,2.5,0.0,-7.498000000000005,1.0,5.38,0.0,2.33,1.68,-23.5,152.066667,0,1,23055S,ONE TREE REEF,2002,CB
45.913,49.917,2.333,0.0,10.523000000000003,1.0,0.0,5.38,1.13,2.33,-23.5,152.066667,0,1,23055S,ONE TREE REEF,2003,CB
44.03,45.913,2.5,0.0,-4.004000000000005,1.0,3.2,0.0,1.95,1.13,-23.5,152.066667,0,1,23055S,ONE TREE REEF,2004,CB
40.706,44.03,2.586,0.0,-1.8829999999999956,1.0,0.0,3.2,1.1,1.95,-23.5,152.066667,0,1,23055S,ONE TREE REEF,2005,CB
37.0,40.706,2.379,0.0,-3.323999999999998,2.0,0.0,2.04,1.17,1.62,-23.5,152.066667,0,1,23055S,ONE TREE REEF,2007,CB
22.518,37.0,2.5,0.0,-3.706000000000003,2.0,0.0,0.0,1.11,0.75,-23.5,152.066667,0,1,23055S,ONE TREE REEF,2009,CB
14.142,22.518,2.059,0.0,-14.482,2.0,0.0,0.52,1.21,1.57,-23.5,152.066667,0,1,23055S,ONE TREE REEF,2011,CB
25.293,14.142,0.896,0.0,-8.376000000000001,2.0,0.0,0.0,0.98,1.12,-23.5,152.066667,0,1,23055S,ONE TREE REEF,2013,CB
43.766,39.647,1.763,0.0,14.354,2.0,0.0,0.0,1.52,1.29,-23.5,152.066667,0,1,23055S,ONE TREE REEF,2019,CB
55.577,43.766,2.105,0.039,4.119,2.0,0.0,5.34,1.48,1.86,-23.5,152.066667,0,1,23055S,ONE TREE REEF,2021,CB
62.713,55.577,0.641,0.0,11.811,1.0,0.32,0.0,1.62,1.48,-23.5,152.066667,0,1,23055S,ONE TREE REEF,2022,CB
61.507,62.713,1.524,0.012,7.136000000000003,1.0,1.31,0.32,1.78,1.62,-23.5,152.066667,0,1,23055S,ONE TREE REEF,2023,CB
11.902,15.658,1.842,0.0,-12.183000000000002,2.0,0.15,0.0,1.37,1.27,-23.508333,151.775,0,1,23068S,ERSKINE REEF,2010,CB
22.25,11.902,0.761,0.0,-3.7560000000000002,2.0,0.0,0.0,1.25,1.67,-23.508333,151.775,0,1,23068S,ERSKINE REEF,2012,CB
23.224,22.25,0.75,0.0,10.348,2.0,0.0,0.18,1.03,1.35,-23.508333,151.775,0,1,23068S,ERSKINE REEF,2014,CB
23.063,23.224,1.711,0.0,0.9740000000000002,2.0,0.0,1.02,1.61,1.87,-23.508333,151.775,0,1,23068S,ERSKINE REEF,2016,CB
31.806,23.063,1.875,0.0,-0.16100000000000136,2.0,0.0,1.74,1.43,2.32,-23.508333,151.775,0,1,23068S,ERSKINE REEF,2018,CB
41.974,31.806,1.528,0.0,8.743000000000002,2.0,8.85,0.0,2.26,1.86,-23.508333,151.775,0,1,23068S,ERSKINE REEF,2020,CB
37.56,41.974,0.526,0.0,10.167999999999996,1.0,0.0,8.85,1.43,2.26,-23.508333,151.775,0,1,23068S,ERSKINE REEF,2021,CB
37.679,37.56,0.952,0.0,-4.413999999999994,1.0,0.3,0.0,1.66,1.43,-23.508333,151.775,0,1,23068S,ERSKINE REEF,2022,CB
46.667,37.679,0.952,0.0,0.11899999999999977,1.0,0.61,0.3,2.06,1.66,-23.508333,151.775,0,1,23068S,ERSKINE REEF,2023,CB
11.455,15.345,1.293,0.0,-6.729999999999999,2.0,0.15,0.15,1.36,1.34,-23.541667,151.733333,0,1,23069S,MAST HEAD REEF,2010,CB
16.02,11.455,0.545,0.0,-3.8900000000000006,2.0,0.0,0.0,1.28,1.72,-23.541667,151.733333,0,1,23069S,MAST HEAD REEF,2012,CB
15.288,16.02,0.969,0.0,4.5649999999999995,2.0,0.0,0.63,1.05,1.43,-23.541667,151.733333,0,1,23069S,MAST HEAD REEF,2014,CB
28.542,38.212,1.115,0.0,22.924000000000003,1.0,0.0,8.870000000000001,1.47,2.26,-23.541667,151.733333,0,1,23069S,MAST HEAD REEF,2021,CB
34.59,28.542,1.615,0.0,-9.670000000000002,1.0,0.3,0.0,1.66,1.47,-23.541667,151.733333,0,1,23069S,MAST HEAD REEF,2022,CB
33.646,34.59,1.289,0.0,6.048000000000002,1.0,0.6,0.3,2.1,1.66,-23.541667,151.733333,0,1,23069S,MAST HEAD REEF,2023,CB
33.511,32.348,1.402,0.03,5.355,1.0,0.17,1.65,1.2,2.64,-23.625,152.158333,0,1,23077S,FITZROY REEF,1997,CB
8.902,22.969,1.563,0.0,-29.256,2.0,0.81,0.0,1.91,1.11,-23.758333,152.266667,0,1,23079S,BOULT REEF,2010,CB
13.355,8.902,1.159,0.024,-14.067000000000002,2.0,0.15,0.44,1.18,1.45,-23.758333,152.266667,0,1,23079S,BOULT REEF,2012,CB
15.813,13.355,0.0,0.0,4.453000000000001,2.0,0.0,0.15,0.89,1.21,-23.758333,152.266667,0,1,23079S,BOULT REEF,2014,CB
36.678,15.813,0.938,0.05,2.458,2.0,0.3,1.13,1.61,1.74,-23.758333,152.266667,0,1,23079S,BOULT REEF,2016,CB
39.688,36.678,0.789,0.026,20.864999999999995,2.0,0.0,4.04,1.33,1.92,-23.758333,152.266667,0,1,23079S,BOULT REEF,2018,CB
48.949,39.688,2.0,0.0,3.010000000000005,2.0,3.69,0.0,1.88,1.42,-23.758333,152.266667,0,1,23079S,BOULT REEF,2020,CB
60.714,48.949,1.42,0.045,9.260999999999996,1.0,0.0,3.69,1.45,1.88,-23.758333,152.266667,0,1,23079S,BOULT REEF,2021,CB
16.5,44.65,1.9,0.0,-10.39,2.0,0.78,0.0,1.87,1.08,-23.808333,152.291667,0,1,23080S,HOSKYN ISLANDS REEF,2010,CB
16.422,16.5,1.417,0.0,-28.15,2.0,0.15,0.43,1.19,1.42,-23.808333,152.291667,0,1,23080S,HOSKYN ISLANDS REEF,2012,CB
22.716,16.422,0.172,0.0,-0.0779999999999994,2.0,0.0,0.17,0.89,1.31,-23.808333,152.291667,0,1,23080S,HOSKYN ISLANDS REEF,2014,CB
30.223,22.716,0.776,0.0,6.2940000000000005,2.0,0.15,0.8300000000000001,1.64,1.75,-23.808333,152.291667,0,1,23080S,HOSKYN ISLANDS REEF,2016,CB
52.411,30.223,0.625,0.0,7.506999999999998,2.0,0.0,3.62,1.38,1.88,-23.808333,152.291667,0,1,23080S,HOSKYN ISLANDS REEF,2018,CB
47.765,52.411,2.321,0.0,22.188000000000002,2.0,3.6,0.0,1.9,1.46,-23.808333,152.291667,0,1,23080S,HOSKYN ISLANDS REEF,2020,CB
63.281,47.765,1.591,0.0,-4.646000000000001,1.0,0.0,3.6,1.44,1.9,-23.808333,152.291667,0,1,23080S,HOSKYN ISLANDS REEF,2021,CB
11.053,43.357,1.571,0.0,-11.609000000000002,2.0,0.65,0.0,1.9,1.17,-23.858333,152.366667,0,1,23081S,FAIRFAX ISLANDS REEF,2010,CB
10.568,11.053,1.711,0.105,-32.304,2.0,0.17,0.3,1.31,1.52,-23.858333,152.366667,0,1,23081S,FAIRFAX ISLANDS REEF,2012,CB
12.432,10.568,0.455,0.97,-0.4850000000000012,2.0,0.0,0.0,0.88,1.14,-23.858333,152.366667,0,1,23081S,FAIRFAX ISLANDS REEF,2014,CB
19.964,12.432,1.216,1.162,1.8640000000000008,2.0,0.6,0.8300000000000001,1.7,1.8,-23.858333,152.366667,0,1,23081S,FAIRFAX ISLANDS REEF,2016,CB
26.607,19.964,1.429,0.114,7.531999999999998,2.0,0.0,3.48,1.43,1.93,-23.858333,152.366667,0,1,23081S,FAIRFAX ISLANDS REEF,2018,CB
39.281,26.607,1.429,0.029,6.643000000000001,2.0,4.55,0.0,1.98,1.47,-23.858333,152.366667,0,1,23081S,FAIRFAX ISLANDS REEF,2020,CB
51.283,39.281,1.125,0.0,12.674,1.0,0.0,4.55,1.41,1.98,-23.858333,152.366667,0,1,23081S,FAIRFAX ISLANDS REEF,2021,CB
59.896,51.283,0.592,0.0,12.002000000000002,1.0,0.31,0.0,1.3,1.41,-23.858333,152.366667,0,1,23081S,FAIRFAX ISLANDS REEF,2022,CB
51.955,59.896,2.083,0.0,8.613,1.0,1.53,0.31,1.68,1.3,-23.858333,152.366667,0,1,23081S,FAIRFAX ISLANDS REEF,2023,CB
24.811,14.464,0.119,0.0,-3.5600000000000005,1.0,0.0,0.0,1.12,1.12,-23.908333,152.408333,0,1,23082S,LADY MUSGRAVE REEF,1995,CB
19.951,24.811,0.66,0.019,10.347,1.0,1.86,0.0,2.66,1.12,-23.908333,152.408333,0,1,23082S,LADY MUSGRAVE REEF,1996,CB
28.004,19.951,0.588,0.02,-4.859999999999999,1.0,0.21,1.86,1.48,2.66,-23.908333,152.408333,0,1,23082S,LADY MUSGRAVE REEF,1997,CB
36.875,28.004,1.096,0.0,8.053,1.0,4.41,0.21,1.85,1.48,-23.908333,152.408333,0,1,23082S,LADY MUSGRAVE REEF,1998,CB
45.873,36.875,1.739,0.0,8.870999999999999,1.0,0.0,4.41,0.92,1.85,-23.908333,152.408333,0,1,23082S,LADY MUSGRAVE REEF,1999,CB
48.705,45.873,1.825,0.0,8.997999999999998,1.0,0.0,0.0,0.58,0.92,-23.908333,152.408333,0,1,23082S,LADY MUSGRAVE REEF,2000,CB
51.958,48.705,2.232,0.0,2.8320000000000007,1.0,0.0,0.0,1.46,0.58,-23.908333,152.408333,0,1,23082S,LADY MUSGRAVE REEF,2001,CB
58.65,51.958,2.5,0.019,3.253,1.0,6.2700000000000005,0.0,2.34,1.46,-23.908333,152.408333,0,1,23082S,LADY MUSGRAVE REEF,2002,CB
55.162,58.65,2.1,0.0,6.692,1.0,0.0,6.2700000000000005,1.08,2.34,-23.908333,152.408333,0,1,23082S,LADY MUSGRAVE REEF,2003,CB
52.182,55.162,2.454,0.0,-3.4879999999999995,1.0,3.36,0.0,1.9,1.08,-23.908333,152.408333,0,1,23082S,LADY MUSGRAVE REEF,2004,CB
45.15,52.182,2.455,0.018,-2.979999999999997,1.0,0.0,3.36,0.92,1.9,-23.908333,152.408333,0,1,23082S,LADY MUSGRAVE REEF,2005,CB
51.151,45.15,1.85,0.0,-7.032000000000004,1.0,1.7,0.0,1.46,0.92,-23.908333,152.408333,0,1,23082S,LADY MUSGRAVE REEF,2006,CB
53.596,51.151,2.5,0.0,6.001000000000005,1.0,0.0,1.7,1.04,1.46,-23.908333,152.408333,0,1,23082S,LADY MUSGRAVE REEF,2007,CB
31.698,53.596,2.456,0.0,2.444999999999993,2.0,0.0,0.0,1.17,1.02,-23.908333,152.408333,0,1,23082S,LADY MUSGRAVE REEF,2009,CB
12.232,31.698,1.84,0.0,-21.897999999999996,1.0,0.64,0.0,1.86,1.17,-23.908333,152.408333,0,1,23082S,LADY MUSGRAVE REEF,2010,CB
10.0,12.232,1.518,0.018,-19.466,2.0,0.17,0.16,1.32,1.53,-23.908333,152.408333,0,1,23082S,LADY MUSGRAVE REEF,2012,CB
11.434,10.0,0.357,0.0,-2.2319999999999993,1.0,0.0,0.17,1.05,1.32,-23.908333,152.408333,0,1,23082S,LADY MUSGRAVE REEF,2013,CB
13.824,11.434,0.902,0.262,1.4339999999999993,1.0,0.0,0.0,0.88,1.05,-23.908333,152.408333,0,1,23082S,LADY MUSGRAVE REEF,2014,CB
30.241,13.824,0.956,0.397,2.3900000000000006,2.0,0.6,0.6900000000000001,1.73,1.8,-23.908333,152.408333,0,1,23082S,LADY MUSGRAVE REEF,2016,CB
39.601,30.241,1.228,0.053,16.417,1.0,2.95,0.6,1.97,1.73,-23.908333,152.408333,0,1,23082S,LADY MUSGRAVE REEF,2017,CB
39.886,39.601,1.558,0.014,9.36,1.0,0.0,2.95,1.44,1.97,-23.908333,152.408333,0,1,23082S,LADY MUSGRAVE REEF,2018,CB
50.295,39.886,1.364,0.036,0.2850000000000037,1.0,0.0,0.0,1.53,1.44,-23.908333,152.408333,0,1,23082S,LADY MUSGRAVE REEF,2019,CB
49.652,50.295,1.864,0.382,10.408999999999999,1.0,5.22,0.0,1.99,1.53,-23.908333,152.408333,0,1,23082S,LADY MUSGRAVE REEF,2020,CB
51.117,49.652,0.943,0.0,-0.6430000000000007,1.0,0.0,5.22,1.38,1.99,-23.908333,152.408333,0,1,23082S,LADY MUSGRAVE REEF,2021,CB
68.347,51.117,0.985,0.03,1.4649999999999963,1.0,0.16,0.0,1.32,1.38,-23.908333,152.408333,0,1,23082S,LADY MUSGRAVE REEF,2022,CB
55.69,68.347,2.415,0.0,17.229999999999997,1.0,1.67,0.16,1.7,1.32,-23.908333,152.408333,0,1,23082S,LADY MUSGRAVE REEF,2023,CB
